game_id,season,game_type,week,gameday,weekday,gametime,away_team,away_score,home_team,home_score,location,result,total,overtime,old_game_id,gsis,nfl_detail_id,pfr,pff,espn,ftn,away_rest,home_rest,away_moneyline,home_moneyline,spread_line,away_spread_odds,home_spread_odds,total_line,under_odds,over_odds,div_game,roof,surface,temp,wind,away_qb_id,home_qb_id,away_qb_name,home_qb_name,away_coach,home_coach,referee,stadium_id,stadium,latitude,longitude,kickoff_utc,temperature_f_avg,temperature_f_kickoff,wind_speed_mph_avg,wind_speed_mph_max,wind_gust_mph_avg,wind_gust_mph_max,rain_mm_h_avg,rain_mm_h_max,rain_total_mm_4h,snow_cm_h_avg,snow_cm_h_max,snow_total_cm_4h,precip_mm_h_avg,weather_hours
2016_01_CAR_DEN,2016,REG,1,2016-09-08,Thursday,20:30,CAR,20,DEN,21,Home,1,41,0,2016090800,56901,,201609080den,4094.0,400874484,,7,7,-150.0,136.0,-3.0,101.0,-111.0,40.5,-110.0,-100.0,0,outdoors,grass,85.0,10.0,00-0027939,00-0032156,Cam Newton,Trevor Siemian,Ron Rivera,Gary Kubiak,Gene Steratore,DEN00,Sports Authority Field at Mile High,39.743889,-105.02,2016-09-09 00:30:00+00:00,79.175,85.1,5.3999999999999995,8.2,11.825,14.5,0.0,0.0,0.0,0.0,0.0,0.0,0.0,4
2016_01_BUF_BAL,2016,REG,1,2016-09-11,Sunday,13:00,BUF,7,BAL,13,Home,6,20,0,2016091101,56903,,201609110rav,4096.0,400874510,,7,7,151.0,-167.0,3.0,105.0,-116.0,44.5,-108.0,-102.0,0,outdoors,grass,84.0,8.0,00-0028118,00-0026158,Tyrod Taylor,Joe Flacco,Rex Ryan,John Harbaugh,Brad Allen,BAL00,M&T Bank Stadium,39.278056,-76.622778,2016-09-11 17:00:00+00:00,81.375,80.9,8.975,10.9,18.775000000000002,22.1,0.0,0.0,0.0,0.0,0.0,0.0,0.0,4
2016_01_GB_JAX,2016,REG,1,2016-09-11,Sunday,13:00,GB,27,JAX,23,Home,-4,50,0,2016091103,56905,,201609110jax,4098.0,400874486,,7,7,-179.0,161.0,-3.5,-100.0,-110.0,47.0,-110.0,-100.0,0,outdoors,grass,90.0,3.0,00-0023459,00-0031407,Aaron Rodgers,Blake Bortles,Mike McCarthy,Gus Bradley,Carl Cheffers,JAX00,EverBank Field,30.323889,-81.6375,2016-09-11 17:00:00+00:00,88.2,88.3,4.1000000000000005,5.8,13.375,14.8,0.025,0.1,0.1,0.0,0.0,0.0,0.025,4
2016_01_SD_KC,2016,REG,1,2016-09-11,Sunday,13:00,SD,27,KC,33,Home,6,60,1,2016091104,56906,,201609110kan,4099.0,400874570,,7,7,244.0,-275.0,6.5,-105.0,-105.0,45.5,101.0,-111.0,1,outdoors,grass,74.0,9.0,00-0022942,00-0023436,Philip Rivers,Alex Smith,Mike McCoy,Andy Reid,Jerome Boger,KAN00,Arrowhead Stadium,39.048889,-94.483889,2016-09-11 17:00:00+00:00,74.575,73.0,8.2,8.3,19.25,19.7,0.0,0.0,0.0,0.0,0.0,0.0,0.0,4
2016_01_CIN_NYJ,2016,REG,1,2016-09-11,Sunday,13:00,CIN,23,NYJ,22,Home,-1,45,0,2016091106,56908,,201609110nyj,4101.0,400874527,,7,7,106.0,-117.0,1.0,-100.0,-110.0,42.0,-105.0,-105.0,0,outdoors,fieldturf,79.0,17.0,00-0027973,00-0023682,Andy Dalton,Ryan Fitzpatrick,Marvin Lewis,Todd Bowles,Clete Blakeman,NYC01,MetLife Stadium,40.813528,-74.074361,2016-09-11 17:00:00+00:00,80.19999999999999,79.1,9.575,11.6,20.05,23.7,0.0,0.0,0.0,0.0,0.0,0.0,0.0,4
2016_01_CLE_PHI,2016,REG,1,2016-09-11,Sunday,13:00,CLE,10,PHI,29,Home,19,39,0,2016091107,56909,,201609110phi,4102.0,400874520,,7,7,162.0,-180.0,3.5,-105.0,-105.0,41.0,-105.0,-105.0,0,outdoors,grass,85.0,14.0,00-0029665,00-0032950,Robert Griffin,Carson Wentz,Hue Jackson,Doug Pederson,Walt Anderson,PHI00,Lincoln Financial Field,39.900833,-75.1675,2016-09-11 17:00:00+00:00,81.9,82.3,8.350000000000001,10.4,21.375,26.2,0.0,0.0,0.0,0.0,0.0,0.0,0.0,4
2016_01_MIN_TEN,2016,REG,1,2016-09-11,Sunday,13:00,MIN,25,TEN,16,Home,-9,41,0,2016091108,56910,,201609110oti,4103.0,400874524,,7,7,-127.0,115.0,-2.5,-100.0,-110.0,40.0,-100.0,-110.0,0,outdoors,grass,76.0,5.0,00-0020679,00-0032268,Shaun Hill,Marcus Mariota,Mike Zimmer,Mike Mularkey,Walt Coleman,NAS00,Nissan Stadium,36.166389,-86.771389,2016-09-11 17:00:00+00:00,80.975,78.8,4.825,5.0,15.475,16.1,0.0,0.0,0.0,0.0,0.0,0.0,0.0,4
2016_01_MIA_SEA,2016,REG,1,2016-09-11,Sunday,16:05,MIA,10,SEA,12,Home,2,22,0,2016091109,56911,,201609110sea,4104.0,400874577,,7,7,423.0,-500.0,10.5,-110.0,-100.0,43.5,-118.0,107.0,0,outdoors,fieldturf,61.0,2.0,00-0029701,00-0029263,Ryan Tannehill,Russell Wilson,Adam Gase,Pete Carroll,John Hussey,SEA00,CenturyLink Field,47.5952,-122.3316,2016-09-11 20:05:00+00:00,63.75,61.6,3.475,4.5,10.924999999999999,11.9,0.0,0.0,0.0,0.0,0.0,0.0,0.0,4
2016_01_DET_IND,2016,REG,1,2016-09-11,Sunday,16:25,DET,39,IND,35,Home,-4,74,0,2016091111,56913,,201609110clt,4106.0,400874573,,7,7,131.0,-145.0,2.5,107.0,-118.0,51.5,-103.0,-107.0,0,open,fieldturf,,,00-0026498,00-0029668,Matthew Stafford,Andrew Luck,Jim Caldwell,Chuck Pagano,Ed Hochuli,IND00,Lucas Oil Stadium,39.760056,-86.162806,2016-09-11 20:25:00+00:00,74.2,74.6,1.175,1.7,6.25,7.6,0.0,0.0,0.0,0.0,0.0,0.0,0.0,4
2016_01_PIT_WAS,2016,REG,1,2016-09-12,Monday,19:10,PIT,38,WAS,16,Home,-22,54,0,2016091200,56915,,201609120was,4108.0,400874537,,7,7,-134.0,121.0,-2.5,-110.0,-100.0,49.0,-105.0,-105.0,0,outdoors,grass,79.0,4.0,00-0022924,00-0029604,Ben Roethlisberger,Kirk Cousins,Mike Tomlin,Jay Gruden,Craig Wrolstad,WAS00,FedExField,38.907778,-76.864444,2016-09-12 23:10:00+00:00,73.35,76.2,4.475,5.4,10.35,12.3,0.0,0.0,0.0,0.0,0.0,0.0,0.0,4
2016_01_LA_SF,2016,REG,1,2016-09-12,Monday,22:20,LA,0,SF,28,Home,28,28,0,2016091201,56916,,201609120sfo,4109.0,400874532,,7,7,-126.0,114.0,-2.5,-103.0,-107.0,44.0,-106.0,-104.0,1,outdoors,grass,66.0,17.0,00-0028986,00-0027948,Case Keenum,Blaine Gabbert,Jeff Fisher,Chip Kelly,Bill Vinovich,SFO01,Levi's Stadium,37.403,-121.97,2016-09-13 02:20:00+00:00,58.0,60.3,7.5,8.1,16.05,18.8,0.0,0.0,0.0,0.0,0.0,0.0,0.0,4
2016_02_NYJ_BUF,2016,REG,2,2016-09-15,Thursday,20:25,NYJ,37,BUF,31,Home,-6,68,0,2016091500,56917,,201609150buf,4117.0,400874530,,4,4,113.0,-125.0,1.5,-100.0,-110.0,40.5,-103.0,-107.0,1,outdoors,a_turf,60.0,11.0,00-0023682,00-0028118,Ryan Fitzpatrick,Tyrod Taylor,Todd Bowles,Rex Ryan,Ed Hochuli,BUF00,New Era Field,42.774,-78.787,2016-09-16 00:25:00+00:00,59.725,62.4,7.6000000000000005,7.9,13.825,14.1,0.0,0.0,0.0,0.0,0.0,0.0,0.0,4
2016_02_SF_CAR,2016,REG,2,2016-09-18,Sunday,13:00,SF,27,CAR,46,Home,19,73,0,2016091800,56918,,201609180car,4118.0,400874535,,6,10,447.0,-550.0,12.0,-109.0,-101.0,44.5,-108.0,-102.0,0,outdoors,grass,82.0,4.0,00-0027948,00-0027939,Blaine Gabbert,Cam Newton,Chip Kelly,Ron Rivera,John Parry,CAR00,Bank of America Stadium,35.225833,-80.852778,2016-09-18 17:00:00+00:00,86.8,85.4,3.95,4.8,12.274999999999999,14.3,0.0,0.0,0.0,0.0,0.0,0.0,0.0,4
2016_02_BAL_CLE,2016,REG,2,2016-09-18,Sunday,13:00,BAL,25,CLE,20,Home,-5,45,0,2016091801,56919,,201609180cle,4119.0,400874512,,7,7,-190.0,171.0,-4.0,102.0,-113.0,42.0,-113.0,102.0,1,outdoors,grass,74.0,7.0,00-0026158,00-0021206,Joe Flacco,Josh McCown,John Harbaugh,Hue Jackson,John Hussey,CLE00,FirstEnergy Stadium,41.506111,-81.699444,2016-09-18 17:00:00+00:00,76.825,76.3,4.375,4.8,13.924999999999999,14.3,0.0,0.0,0.0,0.0,0.0,0.0,0.0,4
2016_02_MIA_NE,2016,REG,2,2016-09-18,Sunday,13:00,MIA,24,NE,31,Home,7,55,0,2016091804,56922,,201609180nwe,4122.0,400874541,,7,7,205.0,-230.0,5.5,-108.0,-102.0,42.0,-107.0,-103.0,1,outdoors,fieldturf,79.0,10.0,00-0029701,00-0031345,Ryan Tannehill,Jimmy Garoppolo,Adam Gase,Bill Belichick,Craig Wrolstad,BOS00,Gillette Stadium,42.091,-71.264,2016-09-18 17:00:00+00:00,78.675,79.7,10.35,11.6,27.450000000000003,31.1,0.075,0.3,0.3,0.0,0.0,0.0,0.075,4
2016_02_NO_NYG,2016,REG,2,2016-09-18,Sunday,13:00,NO,13,NYG,16,Home,3,29,0,2016091805,56923,,201609180nyg,4123.0,400874529,,7,7,171.0,-190.0,3.5,-101.0,-109.0,54.0,-110.0,-100.0,0,outdoors,fieldturf,80.0,5.0,00-0020531,00-0022803,Drew Brees,Eli Manning,Sean Payton,Ben McAdoo,Gene Steratore,NYC01,MetLife Stadium,40.813528,-74.074361,2016-09-18 17:00:00+00:00,81.02499999999999,78.6,7.875,9.4,19.2,20.6,0.0,0.0,0.0,0.0,0.0,0.0,0.0,4
2016_02_CIN_PIT,2016,REG,2,2016-09-18,Sunday,13:00,CIN,16,PIT,24,Home,8,40,0,2016091806,56924,,201609180pit,4124.0,400874487,,7,6,146.0,-162.0,3.0,-103.0,-107.0,48.0,105.0,-116.0,1,outdoors,grass,72.0,4.0,00-0027973,00-0022924,Andy Dalton,Ben Roethlisberger,Marvin Lewis,Mike Tomlin,Peter Morelli,PIT00,Heinz Field,40.446667,-80.015833,2016-09-18 17:00:00+00:00,76.025,77.0,5.6000000000000005,6.2,16.375,17.4,0.3,1.0,1.2,0.0,0.0,0.0,0.3,4
2016_02_DAL_WAS,2016,REG,2,2016-09-18,Sunday,13:00,DAL,27,WAS,23,Home,-4,50,0,2016091807,56925,,201609180was,4125.0,400874518,,7,6,166.0,-185.0,3.5,-108.0,-102.0,47.0,-105.0,-105.0,1,outdoors,grass,81.0,6.0,00-0033077,00-0029604,Dak Prescott,Kirk Cousins,Jason Garrett,Jay Gruden,Bill Vinovich,WAS00,FedExField,38.907778,-76.864444,2016-09-18 17:00:00+00:00,85.44999999999999,84.3,5.875,6.3,17.525000000000002,17.7,0.0,0.0,0.0,0.0,0.0,0.0,0.0,4
2016_02_SEA_LA,2016,REG,2,2016-09-18,Sunday,16:05,SEA,3,LA,9,Home,6,12,0,2016091809,56927,,201609180ram,4111.0,400874514,,7,6,-235.0,210.0,-5.5,-103.0,-107.0,38.0,-110.0,100.0,1,outdoors,grass,88.0,3.0,00-0029263,00-0028986,Russell Wilson,Case Keenum,Pete Carroll,Jeff Fisher,Jerome Boger,LAX99,Los Angeles Memorial Coliseum,34.014167,-118.287778,2016-09-18 20:05:00+00:00,90.425,90.7,7.075,7.8,18.900000000000002,20.1,0.0,0.0,0.0,0.0,0.0,0.0,0.0,4
2016_02_IND_DEN,2016,REG,2,2016-09-18,Sunday,16:25,IND,20,DEN,34,Home,14,54,0,2016091810,56928,,201609180den,4112.0,400874526,,7,10,200.0,-224.0,5.0,-105.0,-105.0,47.0,-106.0,-104.0,0,outdoors,grass,85.0,4.0,00-0029668,00-0032156,Andrew Luck,Trevor Siemian,Chuck Pagano,Gary Kubiak,Walt Coleman,DEN00,Sports Authority Field at Mile High,39.743889,-105.02,2016-09-18 20:25:00+00:00,84.675,83.9,1.5,2.1,9.75,11.2,0.0,0.0,0.0,0.0,0.0,0.0,0.0,4
2016_02_ATL_OAK,2016,REG,2,2016-09-18,Sunday,16:25,ATL,35,OAK,28,Home,-7,63,0,2016091811,56929,,201609180rai,4113.0,400874525,,7,7,175.0,-195.0,4.0,-104.0,-106.0,47.5,102.0,-113.0,0,outdoors,grass,79.0,7.0,00-0026143,00-0031280,Matt Ryan,Derek Carr,Dan Quinn,Jack Del Rio,Clete Blakeman,OAK00,Oakland-Alameda County Coliseum,37.751667,-122.200556,2016-09-18 20:25:00+00:00,91.2,88.1,4.475,6.3,12.25,14.3,0.0,0.0,0.0,0.0,0.0,0.0,0.0,4
2016_02_JAX_SD,2016,REG,2,2016-09-18,Sunday,16:25,JAX,14,SD,38,Home,24,52,0,2016091812,56930,,201609180sdg,4114.0,400874517,,7,7,131.0,-145.0,3.0,-115.0,104.0,47.5,-106.0,-104.0,0,outdoors,grass,82.0,7.0,00-0031407,00-0022942,Blake Bortles,Philip Rivers,Gus Bradley,Mike McCoy,Carl Cheffers,SDG00,Qualcomm Stadium,32.783056,-117.119444,2016-09-18 20:25:00+00:00,80.625,80.7,6.675000000000001,8.2,18.35,19.5,0.0,0.0,0.0,0.0,0.0,0.0,0.0,4
2016_02_PHI_CHI,2016,REG,2,2016-09-19,Monday,20:30,PHI,29,CHI,14,Home,-15,43,0,2016091900,56932,,201609190chi,4116.0,400874547,,8,8,144.0,-160.0,3.0,-100.0,-110.0,42.5,-110.0,-100.0,0,outdoors,grass,84.0,5.0,00-0032950,00-0024226,Carson Wentz,Jay Cutler,Doug Pederson,John Fox,Jeff Triplette,CHI98,Soldier Field,41.8623,-87.6167,2016-09-20 00:30:00+00:00,74.07499999999999,76.1,8.8,11.0,15.075000000000001,15.9,0.0,0.0,0.0,0.0,0.0,0.0,0.0,4
2016_03_HOU_NE,2016,REG,3,2016-09-22,Thursday,20:25,HOU,0,NE,27,Home,27,27,0,2016092200,56933,,201609220nwe,4126.0,400874551,,4,4,106.0,-117.0,1.0,101.0,-111.0,38.5,-106.0,-104.0,0,outdoors,fieldturf,68.0,4.0,00-0029682,00-0033119,Brock Osweiler,Jacoby Brissett,Bill O'Brien,Bill Belichick,Walt Coleman,BOS00,Gillette Stadium,42.091,-71.264,2016-09-23 00:25:00+00:00,67.9,70.0,5.75,5.9,11.95,13.2,0.0,0.0,0.0,0.0,0.0,0.0,0.0,4
2016_03_ARI_BUF,2016,REG,3,2016-09-25,Sunday,13:00,ARI,18,BUF,33,Home,15,51,0,2016092500,56934,,201609250buf,4127.0,400874558,,7,10,-218.0,195.0,-5.0,-104.0,-106.0,48.0,-100.0,-110.0,0,outdoors,a_turf,64.0,8.0,00-0021429,00-0028118,Carson Palmer,Tyrod Taylor,Bruce Arians,Rex Ryan,Walt Anderson,BUF00,New Era Field,42.774,-78.787,2016-09-25 17:00:00+00:00,64.3,63.0,3.9250000000000003,4.2,12.375,13.2,0.0,0.0,0.0,0.0,0.0,0.0,0.0,4
2016_03_MIN_CAR,2016,REG,3,2016-09-25,Sunday,13:00,MIN,22,CAR,10,Home,-12,32,0,2016092501,56935,,201609250car,4128.0,400874615,,7,7,231.0,-260.0,6.0,-108.0,-102.0,43.0,-104.0,-106.0,0,outdoors,grass,80.0,0.0,00-0027854,00-0027939,Sam Bradford,Cam Newton,Mike Zimmer,Ron Rivera,Jerome Boger,CAR00,Bank of America Stadium,35.225833,-80.852778,2016-09-25 17:00:00+00:00,85.47500000000001,85.8,2.675,3.2,11.475000000000001,12.3,0.0,0.0,0.0,0.0,0.0,0.0,0.0,4
2016_03_DEN_CIN,2016,REG,3,2016-09-25,Sunday,13:00,DEN,29,CIN,17,Home,-12,46,0,2016092502,56936,,201609250cin,4129.0,400874613,,7,7,165.0,-183.0,3.5,-109.0,-101.0,42.0,113.0,-125.0,0,outdoors,fieldturf,81.0,3.0,00-0032156,00-0027973,Trevor Siemian,Andy Dalton,Gary Kubiak,Marvin Lewis,John Parry,CIN00,Paul Brown Stadium,39.095,-84.516,2016-09-25 17:00:00+00:00,83.57499999999999,81.8,0.75,1.4,7.449999999999999,9.2,0.0,0.0,0.0,0.0,0.0,0.0,0.0,4
2016_03_DET_GB,2016,REG,3,2016-09-25,Sunday,13:00,DET,27,GB,34,Home,7,61,0,2016092503,56937,,201609250gnb,4130.0,400874610,,7,7,231.0,-260.0,6.0,-102.0,-108.0,47.5,-102.0,-108.0,1,outdoors,grass,72.0,17.0,00-0026498,00-0023459,Matthew Stafford,Aaron Rodgers,Jim Caldwell,Mike McCarthy,Carl Cheffers,GNB00,Lambeau Field,44.501389,-88.062222,2016-09-25 17:00:00+00:00,73.475,72.4,14.100000000000001,14.8,28.325000000000003,29.5,0.0,0.0,0.0,0.0,0.0,0.0,0.0,4
2016_03_BAL_JAX,2016,REG,3,2016-09-25,Sunday,13:00,BAL,19,JAX,17,Home,-2,36,0,2016092504,56938,,201609250jax,4131.0,400874567,,7,7,-115.0,104.0,-1.0,-109.0,-101.0,45.0,-100.0,-110.0,0,outdoors,grass,88.0,8.0,00-0026158,00-0031407,Joe Flacco,Blake Bortles,John Harbaugh,Gus Bradley,Gene Steratore,JAX00,EverBank Field,30.323889,-81.6375,2016-09-25 17:00:00+00:00,82.4,83.9,5.925000000000001,6.8,14.825,17.9,1.55,5.0,6.2,0.0,0.0,0.0,1.55,4
2016_03_CLE_MIA,2016,REG,3,2016-09-25,Sunday,13:00,CLE,24,MIA,30,Home,6,54,1,2016092505,56939,,201609250mia,4132.0,400874565,,7,7,361.0,-420.0,10.0,-105.0,-105.0,42.0,-110.0,100.0,0,outdoors,grass,86.0,16.0,00-0033104,00-0029701,Cody Kessler,Ryan Tannehill,Hue Jackson,Adam Gase,Clete Blakeman,MIA00,Hard Rock Stadium,25.958056,-80.238889,2016-09-25 17:00:00+00:00,82.25,82.0,6.1,7.5,14.5,16.6,0.075,0.3,0.3,0.0,0.0,0.0,0.075,4
2016_03_WAS_NYG,2016,REG,3,2016-09-25,Sunday,13:00,WAS,29,NYG,27,Home,-2,56,0,2016092506,56940,,201609250nyg,4133.0,400874682,,7,7,157.0,-174.0,3.5,-113.0,102.0,47.0,-103.0,-107.0,1,outdoors,fieldturf,67.0,2.0,00-0029604,00-0022803,Kirk Cousins,Eli Manning,Jay Gruden,Ben McAdoo,John Hussey,NYC01,MetLife Stadium,40.813528,-74.074361,2016-09-25 17:00:00+00:00,67.875,66.4,5.425,5.9,12.075,12.8,0.0,0.0,0.0,0.0,0.0,0.0,0.0,4
2016_03_OAK_TEN,2016,REG,3,2016-09-25,Sunday,13:00,OAK,17,TEN,10,Home,-7,27,0,2016092507,56941,,201609250oti,4134.0,400874562,,7,7,-120.0,109.0,-1.5,-107.0,-103.0,47.0,-106.0,-104.0,0,outdoors,grass,89.0,2.0,00-0031280,00-0032268,Derek Carr,Marcus Mariota,Jack Del Rio,Mike Mularkey,Tony Corrente,NAS00,Nissan Stadium,36.166389,-86.771389,2016-09-25 17:00:00+00:00,92.25,90.8,2.175,2.3,11.125,12.1,0.0,0.0,0.0,0.0,0.0,0.0,0.0,4
2016_03_SF_SEA,2016,REG,3,2016-09-25,Sunday,16:05,SF,18,SEA,37,Home,19,55,0,2016092508,56942,,201609250sea,4135.0,400874620,,7,7,391.0,-458.0,10.5,-109.0,-101.0,42.0,-104.0,-106.0,1,outdoors,fieldturf,66.0,6.0,00-0027948,00-0029263,Blaine Gabbert,Russell Wilson,Chip Kelly,Pete Carroll,Jeff Triplette,SEA00,CenturyLink Field,47.5952,-122.3316,2016-09-25 20:05:00+00:00,70.39999999999999,68.0,2.675,4.5,9.05,12.1,0.0,0.0,0.0,0.0,0.0,0.0,0.0,4
2016_03_LA_TB,2016,REG,3,2016-09-25,Sunday,16:05,LA,37,TB,32,Home,-5,69,0,2016092509,56943,,201609250tam,4136.0,400874618,,7,7,156.0,-173.0,3.5,-103.0,-107.0,40.5,-104.0,-106.0,0,outdoors,grass,91.0,4.0,00-0028986,00-0031503,Case Keenum,Jameis Winston,Jeff Fisher,Dirk Koetter,Ed Hochuli,TAM00,Raymond James Stadium,27.975833,-82.503333,2016-09-25 20:05:00+00:00,85.25,87.6,3.0999999999999996,4.3,8.8,9.4,0.25,1.0,1.0,0.0,0.0,0.0,0.25,4
2016_03_NYJ_KC,2016,REG,3,2016-09-25,Sunday,16:25,NYJ,3,KC,24,Home,21,27,0,2016092512,56945,,201609250kan,4138.0,400874623,,10,7,150.0,-166.0,3.0,106.0,-117.0,44.5,-108.0,-102.0,0,outdoors,grass,65.0,9.0,00-0023682,00-0023436,Ryan Fitzpatrick,Alex Smith,Todd Bowles,Andy Reid,Bill Vinovich,KAN00,Arrowhead Stadium,39.048889,-94.483889,2016-09-25 20:25:00+00:00,64.35,64.1,7.550000000000001,8.9,17.925,18.6,0.0,0.0,0.0,0.0,0.0,0.0,0.0,4
2016_03_PIT_PHI,2016,REG,3,2016-09-25,Sunday,16:25,PIT,3,PHI,34,Home,31,37,0,2016092510,56946,,201609250phi,4139.0,400874628,,7,6,-190.0,171.0,-3.5,-105.0,-105.0,46.5,-105.0,-105.0,0,outdoors,grass,73.0,7.0,00-0022924,00-0032950,Ben Roethlisberger,Carson Wentz,Mike Tomlin,Doug Pederson,Brad Allen,PHI00,Lincoln Financial Field,39.900833,-75.1675,2016-09-25 20:25:00+00:00,70.02499999999999,71.4,2.675,2.8,7.675000000000001,10.3,0.0,0.0,0.0,0.0,0.0,0.0,0.0,4
2016_04_MIA_CIN,2016,REG,4,2016-09-29,Thursday,20:25,MIA,7,CIN,22,Home,15,29,0,2016092900,56949,,201609290cin,4142.0,400874655,,4,4,297.0,-340.0,7.5,-113.0,102.0,46.0,-105.0,-105.0,0,outdoors,fieldturf,62.0,2.0,00-0029701,00-0027973,Ryan Tannehill,Andy Dalton,Adam Gase,Marvin Lewis,Bill Vinovich,CIN00,Paul Brown Stadium,39.095,-84.516,2016-09-30 00:25:00+00:00,59.625,61.1,2.325,4.2,9.875,10.7,0.625,0.9,2.5,0.0,0.0,0.0,0.625,4
2016_04_IND_JAX,2016,REG,4,2016-10-02,Sunday,09:30,IND,27,JAX,30,Neutral,3,57,0,2016100200,56950,,201610020jax,4143.0,400874657,,7,7,-104.0,-106.0,1.0,-113.0,102.0,48.0,-110.0,-100.0,1,outdoors,grass,59.0,7.0,00-0029668,00-0031407,Andrew Luck,Blake Bortles,Chuck Pagano,Gus Bradley,Walt Anderson,LON00,Wembley Stadium,51.555833,-0.279722,2016-10-02 13:30:00+00:00,59.525000000000006,59.6,7.950000000000001,8.4,17.725,20.1,0.0,0.0,0.0,0.0,0.0,0.0,0.0,4
2016_04_OAK_BAL,2016,REG,4,2016-10-02,Sunday,13:00,OAK,28,BAL,27,Home,-1,55,0,2016100202,56952,,201610020rav,4145.0,400874666,,7,7,166.0,-185.0,3.5,-110.0,-100.0,45.0,104.0,-115.0,0,outdoors,grass,65.0,2.0,00-0031280,00-0026158,Derek Carr,Joe Flacco,Jack Del Rio,John Harbaugh,Ed Hochuli,BAL00,M&T Bank Stadium,39.278056,-76.622778,2016-10-02 17:00:00+00:00,69.94999999999999,69.1,1.275,1.8,7.675,9.8,0.0,0.0,0.0,0.0,0.0,0.0,0.0,4
2016_04_DET_CHI,2016,REG,4,2016-10-02,Sunday,13:00,DET,14,CHI,17,Home,3,31,0,2016100203,56953,,201610020chi,4146.0,400874668,,7,7,-177.0,159.0,-3.0,-124.0,112.0,48.0,102.0,-113.0,1,outdoors,grass,62.0,6.0,00-0026498,00-0026625,Matthew Stafford,Brian Hoyer,Jim Caldwell,John Fox,Tony Corrente,CHI98,Soldier Field,41.8623,-87.6167,2016-10-02 17:00:00+00:00,64.25,63.6,5.775,6.4,12.975000000000001,13.6,0.07500000000000001,0.2,0.30000000000000004,0.0,0.0,0.0,0.07500000000000001,4
2016_04_BUF_NE,2016,REG,4,2016-10-02,Sunday,13:00,BUF,16,NE,0,Home,-16,16,0,2016100205,56955,,201610020nwe,4148.0,400874663,,7,10,153.0,-170.0,3.5,-115.0,104.0,41.0,-109.0,-101.0,1,outdoors,fieldturf,56.0,7.0,00-0028118,00-0033119,Tyrod Taylor,Jacoby Brissett,Rex Ryan,Bill Belichick,Peter Morelli,BOS00,Gillette Stadium,42.091,-71.264,2016-10-02 17:00:00+00:00,58.55,59.4,4.225,4.7,12.875,15.0,0.0,0.0,0.0,0.0,0.0,0.0,0.0,4
2016_04_SEA_NYJ,2016,REG,4,2016-10-02,Sunday,13:00,SEA,27,NYJ,17,Home,-10,44,0,2016100206,56956,,201610020nyj,4149.0,400874662,,7,7,-113.0,102.0,-1.0,-105.0,-105.0,40.0,-105.0,-105.0,0,outdoors,fieldturf,61.0,0.0,00-0029263,00-0023682,Russell Wilson,Ryan Fitzpatrick,Pete Carroll,Todd Bowles,Carl Cheffers,NYC01,MetLife Stadium,40.813528,-74.074361,2016-10-02 17:00:00+00:00,62.025,61.3,1.5,2.4,6.200000000000001,8.9,0.075,0.3,0.3,0.0,0.0,0.0,0.075,4
2016_04_CLE_WAS,2016,REG,4,2016-10-02,Sunday,13:00,CLE,20,WAS,31,Home,11,51,0,2016100207,56957,,201610020was,4150.0,400874660,,7,7,297.0,-340.0,7.5,-100.0,-110.0,48.0,-105.0,-105.0,0,outdoors,grass,67.0,1.0,00-0033104,00-0029604,Cody Kessler,Kirk Cousins,Hue Jackson,Jay Gruden,Jeff Triplette,WAS00,FedExField,38.907778,-76.864444,2016-10-02 17:00:00+00:00,70.44999999999999,69.6,0.7999999999999999,1.4,10.05,13.4,0.0,0.0,0.0,0.0,0.0,0.0,0.0,4
2016_04_DEN_TB,2016,REG,4,2016-10-02,Sunday,16:05,DEN,27,TB,7,Home,-20,34,0,2016100208,56958,,201610020tam,4151.0,400874669,,7,7,-173.0,156.0,-3.5,102.0,-113.0,43.0,-106.0,-104.0,0,outdoors,grass,88.0,7.0,00-0032156,00-0031503,Trevor Siemian,Jameis Winston,Gary Kubiak,Dirk Koetter,Jerome Boger,TAM00,Raymond James Stadium,27.975833,-82.503333,2016-10-02 20:05:00+00:00,81.475,85.8,4.225,5.6,11.5,13.9,2.325,5.3,9.3,0.0,0.0,0.0,2.325,4
2016_04_NO_SD,2016,REG,4,2016-10-02,Sunday,16:25,NO,35,SD,34,Home,-1,69,0,2016100210,56960,,201610020sdg,4153.0,400874672,,6,7,176.0,-196.0,4.0,-102.0,-108.0,54.0,-105.0,-105.0,0,outdoors,grass,74.0,8.0,00-0020531,00-0022942,Drew Brees,Philip Rivers,Sean Payton,Mike McCoy,Walt Coleman,SDG00,Qualcomm Stadium,32.783056,-117.119444,2016-10-02 20:25:00+00:00,73.575,73.9,8.825,9.1,21.700000000000003,21.9,0.0,0.0,0.0,0.0,0.0,0.0,0.0,4
2016_04_DAL_SF,2016,REG,4,2016-10-02,Sunday,16:25,DAL,24,SF,17,Home,-7,41,0,2016100211,56961,,201610020sfo,4154.0,400874674,,7,7,-123.0,111.0,-1.0,-116.0,105.0,44.0,102.0,-113.0,0,outdoors,grass,68.0,10.0,00-0033077,00-0027948,Dak Prescott,Blaine Gabbert,Jason Garrett,Chip Kelly,Terry McAulay,SFO01,Levi's Stadium,37.403,-121.97,2016-10-02 20:25:00+00:00,64.1,63.7,10.725,11.5,23.225,23.5,0.175,0.4,0.7,0.0,0.0,0.0,0.175,4
2016_04_KC_PIT,2016,REG,4,2016-10-02,Sunday,20:30,KC,14,PIT,43,Home,29,57,0,2016100212,56962,,201610020pit,4155.0,400874675,,7,7,159.0,-177.0,3.0,111.0,-123.0,48.0,-107.0,-103.0,0,outdoors,grass,59.0,6.0,00-0023436,00-0022924,Alex Smith,Ben Roethlisberger,Andy Reid,Mike Tomlin,Ron Torbert,PIT00,Heinz Field,40.446667,-80.015833,2016-10-03 00:30:00+00:00,59.9,61.9,3.1999999999999997,3.8,7.1000000000000005,8.3,0.0,0.0,0.0,0.0,0.0,0.0,0.0,4
2016_05_ARI_SF,2016,REG,5,2016-10-06,Thursday,20:25,ARI,33,SF,21,Home,-12,54,0,2016100600,56964,,201610060sfo,4157.0,400874483,,4,4,-188.0,169.0,-3.5,-106.0,-104.0,42.5,-110.0,-100.0,1,outdoors,grass,75.0,16.0,00-0025430,00-0027948,Drew Stanton,Blaine Gabbert,Bruce Arians,Chip Kelly,Carl Cheffers,SFO01,Levi's Stadium,37.403,-121.97,2016-10-07 00:25:00+00:00,70.0,75.2,4.550000000000001,5.5,12.25,15.4,0.0,0.0,0.0,0.0,0.0,0.0,0.0,4
2016_05_WAS_BAL,2016,REG,5,2016-10-09,Sunday,13:00,WAS,16,BAL,10,Home,-6,26,0,2016100900,56965,,201610090rav,4158.0,400874590,,7,7,175.0,-195.0,4.0,-108.0,-102.0,44.5,-106.0,-104.0,0,outdoors,grass,62.0,16.0,00-0029604,00-0026158,Kirk Cousins,Joe Flacco,Jay Gruden,John Harbaugh,Ron Torbert,BAL00,M&T Bank Stadium,39.278056,-76.622778,2016-10-09 17:00:00+00:00,63.275,60.4,20.075,20.4,35.85,37.6,0.0,0.0,0.0,0.0,0.0,0.0,0.0,4
2016_05_NE_CLE,2016,REG,5,2016-10-09,Sunday,13:00,NE,33,CLE,13,Home,-20,46,0,2016100901,56966,,201610090cle,4159.0,400874519,,7,7,-450.0,385.0,-10.0,-100.0,-110.0,47.5,102.0,-113.0,0,outdoors,grass,58.0,13.0,00-0019596,00-0033104,Tom Brady,Cody Kessler,Bill Belichick,Hue Jackson,Bill Vinovich,CLE00,FirstEnergy Stadium,41.506111,-81.699444,2016-10-09 17:00:00+00:00,56.525000000000006,56.1,10.925,11.1,20.349999999999998,21.3,0.0,0.0,0.0,0.0,0.0,0.0,0.0,4
2016_05_CHI_IND,2016,REG,5,2016-10-09,Sunday,13:00,CHI,23,IND,29,Home,6,52,0,2016100903,56968,,201610090clt,4161.0,400874548,,7,7,181.0,-202.0,4.0,-105.0,-105.0,47.5,-110.0,-100.0,0,open,fieldturf,,,00-0026625,00-0029668,Brian Hoyer,Andrew Luck,John Fox,Chuck Pagano,John Hussey,IND00,Lucas Oil Stadium,39.760056,-86.162806,2016-10-09 17:00:00+00:00,66.17500000000001,63.5,2.45,2.7,9.875,10.7,0.0,0.0,0.0,0.0,0.0,0.0,0.0,4
2016_05_TEN_MIA,2016,REG,5,2016-10-09,Sunday,13:00,TEN,30,MIA,17,Home,-13,47,0,2016100904,56969,,201610090mia,4162.0,400874581,,7,10,121.0,-134.0,2.5,-102.0,-108.0,44.5,-103.0,-107.0,0,outdoors,grass,88.0,15.0,00-0032268,00-0029701,Marcus Mariota,Ryan Tannehill,Mike Mularkey,Adam Gase,Craig Wrolstad,MIA00,Hard Rock Stadium,25.958056,-80.238889,2016-10-09 17:00:00+00:00,84.45,84.3,14.325,15.0,24.275000000000002,25.5,0.0,0.0,0.0,0.0,0.0,0.0,0.0,4
2016_05_NYJ_PIT,2016,REG,5,2016-10-09,Sunday,13:00,NYJ,13,PIT,31,Home,18,44,0,2016100906,56971,,201610090pit,4164.0,400874602,,7,7,338.0,-390.0,10.0,-123.0,111.0,50.0,-102.0,-108.0,0,outdoors,grass,57.0,9.0,00-0023682,00-0022924,Ryan Fitzpatrick,Ben Roethlisberger,Todd Bowles,Mike Tomlin,John Parry,PIT00,Heinz Field,40.446667,-80.015833,2016-10-09 17:00:00+00:00,58.85,58.3,10.45,10.7,24.749999999999996,25.3,0.0,0.0,0.0,0.0,0.0,0.0,0.0,4
2016_05_ATL_DEN,2016,REG,5,2016-10-09,Sunday,16:05,ATL,23,DEN,16,Home,-7,39,0,2016100907,56972,,201610090den,4165.0,400874607,,7,7,175.0,-195.0,3.5,102.0,-113.0,44.5,-110.0,-100.0,0,outdoors,grass,72.0,5.0,00-0026143,00-0033108,Matt Ryan,Paxton Lynch,Dan Quinn,Gary Kubiak,Terry McAulay,DEN00,Sports Authority Field at Mile High,39.743889,-105.02,2016-10-09 20:05:00+00:00,73.65,73.9,4.075,5.0,13.6,14.1,0.0,0.0,0.0,0.0,0.0,0.0,0.0,4
2016_05_BUF_LA,2016,REG,5,2016-10-09,Sunday,16:25,BUF,30,LA,19,Home,-11,49,0,2016100909,56974,,201610090ram,4167.0,400874633,,7,7,-128.0,116.0,-2.5,-105.0,-105.0,41.5,-105.0,-105.0,0,outdoors,grass,91.0,5.0,00-0028118,00-0028986,Tyrod Taylor,Case Keenum,Rex Ryan,Jeff Fisher,Walt Coleman,LAX99,Los Angeles Memorial Coliseum,34.014167,-118.287778,2016-10-09 20:25:00+00:00,88.9,89.6,7.65,8.4,19.55,21.5,0.0,0.0,0.0,0.0,0.0,0.0,0.0,4
2016_05_SD_OAK,2016,REG,5,2016-10-09,Sunday,16:25,SD,31,OAK,34,Home,3,65,0,2016100910,56975,,201610090rai,4168.0,400874636,,7,7,166.0,-185.0,3.5,-101.0,-109.0,50.5,-102.0,-108.0,1,outdoors,grass,75.0,7.0,00-0022942,00-0031280,Philip Rivers,Derek Carr,Mike McCoy,Jack Del Rio,Gene Steratore,OAK00,Oakland-Alameda County Coliseum,37.751667,-122.200556,2016-10-09 20:25:00+00:00,82.8,80.4,4.025,5.6,11.224999999999998,12.3,0.0,0.0,0.0,0.0,0.0,0.0,0.0,4
2016_05_NYG_GB,2016,REG,5,2016-10-09,Sunday,20:30,NYG,16,GB,23,Home,7,39,0,2016100911,56976,,201610090gnb,4169.0,400874640,,6,14,271.0,-308.0,7.0,-110.0,-100.0,49.0,-110.0,-100.0,0,outdoors,grass,49.0,7.0,00-0022803,00-0023459,Eli Manning,Aaron Rodgers,Ben McAdoo,Mike McCarthy,Ed Hochuli,GNB00,Lambeau Field,44.501389,-88.062222,2016-10-10 00:30:00+00:00,51.175,52.7,5.625,6.3,9.325,10.7,0.0,0.0,0.0,0.0,0.0,0.0,0.0,4
2016_05_TB_CAR,2016,REG,5,2016-10-10,Monday,20:30,TB,17,CAR,14,Home,-3,31,0,2016101000,56977,,201610100car,4170.0,400874648,,8,8,217.0,-244.0,6.0,-107.0,-103.0,46.5,-116.0,105.0,1,outdoors,grass,66.0,7.0,00-0031503,00-0023645,Jameis Winston,Derek Anderson,Dirk Koetter,Ron Rivera,Clete Blakeman,CAR00,Bank of America Stadium,35.225833,-80.852778,2016-10-11 00:30:00+00:00,56.85,60.2,4.7250000000000005,5.4,8.325,8.9,0.0,0.0,0.0,0.0,0.0,0.0,0.0,4
2016_06_DEN_SD,2016,REG,6,2016-10-13,Thursday,20:25,DEN,13,SD,21,Home,8,34,0,2016101300,56978,,201610130sdg,4171.0,400874693,,4,4,-150.0,136.0,-3.0,-100.0,-110.0,44.0,-105.0,-105.0,1,outdoors,grass,70.0,9.0,00-0032156,00-0022942,Trevor Siemian,Philip Rivers,Gary Kubiak,Mike McCoy,Craig Wrolstad,SDG00,Qualcomm Stadium,32.783056,-117.119444,2016-10-14 00:25:00+00:00,66.975,70.1,5.025,7.9,14.3,18.1,0.0,0.0,0.0,0.0,0.0,0.0,0.0,4
2016_06_SF_BUF,2016,REG,6,2016-10-16,Sunday,13:00,SF,16,BUF,45,Home,29,61,0,2016101600,56979,,201610160buf,4172.0,400874698,,10,7,269.0,-305.0,7.5,-113.0,102.0,44.0,102.0,-112.0,0,outdoors,a_turf,72.0,22.0,00-0027974,00-0028118,Colin Kaepernick,Tyrod Taylor,Chip Kelly,Rex Ryan,Gene Steratore,BUF00,New Era Field,42.774,-78.787,2016-10-16 17:00:00+00:00,69.3,70.1,13.3,15.9,29.875,32.0,0.0,0.0,0.0,0.0,0.0,0.0,0.0,4
2016_06_JAX_CHI,2016,REG,6,2016-10-16,Sunday,13:00,JAX,17,CHI,16,Home,-1,33,0,2016101601,56980,,201610160chi,4173.0,400874708,,14,7,126.0,-139.0,2.5,106.0,-117.0,46.0,-108.0,-102.0,0,outdoors,grass,69.0,7.0,00-0031407,00-0026625,Blake Bortles,Brian Hoyer,Gus Bradley,John Fox,Clete Blakeman,CHI98,Soldier Field,41.8623,-87.6167,2016-10-16 17:00:00+00:00,66.4,65.3,7.4,8.7,18.175,22.8,0.07500000000000001,0.2,0.30000000000000004,0.0,0.0,0.0,0.07500000000000001,4
2016_06_PIT_MIA,2016,REG,6,2016-10-16,Sunday,13:00,PIT,15,MIA,30,Home,15,45,0,2016101603,56982,,201610160mia,4175.0,400874730,,7,7,-305.0,269.0,-7.5,106.0,-117.0,49.5,-105.0,-105.0,0,outdoors,grass,81.0,15.0,00-0022924,00-0029701,Ben Roethlisberger,Ryan Tannehill,Mike Tomlin,Adam Gase,Ed Hochuli,MIA00,Hard Rock Stadium,25.958056,-80.238889,2016-10-16 17:00:00+00:00,78.825,79.9,10.9,11.2,23.549999999999997,24.4,1.975,5.7,7.9,0.0,0.0,0.0,1.975,4
2016_06_CIN_NE,2016,REG,6,2016-10-16,Sunday,13:00,CIN,17,NE,35,Home,18,52,0,2016101604,56983,,201610160nwe,4176.0,400874736,,7,7,293.0,-335.0,7.5,-117.0,106.0,48.5,-103.0,-107.0,0,outdoors,fieldturf,66.0,14.0,00-0027973,00-0019596,Andy Dalton,Tom Brady,Marvin Lewis,Bill Belichick,Ron Torbert,BOS00,Gillette Stadium,42.091,-71.264,2016-10-16 17:00:00+00:00,66.6,65.2,9.975,10.4,25.125,26.6,0.0,0.0,0.0,0.0,0.0,0.0,0.0,4
2016_06_BAL_NYG,2016,REG,6,2016-10-16,Sunday,13:00,BAL,23,NYG,27,Home,4,50,0,2016101606,56985,,201610160nyg,4178.0,400874705,,7,7,171.0,-190.0,3.5,102.0,-113.0,42.5,-102.0,-108.0,0,outdoors,fieldturf,66.0,6.0,00-0026158,00-0022803,Joe Flacco,Eli Manning,John Harbaugh,Ben McAdoo,Jeff Triplette,NYC01,MetLife Stadium,40.813528,-74.074361,2016-10-16 17:00:00+00:00,69.55,67.5,8.675,9.2,16.025,17.0,0.0,0.0,0.0,0.0,0.0,0.0,0.0,4
2016_06_CLE_TEN,2016,REG,6,2016-10-16,Sunday,13:00,CLE,26,TEN,28,Home,2,54,0,2016101607,56986,,201610160oti,4179.0,400874703,,7,7,285.0,-325.0,7.5,-108.0,-102.0,45.0,-108.0,-102.0,0,outdoors,grass,75.0,10.0,00-0033104,00-0032268,Cody Kessler,Marcus Mariota,Hue Jackson,Mike Mularkey,Carl Cheffers,NAS00,Nissan Stadium,36.166389,-86.771389,2016-10-16 17:00:00+00:00,80.625,78.9,7.45,8.1,21.3,24.2,0.025,0.1,0.1,0.0,0.0,0.0,0.025,4
2016_06_PHI_WAS,2016,REG,6,2016-10-16,Sunday,13:00,PHI,20,WAS,27,Home,7,47,0,2016101608,56987,,201610160was,4180.0,400874701,,7,7,-150.0,136.0,-3.0,-101.0,-109.0,45.0,100.0,-110.0,1,outdoors,grass,69.0,13.0,00-0032950,00-0029604,Carson Wentz,Kirk Cousins,Doug Pederson,Jay Gruden,John Parry,WAS00,FedExField,38.907778,-76.864444,2016-10-16 17:00:00+00:00,71.175,69.7,5.075,5.4,16.1,18.8,0.0,0.0,0.0,0.0,0.0,0.0,0.0,4
2016_06_KC_OAK,2016,REG,6,2016-10-16,Sunday,16:05,KC,26,OAK,10,Home,-16,36,0,2016101609,56988,,201610160rai,4181.0,400874731,,14,7,-123.0,111.0,-1.0,-115.0,104.0,46.5,-117.0,106.0,1,outdoors,grass,61.0,6.0,00-0023436,00-0031280,Alex Smith,Derek Carr,Andy Reid,Jack Del Rio,Peter Morelli,OAK00,Oakland-Alameda County Coliseum,37.751667,-122.200556,2016-10-16 20:05:00+00:00,62.199999999999996,62.8,10.325,11.9,20.75,21.7,1.425,2.3,5.7,0.0,0.0,0.0,1.425,4
2016_06_DAL_GB,2016,REG,6,2016-10-16,Sunday,16:25,DAL,30,GB,16,Home,-14,46,0,2016101610,56989,,201610160gnb,4182.0,400874733,,7,7,211.0,-237.0,5.0,-102.0,-108.0,47.0,-107.0,-103.0,0,outdoors,grass,69.0,8.0,00-0033077,00-0023459,Dak Prescott,Aaron Rodgers,Jason Garrett,Mike McCarthy,Brad Allen,GNB00,Lambeau Field,44.501389,-88.062222,2016-10-16 20:25:00+00:00,64.625,67.1,6.75,7.9,13.975,15.0,0.0,0.0,0.0,0.0,0.0,0.0,0.0,4
2016_06_ATL_SEA,2016,REG,6,2016-10-16,Sunday,16:25,ATL,24,SEA,26,Home,2,50,0,2016101611,56990,,201610160sea,4183.0,400874732,,7,14,266.0,-302.0,7.0,-107.0,-103.0,45.5,-110.0,100.0,0,outdoors,fieldturf,54.0,10.0,00-0026143,00-0029263,Matt Ryan,Russell Wilson,Dan Quinn,Pete Carroll,Tony Corrente,SEA00,CenturyLink Field,47.5952,-122.3316,2016-10-16 20:25:00+00:00,58.55,57.3,6.800000000000001,9.4,24.924999999999997,26.8,0.025,0.1,0.1,0.0,0.0,0.0,0.025,4
2016_07_CHI_GB,2016,REG,7,2016-10-20,Thursday,20:25,CHI,10,GB,26,Home,16,36,0,2016102000,56993,,201610200gnb,4190.0,400874429,,4,4,293.0,-335.0,7.5,-117.0,106.0,46.5,-113.0,102.0,1,outdoors,grass,47.0,10.0,00-0026625,00-0023459,Brian Hoyer,Aaron Rodgers,John Fox,Mike McCarthy,John Parry,GNB00,Lambeau Field,44.501389,-88.062222,2016-10-21 00:25:00+00:00,48.25,48.9,6.95,7.4,13.175,13.6,0.0,0.0,0.0,0.0,0.0,0.0,0.0,4
2016_07_NYG_LA,2016,REG,7,2016-10-23,Sunday,09:30,NYG,17,LA,10,Neutral,-7,27,0,2016102300,56994,,201610230ram,4191.0,400874490,,7,7,-145.0,131.0,-3.0,104.0,-115.0,44.5,-113.0,102.0,0,outdoors,grass,55.0,12.0,00-0022803,00-0028986,Eli Manning,Case Keenum,Ben McAdoo,Jeff Fisher,Ron Torbert,LON01,Twickenham Stadium,51.456111,-0.341667,2016-10-23 13:30:00+00:00,53.625,54.6,14.124999999999998,14.9,27.5,28.0,0.0,0.0,0.0,0.0,0.0,0.0,0.0,4
2016_07_CLE_CIN,2016,REG,7,2016-10-23,Sunday,13:00,CLE,17,CIN,31,Home,14,48,0,2016102301,56995,,201610230cin,4192.0,400874494,,7,7,480.0,-575.0,11.5,-105.0,-105.0,46.5,-110.0,-100.0,1,outdoors,fieldturf,65.0,5.0,00-0033104,00-0027973,Cody Kessler,Andy Dalton,Hue Jackson,Marvin Lewis,Ed Hochuli,CIN00,Paul Brown Stadium,39.095,-84.516,2016-10-23 17:00:00+00:00,69.0,65.5,11.024999999999999,12.5,25.525000000000002,27.7,0.0,0.0,0.0,0.0,0.0,0.0,0.0,4
2016_07_OAK_JAX,2016,REG,7,2016-10-23,Sunday,13:00,OAK,33,JAX,16,Home,-17,49,0,2016102303,56997,,201610230jax,4194.0,400874498,,7,7,111.0,-123.0,1.5,-100.0,-110.0,47.5,-103.0,-107.0,0,outdoors,grass,70.0,6.0,00-0031280,00-0031407,Derek Carr,Blake Bortles,Jack Del Rio,Gus Bradley,Jeff Triplette,JAX00,EverBank Field,30.323889,-81.6375,2016-10-23 17:00:00+00:00,70.57499999999999,70.3,6.125,6.2,15.375,15.7,0.0,0.0,0.0,0.0,0.0,0.0,0.0,4
2016_07_NO_KC,2016,REG,7,2016-10-23,Sunday,13:00,NO,21,KC,27,Home,6,48,0,2016102304,56998,,201610230kan,4195.0,400874491,,7,7,218.0,-245.0,6.0,-107.0,-103.0,51.0,-111.0,101.0,0,outdoors,grass,68.0,9.0,00-0020531,00-0023436,Drew Brees,Alex Smith,Sean Payton,Andy Reid,Clete Blakeman,KAN00,Arrowhead Stadium,39.048889,-94.483889,2016-10-23 17:00:00+00:00,70.375,67.8,6.5,7.7,17.725,20.6,0.0,0.0,0.0,0.0,0.0,0.0,0.0,4
2016_07_BUF_MIA,2016,REG,7,2016-10-23,Sunday,13:00,BUF,25,MIA,28,Home,3,53,0,2016102305,56999,,201610230mia,4196.0,400874500,,7,7,-134.0,121.0,-2.5,-109.0,-101.0,46.0,-112.0,102.0,1,outdoors,grass,81.0,11.0,00-0028118,00-0029701,Tyrod Taylor,Ryan Tannehill,Rex Ryan,Adam Gase,Brad Allen,MIA00,Hard Rock Stadium,25.958056,-80.238889,2016-10-23 17:00:00+00:00,77.35,76.5,12.549999999999999,13.4,22.200000000000003,23.3,0.0,0.0,0.0,0.0,0.0,0.0,0.0,4
2016_07_BAL_NYJ,2016,REG,7,2016-10-23,Sunday,13:00,BAL,16,NYJ,24,Home,8,40,0,2016102306,57000,,201610230nyj,4197.0,400874501,,7,6,111.0,-123.0,2.0,-103.0,-107.0,40.5,-117.0,106.0,0,outdoors,fieldturf,58.0,36.0,00-0026158,00-0030565,Joe Flacco,Geno Smith,John Harbaugh,Todd Bowles,Walt Anderson,NYC01,MetLife Stadium,40.813528,-74.074361,2016-10-23 17:00:00+00:00,59.85,59.3,17.775,19.9,36.125,39.1,0.0,0.0,0.0,0.0,0.0,0.0,0.0,4
2016_07_MIN_PHI,2016,REG,7,2016-10-23,Sunday,13:00,MIN,10,PHI,21,Home,11,31,0,2016102307,57001,,201610230phi,4198.0,400874493,,14,7,-128.0,116.0,-2.5,-108.0,-102.0,39.0,-105.0,-105.0,0,outdoors,grass,62.0,20.0,00-0027854,00-0032950,Sam Bradford,Carson Wentz,Mike Zimmer,Doug Pederson,John Hussey,PHI00,Lincoln Financial Field,39.900833,-75.1675,2016-10-23 17:00:00+00:00,61.9,60.8,13.75,15.1,33.625,36.0,0.0,0.0,0.0,0.0,0.0,0.0,0.0,4
2016_07_IND_TEN,2016,REG,7,2016-10-23,Sunday,13:00,IND,34,TEN,26,Home,-8,60,0,2016102308,57002,,201610230oti,4199.0,400874492,,7,7,175.0,-195.0,4.0,-104.0,-106.0,48.5,-108.0,-102.0,1,outdoors,grass,68.0,5.0,00-0029668,00-0032268,Andrew Luck,Marcus Mariota,Chuck Pagano,Mike Mularkey,Jerome Boger,NAS00,Nissan Stadium,36.166389,-86.771389,2016-10-23 17:00:00+00:00,74.725,71.9,7.95,8.2,20.0,20.6,0.0,0.0,0.0,0.0,0.0,0.0,0.0,4
2016_07_TB_SF,2016,REG,7,2016-10-23,Sunday,16:05,TB,34,SF,17,Home,-17,51,0,2016102310,57004,,201610230sfo,4186.0,400874503,,13,7,104.0,-115.0,1.0,-103.0,-107.0,45.0,-104.0,-106.0,0,outdoors,grass,68.0,5.0,00-0031503,00-0027974,Jameis Winston,Colin Kaepernick,Dirk Koetter,Chip Kelly,Peter Morelli,SFO01,Levi's Stadium,37.403,-121.97,2016-10-23 20:05:00+00:00,67.875,68.1,5.675,7.6,18.25,19.7,0.0,0.0,0.0,0.0,0.0,0.0,0.0,4
2016_07_NE_PIT,2016,REG,7,2016-10-23,Sunday,16:25,NE,27,PIT,16,Home,-11,43,0,2016102311,57005,,201610230pit,4187.0,400874506,,7,7,-295.0,260.0,-7.5,111.0,-123.0,49.0,-123.0,111.0,0,outdoors,grass,63.0,13.0,00-0019596,00-0030524,Tom Brady,Landry Jones,Bill Belichick,Mike Tomlin,Craig Wrolstad,PIT00,Heinz Field,40.446667,-80.015833,2016-10-23 20:25:00+00:00,61.725,64.0,9.225,11.6,22.75,28.0,0.0,0.0,0.0,0.0,0.0,0.0,0.0,4
2016_07_HOU_DEN,2016,REG,7,2016-10-24,Monday,20:30,HOU,9,DEN,27,Home,18,36,0,2016102400,57007,,201610240den,4189.0,400874509,,8,11,334.0,-385.0,8.5,-107.0,-103.0,40.0,-115.0,104.0,0,outdoors,grass,71.0,5.0,00-0029682,00-0032156,Brock Osweiler,Trevor Siemian,Bill O'Brien,Gary Kubiak,Carl Cheffers,DEN00,Sports Authority Field at Mile High,39.743889,-105.02,2016-10-25 00:30:00+00:00,63.550000000000004,70.9,2.6500000000000004,4.3,10.975,12.8,0.0,0.0,0.0,0.0,0.0,0.0,0.0,4
2016_08_JAX_TEN,2016,REG,8,2016-10-27,Thursday,20:25,JAX,22,TEN,36,Home,14,58,0,2016102700,57008,,201610270oti,4201.0,400874553,,4,4,130.0,-144.0,3.0,-118.0,107.0,43.5,-103.0,-107.0,1,outdoors,grass,71.0,3.0,00-0031407,00-0032268,Blake Bortles,Marcus Mariota,Gus Bradley,Mike Mularkey,John Hussey,NAS00,Nissan Stadium,36.166389,-86.771389,2016-10-28 00:25:00+00:00,65.92500000000001,69.7,5.949999999999999,6.5,11.0,11.9,0.0,0.0,0.0,0.0,0.0,0.0,0.0,4
2016_08_WAS_CIN,2016,REG,8,2016-10-30,Sunday,09:30,WAS,27,CIN,27,Neutral,0,54,1,2016103000,57009,,201610300cin,4202.0,400874555,,7,7,136.0,-150.0,3.0,-105.0,-105.0,49.0,-113.0,102.0,0,outdoors,grass,54.0,2.0,00-0029604,00-0027973,Kirk Cousins,Andy Dalton,Jay Gruden,Marvin Lewis,Carl Cheffers,LON00,Wembley Stadium,51.555833,-0.279722,2016-10-30 13:30:00+00:00,57.7,57.2,4.775,5.0,11.85,12.1,0.0,0.0,0.0,0.0,0.0,0.0,0.0,4
2016_08_NE_BUF,2016,REG,8,2016-10-30,Sunday,13:00,NE,41,BUF,25,Home,-16,66,0,2016103002,57011,,201610300buf,4204.0,400874619,,7,7,-235.0,210.0,-5.5,-105.0,-105.0,48.0,-113.0,102.0,1,outdoors,a_turf,49.0,9.0,00-0019596,00-0028118,Tom Brady,Tyrod Taylor,Bill Belichick,Rex Ryan,John Parry,BUF00,New Era Field,42.774,-78.787,2016-10-30 17:00:00+00:00,46.425,47.9,7.95,8.8,18.95,21.0,0.45,0.8,1.8,0.0,0.0,0.0,0.45,4
2016_08_ARI_CAR,2016,REG,8,2016-10-30,Sunday,13:00,ARI,20,CAR,30,Home,10,50,0,2016103009,57018,,201610300car,4211.0,400874625,,7,14,121.0,-134.0,2.5,-100.0,-110.0,45.5,-104.0,-106.0,0,outdoors,grass,85.0,5.0,00-0021429,00-0027939,Carson Palmer,Cam Newton,Bruce Arians,Ron Rivera,Walt Coleman,CAR00,Bank of America Stadium,35.225833,-80.852778,2016-10-30 17:00:00+00:00,81.39999999999999,80.3,6.300000000000001,6.6,15.75,16.3,0.0,0.0,0.0,0.0,0.0,0.0,0.0,4
2016_08_NYJ_CLE,2016,REG,8,2016-10-30,Sunday,13:00,NYJ,31,CLE,28,Home,-3,59,0,2016103003,57012,,201610300cle,4205.0,400874612,,7,7,-134.0,121.0,-2.5,-110.0,-100.0,45.5,-103.0,-107.0,0,outdoors,grass,53.0,15.0,00-0023682,00-0021206,Ryan Fitzpatrick,Josh McCown,Todd Bowles,Hue Jackson,Peter Morelli,CLE00,FirstEnergy Stadium,41.506111,-81.699444,2016-10-30 17:00:00+00:00,52.1,51.7,10.625,12.9,19.025,22.6,0.42500000000000004,1.1,1.7000000000000002,0.0,0.0,0.0,0.42500000000000004,4
2016_08_OAK_TB,2016,REG,8,2016-10-30,Sunday,13:00,OAK,30,TB,24,Home,-6,54,1,2016103007,57016,,201610300tam,4209.0,400874561,,7,7,106.0,-117.0,1.0,-100.0,-110.0,48.0,111.0,-123.0,0,outdoors,grass,86.0,15.0,00-0031280,00-0031503,Derek Carr,Jameis Winston,Jack Del Rio,Dirk Koetter,Terry McAulay,TAM00,Raymond James Stadium,27.975833,-82.503333,2016-10-30 17:00:00+00:00,83.125,81.9,10.025,10.4,20.675,23.0,0.0,0.0,0.0,0.0,0.0,0.0,0.0,4
2016_08_SD_DEN,2016,REG,8,2016-10-30,Sunday,16:05,SD,19,DEN,27,Home,8,46,0,2016103008,57017,,201610300den,4210.0,400874622,,7,6,159.0,-177.0,3.5,-113.0,102.0,43.0,-110.0,100.0,1,outdoors,grass,76.0,6.0,00-0022942,00-0032156,Philip Rivers,Trevor Siemian,Mike McCoy,Gary Kubiak,Tony Corrente,DEN00,Sports Authority Field at Mile High,39.743889,-105.02,2016-10-30 20:05:00+00:00,74.85,74.3,6.2,7.0,14.75,15.4,0.0,0.0,0.0,0.0,0.0,0.0,0.0,4
2016_08_MIN_CHI,2016,REG,8,2016-10-31,Monday,20:30,MIN,10,CHI,20,Home,10,30,0,2016103100,57020,,201610310chi,4213.0,400874652,,8,11,-230.0,205.0,-5.5,-104.0,-106.0,39.5,-107.0,-103.0,1,outdoors,grass,58.0,12.0,00-0027854,00-0024226,Sam Bradford,Jay Cutler,Mike Zimmer,John Fox,Gene Steratore,CHI98,Soldier Field,41.8623,-87.6167,2016-11-01 00:30:00+00:00,57.05,56.6,14.475,15.6,26.525,26.8,0.0,0.0,0.0,0.0,0.0,0.0,0.0,4
2016_09_ATL_TB,2016,REG,9,2016-11-03,Thursday,20:25,ATL,43,TB,28,Home,-15,71,0,2016110300,57021,,201611030tam,4214.0,400874605,,4,4,-205.0,184.0,-4.5,-103.0,-107.0,49.0,-110.0,-100.0,1,outdoors,grass,76.0,2.0,00-0026143,00-0031503,Matt Ryan,Jameis Winston,Dan Quinn,Dirk Koetter,Ron Torbert,TAM00,Raymond James Stadium,27.975833,-82.503333,2016-11-04 00:25:00+00:00,73.17500000000001,74.9,5.199999999999999,6.2,8.85,9.4,0.0,0.0,0.0,0.0,0.0,0.0,0.0,4
2016_09_PIT_BAL,2016,REG,9,2016-11-06,Sunday,13:00,PIT,14,BAL,21,Home,7,35,0,2016110601,57022,,201611060rav,4215.0,400874598,,14,14,-155.0,140.0,-3.5,120.0,-133.0,46.0,-108.0,-102.0,1,outdoors,grass,65.0,15.0,00-0022924,00-0026158,Ben Roethlisberger,Joe Flacco,Mike Tomlin,John Harbaugh,John Hussey,BAL00,M&T Bank Stadium,39.278056,-76.622778,2016-11-06 18:00:00+00:00,62.525,61.9,12.099999999999998,13.2,21.35,22.8,0.0,0.0,0.0,0.0,0.0,0.0,0.0,4
2016_09_DAL_CLE,2016,REG,9,2016-11-06,Sunday,13:00,DAL,35,CLE,10,Home,-25,45,0,2016110602,57023,,201611060cle,4216.0,400874599,,7,7,-289.0,255.0,-7.0,-100.0,-110.0,49.0,-102.0,-108.0,0,outdoors,grass,58.0,4.0,00-0033077,00-0033104,Dak Prescott,Cody Kessler,Jason Garrett,Hue Jackson,Jeff Triplette,CLE00,FirstEnergy Stadium,41.506111,-81.699444,2016-11-06 18:00:00+00:00,60.5,59.9,4.1,5.1,9.625,10.1,0.0,0.0,0.0,0.0,0.0,0.0,0.0,4
2016_09_JAX_KC,2016,REG,9,2016-11-06,Sunday,13:00,JAX,14,KC,19,Home,5,33,0,2016110603,57024,,201611060kan,4217.0,400874600,,10,7,264.0,-300.0,7.0,-117.0,106.0,42.5,-105.0,-105.0,0,outdoors,grass,62.0,7.0,00-0031407,00-0029567,Blake Bortles,Nick Foles,Gus Bradley,Andy Reid,Gene Steratore,KAN00,Arrowhead Stadium,39.048889,-94.483889,2016-11-06 18:00:00+00:00,63.375,62.0,6.8,7.1,15.975,16.3,0.0,0.0,0.0,0.0,0.0,0.0,0.0,4
2016_09_NYJ_MIA,2016,REG,9,2016-11-06,Sunday,13:00,NYJ,23,MIA,27,Home,4,50,0,2016110604,57025,,201611060mia,4218.0,400874601,,7,14,171.0,-190.0,3.5,-100.0,-110.0,45.0,-110.0,-100.0,1,outdoors,grass,80.0,14.0,00-0023682,00-0029701,Ryan Fitzpatrick,Ryan Tannehill,Todd Bowles,Adam Gase,Walt Coleman,MIA00,Hard Rock Stadium,25.958056,-80.238889,2016-11-06 18:00:00+00:00,77.77499999999999,77.1,13.175,14.0,22.875,27.5,0.0,0.0,0.0,0.0,0.0,0.0,0.0,4
2016_09_PHI_NYG,2016,REG,9,2016-11-06,Sunday,13:00,PHI,23,NYG,28,Home,5,51,0,2016110606,57027,,201611060nyg,4220.0,400874603,,7,14,135.0,-149.0,3.0,-110.0,-100.0,42.5,-119.0,108.0,1,outdoors,fieldturf,56.0,9.0,00-0032950,00-0022803,Carson Wentz,Eli Manning,Doug Pederson,Ben McAdoo,Bill Vinovich,NYC01,MetLife Stadium,40.813528,-74.074361,2016-11-06 18:00:00+00:00,54.275,53.4,11.25,12.2,23.4,25.3,0.0,0.0,0.0,0.0,0.0,0.0,0.0,4
2016_09_CAR_LA,2016,REG,9,2016-11-06,Sunday,16:05,CAR,13,LA,10,Home,-3,23,0,2016110607,57028,,201611060ram,4221.0,400874596,,7,14,-140.0,127.0,-3.0,108.0,-119.0,44.5,-100.0,-110.0,0,outdoors,grass,75.0,2.0,00-0027939,00-0028986,Cam Newton,Case Keenum,Ron Rivera,Jeff Fisher,Terry McAulay,LAX99,Los Angeles Memorial Coliseum,34.014167,-118.287778,2016-11-06 21:05:00+00:00,73.625,75.3,5.199999999999999,5.5,15.525,16.1,0.0,0.0,0.0,0.0,0.0,0.0,0.0,4
2016_09_NO_SF,2016,REG,9,2016-11-06,Sunday,16:05,NO,41,SF,23,Home,-18,64,0,2016110608,57029,,201611060sfo,4222.0,400874597,,7,14,-212.0,190.0,-5.0,-103.0,-107.0,53.0,102.0,-112.0,0,outdoors,grass,70.0,0.0,00-0020531,00-0027974,Drew Brees,Colin Kaepernick,Sean Payton,Chip Kelly,Jerome Boger,SFO01,Levi's Stadium,37.403,-121.97,2016-11-06 21:05:00+00:00,65.625,64.8,1.55,2.9,7.2250000000000005,8.3,0.0,0.0,0.0,0.0,0.0,0.0,0.0,4
2016_09_IND_GB,2016,REG,9,2016-11-06,Sunday,16:25,IND,31,GB,26,Home,-5,57,0,2016110609,57030,,201611060gnb,4223.0,400874594,,7,7,297.0,-340.0,7.5,-107.0,-103.0,52.0,101.0,-111.0,0,outdoors,grass,68.0,7.0,00-0029668,00-0023459,Andrew Luck,Aaron Rodgers,Chuck Pagano,Mike McCarthy,Tony Corrente,GNB00,Lambeau Field,44.501389,-88.062222,2016-11-06 21:25:00+00:00,61.3,65.6,5.05,5.6,10.725,13.2,0.0,0.0,0.0,0.0,0.0,0.0,0.0,4
2016_09_TEN_SD,2016,REG,9,2016-11-06,Sunday,16:25,TEN,35,SD,43,Home,8,78,0,2016110610,57031,,201611060sdg,4224.0,400874593,,10,7,161.0,-179.0,3.5,-107.0,-103.0,47.5,102.0,-113.0,0,outdoors,grass,76.0,6.0,00-0032268,00-0022942,Marcus Mariota,Philip Rivers,Mike Mularkey,Mike McCoy,Brad Allen,SDG00,Qualcomm Stadium,32.783056,-117.119444,2016-11-06 21:25:00+00:00,72.65,74.6,6.875,9.0,16.1,17.4,0.0,0.0,0.0,0.0,0.0,0.0,0.0,4
2016_09_DEN_OAK,2016,REG,9,2016-11-06,Sunday,20:30,DEN,20,OAK,30,Home,10,50,0,2016110600,57032,,201611060rai,4225.0,400874592,,7,7,-108.0,-102.0,1.0,-115.0,104.0,44.5,-107.0,-103.0,1,outdoors,grass,65.0,6.0,00-0032156,00-0031280,Trevor Siemian,Derek Carr,Gary Kubiak,Jack Del Rio,Clete Blakeman,OAK00,Oakland-Alameda County Coliseum,37.751667,-122.200556,2016-11-07 01:30:00+00:00,61.175,64.3,2.65,3.1,6.550000000000001,7.8,0.0,0.0,0.0,0.0,0.0,0.0,0.0,4
2016_09_BUF_SEA,2016,REG,9,2016-11-07,Monday,20:30,BUF,25,SEA,31,Home,6,56,0,2016110700,57033,,201611070sea,4226.0,400874591,,8,8,197.0,-220.0,5.5,-110.0,-100.0,43.5,-108.0,-102.0,0,outdoors,fieldturf,61.0,4.0,00-0028118,00-0029263,Tyrod Taylor,Russell Wilson,Rex Ryan,Pete Carroll,Walt Anderson,SEA00,CenturyLink Field,47.5952,-122.3316,2016-11-08 01:30:00+00:00,56.475,59.0,6.0,6.5,10.05,11.6,0.0,0.0,0.0,0.0,0.0,0.0,0.0,4
2016_10_CLE_BAL,2016,REG,10,2016-11-10,Thursday,20:25,CLE,7,BAL,28,Home,21,35,0,2016111000,57034,,201611100rav,4227.0,400874589,,4,4,301.0,-345.0,7.5,-110.0,-100.0,44.0,-110.0,100.0,1,outdoors,grass,54.0,3.0,00-0033104,00-0026158,Cody Kessler,Joe Flacco,Hue Jackson,John Harbaugh,Jerome Boger,BAL00,M&T Bank Stadium,39.278056,-76.622778,2016-11-11 01:25:00+00:00,49.25,50.1,10.399999999999999,10.7,16.8,17.7,0.0,0.0,0.0,0.0,0.0,0.0,0.0,4
2016_10_KC_CAR,2016,REG,10,2016-11-13,Sunday,13:00,KC,20,CAR,17,Home,-3,37,0,2016111301,57035,,201611130car,4228.0,400874580,,7,7,153.0,-170.0,3.0,111.0,-123.0,44.0,-105.0,-105.0,0,outdoors,grass,45.0,6.0,00-0023436,00-0027939,Alex Smith,Cam Newton,Andy Reid,Ron Rivera,Carl Cheffers,CAR00,Bank of America Stadium,35.225833,-80.852778,2016-11-13 18:00:00+00:00,54.05,54.6,1.3,2.1,8.274999999999999,9.2,0.125,0.3,0.5,0.0,0.0,0.0,0.125,4
2016_10_HOU_JAX,2016,REG,10,2016-11-13,Sunday,13:00,HOU,24,JAX,21,Home,-3,45,0,2016111302,57036,,201611130jax,4229.0,400874587,,14,7,141.0,-156.0,3.0,-102.0,-108.0,42.0,-116.0,105.0,1,outdoors,grass,69.0,10.0,00-0029682,00-0031407,Brock Osweiler,Blake Bortles,Bill O'Brien,Gus Bradley,Ron Torbert,JAX00,EverBank Field,30.323889,-81.6375,2016-11-13 18:00:00+00:00,73.64999999999999,76.8,3.3,4.7,10.675,12.3,0.0,0.0,0.0,0.0,0.0,0.0,0.0,4
2016_10_LA_NYJ,2016,REG,10,2016-11-13,Sunday,13:00,LA,9,NYJ,6,Home,-3,15,0,2016111304,57038,,201611130nyj,4231.0,400874584,,7,7,-115.0,104.0,-1.0,-108.0,-102.0,39.0,106.0,-117.0,0,outdoors,fieldturf,62.0,7.0,00-0028986,00-0031568,Case Keenum,Bryce Petty,Jeff Fisher,Todd Bowles,Ed Hochuli,NYC01,MetLife Stadium,40.813528,-74.074361,2016-11-13 18:00:00+00:00,58.075,57.2,8.3,9.0,15.399999999999999,17.0,0.0,0.0,0.0,0.0,0.0,0.0,0.0,4
2016_10_ATL_PHI,2016,REG,10,2016-11-13,Sunday,13:00,ATL,15,PHI,24,Home,9,39,0,2016111305,57039,,201611130phi,4232.0,400874582,,10,7,111.0,-123.0,2.0,-105.0,-105.0,48.5,-107.0,-103.0,0,outdoors,grass,58.0,10.0,00-0026143,00-0032950,Matt Ryan,Carson Wentz,Dan Quinn,Doug Pederson,Craig Wrolstad,PHI00,Lincoln Financial Field,39.900833,-75.1675,2016-11-13 18:00:00+00:00,57.45,56.2,7.8500000000000005,8.4,18.05,19.0,0.0,0.0,0.0,0.0,0.0,0.0,0.0,4
2016_10_CHI_TB,2016,REG,10,2016-11-13,Sunday,13:00,CHI,10,TB,36,Home,26,46,0,2016111306,57040,,201611130tam,4233.0,400874578,,13,10,-145.0,131.0,-2.5,-117.0,106.0,45.0,105.0,-116.0,0,outdoors,grass,81.0,4.0,00-0024226,00-0031503,Jay Cutler,Jameis Winston,John Fox,Dirk Koetter,Walt Coleman,TAM00,Raymond James Stadium,27.975833,-82.503333,2016-11-13 18:00:00+00:00,78.30000000000001,78.7,4.4,6.0,11.075,13.0,0.0,0.0,0.0,0.0,0.0,0.0,0.0,4
2016_10_GB_TEN,2016,REG,10,2016-11-13,Sunday,13:00,GB,25,TEN,47,Home,22,72,0,2016111307,57041,,201611130oti,4234.0,400874572,,7,7,-140.0,127.0,-3.0,106.0,-117.0,48.5,-102.0,-108.0,0,outdoors,grass,56.0,3.0,00-0023459,00-0032268,Aaron Rodgers,Marcus Mariota,Mike McCarthy,Mike Mularkey,Jeff Triplette,NAS00,Nissan Stadium,36.166389,-86.771389,2016-11-13 18:00:00+00:00,64.575,64.3,1.3250000000000002,1.6,8.725,9.2,0.0,0.0,0.0,0.0,0.0,0.0,0.0,4
2016_10_MIN_WAS,2016,REG,10,2016-11-13,Sunday,13:00,MIN,20,WAS,26,Home,6,46,0,2016111308,57042,,201611130was,4235.0,400874576,,7,14,131.0,-145.0,2.5,106.0,-117.0,42.0,-107.0,-103.0,0,outdoors,grass,58.0,7.0,00-0027854,00-0029604,Sam Bradford,Kirk Cousins,Mike Zimmer,Jay Gruden,Peter Morelli,WAS00,FedExField,38.907778,-76.864444,2016-11-13 18:00:00+00:00,58.400000000000006,57.3,4.85,5.2,13.375,15.9,0.0,0.0,0.0,0.0,0.0,0.0,0.0,4
2016_10_MIA_SD,2016,REG,10,2016-11-13,Sunday,16:05,MIA,31,SD,24,Home,-7,55,0,2016111309,57043,,201611130sdg,4236.0,400874544,,7,7,178.0,-198.0,4.0,-110.0,-100.0,48.5,-105.0,-105.0,0,outdoors,grass,85.0,11.0,00-0029701,00-0022942,Ryan Tannehill,Philip Rivers,Adam Gase,Mike McCoy,Terry McAulay,SDG00,Qualcomm Stadium,32.783056,-117.119444,2016-11-13 21:05:00+00:00,82.5,84.9,7.425000000000001,7.7,16.925,17.4,0.0,0.0,0.0,0.0,0.0,0.0,0.0,4
2016_10_DAL_PIT,2016,REG,10,2016-11-13,Sunday,16:25,DAL,35,PIT,30,Home,-5,65,0,2016111311,57045,,201611130pit,4238.0,400874538,,7,7,156.0,-173.0,3.0,111.0,-123.0,50.5,-115.0,104.0,0,outdoors,grass,56.0,7.0,00-0033077,00-0022924,Dak Prescott,Ben Roethlisberger,Jason Garrett,Mike Tomlin,Clete Blakeman,PIT00,Heinz Field,40.446667,-80.015833,2016-11-13 21:25:00+00:00,46.8,51.9,5.85,7.1,10.874999999999998,12.8,0.0,0.0,0.0,0.0,0.0,0.0,0.0,4
2016_10_SEA_NE,2016,REG,10,2016-11-13,Sunday,20:30,SEA,31,NE,24,Home,-7,55,0,2016111312,57046,,201611130nwe,4239.0,400874536,,6,14,273.0,-310.0,7.5,-113.0,102.0,49.5,-105.0,-105.0,0,outdoors,fieldturf,43.0,3.0,00-0029263,00-0019596,Russell Wilson,Tom Brady,Pete Carroll,Bill Belichick,Gene Steratore,BOS00,Gillette Stadium,42.091,-71.264,2016-11-14 01:30:00+00:00,43.724999999999994,44.9,8.2,8.3,12.899999999999999,13.0,0.0,0.0,0.0,0.0,0.0,0.0,0.0,4
2016_10_CIN_NYG,2016,REG,10,2016-11-14,Monday,20:30,CIN,20,NYG,21,Home,1,41,0,2016111400,57047,,201611140nyg,4240.0,400874531,,15,8,-113.0,102.0,-1.0,-105.0,-105.0,49.5,-108.0,-102.0,0,outdoors,fieldturf,56.0,2.0,00-0027973,00-0022803,Andy Dalton,Eli Manning,Marvin Lewis,Ben McAdoo,John Parry,NYC01,MetLife Stadium,40.813528,-74.074361,2016-11-15 01:30:00+00:00,49.475,49.2,4.125,5.9,5.825,8.5,0.0,0.0,0.0,0.0,0.0,0.0,0.0,4
2016_11_NO_CAR,2016,REG,11,2016-11-17,Thursday,20:25,NO,20,CAR,23,Home,3,43,0,2016111700,57048,,201611170car,4242.0,400874609,,4,4,166.0,-184.0,3.5,-106.0,-104.0,52.5,-110.0,-100.0,1,outdoors,grass,63.0,6.0,00-0020531,00-0027939,Drew Brees,Cam Newton,Sean Payton,Ron Rivera,Peter Morelli,CAR00,Bank of America Stadium,35.225833,-80.852778,2016-11-18 01:25:00+00:00,54.225,56.5,5.199999999999999,5.3,7.75,7.8,0.0,0.0,0.0,0.0,0.0,0.0,0.0,4
2016_11_BUF_CIN,2016,REG,11,2016-11-20,Sunday,13:00,BUF,16,CIN,12,Home,-4,28,0,2016112000,57049,,201611200cin,4243.0,400874646,,13,6,123.0,-136.0,2.5,-100.0,-110.0,48.0,-107.0,-103.0,0,outdoors,fieldturf,36.0,8.0,00-0028118,00-0027973,Tyrod Taylor,Andy Dalton,Rex Ryan,Marvin Lewis,Terry McAulay,CIN00,Paul Brown Stadium,39.095,-84.516,2016-11-20 18:00:00+00:00,38.75,38.6,10.575000000000001,11.0,26.05,27.5,0.0,0.0,0.0,0.0,0.0,0.0,0.0,4
2016_11_PIT_CLE,2016,REG,11,2016-11-20,Sunday,13:00,PIT,24,CLE,9,Home,-15,33,0,2016112001,57050,,201611200cle,4244.0,400874634,,7,10,-309.0,272.0,-8.0,108.0,-119.0,45.5,-113.0,102.0,1,outdoors,grass,36.0,27.0,00-0022924,00-0033104,Ben Roethlisberger,Cody Kessler,Mike Tomlin,Hue Jackson,Brad Allen,CLE00,FirstEnergy Stadium,41.506111,-81.699444,2016-11-20 18:00:00+00:00,34.65,35.3,20.9,21.5,36.75,38.9,0.0,0.0,0.0,0.07,0.07,0.28,0.05,4
2016_11_TB_KC,2016,REG,11,2016-11-20,Sunday,13:00,TB,19,KC,17,Home,-2,36,0,2016112005,57054,,201611200kan,4248.0,400874649,,7,7,256.0,-290.0,7.0,-117.0,106.0,45.0,-105.0,-105.0,0,outdoors,grass,46.0,9.0,00-0031503,00-0023436,Jameis Winston,Alex Smith,Dirk Koetter,Andy Reid,Ed Hochuli,KAN00,Arrowhead Stadium,39.048889,-94.483889,2016-11-20 18:00:00+00:00,47.65,45.7,8.850000000000001,9.3,19.7,20.4,0.0,0.0,0.0,0.0,0.0,0.0,0.0,4
2016_11_CHI_NYG,2016,REG,11,2016-11-20,Sunday,13:00,CHI,16,NYG,22,Home,6,38,0,2016112007,57056,,201611200nyg,4250.0,400874691,,7,6,250.0,-283.0,7.0,-110.0,-100.0,41.5,-107.0,-103.0,0,outdoors,fieldturf,41.0,10.0,00-0024226,00-0022803,Jay Cutler,Eli Manning,John Fox,Ben McAdoo,Craig Wrolstad,NYC01,MetLife Stadium,40.813528,-74.074361,2016-11-20 18:00:00+00:00,41.7,43.0,18.175,18.8,36.3,38.5,0.1,0.2,0.4,0.0,0.0,0.0,0.1,4
2016_11_MIA_LA,2016,REG,11,2016-11-20,Sunday,16:05,MIA,14,LA,10,Home,-4,24,0,2016112008,57057,,201611200ram,4251.0,400874697,,7,7,-103.0,-107.0,1.0,-111.0,101.0,39.0,-108.0,-102.0,0,outdoors,grass,63.0,3.0,00-0029701,00-0033106,Ryan Tannehill,Jared Goff,Adam Gase,Jeff Fisher,Gene Steratore,LAX99,Los Angeles Memorial Coliseum,34.014167,-118.287778,2016-11-20 21:05:00+00:00,64.45,66.1,6.825,7.4,18.05,19.9,0.0,0.0,0.0,0.0,0.0,0.0,0.0,4
2016_11_PHI_SEA,2016,REG,11,2016-11-20,Sunday,16:25,PHI,15,SEA,26,Home,11,41,0,2016112010,57059,,201611200sea,4253.0,400874702,,7,7,235.0,-265.0,6.5,-100.0,-110.0,43.0,-102.0,-108.0,0,outdoors,fieldturf,54.0,5.0,00-0032950,00-0029263,Carson Wentz,Russell Wilson,Doug Pederson,Pete Carroll,Carl Cheffers,SEA00,CenturyLink Field,47.5952,-122.3316,2016-11-20 21:25:00+00:00,51.849999999999994,53.5,8.45,9.1,19.375,21.0,0.475,0.6,1.9,0.0,0.0,0.0,0.475,4
2016_11_NE_SF,2016,REG,11,2016-11-20,Sunday,16:25,NE,30,SF,17,Home,-13,47,0,2016112009,57058,,201611200sfo,4252.0,400874700,,7,7,-500.0,423.0,-10.5,-100.0,-110.0,51.5,-107.0,-103.0,0,outdoors,grass,64.0,6.0,00-0019596,00-0027974,Tom Brady,Colin Kaepernick,Bill Belichick,Chip Kelly,Jeff Triplette,SFO01,Levi's Stadium,37.403,-121.97,2016-11-20 21:25:00+00:00,58.525,59.0,3.0,3.1,7.725,8.7,0.625,1.3,2.5,0.0,0.0,0.0,0.625,4
2016_11_GB_WAS,2016,REG,11,2016-11-20,Sunday,20:30,GB,24,WAS,42,Home,18,66,0,2016112011,57060,,201611200was,4254.0,400874704,,7,7,120.0,-133.0,2.5,-100.0,-110.0,48.5,-106.0,-104.0,0,outdoors,grass,38.0,23.0,00-0023459,00-0029604,Aaron Rodgers,Kirk Cousins,Mike McCarthy,Jay Gruden,John Hussey,WAS00,FedExField,38.907778,-76.864444,2016-11-21 01:30:00+00:00,35.525000000000006,36.5,16.95,17.7,38.825,40.3,0.0,0.0,0.0,0.0,0.0,0.0,0.0,4
2016_11_HOU_OAK,2016,REG,11,2016-11-21,Monday,20:30,HOU,20,OAK,27,Neutral,7,47,0,2016112100,57061,,201611210rai,4241.0,400874706,,8,15,225.0,-253.0,6.5,-104.0,-106.0,45.5,-108.0,-102.0,0,outdoors,grass,63.0,6.0,00-0029682,00-0031280,Brock Osweiler,Derek Carr,Bill O'Brien,Jack Del Rio,Tony Corrente,MEX00,Azteca Stadium,19.3029794,-99.15047,2016-11-22 01:30:00+00:00,56.575,58.5,2.9749999999999996,4.2,6.375,7.6,0.0,0.0,0.0,0.0,0.0,0.0,0.0,4
2016_12_CIN_BAL,2016,REG,12,2016-11-27,Sunday,13:00,CIN,14,BAL,19,Home,5,33,0,2016112701,57066,,201611270rav,4259.0,400874560,,7,7,166.0,-185.0,3.5,-105.0,-105.0,42.0,-114.0,103.0,1,outdoors,grass,50.0,12.0,00-0027973,00-0026158,Andy Dalton,Joe Flacco,Marvin Lewis,John Harbaugh,Clete Blakeman,BAL00,M&T Bank Stadium,39.278056,-76.622778,2016-11-27 18:00:00+00:00,48.875,48.5,10.200000000000001,11.1,19.4,20.8,0.0,0.0,0.0,0.0,0.0,0.0,0.0,4
2016_12_JAX_BUF,2016,REG,12,2016-11-27,Sunday,13:00,JAX,21,BUF,28,Home,7,49,0,2016112702,57067,,201611270buf,4260.0,400874554,,7,7,305.0,-350.0,8.5,-113.0,102.0,43.5,102.0,-113.0,0,outdoors,a_turf,42.0,13.0,00-0031407,00-0028118,Blake Bortles,Tyrod Taylor,Gus Bradley,Rex Ryan,Tony Corrente,BUF00,New Era Field,42.774,-78.787,2016-11-27 18:00:00+00:00,42.625,41.7,9.15,10.8,22.225,23.9,0.0,0.0,0.0,0.0,0.0,0.0,0.0,4
2016_12_TEN_CHI,2016,REG,12,2016-11-27,Sunday,13:00,TEN,27,CHI,21,Home,-6,48,0,2016112703,57068,,201611270chi,4261.0,400874507,,7,7,-250.0,222.0,-6.5,-117.0,106.0,41.5,-108.0,-102.0,0,outdoors,grass,40.0,11.0,00-0032268,00-0030533,Marcus Mariota,Matt Barkley,Mike Mularkey,John Fox,Ed Hochuli,CHI98,Soldier Field,41.8623,-87.6167,2016-11-27 18:00:00+00:00,45.575,45.1,11.175,11.6,20.650000000000002,21.3,0.0,0.0,0.0,0.0,0.0,0.0,0.0,4
2016_12_NYG_CLE,2016,REG,12,2016-11-27,Sunday,13:00,NYG,27,CLE,13,Home,-14,40,0,2016112704,57069,,201611270cle,4262.0,400874614,,7,7,-267.0,237.0,-6.5,-105.0,-105.0,47.0,-107.0,-103.0,0,outdoors,grass,48.0,10.0,00-0022803,00-0021206,Eli Manning,Josh McCown,Ben McAdoo,Hue Jackson,Walt Anderson,CLE00,FirstEnergy Stadium,41.506111,-81.699444,2016-11-27 18:00:00+00:00,46.824999999999996,46.3,9.75,11.1,18.375,20.1,0.0,0.0,0.0,0.0,0.0,0.0,0.0,4
2016_12_SF_MIA,2016,REG,12,2016-11-27,Sunday,13:00,SF,24,MIA,31,Home,7,55,0,2016112706,57071,,201611270mia,4264.0,400874654,,7,7,273.0,-310.0,7.0,-105.0,-105.0,44.5,-111.0,101.0,0,outdoors,grass,79.0,13.0,00-0027974,00-0029701,Colin Kaepernick,Ryan Tannehill,Chip Kelly,Adam Gase,Ron Torbert,MIA00,Hard Rock Stadium,25.958056,-80.238889,2016-11-27 18:00:00+00:00,76.65,75.2,12.35,12.9,21.474999999999998,23.9,0.0,0.0,0.0,0.0,0.0,0.0,0.0,4
2016_12_SEA_TB,2016,REG,12,2016-11-27,Sunday,16:05,SEA,5,TB,14,Home,9,19,0,2016112708,57073,,201611270tam,4266.0,400874665,,7,7,-220.0,197.0,-5.0,-100.0,-110.0,46.0,-105.0,-105.0,0,outdoors,grass,81.0,6.0,00-0029263,00-0031503,Russell Wilson,Jameis Winston,Pete Carroll,Dirk Koetter,Bill Vinovich,TAM00,Raymond James Stadium,27.975833,-82.503333,2016-11-27 21:05:00+00:00,73.14999999999999,75.6,8.0,9.8,15.024999999999999,17.2,0.0,0.0,0.0,0.0,0.0,0.0,0.0,4
2016_12_NE_NYJ,2016,REG,12,2016-11-27,Sunday,16:25,NE,22,NYJ,17,Home,-5,39,0,2016112711,57076,,201611270nyj,4269.0,400874680,,7,14,-420.0,361.0,-9.0,-100.0,-110.0,48.0,-106.0,-104.0,1,outdoors,fieldturf,47.0,10.0,00-0019596,00-0023682,Tom Brady,Ryan Fitzpatrick,Bill Belichick,Todd Bowles,Brad Allen,NYC01,MetLife Stadium,40.813528,-74.074361,2016-11-27 21:25:00+00:00,43.325,46.3,5.875,7.1,12.925,16.6,0.0,0.0,0.0,0.0,0.0,0.0,0.0,4
2016_12_CAR_OAK,2016,REG,12,2016-11-27,Sunday,16:25,CAR,32,OAK,35,Home,3,67,0,2016112710,57075,,201611270rai,4268.0,400874670,,10,6,148.0,-164.0,3.5,-123.0,111.0,48.5,106.0,-117.0,0,outdoors,grass,59.0,12.0,00-0027939,00-0031280,Cam Newton,Derek Carr,Ron Rivera,Jack Del Rio,Jerome Boger,OAK00,Oakland-Alameda County Coliseum,37.751667,-122.200556,2016-11-27 21:25:00+00:00,56.324999999999996,56.8,7.75,10.4,21.174999999999997,21.9,0.0,0.0,0.0,0.0,0.0,0.0,0.0,4
2016_12_KC_DEN,2016,REG,12,2016-11-27,Sunday,20:30,KC,30,DEN,27,Home,-3,57,1,2016112709,57074,,201611270den,4267.0,400874676,,7,14,161.0,-179.0,3.5,-113.0,102.0,40.0,100.0,-110.0,1,outdoors,grass,44.0,21.0,00-0023436,00-0032156,Alex Smith,Trevor Siemian,Andy Reid,Gary Kubiak,Peter Morelli,DEN00,Sports Authority Field at Mile High,39.743889,-105.02,2016-11-28 01:30:00+00:00,38.35,39.4,4.375,6.5,23.275,24.4,0.0,0.0,0.0,0.0,0.0,0.0,0.0,4
2016_12_GB_PHI,2016,REG,12,2016-11-28,Monday,20:30,GB,27,PHI,13,Home,-14,40,0,2016112800,57077,,201611280phi,4270.0,400874684,,8,8,176.0,-196.0,4.0,-105.0,-105.0,47.0,-105.0,-105.0,0,outdoors,grass,47.0,7.0,00-0023459,00-0032950,Aaron Rodgers,Carson Wentz,Mike McCarthy,Doug Pederson,Terry McAulay,PHI00,Lincoln Financial Field,39.900833,-75.1675,2016-11-29 01:30:00+00:00,43.2,43.9,6.300000000000001,6.6,12.85,13.9,0.0,0.0,0.0,0.0,0.0,0.0,0.0,4
2016_13_MIA_BAL,2016,REG,13,2016-12-04,Sunday,13:00,MIA,6,BAL,38,Home,32,44,0,2016120401,57080,,201612040rav,4273.0,400874722,,7,7,166.0,-185.0,3.5,-113.0,102.0,41.5,102.0,-113.0,0,outdoors,grass,47.0,3.0,00-0029701,00-0026158,Ryan Tannehill,Joe Flacco,Adam Gase,John Harbaugh,Carl Cheffers,BAL00,M&T Bank Stadium,39.278056,-76.622778,2016-12-04 18:00:00+00:00,45.724999999999994,46.0,2.675,3.6,7.500000000000001,9.4,0.0,0.0,0.0,0.0,0.0,0.0,0.0,4
2016_13_SF_CHI,2016,REG,13,2016-12-04,Sunday,13:00,SF,6,CHI,26,Home,20,32,0,2016120402,57081,,201612040chi,4274.0,400874723,,7,7,-118.0,107.0,-0.0,-113.0,102.0,44.0,-102.0,-108.0,0,outdoors,grass,33.0,5.0,00-0027974,00-0030533,Colin Kaepernick,Matt Barkley,Chip Kelly,John Fox,Peter Morelli,CHI98,Soldier Field,41.8623,-87.6167,2016-12-04 18:00:00+00:00,34.65,34.7,6.525,7.4,13.375,16.6,0.025,0.1,0.1,0.9975,1.26,3.99,1.45,4
2016_13_PHI_CIN,2016,REG,13,2016-12-04,Sunday,13:00,PHI,14,CIN,32,Home,18,46,0,2016120403,57082,,201612040cin,4275.0,400874721,,6,7,107.0,-118.0,1.0,-100.0,-110.0,42.0,-102.0,-108.0,0,outdoors,fieldturf,42.0,10.0,00-0032950,00-0027973,Carson Wentz,Andy Dalton,Doug Pederson,Marvin Lewis,Jeff Triplette,CIN00,Paul Brown Stadium,39.095,-84.516,2016-12-04 18:00:00+00:00,44.324999999999996,45.0,6.65,7.6,17.3,18.6,0.1,0.4,0.4,0.0,0.0,0.0,0.1,4
2016_13_HOU_GB,2016,REG,13,2016-12-04,Sunday,13:00,HOU,13,GB,21,Home,8,34,0,2016120404,57083,,201612040gnb,4276.0,400874720,,7,6,274.0,-312.0,7.0,-106.0,-104.0,44.5,-100.0,-110.0,0,outdoors,grass,32.0,8.0,00-0029682,00-0023459,Brock Osweiler,Aaron Rodgers,Bill O'Brien,Mike McCarthy,Gene Steratore,GNB00,Lambeau Field,44.501389,-88.062222,2016-12-04 18:00:00+00:00,32.825,33.1,6.800000000000001,7.4,14.925,15.4,0.0,0.0,0.0,0.42000000000000004,0.63,1.6800000000000002,0.6,4
2016_13_DEN_JAX,2016,REG,13,2016-12-04,Sunday,13:00,DEN,20,JAX,10,Home,-10,30,0,2016120405,57084,,201612040jax,4277.0,400874719,,7,7,-178.0,160.0,-3.5,-102.0,-108.0,39.0,-102.0,-108.0,0,outdoors,grass,70.0,10.0,00-0033108,00-0031407,Paxton Lynch,Blake Bortles,Gary Kubiak,Gus Bradley,Craig Wrolstad,JAX00,EverBank Field,30.323889,-81.6375,2016-12-04 18:00:00+00:00,75.7,76.4,8.125,8.5,19.85,20.8,0.0,0.0,0.0,0.0,0.0,0.0,0.0,4
2016_13_LA_NE,2016,REG,13,2016-12-04,Sunday,13:00,LA,10,NE,26,Home,16,36,0,2016120406,57085,,201612040nwe,4278.0,400874718,,7,7,604.0,-750.0,13.0,-102.0,-108.0,44.5,-102.0,-108.0,0,outdoors,fieldturf,39.0,8.0,00-0033106,00-0019596,Jared Goff,Tom Brady,Jeff Fisher,Bill Belichick,Jerome Boger,BOS00,Gillette Stadium,42.091,-71.264,2016-12-04 18:00:00+00:00,39.25,39.8,5.1,6.1,15.425,18.1,0.0,0.0,0.0,0.0,0.0,0.0,0.0,4
2016_13_BUF_OAK,2016,REG,13,2016-12-04,Sunday,16:05,BUF,24,OAK,38,Home,14,62,0,2016120408,57087,,201612040rai,4280.0,400874724,,7,7,136.0,-150.0,3.0,-115.0,104.0,48.5,-105.0,-105.0,0,outdoors,grass,59.0,4.0,00-0028118,00-0031280,Tyrod Taylor,Derek Carr,Rex Ryan,Jack Del Rio,Bill Vinovich,OAK00,Oakland-Alameda County Coliseum,37.751667,-122.200556,2016-12-04 21:05:00+00:00,57.675,56.8,4.625,4.9,12.475,13.6,0.0,0.0,0.0,0.0,0.0,0.0,0.0,4
2016_13_NYG_PIT,2016,REG,13,2016-12-04,Sunday,16:25,NYG,14,PIT,24,Home,10,38,0,2016120410,57089,,201612040pit,4282.0,400874725,,7,10,277.0,-315.0,7.0,-105.0,-105.0,49.5,-105.0,-105.0,0,outdoors,grass,43.0,71.0,00-0022803,00-0022924,Eli Manning,Ben Roethlisberger,Ben McAdoo,Mike Tomlin,Terry McAulay,PIT00,Heinz Field,40.446667,-80.015833,2016-12-04 21:25:00+00:00,40.95,42.2,7.175,8.2,16.35,19.2,0.1,0.4,0.4,0.0,0.0,0.0,0.1,4
2016_13_TB_SD,2016,REG,13,2016-12-04,Sunday,16:25,TB,28,SD,21,Home,-7,49,0,2016120411,57090,,201612040sdg,4283.0,400874727,,7,7,166.0,-185.0,3.5,-113.0,102.0,49.0,-101.0,-109.0,0,outdoors,grass,72.0,7.0,00-0031503,00-0022942,Jameis Winston,Philip Rivers,Dirk Koetter,Mike McCoy,John Hussey,SDG00,Qualcomm Stadium,32.783056,-117.119444,2016-12-04 21:25:00+00:00,68.25,70.1,5.55,6.6,13.775,14.8,0.0,0.0,0.0,0.0,0.0,0.0,0.0,4
2016_13_CAR_SEA,2016,REG,13,2016-12-04,Sunday,20:30,CAR,7,SEA,40,Home,33,47,0,2016120412,57091,,201612040sea,4284.0,400874728,,7,7,334.0,-385.0,8.5,104.0,-115.0,44.0,-104.0,-106.0,0,outdoors,fieldturf,37.0,4.0,00-0027939,00-0029263,Cam Newton,Russell Wilson,Ron Rivera,Pete Carroll,John Parry,SEA00,CenturyLink Field,47.5952,-122.3316,2016-12-05 01:30:00+00:00,38.05,39.4,4.5,4.8,10.725,13.0,0.0,0.0,0.0,0.0,0.0,0.0,0.0,4
2016_13_IND_NYJ,2016,REG,13,2016-12-05,Monday,20:30,IND,41,NYJ,10,Home,-31,51,0,2016120500,57092,,201612050nyj,4285.0,400874729,,11,8,111.0,-123.0,1.0,102.0,-113.0,48.5,-113.0,102.0,0,outdoors,fieldturf,45.0,6.0,00-0029668,00-0023682,Andrew Luck,Ryan Fitzpatrick,Chuck Pagano,Todd Bowles,Ron Torbert,NYC01,MetLife Stadium,40.813528,-74.074361,2016-12-06 01:30:00+00:00,36.275000000000006,37.7,4.825,5.2,11.35,11.6,0.0,0.0,0.0,0.0,0.0,0.0,0.0,4
2016_14_OAK_KC,2016,REG,14,2016-12-08,Thursday,20:25,OAK,13,KC,21,Home,8,34,0,2016120800,57093,,201612080kan,4286.0,400874428,,4,4,179.0,-199.0,3.5,103.0,-114.0,46.0,-102.0,-108.0,1,outdoors,grass,21.0,7.0,00-0031280,00-0023436,Derek Carr,Alex Smith,Jack Del Rio,Andy Reid,Terry McAulay,KAN00,Arrowhead Stadium,39.048889,-94.483889,2016-12-09 01:25:00+00:00,22.575000000000003,23.1,7.025,7.6,14.125,14.5,0.0,0.0,0.0,0.0,0.0,0.0,0.0,4
2016_14_PIT_BUF,2016,REG,14,2016-12-11,Sunday,13:00,PIT,27,BUF,20,Home,-7,47,0,2016121100,57094,,201612110buf,4287.0,400874497,,7,7,-115.0,104.0,-1.0,-108.0,-102.0,45.5,-110.0,100.0,0,outdoors,a_turf,27.0,9.0,00-0022924,00-0028118,Ben Roethlisberger,Tyrod Taylor,Mike Tomlin,Rex Ryan,Peter Morelli,BUF00,New Era Field,42.774,-78.787,2016-12-11 18:00:00+00:00,28.9,28.7,9.775,10.8,20.975,22.8,0.0,0.0,0.0,0.12250000000000001,0.14,0.49000000000000005,0.175,4
2016_14_SD_CAR,2016,REG,14,2016-12-11,Sunday,13:00,SD,16,CAR,28,Home,12,44,0,2016121101,57095,,201612110car,4288.0,400874559,,7,7,102.0,-112.0,1.0,-105.0,-105.0,48.5,-102.0,-108.0,0,outdoors,grass,37.0,6.0,00-0022942,00-0027939,Philip Rivers,Cam Newton,Mike McCoy,Ron Rivera,Ron Torbert,CAR00,Bank of America Stadium,35.225833,-80.852778,2016-12-11 18:00:00+00:00,38.525,39.5,3.0500000000000003,3.6,7.25,8.9,0.0,0.0,0.0,0.0,0.0,0.0,0.0,4
2016_14_CIN_CLE,2016,REG,14,2016-12-11,Sunday,13:00,CIN,23,CLE,10,Home,-13,33,0,2016121102,57096,,201612110cle,4289.0,400874563,,7,14,-188.0,169.0,-4.0,102.0,-113.0,42.0,108.0,-119.0,1,outdoors,grass,28.0,15.0,00-0027973,00-0029665,Andy Dalton,Robert Griffin,Marvin Lewis,Hue Jackson,Gene Steratore,CLE00,FirstEnergy Stadium,41.506111,-81.699444,2016-12-11 18:00:00+00:00,30.625,30.7,14.5,15.0,23.950000000000003,25.1,0.0,0.0,0.0,0.36749999999999994,0.42,1.4699999999999998,0.525,4
2016_14_MIN_JAX,2016,REG,14,2016-12-11,Sunday,13:00,MIN,25,JAX,16,Home,-9,41,0,2016121105,57099,,201612110jax,4292.0,400874617,,10,7,-170.0,153.0,-3.0,-120.0,109.0,38.0,-102.0,-108.0,0,outdoors,grass,71.0,5.0,00-0027854,00-0031407,Sam Bradford,Blake Bortles,Mike Zimmer,Gus Bradley,John Hussey,JAX00,EverBank Field,30.323889,-81.6375,2016-12-11 18:00:00+00:00,70.775,71.9,7.900000000000001,8.4,19.400000000000002,23.3,0.0,0.0,0.0,0.0,0.0,0.0,0.0,4
2016_14_ARI_MIA,2016,REG,14,2016-12-11,Sunday,13:00,ARI,23,MIA,26,Home,3,49,0,2016121106,57100,,201612110mia,4293.0,400874556,,7,7,-123.0,111.0,-2.0,-105.0,-105.0,44.0,-105.0,-105.0,0,outdoors,grass,77.0,18.0,00-0021429,00-0029701,Carson Palmer,Ryan Tannehill,Bruce Arians,Adam Gase,Jerome Boger,MIA00,Hard Rock Stadium,25.958056,-80.238889,2016-12-11 18:00:00+00:00,73.975,74.0,12.775,14.1,22.35,23.5,0.6749999999999999,1.2,2.6999999999999997,0.0,0.0,0.0,0.6749999999999999,4
2016_14_WAS_PHI,2016,REG,14,2016-12-11,Sunday,13:00,WAS,27,PHI,22,Home,-5,49,0,2016121107,57101,,201612110phi,4294.0,400874552,,7,7,-120.0,109.0,-1.5,-108.0,-102.0,48.5,-105.0,-105.0,1,outdoors,grass,35.0,3.0,00-0029604,00-0032950,Kirk Cousins,Carson Wentz,Jay Gruden,Doug Pederson,Tony Corrente,PHI00,Lincoln Financial Field,39.900833,-75.1675,2016-12-11 18:00:00+00:00,33.8,33.9,5.875,6.5,14.475,16.8,0.0,0.0,0.0,0.0175,0.07,0.07,0.0,4
2016_14_DEN_TEN,2016,REG,14,2016-12-11,Sunday,13:00,DEN,10,TEN,13,Home,3,23,0,2016121109,57103,,201612110oti,4296.0,400874504,,7,14,116.0,-128.0,2.0,-100.0,-110.0,44.0,101.0,-111.0,0,outdoors,grass,50.0,5.0,00-0032156,00-0032268,Trevor Siemian,Marcus Mariota,Gary Kubiak,Mike Mularkey,John Parry,NAS00,Nissan Stadium,36.166389,-86.771389,2016-12-11 18:00:00+00:00,48.0,45.8,12.95,14.3,26.775,28.4,0.0,0.0,0.0,0.0,0.0,0.0,0.0,4
2016_14_NYJ_SF,2016,REG,14,2016-12-11,Sunday,16:05,NYJ,23,SF,17,Home,-6,40,1,2016121110,57104,,201612110sfo,4297.0,400874621,,6,7,132.0,-146.0,3.0,-117.0,106.0,42.5,-116.0,105.0,0,outdoors,grass,54.0,8.0,00-0031568,00-0027974,Bryce Petty,Colin Kaepernick,Todd Bowles,Chip Kelly,Craig Wrolstad,SFO01,Levi's Stadium,37.403,-121.97,2016-12-11 21:05:00+00:00,52.849999999999994,53.4,2.0,3.8,9.25,9.8,0.0,0.0,0.0,0.0,0.0,0.0,0.0,4
2016_14_SEA_GB,2016,REG,14,2016-12-11,Sunday,16:25,SEA,10,GB,38,Home,28,48,0,2016121111,57105,,201612110gnb,4298.0,400874651,,7,7,-145.0,131.0,-3.0,104.0,-115.0,47.0,-115.0,104.0,0,outdoors,grass,26.0,5.0,00-0029263,00-0023459,Russell Wilson,Aaron Rodgers,Pete Carroll,Mike McCarthy,Walt Coleman,GNB00,Lambeau Field,44.501389,-88.062222,2016-12-11 21:25:00+00:00,28.05,30.1,3.35,4.9,7.275,8.3,0.0,0.0,0.0,0.0175,0.07,0.07,0.0,4
2016_14_ATL_LA,2016,REG,14,2016-12-11,Sunday,16:25,ATL,42,LA,14,Home,-28,56,0,2016121112,57106,,201612110ram,4299.0,400874627,,7,7,-208.0,186.0,-4.5,-100.0,-110.0,44.0,104.0,-115.0,0,outdoors,grass,65.0,1.0,00-0026143,00-0033106,Matt Ryan,Jared Goff,Dan Quinn,Jeff Fisher,Clete Blakeman,LAX99,Los Angeles Memorial Coliseum,34.014167,-118.287778,2016-12-11 21:25:00+00:00,66.2,67.6,4.25,5.3,15.400000000000002,16.6,0.0,0.0,0.0,0.0,0.0,0.0,0.0,4
2016_14_NO_TB,2016,REG,14,2016-12-11,Sunday,16:25,NO,11,TB,16,Home,5,27,0,2016121108,57102,,201612110tam,4295.0,400874550,,7,7,116.0,-128.0,2.0,-100.0,-110.0,52.0,-105.0,-105.0,1,outdoors,grass,79.0,9.0,00-0020531,00-0031503,Drew Brees,Jameis Winston,Sean Payton,Dirk Koetter,Walt Anderson,TAM00,Raymond James Stadium,27.975833,-82.503333,2016-12-11 21:25:00+00:00,72.05,74.1,8.350000000000001,8.9,14.0,15.0,0.125,0.4,0.5,0.0,0.0,0.0,0.125,4
2016_14_DAL_NYG,2016,REG,14,2016-12-11,Sunday,20:30,DAL,7,NYG,10,Home,3,17,0,2016121113,57107,,201612110nyg,4300.0,400874656,,10,7,-185.0,166.0,-3.5,-107.0,-103.0,47.0,-110.0,-100.0,1,outdoors,fieldturf,32.0,0.0,00-0033077,00-0022803,Dak Prescott,Eli Manning,Jason Garrett,Ben McAdoo,Carl Cheffers,NYC01,MetLife Stadium,40.813528,-74.074361,2016-12-12 01:30:00+00:00,30.225,30.0,3.1,3.7,7.675,9.8,0.0,0.0,0.0,0.0,0.0,0.0,0.0,4
2016_14_BAL_NE,2016,REG,14,2016-12-12,Monday,20:30,BAL,23,NE,30,Home,7,53,0,2016121200,57108,,201612120nwe,4301.0,400874661,,8,8,221.0,-248.0,6.0,-110.0,-100.0,45.5,-108.0,-102.0,0,outdoors,fieldturf,31.0,3.0,00-0026158,00-0019596,Joe Flacco,Tom Brady,John Harbaugh,Bill Belichick,Ed Hochuli,BOS00,Gillette Stadium,42.091,-71.264,2016-12-13 01:30:00+00:00,30.625,31.0,8.5,9.0,15.05,17.0,0.0,0.0,0.0,0.0,0.0,0.0,0.0,4
2016_15_LA_SEA,2016,REG,15,2016-12-15,Thursday,20:25,LA,3,SEA,24,Home,21,27,0,2016121500,57109,,201612150sea,4302.0,400874667,,4,4,828.0,-1100.0,15.0,106.0,-117.0,39.5,-104.0,-106.0,1,outdoors,fieldturf,36.0,5.0,00-0033106,00-0029263,Jared Goff,Russell Wilson,Jeff Fisher,Pete Carroll,Brad Allen,SEA00,CenturyLink Field,47.5952,-122.3316,2016-12-16 01:25:00+00:00,32.725,34.1,4.3,4.8,10.225000000000001,10.5,0.0,0.0,0.0,0.0,0.0,0.0,0.0,4
2016_15_MIA_NYJ,2016,REG,15,2016-12-17,Saturday,20:25,MIA,34,NYJ,13,Home,-21,47,0,2016121700,57110,,201612170nyj,4303.0,400874673,,6,6,-145.0,131.0,-2.5,-116.0,105.0,40.0,-115.0,104.0,1,outdoors,fieldturf,35.0,5.0,00-0025708,00-0031568,Matt Moore,Bryce Petty,Adam Gase,Todd Bowles,Peter Morelli,NYC01,MetLife Stadium,40.813528,-74.074361,2016-12-18 01:25:00+00:00,34.775000000000006,33.6,5.275,5.7,10.225,11.4,0.0,0.0,0.0,0.0,0.0,0.0,0.0,4
2016_15_PHI_BAL,2016,REG,15,2016-12-18,Sunday,13:00,PHI,26,BAL,27,Home,1,53,0,2016121800,57111,,201612180rav,4304.0,400874685,,7,6,201.0,-225.0,5.0,-105.0,-105.0,41.0,-105.0,-105.0,0,outdoors,grass,62.0,9.0,00-0032950,00-0026158,Carson Wentz,Joe Flacco,Doug Pederson,John Harbaugh,Craig Wrolstad,BAL00,M&T Bank Stadium,39.278056,-76.622778,2016-12-18 18:00:00+00:00,44.55,50.8,15.65,19.6,31.700000000000003,38.7,0.32500000000000007,0.8,1.3000000000000003,0.0,0.0,0.0,0.32500000000000007,4
2016_15_CLE_BUF,2016,REG,15,2016-12-18,Sunday,13:00,CLE,13,BUF,33,Home,20,46,0,2016121801,57112,,201612180buf,4305.0,400874683,,7,7,397.0,-465.0,10.5,-107.0,-103.0,43.5,-101.0,-109.0,0,outdoors,a_turf,26.0,15.0,00-0029665,00-0028118,Robert Griffin,Tyrod Taylor,Hue Jackson,Rex Ryan,Clete Blakeman,BUF00,New Era Field,42.774,-78.787,2016-12-18 18:00:00+00:00,24.6,25.6,14.475,15.6,33.25,34.7,0.0,0.0,0.0,0.0,0.0,0.0,0.0,4
2016_15_GB_CHI,2016,REG,15,2016-12-18,Sunday,13:00,GB,30,CHI,27,Home,-3,57,0,2016121802,57113,,201612180chi,4306.0,400874678,,7,7,-225.0,201.0,-4.5,-115.0,104.0,40.0,-125.0,113.0,1,outdoors,grass,11.0,12.0,00-0023459,00-0030533,Aaron Rodgers,Matt Barkley,Mike McCarthy,John Fox,Ron Torbert,CHI98,Soldier Field,41.8623,-87.6167,2016-12-18 18:00:00+00:00,8.875,7.3,10.575,11.0,20.025,22.6,0.0,0.0,0.0,0.0,0.0,0.0,0.0,4
2016_15_PIT_CIN,2016,REG,15,2016-12-18,Sunday,13:00,PIT,24,CIN,20,Home,-4,44,0,2016121812,57123,,201612180cin,4312.0,400874714,,7,7,-155.0,140.0,-3.0,-100.0,-110.0,45.5,-117.0,106.0,1,outdoors,fieldturf,24.0,8.0,00-0022924,00-0027973,Ben Roethlisberger,Andy Dalton,Mike Tomlin,Marvin Lewis,Bill Vinovich,CIN00,Paul Brown Stadium,39.095,-84.516,2016-12-18 18:00:00+00:00,27.099999999999998,27.8,7.850000000000001,8.8,21.025000000000002,23.9,0.0,0.0,0.0,0.0,0.0,0.0,0.0,4
2016_15_TEN_KC,2016,REG,15,2016-12-18,Sunday,13:00,TEN,19,KC,17,Home,-2,36,0,2016121805,57116,,201612180kan,4316.0,400874686,,7,10,216.0,-242.0,6.0,-108.0,-102.0,43.0,-103.0,-107.0,0,outdoors,grass,1.0,5.0,00-0032268,00-0023436,Marcus Mariota,Alex Smith,Mike Mularkey,Andy Reid,John Hussey,KAN00,Arrowhead Stadium,39.048889,-94.483889,2016-12-18 18:00:00+00:00,9.2,7.8,3.35,3.6,12.225000000000001,12.5,0.0,0.0,0.0,0.0,0.0,0.0,0.0,4
2016_15_DET_NYG,2016,REG,15,2016-12-18,Sunday,13:00,DET,6,NYG,17,Home,11,23,0,2016121807,57118,,201612180nyg,4307.0,400874687,,7,7,176.0,-196.0,4.0,-105.0,-105.0,42.5,-100.0,-110.0,0,outdoors,fieldturf,55.0,1.0,00-0026498,00-0022803,Matthew Stafford,Eli Manning,Jim Caldwell,Ben McAdoo,Tony Corrente,NYC01,MetLife Stadium,40.813528,-74.074361,2016-12-18 18:00:00+00:00,48.375,54.6,13.749999999999998,15.7,27.525,33.1,0.575,1.3,2.3,0.0,0.0,0.0,0.575,4
2016_15_NE_DEN,2016,REG,15,2016-12-18,Sunday,16:25,NE,16,DEN,3,Home,-13,19,0,2016121810,57121,,201612180den,4310.0,400874711,,6,7,-150.0,136.0,-3.0,102.0,-113.0,43.5,-105.0,-105.0,0,outdoors,grass,18.0,9.0,00-0019596,00-0032156,Tom Brady,Trevor Siemian,Bill Belichick,Gary Kubiak,Walt Anderson,DEN00,Sports Authority Field at Mile High,39.743889,-105.02,2016-12-18 21:25:00+00:00,21.4,24.1,4.55,6.2,5.95,6.7,0.0,0.0,0.0,0.0,0.0,0.0,0.0,4
2016_15_OAK_SD,2016,REG,15,2016-12-18,Sunday,16:25,OAK,19,SD,16,Home,-3,35,0,2016121811,57122,,201612180sdg,4311.0,400874712,,10,7,-128.0,116.0,-2.5,-104.0,-106.0,49.5,-109.0,-101.0,1,outdoors,grass,62.0,5.0,00-0031280,00-0022942,Derek Carr,Philip Rivers,Jack Del Rio,Mike McCoy,John Parry,SDG00,Qualcomm Stadium,32.783056,-117.119444,2016-12-18 21:25:00+00:00,59.7,60.1,4.45,5.0,16.625,17.0,0.0,0.0,0.0,0.0,0.0,0.0,0.0,4
2016_15_CAR_WAS,2016,REG,15,2016-12-19,Monday,20:30,CAR,26,WAS,15,Home,-11,41,0,2016121900,57124,,201612190was,4313.0,400874716,,8,8,261.0,-296.0,7.0,-109.0,-101.0,50.5,-108.0,-102.0,0,outdoors,grass,32.0,8.0,00-0027939,00-0029604,Cam Newton,Kirk Cousins,Ron Rivera,Jay Gruden,Walt Coleman,WAS00,FedExField,38.907778,-76.864444,2016-12-20 01:30:00+00:00,27.9,28.2,4.6,5.1,8.1,9.4,0.0,0.0,0.0,0.0,0.0,0.0,0.0,4
2016_16_NYG_PHI,2016,REG,16,2016-12-22,Thursday,20:25,NYG,19,PHI,24,Home,5,43,0,2016122200,57125,,201612220phi,4318.0,400874485,,4,4,114.0,-126.0,2.0,-106.0,-104.0,42.5,-100.0,-110.0,1,outdoors,grass,40.0,10.0,00-0022803,00-0032950,Eli Manning,Carson Wentz,Ben McAdoo,Doug Pederson,Clete Blakeman,PHI00,Lincoln Financial Field,39.900833,-75.1675,2016-12-23 01:25:00+00:00,35.599999999999994,37.3,8.95,9.3,18.85,19.2,0.0,0.0,0.0,0.0,0.0,0.0,0.0,4
2016_16_MIA_BUF,2016,REG,16,2016-12-24,Saturday,13:00,MIA,34,BUF,31,Home,-3,65,1,2016122400,57126,,201612240buf,4319.0,400874489,,7,6,197.0,-220.0,4.5,-102.0,-108.0,44.5,-103.0,-107.0,1,outdoors,a_turf,38.0,13.0,00-0025708,00-0028118,Matt Moore,Tyrod Taylor,Adam Gase,Rex Ryan,Craig Wrolstad,BUF00,New Era Field,42.774,-78.787,2016-12-24 18:00:00+00:00,37.150000000000006,37.5,9.875,11.4,22.825000000000003,25.1,0.0,0.0,0.0,0.0,0.0,0.0,0.0,4
2016_16_ATL_CAR,2016,REG,16,2016-12-24,Saturday,13:00,ATL,33,CAR,16,Home,-17,49,0,2016122401,57127,,201612240car,4320.0,400874540,,6,5,-150.0,136.0,-3.0,-103.0,-107.0,48.5,-115.0,104.0,1,outdoors,grass,56.0,5.0,00-0026143,00-0027939,Matt Ryan,Cam Newton,Dan Quinn,Ron Rivera,Bill Vinovich,CAR00,Bank of America Stadium,35.225833,-80.852778,2016-12-24 18:00:00+00:00,58.52499999999999,58.4,8.075,8.6,18.799999999999997,19.7,0.0,0.0,0.0,0.0,0.0,0.0,0.0,4
2016_16_WAS_CHI,2016,REG,16,2016-12-24,Saturday,13:00,WAS,41,CHI,21,Home,-20,62,0,2016122402,57128,,201612240chi,4321.0,400874534,,5,6,-155.0,140.0,-3.0,-102.0,-108.0,49.0,-110.0,-100.0,0,outdoors,grass,37.0,1.0,00-0029604,00-0030533,Kirk Cousins,Matt Barkley,Jay Gruden,John Fox,Brad Allen,CHI98,Soldier Field,41.8623,-87.6167,2016-12-24 18:00:00+00:00,35.0,34.3,2.325,3.1,6.425,6.7,0.0,0.0,0.0,0.0,0.0,0.0,0.0,4
2016_16_SD_CLE,2016,REG,16,2016-12-24,Saturday,13:00,SD,17,CLE,20,Home,3,37,0,2016122403,57129,,201612240cle,4322.0,400874528,,6,6,-199.0,179.0,-4.5,-103.0,-107.0,45.0,-110.0,-100.0,0,outdoors,grass,38.0,13.0,00-0022942,00-0029665,Philip Rivers,Robert Griffin,Mike McCoy,Hue Jackson,Walt Coleman,CLE00,FirstEnergy Stadium,41.506111,-81.699444,2016-12-24 18:00:00+00:00,36.224999999999994,36.7,7.85,9.8,15.1,17.7,0.0,0.0,0.0,0.0,0.0,0.0,0.0,4
2016_16_MIN_GB,2016,REG,16,2016-12-24,Saturday,13:00,MIN,25,GB,38,Home,13,63,0,2016122404,57130,,201612240gnb,4323.0,400874523,,6,6,235.0,-265.0,6.0,-105.0,-105.0,44.5,-105.0,-105.0,1,outdoors,grass,37.0,8.0,00-0027854,00-0023459,Sam Bradford,Aaron Rodgers,Mike Zimmer,Mike McCarthy,Jeff Triplette,GNB00,Lambeau Field,44.501389,-88.062222,2016-12-24 18:00:00+00:00,34.525,34.1,3.95,4.7,8.5,10.1,0.0,0.0,0.0,0.0,0.0,0.0,0.0,4
2016_16_TEN_JAX,2016,REG,16,2016-12-24,Saturday,13:00,TEN,17,JAX,38,Home,21,55,0,2016122405,57131,,201612240jax,4324.0,400874521,,6,6,-195.0,175.0,-4.0,-105.0,-105.0,44.0,-105.0,-105.0,1,outdoors,grass,67.0,5.0,00-0032268,00-0031407,Marcus Mariota,Blake Bortles,Mike Mularkey,Doug Marrone,Peter Morelli,JAX00,EverBank Field,30.323889,-81.6375,2016-12-24 18:00:00+00:00,76.325,77.3,2.6,5.0,8.95,10.5,0.0,0.0,0.0,0.0,0.0,0.0,0.0,4
2016_16_NYJ_NE,2016,REG,16,2016-12-24,Saturday,13:00,NYJ,3,NE,41,Home,38,44,0,2016122406,57132,,201612240nwe,4325.0,400874516,,7,6,1051.0,-1500.0,17.0,-105.0,-105.0,45.0,-100.0,-110.0,1,outdoors,fieldturf,40.0,6.0,00-0031568,00-0019596,Bryce Petty,Tom Brady,Todd Bowles,Bill Belichick,Gene Steratore,BOS00,Gillette Stadium,42.091,-71.264,2016-12-24 18:00:00+00:00,40.125,41.1,9.475000000000001,10.5,23.475,28.6,1.1,2.0,4.4,0.0,0.0,0.0,1.1,4
2016_16_IND_OAK,2016,REG,16,2016-12-24,Saturday,16:05,IND,25,OAK,33,Home,8,58,0,2016122408,57134,,201612240rai,4327.0,400874546,,6,6,157.0,-174.0,3.5,-108.0,-102.0,52.0,-105.0,-105.0,0,outdoors,grass,50.0,9.0,00-0029668,00-0031280,Andrew Luck,Derek Carr,Chuck Pagano,Jack Del Rio,Ed Hochuli,OAK00,Oakland-Alameda County Coliseum,37.751667,-122.200556,2016-12-24 21:05:00+00:00,50.449999999999996,50.3,7.2250000000000005,8.5,17.55,18.8,0.0,0.0,0.0,0.0,0.0,0.0,0.0,4
2016_16_SF_LA,2016,REG,16,2016-12-24,Saturday,16:25,SF,22,LA,21,Home,-1,43,0,2016122409,57135,,201612240ram,4328.0,400874575,,6,9,225.0,-253.0,6.0,102.0,-113.0,39.5,-105.0,-105.0,1,outdoors,grass,59.0,6.0,00-0027974,00-0033106,Colin Kaepernick,Jared Goff,Chip Kelly,Jeff Fisher,Walt Anderson,LAX99,Los Angeles Memorial Coliseum,34.014167,-118.287778,2016-12-24 21:25:00+00:00,53.9,54.1,9.75,11.1,20.575,21.0,0.05,0.2,0.2,0.0,0.0,0.0,0.05,4
2016_16_ARI_SEA,2016,REG,16,2016-12-24,Saturday,16:25,ARI,34,SEA,31,Home,-3,65,0,2016122410,57136,,201612240sea,4329.0,400874571,,6,9,330.0,-380.0,9.0,-113.0,102.0,43.5,-105.0,-105.0,1,outdoors,fieldturf,39.0,2.0,00-0021429,00-0029263,Carson Palmer,Russell Wilson,Bruce Arians,Pete Carroll,Ron Torbert,SEA00,CenturyLink Field,47.5952,-122.3316,2016-12-24 21:25:00+00:00,39.325,39.8,2.8,3.5,9.8,10.5,0.025,0.1,0.1,0.0,0.0,0.0,0.025,4
2016_16_BAL_PIT,2016,REG,16,2016-12-25,Sunday,16:30,BAL,27,PIT,31,Home,4,58,0,2016122500,57138,,201612250pit,4331.0,400874583,,7,7,222.0,-250.0,5.5,-103.0,-107.0,46.5,-105.0,-105.0,1,outdoors,grass,41.0,9.0,00-0026158,00-0022924,Joe Flacco,Ben Roethlisberger,John Harbaugh,Mike Tomlin,John Parry,PIT00,Heinz Field,40.446667,-80.015833,2016-12-25 21:30:00+00:00,38.525,40.5,5.4750000000000005,6.2,11.35,12.5,0.0,0.0,0.0,0.0,0.0,0.0,0.0,4
2016_16_DEN_KC,2016,REG,16,2016-12-25,Sunday,20:30,DEN,10,KC,33,Home,23,43,0,2016122501,57139,,201612250kan,4332.0,400874585,,7,7,171.0,-190.0,3.5,-102.0,-108.0,38.5,-105.0,-105.0,1,outdoors,grass,53.0,9.0,00-0032156,00-0023436,Trevor Siemian,Alex Smith,Gary Kubiak,Andy Reid,Tony Corrente,KAN00,Arrowhead Stadium,39.048889,-94.483889,2016-12-26 01:30:00+00:00,61.22500000000001,63.2,14.0,16.9,44.699999999999996,52.1,1.1,2.5,4.4,0.0,0.0,0.0,1.1,4
2016_17_BAL_CIN,2016,REG,17,2017-01-01,Sunday,13:00,BAL,10,CIN,27,Home,17,37,0,2017010101,57142,,201701010cin,4335.0,400874608,,7,8,-138.0,125.0,-2.5,-113.0,102.0,40.5,-108.0,-102.0,1,outdoors,fieldturf,40.0,6.0,00-0026158,00-0027973,Joe Flacco,Andy Dalton,John Harbaugh,Marvin Lewis,Peter Morelli,CIN00,Paul Brown Stadium,39.095,-84.516,2017-01-01 18:00:00+00:00,46.24999999999999,43.8,5.225,6.7,12.975,13.6,0.0,0.0,0.0,0.0,0.0,0.0,0.0,4
2016_17_NE_MIA,2016,REG,17,2017-01-01,Sunday,13:00,NE,35,MIA,14,Home,-21,49,0,2017010104,57145,,201701010mia,4338.0,400874642,,8,8,-372.0,323.0,-7.5,-113.0,102.0,47.0,102.0,-113.0,1,outdoors,grass,80.0,15.0,00-0019596,00-0025708,Tom Brady,Matt Moore,Bill Belichick,Adam Gase,John Parry,MIA00,Hard Rock Stadium,25.958056,-80.238889,2017-01-01 18:00:00+00:00,79.92500000000001,81.0,9.425,9.7,20.700000000000003,22.4,0.0,0.0,0.0,0.0,0.0,0.0,0.0,4
2016_17_BUF_NYJ,2016,REG,17,2017-01-01,Sunday,13:00,BUF,10,NYJ,30,Home,20,40,0,2017010106,57147,,201701010nyj,4340.0,400874645,,8,8,-190.0,171.0,-3.5,-108.0,-102.0,43.0,-106.0,-104.0,1,outdoors,fieldturf,42.0,11.0,00-0030526,00-0023682,EJ Manuel,Ryan Fitzpatrick,Anthony Lynn,Todd Bowles,Jeff Triplette,NYC01,MetLife Stadium,40.813528,-74.074361,2017-01-01 18:00:00+00:00,44.125,45.0,6.875,9.2,17.125,20.8,0.0,0.0,0.0,0.0,0.0,0.0,0.0,4
2016_17_DAL_PHI,2016,REG,17,2017-01-01,Sunday,13:00,DAL,13,PHI,27,Home,14,40,0,2017010107,57148,,201701010phi,4341.0,400874647,,6,10,218.0,-245.0,6.5,-114.0,103.0,44.0,104.0,-115.0,1,outdoors,grass,50.0,10.0,00-0026898,00-0032950,Mark Sanchez,Carson Wentz,Jason Garrett,Doug Pederson,Walt Coleman,PHI00,Lincoln Financial Field,39.900833,-75.1675,2017-01-01 18:00:00+00:00,47.55,48.7,6.475,8.6,15.525,18.1,0.0,0.0,0.0,0.0,0.0,0.0,0.0,4
2016_17_CLE_PIT,2016,REG,17,2017-01-01,Sunday,13:00,CLE,24,PIT,27,Home,3,51,1,2017010108,57149,,201701010pit,4342.0,400874690,,8,7,171.0,-190.0,3.5,-100.0,-110.0,41.5,-111.0,101.0,1,outdoors,grass,41.0,1.0,00-0029665,00-0030524,Robert Griffin,Landry Jones,Hue Jackson,Mike Tomlin,John Hussey,PIT00,Heinz Field,40.446667,-80.015833,2017-01-01 18:00:00+00:00,42.275,41.0,3.9,4.4,10.625,11.0,0.0,0.0,0.0,0.0,0.0,0.0,0.0,4
2016_17_CAR_TB,2016,REG,17,2017-01-01,Sunday,13:00,CAR,16,TB,17,Home,1,33,0,2017010109,57150,,201701010tam,4343.0,400874635,,8,8,171.0,-190.0,3.5,-100.0,-110.0,44.5,-110.0,100.0,1,outdoors,grass,81.0,6.0,00-0027939,00-0031503,Cam Newton,Jameis Winston,Ron Rivera,Dirk Koetter,Carl Cheffers,TAM00,Raymond James Stadium,27.975833,-82.503333,2017-01-01 18:00:00+00:00,79.95,79.4,9.775000000000002,10.9,19.575,21.9,0.0,0.0,0.0,0.0,0.0,0.0,0.0,4
2016_17_HOU_TEN,2016,REG,17,2017-01-01,Sunday,13:00,HOU,17,TEN,24,Home,7,41,0,2017010110,57151,,201701010oti,4344.0,400874632,,8,8,148.0,-164.0,3.0,103.0,-114.0,41.5,-100.0,-110.0,1,outdoors,grass,52.0,7.0,00-0029682,00-0023662,Brock Osweiler,Matt Cassel,Bill O'Brien,Mike Mularkey,Bill Vinovich,NAS00,Nissan Stadium,36.166389,-86.771389,2017-01-01 18:00:00+00:00,50.35,49.6,5.5,7.0,11.149999999999999,13.0,0.6,1.2,2.4,0.0,0.0,0.0,0.6,4
2016_17_OAK_DEN,2016,REG,17,2017-01-01,Sunday,16:25,OAK,6,DEN,24,Home,18,30,0,2017010112,57153,,201701010den,4346.0,400874694,,8,7,107.0,-118.0,1.0,103.0,-114.0,40.0,-107.0,-103.0,1,outdoors,grass,45.0,9.0,00-0030419,00-0032156,Matt McGloin,Trevor Siemian,Jack Del Rio,Gary Kubiak,Brad Allen,DEN00,Sports Authority Field at Mile High,39.743889,-105.02,2017-01-01 21:25:00+00:00,41.150000000000006,46.4,6.675000000000001,7.7,11.925,14.8,0.0,0.0,0.0,0.0,0.0,0.0,0.0,4
2016_17_ARI_LA,2016,REG,17,2017-01-01,Sunday,16:25,ARI,44,LA,6,Home,-38,50,0,2017010113,57154,,201701010ram,4347.0,400874692,,8,8,-285.0,252.0,-7.0,102.0,-113.0,39.0,-110.0,-100.0,1,outdoors,grass,59.0,0.0,00-0021429,00-0033106,Carson Palmer,Jared Goff,Bruce Arians,Jeff Fisher,Craig Wrolstad,LAX99,Los Angeles Memorial Coliseum,34.014167,-118.287778,2017-01-01 21:25:00+00:00,56.075,56.2,6.299999999999999,7.3,12.925,13.9,0.0,0.0,0.0,0.0,0.0,0.0,0.0,4
2016_17_KC_SD,2016,REG,17,2017-01-01,Sunday,16:25,KC,37,SD,27,Home,-10,64,0,2017010114,57155,,201701010sdg,4348.0,400874696,,7,8,-235.0,210.0,-5.5,-107.0,-103.0,45.0,-108.0,-102.0,1,outdoors,grass,59.0,10.0,00-0023436,00-0022942,Alex Smith,Philip Rivers,Andy Reid,Mike McCoy,Walt Anderson,SDG00,Qualcomm Stadium,32.783056,-117.119444,2017-01-01 21:25:00+00:00,56.49999999999999,56.5,9.275,10.8,17.425,18.8,0.0,0.0,0.0,0.0,0.0,0.0,0.0,4
2016_17_SEA_SF,2016,REG,17,2017-01-01,Sunday,16:25,SEA,25,SF,23,Home,-2,48,0,2017010115,57156,,201701010sfo,4349.0,400874699,,8,8,-500.0,423.0,-11.5,102.0,-113.0,44.5,-123.0,111.0,1,outdoors,grass,54.0,5.0,00-0029263,00-0027974,Russell Wilson,Colin Kaepernick,Pete Carroll,Chip Kelly,Tony Corrente,SFO01,Levi's Stadium,37.403,-121.97,2017-01-01 21:25:00+00:00,51.475,51.2,9.525,12.0,18.5,20.8,0.0,0.0,0.0,0.0,0.0,0.0,0.0,4
2016_17_NYG_WAS,2016,REG,17,2017-01-01,Sunday,16:25,NYG,19,WAS,10,Home,-9,29,0,2017010111,57152,,201701010was,4345.0,400874631,,10,8,369.0,-430.0,10.0,-100.0,-110.0,47.5,104.0,-115.0,1,outdoors,grass,53.0,1.0,00-0022803,00-0029604,Eli Manning,Kirk Cousins,Ben McAdoo,Jay Gruden,Gene Steratore,WAS00,FedExField,38.907778,-76.864444,2017-01-01 21:25:00+00:00,43.6,49.7,3.925,4.8,7.25,9.6,0.0,0.0,0.0,0.0,0.0,0.0,0.0,4
2017_01_KC_NE,2017,REG,1,2017-09-07,Thursday,20:30,KC,42,NE,27,Home,-15,69,0,2017090700,57234,,201709070nwe,7922.0,400951566,,7,7,378.0,-441.0,8.0,103.0,-114.0,47.5,-102.0,-108.0,0,outdoors,fieldturf,63.0,8.0,00-0023436,00-0019596,Alex Smith,Tom Brady,Andy Reid,Bill Belichick,Bill Vinovich,BOS00,Gillette Stadium,42.091,-71.264,2017-09-08 00:30:00+00:00,62.3,65.4,7.9,9.5,17.5,20.4,0.0,0.0,0.0,0.0,0.0,0.0,0.0,4
2017_01_NYJ_BUF,2017,REG,1,2017-09-10,Sunday,13:00,NYJ,12,BUF,21,Home,9,33,0,2017091000,57235,,201709100buf,7927.0,400951567,,7,7,297.0,-340.0,7.0,111.0,-123.0,42.0,-106.0,-104.0,1,outdoors,a_turf,65.0,6.0,00-0021206,00-0028118,Josh McCown,Tyrod Taylor,Todd Bowles,Sean McDermott,John Hussey,BUF00,New Era Field,42.774,-78.787,2017-09-10 17:00:00+00:00,63.475,62.3,5.300000000000001,5.5,14.25,14.5,0.0,0.0,0.0,0.0,0.0,0.0,0.0,4
2017_01_ATL_CHI,2017,REG,1,2017-09-10,Sunday,13:00,ATL,23,CHI,17,Home,-6,40,0,2017091001,57236,,201709100chi,7924.0,400951570,,7,7,-277.0,245.0,-6.5,-107.0,-103.0,48.0,-103.0,-107.0,0,outdoors,grass,64.0,10.0,00-0026143,00-0030520,Matt Ryan,Mike Glennon,Dan Quinn,John Fox,Jeff Triplette,CHI98,Soldier Field,41.8623,-87.6167,2017-09-10 17:00:00+00:00,65.2,64.2,9.45,9.8,18.4,18.8,0.0,0.0,0.0,0.0,0.0,0.0,0.0,4
2017_01_BAL_CIN,2017,REG,1,2017-09-10,Sunday,13:00,BAL,20,CIN,0,Home,-20,20,0,2017091002,57237,,201709100cin,7925.0,400951572,,7,7,127.0,-140.0,2.5,103.0,-114.0,41.5,-106.0,-104.0,1,outdoors,fieldturf,68.0,9.0,00-0026158,00-0027973,Joe Flacco,Andy Dalton,John Harbaugh,Marvin Lewis,Walt Coleman,CIN00,Paul Brown Stadium,39.095,-84.516,2017-09-10 17:00:00+00:00,70.5,68.6,7.225,7.9,18.6,19.7,0.0,0.0,0.0,0.0,0.0,0.0,0.0,4
2017_01_PIT_CLE,2017,REG,1,2017-09-10,Sunday,13:00,PIT,21,CLE,18,Home,-3,39,0,2017091003,57238,,201709100cle,7930.0,400951574,,7,7,-450.0,385.0,-10.0,-102.0,-108.0,47.0,-110.0,-100.0,1,outdoors,grass,63.0,11.0,00-0022924,00-0033899,Ben Roethlisberger,DeShone Kizer,Mike Tomlin,Hue Jackson,Craig Wrolstad,CLE00,FirstEnergy Stadium,41.506111,-81.699444,2017-09-10 17:00:00+00:00,66.075,65.3,9.95,13.5,18.425,23.0,0.0,0.0,0.0,0.0,0.0,0.0,0.0,4
2017_01_JAX_HOU,2017,REG,1,2017-09-10,Sunday,13:00,JAX,29,HOU,7,Home,-22,36,0,2017091005,57240,,201709100htx,7926.0,400951580,,7,7,201.0,-225.0,5.5,-105.0,-105.0,38.0,-102.0,-108.0,1,open,astroturf,,,00-0031407,00-0031064,Blake Bortles,Tom Savage,Doug Marrone,Bill O'Brien,Tony Corrente,HOU00,NRG Stadium,29.684722,-95.410833,2017-09-10 17:00:00+00:00,82.525,80.4,10.850000000000001,11.8,20.575,21.7,0.0,0.0,0.0,0.0,0.0,0.0,0.0,4
2017_01_OAK_TEN,2017,REG,1,2017-09-10,Sunday,13:00,OAK,26,TEN,16,Home,-10,42,0,2017091007,57242,,201709100oti,7928.0,400951584,,7,7,121.0,-134.0,2.5,102.0,-113.0,49.5,-111.0,101.0,0,outdoors,grass,72.0,7.0,00-0031280,00-0032268,Derek Carr,Marcus Mariota,Jack Del Rio,Mike Mularkey,Jerome Boger,NAS00,Nissan Stadium,36.166389,-86.771389,2017-09-10 17:00:00+00:00,74.625,72.3,6.275,7.0,15.275,16.1,0.0,0.0,0.0,0.0,0.0,0.0,0.0,4
2017_01_PHI_WAS,2017,REG,1,2017-09-10,Sunday,13:00,PHI,30,WAS,17,Home,-13,47,0,2017091008,57243,,201709100was,7929.0,400951592,,7,7,-125.0,113.0,-2.0,-105.0,-105.0,49.5,-100.0,-110.0,1,outdoors,grass,67.0,5.0,00-0032950,00-0029604,Carson Wentz,Kirk Cousins,Doug Pederson,Jay Gruden,Brad Allen,WAS00,FedExField,38.907778,-76.864444,2017-09-10 17:00:00+00:00,71.05,69.9,7.824999999999999,8.4,20.35,20.8,0.0,0.0,0.0,0.0,0.0,0.0,0.0,4
2017_01_IND_LA,2017,REG,1,2017-09-10,Sunday,16:05,IND,9,LA,46,Home,37,55,0,2017091009,57244,,201709100ram,7932.0,400951597,,7,7,166.0,-185.0,3.5,-102.0,-108.0,41.5,-102.0,-108.0,0,outdoors,grass,90.0,2.0,00-0028595,00-0033106,Scott Tolzien,Jared Goff,Chuck Pagano,Sean McVay,Ron Torbert,LAX99,Los Angeles Memorial Coliseum,34.014167,-118.287778,2017-09-10 20:05:00+00:00,83.325,85.8,12.625,14.7,23.825000000000003,26.2,0.0,0.0,0.0,0.0,0.0,0.0,0.0,4
2017_01_SEA_GB,2017,REG,1,2017-09-10,Sunday,16:25,SEA,9,GB,17,Home,8,26,0,2017091010,57245,,201709100gnb,7934.0,400951601,,7,7,121.0,-134.0,2.5,-100.0,-110.0,49.5,-105.0,-105.0,0,outdoors,grass,71.0,11.0,00-0029263,00-0023459,Russell Wilson,Aaron Rodgers,Pete Carroll,Mike McCarthy,John Parry,GNB00,Lambeau Field,44.501389,-88.062222,2017-09-10 20:25:00+00:00,69.1,71.0,7.725,8.9,16.2,17.0,0.0,0.0,0.0,0.0,0.0,0.0,0.0,4
2017_01_CAR_SF,2017,REG,1,2017-09-10,Sunday,16:25,CAR,23,SF,3,Home,-20,26,0,2017091011,57246,,201709100sfo,7933.0,400951605,,7,7,-225.0,201.0,-4.5,-107.0,-103.0,45.5,103.0,-114.0,0,outdoors,grass,87.0,8.0,00-0027939,00-0026625,Cam Newton,Brian Hoyer,Ron Rivera,Kyle Shanahan,Clete Blakeman,SFO01,Levi's Stadium,37.403,-121.97,2017-09-10 20:25:00+00:00,93.65,89.5,8.6,10.0,17.625,18.8,0.0,0.0,0.0,0.0,0.0,0.0,0.0,4
2017_01_LAC_DEN,2017,REG,1,2017-09-11,Monday,22:20,LAC,21,DEN,24,Home,3,45,0,2017091101,57249,,201709110den,7937.0,400951615,,7,7,131.0,-145.0,3.0,-115.0,104.0,41.5,102.0,-113.0,1,outdoors,grass,73.0,12.0,00-0022942,00-0032156,Philip Rivers,Trevor Siemian,Anthony Lynn,Vance Joseph,Terry McAulay,DEN00,Sports Authority Field at Mile High,39.743889,-105.02,2017-09-12 02:20:00+00:00,68.07499999999999,70.6,6.525,10.3,13.45,17.0,0.0,0.0,0.0,0.0,0.0,0.0,0.0,4
2017_02_HOU_CIN,2017,REG,2,2017-09-14,Thursday,20:25,HOU,13,CIN,9,Home,-4,22,0,2017091400,57250,,201709140cin,7938.0,400951620,,4,4,211.0,-236.0,5.5,-105.0,-105.0,38.0,-110.0,-100.0,0,outdoors,fieldturf,69.0,2.0,00-0033537,00-0027973,Deshaun Watson,Andy Dalton,Bill O'Brien,Marvin Lewis,Clete Blakeman,CIN00,Paul Brown Stadium,39.095,-84.516,2017-09-15 00:25:00+00:00,64.3,68.0,2.65,3.4,4.3,5.1,0.0,0.0,0.0,0.0,0.0,0.0,0.0,4
2017_02_CLE_BAL,2017,REG,2,2017-09-17,Sunday,13:00,CLE,10,BAL,24,Home,14,34,0,2017091700,57251,,201709170rav,7942.0,400951626,,7,7,281.0,-320.0,7.5,-115.0,104.0,39.5,-100.0,-110.0,1,outdoors,grass,80.0,2.0,00-0033899,00-0026158,DeShone Kizer,Joe Flacco,Hue Jackson,John Harbaugh,Gene Steratore,BAL00,M&T Bank Stadium,39.278056,-76.622778,2017-09-17 17:00:00+00:00,78.0,77.5,4.975,7.1,12.200000000000001,14.1,0.25,0.8,1.0,0.0,0.0,0.0,0.25,4
2017_02_BUF_CAR,2017,REG,2,2017-09-17,Sunday,13:00,BUF,3,CAR,9,Home,6,12,0,2017091701,57252,,201709170car,7940.0,400951630,,7,7,248.0,-280.0,6.5,-104.0,-106.0,43.0,-107.0,-103.0,0,outdoors,grass,83.0,5.0,00-0028118,00-0027939,Tyrod Taylor,Cam Newton,Sean McDermott,Ron Rivera,Walt Coleman,CAR00,Bank of America Stadium,35.225833,-80.852778,2017-09-17 17:00:00+00:00,81.55,80.7,5.025,5.9,12.875,13.2,0.0,0.0,0.0,0.0,0.0,0.0,0.0,4
2017_02_TEN_JAX,2017,REG,2,2017-09-17,Sunday,13:00,TEN,37,JAX,16,Home,-21,53,0,2017091703,57254,,201709170jax,7946.0,400951635,,7,7,-113.0,102.0,-1.0,-106.0,-104.0,42.0,105.0,-116.0,1,outdoors,grass,84.0,10.0,00-0032268,00-0031407,Marcus Mariota,Blake Bortles,Mike Mularkey,Doug Marrone,Ed Hochuli,JAX00,EverBank Field,30.323889,-81.6375,2017-09-17 17:00:00+00:00,83.4,83.5,10.0,10.4,18.675,19.0,0.0,0.0,0.0,0.0,0.0,0.0,0.0,4
2017_02_PHI_KC,2017,REG,2,2017-09-17,Sunday,13:00,PHI,20,KC,27,Home,7,47,0,2017091704,57255,,201709170kan,7945.0,400951636,,7,10,179.0,-199.0,4.0,-105.0,-105.0,46.5,-108.0,-102.0,0,outdoors,grass,68.0,7.0,00-0032950,00-0023436,Carson Wentz,Alex Smith,Doug Pederson,Andy Reid,Terry McAulay,KAN00,Arrowhead Stadium,39.048889,-94.483889,2017-09-17 17:00:00+00:00,71.2,68.5,2.9,4.3,10.3,13.2,0.0,0.0,0.0,0.0,0.0,0.0,0.0,4
2017_02_MIN_PIT,2017,REG,2,2017-09-17,Sunday,13:00,MIN,9,PIT,26,Home,17,35,0,2017091706,57257,,201709170pit,7943.0,400951643,,6,7,330.0,-380.0,8.5,-104.0,-106.0,43.0,-117.0,106.0,0,outdoors,grass,78.0,1.0,00-0028986,00-0022924,Case Keenum,Ben Roethlisberger,Mike Zimmer,Mike Tomlin,Peter Morelli,PIT00,Heinz Field,40.446667,-80.015833,2017-09-17 17:00:00+00:00,77.925,77.5,1.475,1.6,8.625,10.5,0.125,0.2,0.5,0.0,0.0,0.0,0.125,4
2017_02_CHI_TB,2017,REG,2,2017-09-17,Sunday,13:00,CHI,7,TB,29,Home,22,36,0,2017091707,57258,,201709170tam,7941.0,400951645,,7,14,270.0,-307.0,7.0,-100.0,-110.0,44.0,-110.0,-100.0,0,outdoors,grass,88.0,7.0,00-0030520,00-0031503,Mike Glennon,Jameis Winston,John Fox,Dirk Koetter,Ron Torbert,TAM00,Raymond James Stadium,27.975833,-82.503333,2017-09-17 17:00:00+00:00,86.075,85.1,9.525,10.4,18.0,18.1,0.0,0.0,0.0,0.0,0.0,0.0,0.0,4
2017_02_MIA_LAC,2017,REG,2,2017-09-17,Sunday,16:05,MIA,19,LAC,17,Home,-2,36,0,2017091708,57259,,201709170sdg,7947.0,400951666,,14,6,166.0,-185.0,3.5,-105.0,-105.0,46.5,-110.0,-100.0,0,outdoors,grass,71.0,7.0,00-0024226,00-0022942,Jay Cutler,Philip Rivers,Adam Gase,Anthony Lynn,Tony Corrente,LAX97,StubHub Center,33.864,-118.261,2017-09-17 20:05:00+00:00,74.775,73.9,9.924999999999999,12.2,18.9,21.9,0.0,0.0,0.0,0.0,0.0,0.0,0.0,4
2017_02_NYJ_OAK,2017,REG,2,2017-09-17,Sunday,16:05,NYJ,20,OAK,45,Home,25,65,0,2017091709,57260,,201709170rai,7948.0,400951669,,7,7,671.0,-850.0,14.0,-100.0,-110.0,44.0,-110.0,-100.0,0,outdoors,grass,70.0,6.0,00-0021206,00-0031280,Josh McCown,Derek Carr,Todd Bowles,Jack Del Rio,Jeff Triplette,OAK00,Oakland-Alameda County Coliseum,37.751667,-122.200556,2017-09-17 20:05:00+00:00,69.125,68.5,7.6000000000000005,7.8,20.099999999999998,20.4,0.0,0.0,0.0,0.0,0.0,0.0,0.0,4
2017_02_DAL_DEN,2017,REG,2,2017-09-17,Sunday,16:25,DAL,17,DEN,42,Home,25,59,0,2017091710,57261,,201709170den,7949.0,400951673,,7,6,-128.0,116.0,-2.5,-100.0,-110.0,44.0,102.0,-112.0,0,outdoors,grass,72.0,5.0,00-0033077,00-0032156,Dak Prescott,Trevor Siemian,Jason Garrett,Vance Joseph,Brad Allen,DEN00,Sports Authority Field at Mile High,39.743889,-105.02,2017-09-17 20:25:00+00:00,69.275,69.1,5.475,8.5,17.275,19.0,0.05,0.2,0.2,0.0,0.0,0.0,0.05,4
2017_02_WAS_LA,2017,REG,2,2017-09-17,Sunday,16:25,WAS,27,LA,20,Home,-7,47,0,2017091711,57262,,201709170ram,7951.0,400951674,,7,7,136.0,-150.0,3.0,-106.0,-104.0,45.5,-105.0,-105.0,0,outdoors,grass,74.0,3.0,00-0029604,00-0033106,Kirk Cousins,Jared Goff,Jay Gruden,Sean McVay,Jerome Boger,LAX99,Los Angeles Memorial Coliseum,34.014167,-118.287778,2017-09-17 20:25:00+00:00,73.5,73.1,11.9,14.0,21.7,24.8,0.0,0.0,0.0,0.0,0.0,0.0,0.0,4
2017_02_SF_SEA,2017,REG,2,2017-09-17,Sunday,16:25,SF,9,SEA,12,Home,3,21,0,2017091712,57263,,201709170sea,7950.0,400951676,,7,7,638.0,-800.0,13.5,-110.0,-100.0,42.0,106.0,-117.0,1,outdoors,fieldturf,65.0,12.0,00-0026625,00-0029263,Brian Hoyer,Russell Wilson,Kyle Shanahan,Pete Carroll,Bill Vinovich,SEA00,CenturyLink Field,47.5952,-122.3316,2017-09-17 20:25:00+00:00,59.375,61.6,11.25,13.9,25.725,32.7,1.4249999999999998,2.3,5.699999999999999,0.0,0.0,0.0,1.4249999999999998,4
2017_02_GB_ATL,2017,REG,2,2017-09-17,Sunday,20:30,GB,23,ATL,34,Home,11,57,0,2017091713,57264,,201709170atl,7952.0,400951679,,7,7,159.0,-177.0,3.5,-110.0,-100.0,55.0,102.0,-113.0,0,open,fieldturf,,,00-0023459,00-0026143,Aaron Rodgers,Matt Ryan,Mike McCarthy,Dan Quinn,Walt Anderson,ATL97,Mercedes-Benz Stadium,33.755556,-84.4,2017-09-18 00:30:00+00:00,75.225,78.7,3.3,4.7,4.75,5.8,0.0,0.0,0.0,0.0,0.0,0.0,0.0,4
2017_02_DET_NYG,2017,REG,2,2017-09-18,Monday,20:30,DET,24,NYG,10,Home,-14,34,0,2017091800,57265,,201709180nyg,7953.0,400951681,,8,8,151.0,-167.0,3.0,107.0,-118.0,42.0,-106.0,-104.0,0,outdoors,fieldturf,72.0,5.0,00-0026498,00-0022803,Matthew Stafford,Eli Manning,Jim Caldwell,Ben McAdoo,John Parry,NYC01,MetLife Stadium,40.813528,-74.074361,2017-09-19 00:30:00+00:00,69.35,69.5,8.4,8.5,14.5,15.7,0.0,0.0,0.0,0.0,0.0,0.0,0.0,4
2017_03_LA_SF,2017,REG,3,2017-09-21,Thursday,20:25,LA,41,SF,39,Home,-2,80,0,2017092100,57266,,201709210sfo,7954.0,400951568,,4,4,-140.0,127.0,-3.0,106.0,-117.0,40.5,-109.0,-101.0,1,outdoors,grass,68.0,13.0,00-0033106,00-0026625,Jared Goff,Brian Hoyer,Sean McVay,Kyle Shanahan,Jeff Triplette,SFO01,Levi's Stadium,37.403,-121.97,2017-09-22 00:25:00+00:00,62.85,65.8,9.075,12.6,20.525,27.1,0.0,0.0,0.0,0.0,0.0,0.0,0.0,4
2017_03_DEN_BUF,2017,REG,3,2017-09-24,Sunday,13:00,DEN,16,BUF,26,Home,10,42,0,2017092401,57268,,201709240buf,7958.0,400951583,,7,7,-180.0,162.0,-3.5,-102.0,-108.0,40.0,104.0,-115.0,0,outdoors,a_turf,83.0,5.0,00-0032156,00-0028118,Trevor Siemian,Tyrod Taylor,Vance Joseph,Sean McDermott,Carl Cheffers,BUF00,New Era Field,42.774,-78.787,2017-09-24 17:00:00+00:00,81.3,80.4,4.825,5.2,13.774999999999999,14.3,0.0,0.0,0.0,0.0,0.0,0.0,0.0,4
2017_03_NO_CAR,2017,REG,3,2017-09-24,Sunday,13:00,NO,34,CAR,13,Home,-21,47,0,2017092402,57269,,201709240car,7961.0,400951587,,7,7,216.0,-242.0,5.5,-100.0,-110.0,46.5,-107.0,-103.0,1,outdoors,grass,82.0,6.0,00-0020531,00-0027939,Drew Brees,Cam Newton,Sean Payton,Ron Rivera,Bill Vinovich,CAR00,Bank of America Stadium,35.225833,-80.852778,2017-09-24 17:00:00+00:00,85.125,84.3,9.55,10.1,20.725,21.0,0.0,0.0,0.0,0.0,0.0,0.0,0.0,4
2017_03_PIT_CHI,2017,REG,3,2017-09-24,Sunday,13:00,PIT,17,CHI,23,Home,6,40,1,2017092403,57270,,201709240chi,7963.0,400951590,,7,7,-300.0,264.0,-7.0,106.0,-117.0,43.5,-105.0,-105.0,0,outdoors,grass,89.0,5.0,00-0022924,00-0030520,Ben Roethlisberger,Mike Glennon,Mike Tomlin,John Fox,Clete Blakeman,CHI98,Soldier Field,41.8623,-87.6167,2017-09-24 17:00:00+00:00,86.6,86.3,7.7,8.1,16.675,17.0,0.0,0.0,0.0,0.0,0.0,0.0,0.0,4
2017_03_HOU_NE,2017,REG,3,2017-09-24,Sunday,13:00,HOU,33,NE,36,Home,3,69,0,2017092407,57274,,201709240nwe,7959.0,400951607,,10,7,761.0,-990.0,13.5,-110.0,100.0,44.5,103.0,-114.0,0,outdoors,fieldturf,84.0,4.0,00-0033537,00-0019596,Deshaun Watson,Tom Brady,Bill O'Brien,Bill Belichick,John Parry,BOS00,Gillette Stadium,42.091,-71.264,2017-09-24 17:00:00+00:00,85.42499999999998,84.8,3.55,4.6,12.5,13.9,0.0,0.0,0.0,0.0,0.0,0.0,0.0,4
2017_03_MIA_NYJ,2017,REG,3,2017-09-24,Sunday,13:00,MIA,6,NYJ,20,Home,14,26,0,2017092408,57275,,201709240nyj,7960.0,400951611,,7,7,-224.0,200.0,-5.5,-103.0,-107.0,43.0,-102.0,-108.0,1,outdoors,fieldturf,88.0,5.0,00-0024226,00-0021206,Jay Cutler,Josh McCown,Adam Gase,Todd Bowles,Terry McAulay,NYC01,MetLife Stadium,40.813528,-74.074361,2017-09-24 17:00:00+00:00,87.275,85.7,4.0,5.1,10.850000000000001,12.1,0.0,0.0,0.0,0.0,0.0,0.0,0.0,4
2017_03_NYG_PHI,2017,REG,3,2017-09-24,Sunday,13:00,NYG,24,PHI,27,Home,3,51,0,2017092409,57276,,201709240phi,7962.0,400951616,,6,7,205.0,-230.0,5.0,-104.0,-106.0,42.0,-107.0,-103.0,1,outdoors,grass,89.0,6.0,00-0022803,00-0032950,Eli Manning,Carson Wentz,Ben McAdoo,Doug Pederson,Jerome Boger,PHI00,Lincoln Financial Field,39.900833,-75.1675,2017-09-24 17:00:00+00:00,89.54999999999998,88.3,3.975,4.2,11.225,11.6,0.0,0.0,0.0,0.0,0.0,0.0,0.0,4
2017_03_SEA_TEN,2017,REG,3,2017-09-24,Sunday,16:05,SEA,27,TEN,33,Home,6,60,0,2017092410,57277,,201709240oti,7965.0,400951623,,7,7,118.0,-130.0,2.0,105.0,-116.0,42.0,-106.0,-104.0,0,outdoors,grass,88.0,4.0,00-0029263,00-0032268,Russell Wilson,Marcus Mariota,Pete Carroll,Mike Mularkey,Ron Torbert,NAS00,Nissan Stadium,36.166389,-86.771389,2017-09-24 20:05:00+00:00,83.225,86.4,1.875,2.8,8.075,9.2,0.0,0.0,0.0,0.0,0.0,0.0,0.0,4
2017_03_CIN_GB,2017,REG,3,2017-09-24,Sunday,16:25,CIN,24,GB,27,Home,3,51,1,2017092411,57278,,201709240gnb,7966.0,400951627,,10,7,293.0,-335.0,7.0,-104.0,-106.0,47.5,-111.0,101.0,0,outdoors,grass,89.0,8.0,00-0027973,00-0023459,Andy Dalton,Aaron Rodgers,Marvin Lewis,Mike McCarthy,Gene Steratore,GNB00,Lambeau Field,44.501389,-88.062222,2017-09-24 20:25:00+00:00,86.55,88.3,6.775,10.0,17.425,22.4,0.0,0.0,0.0,0.0,0.0,0.0,0.0,4
2017_03_KC_LAC,2017,REG,3,2017-09-24,Sunday,16:25,KC,24,LAC,10,Home,-14,34,0,2017092412,57279,,201709240sdg,7967.0,400951634,,7,7,-145.0,131.0,-3.0,107.0,-118.0,47.5,-104.0,-106.0,1,outdoors,grass,84.0,5.0,00-0023436,00-0022942,Alex Smith,Philip Rivers,Andy Reid,Anthony Lynn,Walt Anderson,LAX97,StubHub Center,33.864,-118.261,2017-09-24 20:25:00+00:00,82.7,83.7,9.649999999999999,13.2,19.175,23.3,0.0,0.0,0.0,0.0,0.0,0.0,0.0,4
2017_03_OAK_WAS,2017,REG,3,2017-09-24,Sunday,20:30,OAK,10,WAS,27,Home,17,37,0,2017092413,57280,,201709240was,7968.0,400951644,,7,7,-185.0,166.0,-3.5,-103.0,-107.0,53.0,-100.0,-110.0,0,outdoors,grass,76.0,0.0,00-0031280,00-0029604,Derek Carr,Kirk Cousins,Jack Del Rio,Jay Gruden,Tony Corrente,WAS00,FedExField,38.907778,-76.864444,2017-09-25 00:30:00+00:00,74.25,76.6,2.7,4.0,4.15,5.8,0.0,0.0,0.0,0.0,0.0,0.0,0.0,4
2017_03_BAL_JAX,2017,REG,3,2017-09-24,Sunday,21:30,BAL,7,JAX,44,Neutral,37,51,0,2017092400,57267,,201709240jax,7955.0,400951579,,7,7,-162.0,146.0,-3.0,-110.0,-100.0,38.0,-110.0,-100.0,0,outdoors,grass,70.0,10.0,00-0026158,00-0031407,Joe Flacco,Blake Bortles,John Harbaugh,Doug Marrone,Peter Morelli,LON00,Wembley Stadium,51.555833,-0.279722,2017-09-25 01:30:00+00:00,57.125,57.4,5.25,5.9,12.5,15.2,0.875,1.7,3.5,0.0,0.0,0.0,0.875,4
2017_04_CHI_GB,2017,REG,4,2017-09-28,Thursday,20:25,CHI,14,GB,35,Home,21,49,0,2017092800,57282,,201709280gnb,7970.0,400951678,,4,4,,,7.5,,,44.0,,,1,outdoors,grass,65.0,5.0,00-0030520,00-0023459,Mike Glennon,Aaron Rodgers,John Fox,Mike McCarthy,John Hussey,GNB00,Lambeau Field,44.501389,-88.062222,2017-09-29 00:25:00+00:00,63.475,65.4,6.65,9.1,13.375,15.2,0.0,0.0,0.0,0.0,0.0,0.0,0.0,4
2017_04_PIT_BAL,2017,REG,4,2017-10-01,Sunday,13:00,PIT,26,BAL,9,Home,-17,35,0,2017100102,57285,,201710010rav,7978.0,400951708,,7,7,-185.0,166.0,-3.5,100.0,-110.0,42.0,-105.0,-105.0,1,outdoors,grass,64.0,6.0,00-0022924,00-0026158,Ben Roethlisberger,Joe Flacco,Mike Tomlin,John Harbaugh,Walt Anderson,BAL00,M&T Bank Stadium,39.278056,-76.622778,2017-10-01 17:00:00+00:00,65.05,64.3,5.125,6.4,13.524999999999999,14.3,0.0,0.0,0.0,0.0,0.0,0.0,0.0,4
2017_04_CIN_CLE,2017,REG,4,2017-10-01,Sunday,13:00,CIN,31,CLE,7,Home,-24,38,0,2017100103,57286,,201710010cle,7974.0,400951712,,7,7,-164.0,148.0,-3.0,-115.0,104.0,41.5,-107.0,-103.0,1,outdoors,grass,63.0,6.0,00-0027973,00-0033899,Andy Dalton,DeShone Kizer,Marvin Lewis,Hue Jackson,Ron Torbert,CLE00,FirstEnergy Stadium,41.506111,-81.699444,2017-10-01 17:00:00+00:00,63.875,63.1,5.925000000000001,11.6,13.975,20.1,0.0,0.0,0.0,0.0,0.0,0.0,0.0,4
2017_04_TEN_HOU,2017,REG,4,2017-10-01,Sunday,13:00,TEN,14,HOU,57,Home,43,71,0,2017100105,57288,,201710010htx,7979.0,400951720,,7,7,-139.0,126.0,-2.5,-113.0,102.0,43.0,-103.0,-107.0,1,open,astroturf,,,00-0032268,00-0033537,Marcus Mariota,Deshaun Watson,Mike Mularkey,Bill O'Brien,Jeff Triplette,HOU00,NRG Stadium,29.684722,-95.410833,2017-10-01 17:00:00+00:00,87.55000000000001,85.7,3.3499999999999996,5.0,11.5,12.5,0.0,0.0,0.0,0.0,0.0,0.0,0.0,4
2017_04_CAR_NE,2017,REG,4,2017-10-01,Sunday,13:00,CAR,33,NE,30,Home,-3,63,0,2017100107,57290,,201710010nwe,7973.0,400951727,,7,7,385.0,-450.0,9.0,-110.0,-100.0,48.0,-110.0,-100.0,0,outdoors,fieldturf,61.0,6.0,00-0027939,00-0019596,Cam Newton,Tom Brady,Ron Rivera,Bill Belichick,Jerome Boger,BOS00,Gillette Stadium,42.091,-71.264,2017-10-01 17:00:00+00:00,64.25,62.6,3.05,3.5,11.975000000000001,14.8,0.0,0.0,0.0,0.0,0.0,0.0,0.0,4
2017_04_JAX_NYJ,2017,REG,4,2017-10-01,Sunday,13:00,JAX,20,NYJ,23,Home,3,43,1,2017100108,57291,,201710010nyj,7976.0,400951730,,7,7,-195.0,175.0,-4.0,-100.0,-110.0,38.5,-107.0,-103.0,0,outdoors,fieldturf,64.0,5.0,00-0031407,00-0021206,Blake Bortles,Josh McCown,Doug Marrone,Todd Bowles,Gene Steratore,NYC01,MetLife Stadium,40.813528,-74.074361,2017-10-01 17:00:00+00:00,65.5,63.6,1.8250000000000002,3.4,10.299999999999999,13.2,0.0,0.0,0.0,0.0,0.0,0.0,0.0,4
2017_04_PHI_LAC,2017,REG,4,2017-10-01,Sunday,16:05,PHI,26,LAC,24,Home,-2,50,0,2017100110,57293,,201710010sdg,7981.0,400951738,,7,7,106.0,-117.0,1.5,-105.0,-105.0,48.0,-101.0,-109.0,0,outdoors,grass,72.0,6.0,00-0032950,00-0022942,Carson Wentz,Philip Rivers,Doug Pederson,Anthony Lynn,Carl Cheffers,LAX97,StubHub Center,33.864,-118.261,2017-10-01 20:05:00+00:00,74.75,75.0,8.875,9.4,18.5,19.2,0.0,0.0,0.0,0.0,0.0,0.0,0.0,4
2017_04_NYG_TB,2017,REG,4,2017-10-01,Sunday,16:05,NYG,23,TB,25,Home,2,48,0,2017100111,57294,,201710010tam,7980.0,400951742,,7,7,126.0,-139.0,2.5,-103.0,-107.0,46.0,-108.0,-102.0,0,outdoors,grass,91.0,8.0,00-0022803,00-0031503,Eli Manning,Jameis Winston,Ben McAdoo,Dirk Koetter,Craig Wrolstad,TAM00,Raymond James Stadium,27.975833,-82.503333,2017-10-01 20:05:00+00:00,78.05,79.7,12.025,13.6,21.849999999999998,23.7,0.125,0.4,0.5,0.0,0.0,0.0,0.125,4
2017_04_OAK_DEN,2017,REG,4,2017-10-01,Sunday,16:25,OAK,10,DEN,16,Home,6,26,0,2017100112,57295,,201710010den,7983.0,400951744,,7,7,166.0,-185.0,3.5,-102.0,-108.0,44.0,102.0,-113.0,1,outdoors,grass,72.0,7.0,00-0031280,00-0032156,Derek Carr,Trevor Siemian,Jack Del Rio,Vance Joseph,John Perry,DEN00,Sports Authority Field at Mile High,39.743889,-105.02,2017-10-01 20:25:00+00:00,68.4,71.4,11.475000000000001,13.6,22.650000000000002,27.1,0.225,0.8,0.9,0.0,0.0,0.0,0.225,4
2017_04_IND_SEA,2017,REG,4,2017-10-01,Sunday,20:30,IND,18,SEA,46,Home,28,64,0,2017100113,57296,,201710010sea,7984.0,400951747,,7,7,604.0,-750.0,12.5,-110.0,-100.0,41.5,-109.0,-101.0,0,outdoors,fieldturf,61.0,8.0,00-0033119,00-0029263,Jacoby Brissett,Russell Wilson,Chuck Pagano,Pete Carroll,Brad Allen,SEA00,CenturyLink Field,47.5952,-122.3316,2017-10-02 00:30:00+00:00,55.425000000000004,56.7,2.9499999999999997,4.7,8.15,12.5,0.0,0.0,0.0,0.0,0.0,0.0,0.0,4
2017_04_NO_MIA,2017,REG,4,2017-10-01,Sunday,21:30,NO,20,MIA,0,Neutral,-20,20,0,2017100100,57283,,201710010mia,7971.0,400950241,,7,7,-196.0,176.0,-4.0,-106.0,-104.0,51.5,-110.0,100.0,0,outdoors,grass,63.0,13.0,00-0020531,00-0024226,Drew Brees,Jay Cutler,Sean Payton,Adam Gase,Ed Hochuli,LON00,Wembley Stadium,51.555833,-0.279722,2017-10-02 01:30:00+00:00,57.775,57.4,14.25,14.9,27.35,27.7,0.0,0.0,0.0,0.0,0.0,0.0,0.0,4
2017_04_WAS_KC,2017,REG,4,2017-10-02,Monday,20:30,WAS,20,KC,29,Home,9,49,0,2017100200,57297,,201710020kan,7985.0,400951752,,8,8,239.0,-269.0,6.5,-110.0,-100.0,48.0,104.0,-115.0,0,outdoors,grass,82.0,14.0,00-0029604,00-0023436,Kirk Cousins,Alex Smith,Jay Gruden,Andy Reid,Walt Coleman,KAN00,Arrowhead Stadium,39.048889,-94.483889,2017-10-03 00:30:00+00:00,77.2,78.4,12.25,14.3,24.925000000000004,28.6,0.025,0.1,0.1,0.0,0.0,0.0,0.025,4
2017_05_NE_TB,2017,REG,5,2017-10-05,Thursday,20:25,NE,19,TB,14,Home,-5,33,0,2017100500,57298,,201710050tam,7986.0,400951552,,4,4,-180.0,162.0,-3.5,-100.0,-110.0,54.5,-103.0,-107.0,0,outdoors,grass,76.0,9.0,00-0019596,00-0031503,Tom Brady,Jameis Winston,Bill Belichick,Dirk Koetter,Carl Cheffers,TAM00,Raymond James Stadium,27.975833,-82.503333,2017-10-06 00:25:00+00:00,75.025,75.4,10.950000000000001,12.1,20.375,24.2,0.0,0.0,0.0,0.0,0.0,0.0,0.0,4
2017_05_BUF_CIN,2017,REG,5,2017-10-08,Sunday,13:00,BUF,16,CIN,20,Home,4,36,0,2017100800,57299,,201710080cin,7988.0,400951554,,7,7,136.0,-150.0,3.0,-108.0,-102.0,39.0,-110.0,-100.0,0,outdoors,fieldturf,63.0,10.0,00-0028118,00-0027973,Tyrod Taylor,Andy Dalton,Sean McDermott,Marvin Lewis,Peter Morelli,CIN00,Paul Brown Stadium,39.095,-84.516,2017-10-08 17:00:00+00:00,65.425,65.8,6.025,6.5,12.7,13.9,1.125,1.3,4.5,0.0,0.0,0.0,1.125,4
2017_05_NYJ_CLE,2017,REG,5,2017-10-08,Sunday,13:00,NYJ,17,CLE,14,Home,-3,31,0,2017100801,57300,,201710080cle,7992.0,400951556,,7,7,-122.0,111.0,-1.5,-107.0,-103.0,41.5,-105.0,-105.0,0,outdoors,grass,67.0,8.0,00-0021206,00-0033899,Josh McCown,DeShone Kizer,Todd Bowles,Hue Jackson,Walt Anderson,CLE00,FirstEnergy Stadium,41.506111,-81.699444,2017-10-08 17:00:00+00:00,66.375,67.9,7.375,7.9,15.525,16.3,0.0,0.0,0.0,0.0,0.0,0.0,0.0,4
2017_05_TEN_MIA,2017,REG,5,2017-10-08,Sunday,13:00,TEN,10,MIA,16,Home,6,26,0,2017100804,57303,,201710080mia,7994.0,400951646,,7,7,102.0,-113.0,-0.0,-100.0,-110.0,41.5,-109.0,-101.0,0,outdoors,grass,89.0,9.0,00-0023662,00-0024226,Matt Cassel,Jay Cutler,Mike Mularkey,Adam Gase,Bill Vinovich,MIA00,Hard Rock Stadium,25.958056,-80.238889,2017-10-08 17:00:00+00:00,86.775,87.1,6.65,8.1,15.775,17.0,0.1,0.3,0.4,0.0,0.0,0.0,0.1,4
2017_05_LAC_NYG,2017,REG,5,2017-10-08,Sunday,13:00,LAC,27,NYG,22,Home,-5,49,0,2017100805,57304,,201710080nyg,7991.0,400951650,,7,7,144.0,-160.0,3.0,-104.0,-106.0,45.5,-102.0,-108.0,0,outdoors,fieldturf,76.0,7.0,00-0022942,00-0022803,Philip Rivers,Eli Manning,Anthony Lynn,Ben McAdoo,Jeff Triplette,NYC01,MetLife Stadium,40.813528,-74.074361,2017-10-08 17:00:00+00:00,76.44999999999999,74.8,13.249999999999998,15.2,26.0,28.9,0.07500000000000001,0.2,0.30000000000000004,0.0,0.0,0.0,0.07500000000000001,4
2017_05_ARI_PHI,2017,REG,5,2017-10-08,Sunday,13:00,ARI,7,PHI,34,Home,27,41,0,2017100806,57305,,201710080phi,7987.0,400951651,,7,7,226.0,-254.0,6.0,100.0,-110.0,45.0,104.0,-115.0,0,outdoors,grass,77.0,10.0,00-0021429,00-0032950,Carson Palmer,Carson Wentz,Bruce Arians,Doug Pederson,John Hussey,PHI00,Lincoln Financial Field,39.900833,-75.1675,2017-10-08 17:00:00+00:00,76.0,75.6,10.175,10.8,20.0,22.1,0.24999999999999997,0.4,0.9999999999999999,0.0,0.0,0.0,0.24999999999999997,4
2017_05_JAX_PIT,2017,REG,5,2017-10-08,Sunday,13:00,JAX,30,PIT,9,Home,-21,39,0,2017100807,57306,,201710080pit,7990.0,400951655,,7,7,289.0,-330.0,7.5,-123.0,111.0,41.0,-118.0,107.0,0,outdoors,grass,73.0,9.0,00-0031407,00-0022924,Blake Bortles,Ben Roethlisberger,Doug Marrone,Mike Tomlin,John Parry,PIT00,Heinz Field,40.446667,-80.015833,2017-10-08 17:00:00+00:00,73.65,73.9,5.925,7.9,15.925,18.3,0.0,0.0,0.0,0.0,0.0,0.0,0.0,4
2017_05_SEA_LA,2017,REG,5,2017-10-08,Sunday,16:05,SEA,16,LA,10,Home,-6,26,0,2017100808,57307,,201710080ram,7996.0,400951657,,7,7,120.0,-133.0,2.0,102.0,-113.0,46.5,-101.0,-109.0,1,outdoors,grass,78.0,0.0,00-0029263,00-0033106,Russell Wilson,Jared Goff,Pete Carroll,Sean McVay,Gene Steratore,LAX99,Los Angeles Memorial Coliseum,34.014167,-118.287778,2017-10-08 20:05:00+00:00,79.0,79.2,8.85,9.0,18.5,18.8,0.0,0.0,0.0,0.0,0.0,0.0,0.0,4
2017_05_BAL_OAK,2017,REG,5,2017-10-08,Sunday,16:05,BAL,30,OAK,17,Home,-13,47,0,2017100809,57308,,201710080rai,7995.0,400951659,,7,7,140.0,-155.0,3.0,-105.0,-105.0,40.5,-110.0,-100.0,0,outdoors,grass,72.0,8.0,00-0026158,00-0030526,Joe Flacco,EJ Manuel,John Harbaugh,Jack Del Rio,Brad Allen,OAK00,Oakland-Alameda County Coliseum,37.751667,-122.200556,2017-10-08 20:05:00+00:00,77.725,78.0,6.175,6.8,16.875,18.1,0.0,0.0,0.0,0.0,0.0,0.0,0.0,4
2017_05_MIN_CHI,2017,REG,5,2017-10-09,Monday,20:30,MIN,20,CHI,17,Home,-3,37,0,2017100900,57311,,201710090chi,7999.0,400951691,,8,11,-177.0,159.0,-3.5,103.0,-114.0,41.0,-102.0,-108.0,1,outdoors,grass,70.0,10.0,00-0027854,00-0033869,Sam Bradford,Mitch Trubisky,Mike Zimmer,John Fox,Jerome Boger,CHI98,Soldier Field,41.8623,-87.6167,2017-10-10 00:30:00+00:00,66.6,68.3,10.675,13.8,15.299999999999999,20.1,0.0,0.0,0.0,0.0,0.0,0.0,0.0,4
2017_06_PHI_CAR,2017,REG,6,2017-10-12,Thursday,20:25,PHI,28,CAR,23,Home,-5,51,0,2017101200,57312,,201710120car,8000.0,400951695,,4,4,134.0,-148.0,3.0,-113.0,102.0,44.0,106.0,-117.0,0,outdoors,grass,72.0,6.0,00-0032950,00-0027939,Carson Wentz,Cam Newton,Doug Pederson,Ron Rivera,Peter Morelli,CAR00,Bank of America Stadium,35.225833,-80.852778,2017-10-13 00:25:00+00:00,70.47500000000001,71.4,9.725000000000001,10.8,15.7,18.1,0.44999999999999996,0.6,1.7999999999999998,0.0,0.0,0.0,0.44999999999999996,4
2017_06_CHI_BAL,2017,REG,6,2017-10-15,Sunday,13:00,CHI,27,BAL,24,Home,-3,51,1,2017101501,57314,,201710150rav,8001.0,400951699,,6,7,201.0,-225.0,5.5,-109.0,-101.0,39.5,-113.0,102.0,0,outdoors,grass,69.0,7.0,00-0033869,00-0026158,Mitch Trubisky,Joe Flacco,John Fox,John Harbaugh,Ed Hochuli,BAL00,M&T Bank Stadium,39.278056,-76.622778,2017-10-15 17:00:00+00:00,73.175,70.4,10.450000000000001,10.8,20.425,20.8,0.0,0.0,0.0,0.0,0.0,0.0,0.0,4
2017_06_NE_NYJ,2017,REG,6,2017-10-15,Sunday,13:00,NE,24,NYJ,17,Home,-7,41,0,2017101505,57318,,201710150nyj,8006.0,400951766,,10,7,-400.0,346.0,-9.0,-105.0,-105.0,48.5,-107.0,-103.0,1,outdoors,fieldturf,73.0,13.0,00-0019596,00-0021206,Tom Brady,Josh McCown,Bill Belichick,Todd Bowles,Tony Corrente,NYC01,MetLife Stadium,40.813528,-74.074361,2017-10-15 17:00:00+00:00,73.4,71.9,13.725,14.6,25.925,27.3,0.0,0.0,0.0,0.0,0.0,0.0,0.0,4
2017_06_SF_WAS,2017,REG,6,2017-10-15,Sunday,13:00,SF,24,WAS,26,Home,2,50,0,2017101506,57319,,201710150was,8007.0,400951767,,7,13,408.0,-480.0,12.0,-119.0,108.0,46.0,-105.0,-105.0,0,outdoors,grass,68.0,4.0,00-0026625,00-0029604,Brian Hoyer,Kirk Cousins,Kyle Shanahan,Jay Gruden,John Parry,WAS00,FedExField,38.907778,-76.864444,2017-10-15 17:00:00+00:00,74.675,71.0,9.9,10.1,24.375,24.8,0.0,0.0,0.0,0.0,0.0,0.0,0.0,4
2017_06_LA_JAX,2017,REG,6,2017-10-15,Sunday,16:05,LA,27,JAX,17,Home,-10,44,0,2017101508,57321,,201710150jax,8008.0,400951773,,7,7,104.0,-115.0,1.0,-102.0,-108.0,42.0,-100.0,-110.0,0,outdoors,grass,88.0,10.0,00-0033106,00-0031407,Jared Goff,Blake Bortles,Sean McVay,Doug Marrone,Walt Coleman,JAX00,EverBank Field,30.323889,-81.6375,2017-10-15 20:05:00+00:00,77.55000000000001,78.4,8.65,9.8,17.5,20.4,0.35,0.6,1.4,0.0,0.0,0.0,0.35,4
2017_06_PIT_KC,2017,REG,6,2017-10-15,Sunday,16:25,PIT,19,KC,13,Home,-6,32,0,2017101509,57322,,201710150kan,8011.0,400951776,,7,7,153.0,-170.0,3.5,-123.0,111.0,46.5,-105.0,-105.0,0,outdoors,grass,60.0,14.0,00-0022924,00-0023436,Ben Roethlisberger,Alex Smith,Mike Tomlin,Andy Reid,Carl Cheffers,KAN00,Arrowhead Stadium,39.048889,-94.483889,2017-10-15 20:25:00+00:00,57.474999999999994,57.8,9.85,11.1,24.150000000000002,25.9,0.0,0.0,0.0,0.0,0.0,0.0,0.0,4
2017_06_LAC_OAK,2017,REG,6,2017-10-15,Sunday,16:25,LAC,17,OAK,16,Home,-1,33,0,2017101510,57323,,201710150rai,8010.0,400951779,,7,7,140.0,-155.0,3.0,-104.0,-106.0,48.5,106.0,-117.0,1,outdoors,grass,76.0,9.0,00-0022942,00-0031280,Philip Rivers,Derek Carr,Anthony Lynn,Jack Del Rio,Clete Blakeman,OAK00,Oakland-Alameda County Coliseum,37.751667,-122.200556,2017-10-15 20:25:00+00:00,83.89999999999999,82.0,2.025,3.3,10.35,13.2,0.0,0.0,0.0,0.0,0.0,0.0,0.0,4
2017_06_NYG_DEN,2017,REG,6,2017-10-15,Sunday,20:30,NYG,23,DEN,10,Home,-13,33,0,2017101511,57324,,201710150den,8012.0,400951782,,7,14,569.0,-700.0,14.0,-113.0,102.0,37.5,104.0,-115.0,0,outdoors,grass,61.0,4.0,00-0022803,00-0032156,Eli Manning,Trevor Siemian,Ben McAdoo,Vance Joseph,Bill Vinovich,DEN00,Sports Authority Field at Mile High,39.743889,-105.02,2017-10-16 00:30:00+00:00,48.25,53.3,5.925,6.5,8.725000000000001,10.1,0.0,0.0,0.0,0.0,0.0,0.0,0.0,4
2017_06_IND_TEN,2017,REG,6,2017-10-16,Monday,20:30,IND,22,TEN,36,Home,14,58,0,2017101600,57325,,201710160oti,8013.0,400951785,,8,8,250.0,-283.0,7.0,-109.0,-101.0,46.0,102.0,-113.0,1,outdoors,grass,57.0,7.0,00-0033119,00-0032268,Jacoby Brissett,Marcus Mariota,Chuck Pagano,Mike Mularkey,Walt Anderson,NAS00,Nissan Stadium,36.166389,-86.771389,2017-10-17 00:30:00+00:00,54.324999999999996,56.1,4.825,5.0,8.725000000000001,9.8,0.0,0.0,0.0,0.0,0.0,0.0,0.0,4
2017_07_KC_OAK,2017,REG,7,2017-10-19,Thursday,20:25,KC,30,OAK,31,Home,1,61,0,2017101900,57326,,201710190rai,8014.0,400951571,,4,4,-155.0,140.0,-3.0,-106.0,-104.0,46.5,102.0,-113.0,1,outdoors,grass,62.0,1.0,00-0023436,00-0031280,Alex Smith,Derek Carr,Andy Reid,Jack Del Rio,Craig Wrolstad,OAK00,Oakland-Alameda County Coliseum,37.751667,-122.200556,2017-10-20 00:25:00+00:00,60.575,61.1,6.9750000000000005,8.5,17.075,20.4,0.125,0.3,0.5,0.0,0.0,0.0,0.125,4
2017_07_TB_BUF,2017,REG,7,2017-10-22,Sunday,13:00,TB,27,BUF,30,Home,3,57,0,2017102200,57327,,201710220buf,8022.0,400951575,,7,14,150.0,-166.0,3.0,105.0,-116.0,46.5,-108.0,-102.0,0,outdoors,a_turf,74.0,9.0,00-0031503,00-0028118,Jameis Winston,Tyrod Taylor,Dirk Koetter,Sean McDermott,Clete Blakeman,BUF00,New Era Field,42.774,-78.787,2017-10-22 17:00:00+00:00,75.19999999999999,74.3,7.125,7.8,16.950000000000003,17.9,0.0,0.0,0.0,0.0,0.0,0.0,0.0,4
2017_07_CAR_CHI,2017,REG,7,2017-10-22,Sunday,13:00,CAR,3,CHI,17,Home,14,20,0,2017102201,57328,,201710220chi,8017.0,400951578,,10,7,-139.0,126.0,-2.5,-114.0,103.0,39.5,-100.0,-110.0,0,outdoors,grass,70.0,15.0,00-0027939,00-0033869,Cam Newton,Mitch Trubisky,Ron Rivera,John Fox,Walt Anderson,CHI98,Soldier Field,41.8623,-87.6167,2017-10-22 17:00:00+00:00,69.7,69.8,16.400000000000002,17.7,25.825,28.0,0.25,0.8,1.0,0.0,0.0,0.0,0.25,4
2017_07_TEN_CLE,2017,REG,7,2017-10-22,Sunday,13:00,TEN,12,CLE,9,Home,-3,21,1,2017102202,57329,,201710220cle,8023.0,400951582,,6,7,-230.0,205.0,-5.5,-105.0,-105.0,42.5,-102.0,-108.0,0,outdoors,grass,74.0,12.0,00-0032268,00-0033899,Marcus Mariota,DeShone Kizer,Mike Mularkey,Hue Jackson,Terry McAulay,CLE00,FirstEnergy Stadium,41.506111,-81.699444,2017-10-22 17:00:00+00:00,73.92500000000001,72.3,11.75,12.0,19.075,19.9,0.0,0.0,0.0,0.0,0.0,0.0,0.0,4
2017_07_NO_GB,2017,REG,7,2017-10-22,Sunday,13:00,NO,26,GB,17,Home,-9,43,0,2017102203,57330,,201710220gnb,8020.0,400951585,,7,7,-190.0,171.0,-3.5,-113.0,102.0,45.5,-104.0,-106.0,0,outdoors,grass,52.0,10.0,00-0020531,00-0031589,Drew Brees,Brett Hundley,Sean Payton,Mike McCarthy,Jerome Boger,GNB00,Lambeau Field,44.501389,-88.062222,2017-10-22 17:00:00+00:00,54.475,55.2,7.875000000000001,9.8,18.175000000000004,21.3,0.6250000000000001,1.6,2.5000000000000004,0.0,0.0,0.0,0.6250000000000001,4
2017_07_ARI_LA,2017,REG,7,2017-10-22,Sunday,13:00,ARI,0,LA,33,Neutral,33,33,0,2017102205,57332,,201710220ram,8015.0,400951593,,7,7,148.0,-164.0,3.0,106.0,-117.0,45.5,-103.0,-107.0,1,outdoors,grass,54.0,10.0,00-0021429,00-0033106,Carson Palmer,Jared Goff,Bruce Arians,Sean McVay,Brad Allen,LON01,Twickenham Stadium,51.456111,-0.341667,2017-10-22 17:00:00+00:00,51.85,52.6,12.25,13.0,24.175,25.3,0.0,0.0,0.0,0.0,0.0,0.0,0.0,4
2017_07_NYJ_MIA,2017,REG,7,2017-10-22,Sunday,13:00,NYJ,28,MIA,31,Home,3,59,0,2017102206,57333,,201710220mia,8021.0,400951598,,7,7,144.0,-160.0,3.0,-104.0,-106.0,40.0,-102.0,-108.0,1,outdoors,grass,86.0,18.0,00-0021206,00-0024226,Josh McCown,Jay Cutler,Todd Bowles,Adam Gase,Walt Coleman,MIA00,Hard Rock Stadium,25.958056,-80.238889,2017-10-22 17:00:00+00:00,84.25,85.0,13.674999999999999,14.0,27.175,27.7,0.025,0.1,0.1,0.0,0.0,0.0,0.025,4
2017_07_DAL_SF,2017,REG,7,2017-10-22,Sunday,16:05,DAL,40,SF,10,Home,-30,50,0,2017102209,57336,,201710220sfo,8024.0,400951619,,14,7,-265.0,235.0,-6.5,-103.0,-107.0,48.0,-103.0,-107.0,0,outdoors,grass,68.0,10.0,00-0033077,00-0033936,Dak Prescott,C.J. Beathard,Jason Garrett,Kyle Shanahan,Ron Torbert,SFO01,Levi's Stadium,37.403,-121.97,2017-10-22 20:05:00+00:00,69.375,68.0,11.45,13.0,21.025,22.8,0.0,0.0,0.0,0.0,0.0,0.0,0.0,4
2017_07_DEN_LAC,2017,REG,7,2017-10-22,Sunday,16:25,DEN,0,LAC,21,Home,21,21,0,2017102210,57337,,201710220sdg,8025.0,400951624,,7,7,-105.0,-105.0,-1.0,-100.0,-110.0,41.0,-109.0,-101.0,1,outdoors,grass,90.0,4.0,00-0032156,00-0022942,Trevor Siemian,Philip Rivers,Vance Joseph,Anthony Lynn,John Hussey,LAX97,StubHub Center,33.864,-118.261,2017-10-22 20:25:00+00:00,89.5,92.0,8.775,11.3,17.625,20.8,0.0,0.0,0.0,0.0,0.0,0.0,0.0,4
2017_07_SEA_NYG,2017,REG,7,2017-10-22,Sunday,16:25,SEA,24,NYG,7,Home,-17,31,0,2017102211,57338,,201710220nyg,8026.0,400951628,,14,7,-208.0,186.0,-4.0,-110.0,-100.0,39.0,-102.0,-108.0,0,outdoors,fieldturf,75.0,7.0,00-0029263,00-0022803,Russell Wilson,Eli Manning,Pete Carroll,Ben McAdoo,Tony Corrente,NYC01,MetLife Stadium,40.813528,-74.074361,2017-10-22 20:25:00+00:00,64.325,68.9,7.249999999999999,8.1,14.1,16.1,0.0,0.0,0.0,0.0,0.0,0.0,0.0,4
2017_07_CIN_PIT,2017,REG,7,2017-10-22,Sunday,16:25,CIN,14,PIT,29,Home,15,43,0,2017102208,57335,,201710220pit,8018.0,400951609,,14,7,179.0,-199.0,4.0,-100.0,-110.0,40.0,-110.0,100.0,1,outdoors,grass,79.0,6.0,00-0027973,00-0022924,Andy Dalton,Ben Roethlisberger,Marvin Lewis,Mike Tomlin,Bill Vinovich,PIT00,Heinz Field,40.446667,-80.015833,2017-10-22 20:25:00+00:00,70.0,74.0,5.6,7.5,13.3,16.3,0.0,0.0,0.0,0.0,0.0,0.0,0.0,4
2017_07_ATL_NE,2017,REG,7,2017-10-22,Sunday,20:30,ATL,7,NE,23,Home,16,30,0,2017102212,57339,,201710220nwe,8027.0,400951638,,7,7,136.0,-150.0,3.0,-115.0,104.0,56.5,-101.0,-109.0,0,outdoors,fieldturf,56.0,2.0,00-0026143,00-0019596,Matt Ryan,Tom Brady,Dan Quinn,Bill Belichick,Gene Steratore,BOS00,Gillette Stadium,42.091,-71.264,2017-10-23 00:30:00+00:00,54.875,56.7,3.5749999999999997,5.2,6.7250000000000005,8.5,0.0,0.0,0.0,0.0,0.0,0.0,0.0,4
2017_07_WAS_PHI,2017,REG,7,2017-10-23,Monday,20:30,WAS,24,PHI,34,Home,10,58,0,2017102300,57340,,201710230phi,8028.0,400951641,,8,11,201.0,-225.0,5.0,-107.0,-103.0,48.5,100.0,-110.0,1,outdoors,grass,70.0,9.0,00-0029604,00-0032950,Kirk Cousins,Carson Wentz,Jay Gruden,Doug Pederson,Ed Hochuli,PHI00,Lincoln Financial Field,39.900833,-75.1675,2017-10-24 00:30:00+00:00,68.8,67.8,12.525,13.3,22.5,23.9,0.0,0.0,0.0,0.0,0.0,0.0,0.0,4
2017_08_MIA_BAL,2017,REG,8,2017-10-26,Thursday,20:25,MIA,0,BAL,40,Home,40,40,0,2017102600,57341,,201710260rav,8029.0,400951670,,4,4,141.0,-156.0,3.0,-103.0,-107.0,38.0,-104.0,-106.0,0,outdoors,grass,56.0,9.0,00-0025708,00-0026158,Matt Moore,Joe Flacco,Adam Gase,John Harbaugh,John Parry,BAL00,M&T Bank Stadium,39.278056,-76.622778,2017-10-27 00:25:00+00:00,48.5,53.0,5.1,5.9,10.225000000000001,13.6,0.0,0.0,0.0,0.0,0.0,0.0,0.0,4
2017_08_OAK_BUF,2017,REG,8,2017-10-29,Sunday,13:00,OAK,14,BUF,34,Home,20,48,0,2017102901,57343,,201710290buf,8036.0,400951706,,10,7,116.0,-128.0,2.5,-104.0,-106.0,47.0,-106.0,-104.0,0,outdoors,a_turf,42.0,7.0,00-0031280,00-0028118,Derek Carr,Tyrod Taylor,Jack Del Rio,Sean McDermott,Ed Hochuli,BUF00,New Era Field,42.774,-78.787,2017-10-29 17:00:00+00:00,41.325,41.3,7.625,9.0,17.200000000000003,19.5,0.7999999999999999,1.7,3.1999999999999997,0.0,0.0,0.0,0.7999999999999999,4
2017_08_IND_CIN,2017,REG,8,2017-10-29,Sunday,13:00,IND,23,CIN,24,Home,1,47,0,2017102902,57344,,201710290cin,8034.0,400951711,,7,7,423.0,-500.0,11.0,-110.0,-100.0,44.0,100.0,-110.0,0,outdoors,fieldturf,39.0,9.0,00-0033119,00-0027973,Jacoby Brissett,Andy Dalton,Chuck Pagano,Marvin Lewis,Jerome Boger,CIN00,Paul Brown Stadium,39.095,-84.516,2017-10-29 17:00:00+00:00,40.85000000000001,40.1,8.75,9.7,19.474999999999998,21.3,0.0,0.0,0.0,0.0,0.0,0.0,0.0,4
2017_08_LAC_NE,2017,REG,8,2017-10-29,Sunday,13:00,LAC,13,NE,21,Home,8,34,0,2017102903,57345,,201710290nwe,8035.0,400951715,,7,7,241.0,-272.0,6.5,-100.0,-110.0,49.5,-105.0,-105.0,0,outdoors,fieldturf,62.0,8.0,00-0022942,00-0019596,Philip Rivers,Tom Brady,Anthony Lynn,Bill Belichick,Peter Morelli,BOS00,Gillette Stadium,42.091,-71.264,2017-10-29 17:00:00+00:00,63.849999999999994,63.8,10.700000000000001,11.9,24.174999999999997,26.4,0.025,0.1,0.1,0.0,0.0,0.0,0.025,4
2017_08_ATL_NYJ,2017,REG,8,2017-10-29,Sunday,13:00,ATL,25,NYJ,20,Home,-5,45,0,2017102905,57347,,201710290nyj,8031.0,400951721,,7,7,-280.0,248.0,-6.5,-113.0,102.0,43.5,-119.0,108.0,0,outdoors,fieldturf,63.0,5.0,00-0026143,00-0021206,Matt Ryan,Josh McCown,Dan Quinn,Todd Bowles,Craig Wrolstad,NYC01,MetLife Stadium,40.813528,-74.074361,2017-10-29 17:00:00+00:00,63.85,62.5,13.700000000000001,18.1,26.775,33.8,2.475,4.0,9.9,0.0,0.0,0.0,2.475,4
2017_08_SF_PHI,2017,REG,8,2017-10-29,Sunday,13:00,SF,10,PHI,33,Home,23,43,0,2017102906,57348,,201710290phi,8037.0,400951723,,7,6,604.0,-750.0,13.0,-100.0,-110.0,45.0,-101.0,-109.0,0,outdoors,grass,67.0,12.0,00-0033936,00-0032950,C.J. Beathard,Carson Wentz,Kyle Shanahan,Doug Pederson,Clete Blakeman,PHI00,Lincoln Financial Field,39.900833,-75.1675,2017-10-29 17:00:00+00:00,65.57499999999999,63.7,12.075000000000001,14.3,28.45,33.3,2.4,3.3,9.6,0.0,0.0,0.0,2.4,4
2017_08_CAR_TB,2017,REG,8,2017-10-29,Sunday,13:00,CAR,17,TB,3,Home,-14,20,0,2017102907,57349,,201710290tam,8032.0,400951725,,7,7,111.0,-123.0,1.5,-100.0,-110.0,46.0,102.0,-113.0,1,outdoors,grass,63.0,13.0,00-0027939,00-0031503,Cam Newton,Jameis Winston,Ron Rivera,Dirk Koetter,Walt Coleman,TAM00,Raymond James Stadium,27.975833,-82.503333,2017-10-29 17:00:00+00:00,62.55,63.3,20.225,20.9,35.75,36.5,0.0,0.0,0.0,0.0,0.0,0.0,0.0,4
2017_08_HOU_SEA,2017,REG,8,2017-10-29,Sunday,16:05,HOU,38,SEA,41,Home,3,79,0,2017102908,57350,,201710290sea,8038.0,400951729,,14,7,222.0,-250.0,6.0,-108.0,-102.0,45.0,-105.0,-105.0,0,outdoors,fieldturf,50.0,2.0,00-0033537,00-0029263,Deshaun Watson,Russell Wilson,Bill O'Brien,Pete Carroll,Terry McAulay,SEA00,CenturyLink Field,47.5952,-122.3316,2017-10-29 20:05:00+00:00,55.75,53.6,7.45,10.3,15.700000000000001,19.9,0.0,0.0,0.0,0.0,0.0,0.0,0.0,4
2017_08_DAL_WAS,2017,REG,8,2017-10-29,Sunday,16:25,DAL,33,WAS,19,Home,-14,52,0,2017102909,57351,,201710290was,8039.0,400951732,,7,6,-167.0,151.0,-3.0,-115.0,104.0,46.5,-113.0,102.0,1,outdoors,grass,60.0,4.0,00-0033077,00-0029604,Dak Prescott,Kirk Cousins,Jason Garrett,Jay Gruden,Walt Anderson,WAS00,FedExField,38.907778,-76.864444,2017-10-29 20:25:00+00:00,55.325,58.6,9.825,11.9,21.225,24.6,0.55,0.8,2.2,0.0,0.0,0.0,0.55,4
2017_08_MIN_CLE,2017,REG,8,2017-10-29,Sunday,21:30,MIN,33,CLE,16,Neutral,-17,49,0,2017102900,57342,,201710290cle,8030.0,400951683,,7,7,-480.0,408.0,-11.0,-108.0,-102.0,38.5,-113.0,102.0,0,outdoors,grass,56.0,11.0,00-0028986,00-0033899,Case Keenum,DeShone Kizer,Mike Zimmer,Hue Jackson,Jeff Triplette,LON01,Twickenham Stadium,51.456111,-0.341667,2017-10-30 01:30:00+00:00,39.7,41.1,4.75,5.2,8.375,9.6,0.0,0.0,0.0,0.0,0.0,0.0,0.0,4
2017_08_DEN_KC,2017,REG,8,2017-10-30,Monday,20:30,DEN,19,KC,29,Home,10,48,0,2017103000,57353,,201710300kan,8041.0,400951737,,8,11,273.0,-310.0,7.0,-107.0,-103.0,42.0,102.0,-113.0,1,outdoors,grass,44.0,12.0,00-0032156,00-0023436,Trevor Siemian,Alex Smith,Vance Joseph,Andy Reid,Tony Corrente,KAN00,Arrowhead Stadium,39.048889,-94.483889,2017-10-31 00:30:00+00:00,40.150000000000006,42.0,9.549999999999999,10.2,20.275000000000002,22.8,0.0,0.0,0.0,0.0,0.0,0.0,0.0,4
2017_09_BUF_NYJ,2017,REG,9,2017-11-02,Thursday,20:25,BUF,21,NYJ,34,Home,13,55,0,2017110200,57354,,201711020nyj,8042.0,400951743,,4,4,-175.0,158.0,-3.0,-124.0,112.0,42.0,-108.0,-102.0,1,outdoors,fieldturf,68.0,11.0,00-0028118,00-0021206,Tyrod Taylor,Josh McCown,Sean McDermott,Todd Bowles,Jerome Boger,NYC01,MetLife Stadium,40.813528,-74.074361,2017-11-03 00:25:00+00:00,62.2,63.6,7.949999999999999,9.4,15.175000000000002,16.8,0.0,0.0,0.0,0.0,0.0,0.0,0.0,4
2017_09_ATL_CAR,2017,REG,9,2017-11-05,Sunday,13:00,ATL,17,CAR,20,Home,3,37,0,2017110500,57355,,201711050car,8043.0,400951749,,7,7,-148.0,134.0,-3.0,104.0,-115.0,42.0,102.0,-113.0,1,outdoors,grass,61.0,4.0,00-0026143,00-0027939,Matt Ryan,Cam Newton,Dan Quinn,Ron Rivera,Tony Corrente,CAR00,Bank of America Stadium,35.225833,-80.852778,2017-11-05 18:00:00+00:00,67.725,66.7,4.9,5.8,11.25,11.4,0.0,0.0,0.0,0.0,0.0,0.0,0.0,4
2017_09_CIN_JAX,2017,REG,9,2017-11-05,Sunday,13:00,CIN,7,JAX,23,Home,16,30,0,2017110502,57357,,201711050jax,8045.0,400951753,,7,14,205.0,-230.0,6.0,-110.0,-100.0,38.0,-107.0,-103.0,0,outdoors,grass,78.0,12.0,00-0027973,00-0031407,Andy Dalton,Blake Bortles,Marvin Lewis,Doug Marrone,Brad Allen,JAX00,EverBank Field,30.323889,-81.6375,2017-11-05 18:00:00+00:00,74.2,74.8,12.25,13.3,22.099999999999998,23.3,0.025,0.1,0.1,0.0,0.0,0.0,0.025,4
2017_09_LA_NYG,2017,REG,9,2017-11-05,Sunday,13:00,LA,51,NYG,17,Home,-34,68,0,2017110504,57359,,201711050nyg,8048.0,400951758,,14,14,-247.0,220.0,-5.5,-113.0,102.0,42.5,-102.0,-108.0,0,outdoors,fieldturf,56.0,6.0,00-0033106,00-0022803,Jared Goff,Eli Manning,Sean McVay,Ben McAdoo,Ed Hochuli,NYC01,MetLife Stadium,40.813528,-74.074361,2017-11-05 18:00:00+00:00,60.60000000000001,60.1,7.425,7.8,14.475,15.0,0.0,0.0,0.0,0.0,0.0,0.0,0.0,4
2017_09_DEN_PHI,2017,REG,9,2017-11-05,Sunday,13:00,DEN,23,PHI,51,Home,28,74,0,2017110505,57360,,201711050phi,8046.0,400951760,,6,7,264.0,-300.0,7.0,-114.0,103.0,41.0,-102.0,-108.0,0,outdoors,grass,61.0,5.0,00-0029682,00-0032950,Brock Osweiler,Carson Wentz,Vance Joseph,Doug Pederson,Gene Steratore,PHI00,Lincoln Financial Field,39.900833,-75.1675,2017-11-05 18:00:00+00:00,65.30000000000001,64.9,4.0,6.8,10.299999999999999,15.0,0.0,0.0,0.0,0.0,0.0,0.0,0.0,4
2017_09_BAL_TEN,2017,REG,9,2017-11-05,Sunday,13:00,BAL,20,TEN,23,Home,3,43,0,2017110506,57361,,201711050oti,8044.0,400951761,,10,14,155.0,-172.0,3.0,107.0,-118.0,41.0,102.0,-113.0,0,outdoors,grass,75.0,10.0,00-0026158,00-0032268,Joe Flacco,Marcus Mariota,John Harbaugh,Mike Mularkey,John Hussey,NAS00,Nissan Stadium,36.166389,-86.771389,2017-11-05 18:00:00+00:00,73.5,71.6,15.375,18.0,30.85,33.3,0.025,0.1,0.1,0.0,0.0,0.0,0.025,4
2017_09_WAS_SEA,2017,REG,9,2017-11-05,Sunday,16:05,WAS,17,SEA,14,Home,-3,31,0,2017110508,57363,,201711050sea,8051.0,400951765,,7,7,338.0,-390.0,8.0,-105.0,-105.0,44.5,-103.0,-107.0,0,outdoors,fieldturf,36.0,11.0,00-0029604,00-0029263,Kirk Cousins,Russell Wilson,Jay Gruden,Pete Carroll,Ron Torbert,SEA00,CenturyLink Field,47.5952,-122.3316,2017-11-05 21:05:00+00:00,39.95,40.1,14.1,17.2,30.525000000000002,34.2,0.07500000000000001,0.2,0.30000000000000004,0.0,0.0,0.0,0.07500000000000001,4
2017_09_ARI_SF,2017,REG,9,2017-11-05,Sunday,16:05,ARI,20,SF,10,Home,-10,30,0,2017110507,57362,,201711050sfo,8050.0,400951763,,14,7,-130.0,118.0,-2.5,-102.0,-108.0,39.0,-104.0,-106.0,1,outdoors,grass,61.0,8.0,00-0025430,00-0033936,Drew Stanton,C.J. Beathard,Bruce Arians,Kyle Shanahan,Craig Wrolstad,SFO01,Levi's Stadium,37.403,-121.97,2017-11-05 21:05:00+00:00,59.45,59.6,8.275,10.0,16.725,18.1,0.0,0.0,0.0,0.0,0.0,0.0,0.0,4
2017_09_OAK_MIA,2017,REG,9,2017-11-05,Sunday,20:30,OAK,27,MIA,24,Home,-3,51,0,2017110510,57365,,201711050mia,8053.0,400951787,,7,10,-155.0,140.0,-3.0,-110.0,100.0,44.5,-100.0,-110.0,0,outdoors,grass,77.0,2.0,00-0031280,00-0024226,Derek Carr,Jay Cutler,Jack Del Rio,Adam Gase,Terry McAulay,MIA00,Hard Rock Stadium,25.958056,-80.238889,2017-11-06 01:30:00+00:00,71.25,72.1,3.825,5.2,7.4,10.1,0.07500000000000001,0.2,0.30000000000000004,0.0,0.0,0.0,0.07500000000000001,4
2017_09_DET_GB,2017,REG,9,2017-11-06,Monday,20:30,DET,30,GB,17,Home,-13,47,0,2017110600,57366,,201711060gnb,8054.0,400951790,,8,15,-130.0,118.0,-2.5,-108.0,-102.0,42.5,-110.0,-100.0,1,outdoors,grass,35.0,3.0,00-0026498,00-0031589,Matthew Stafford,Brett Hundley,Jim Caldwell,Mike McCarthy,Clete Blakeman,GNB00,Lambeau Field,44.501389,-88.062222,2017-11-07 01:30:00+00:00,33.974999999999994,34.0,5.074999999999999,5.8,9.475,11.0,0.0,0.0,0.0,0.0,0.0,0.0,0.0,4
2017_10_SEA_ARI,2017,REG,10,2017-11-09,Thursday,20:25,SEA,22,ARI,16,Home,-6,38,0,2017110900,57367,,201711090crd,8055.0,400951553,,4,4,-245.0,218.0,-6.0,-101.0,-109.0,40.0,-109.0,-101.0,1,open,grass,,,00-0029263,00-0025430,Russell Wilson,Drew Stanton,Pete Carroll,Bruce Arians,Walt Anderson,PHO00,University of Phoenix Stadium,33.528,-112.263,2017-11-10 01:25:00+00:00,73.975,77.5,4.45,4.8,7.275,8.5,0.0,0.0,0.0,0.0,0.0,0.0,0.0,4
2017_10_NO_BUF,2017,REG,10,2017-11-12,Sunday,13:00,NO,47,BUF,10,Home,-37,57,0,2017111200,57368,,201711120buf,8061.0,400951555,,7,10,-128.0,116.0,-2.0,-107.0,-103.0,48.5,101.0,-111.0,0,outdoors,a_turf,42.0,2.0,00-0020531,00-0028118,Drew Brees,Tyrod Taylor,Sean Payton,Sean McDermott,Terry McAulay,BUF00,New Era Field,42.774,-78.787,2017-11-12 18:00:00+00:00,40.55,41.8,2.4,2.8,6.75,8.7,0.025,0.1,0.1,0.0,0.0,0.0,0.025,4
2017_10_GB_CHI,2017,REG,10,2017-11-12,Sunday,13:00,GB,23,CHI,16,Home,-7,39,0,2017111201,57369,,201711120chi,8058.0,400951559,,6,14,201.0,-225.0,4.5,104.0,-115.0,37.5,-104.0,-106.0,1,outdoors,grass,40.0,6.0,00-0031589,00-0033869,Brett Hundley,Mitch Trubisky,Mike McCarthy,John Fox,Tony Corrente,CHI98,Soldier Field,41.8623,-87.6167,2017-11-12 18:00:00+00:00,41.075,41.1,2.5749999999999997,4.3,6.8999999999999995,8.1,0.39999999999999997,0.5,1.5999999999999999,0.0,0.0,0.0,0.39999999999999997,4
2017_10_LAC_JAX,2017,REG,10,2017-11-12,Sunday,13:00,LAC,17,JAX,20,Home,3,37,1,2017111204,57372,,201711120jax,8059.0,400951648,,14,7,197.0,-220.0,5.0,-102.0,-108.0,40.5,-110.0,-100.0,0,outdoors,grass,76.0,5.0,00-0022942,00-0031407,Philip Rivers,Blake Bortles,Anthony Lynn,Doug Marrone,Ron Torbert,JAX00,EverBank Field,30.323889,-81.6375,2017-11-12 18:00:00+00:00,73.875,75.1,11.575,12.7,21.7,24.6,0.0,0.0,0.0,0.0,0.0,0.0,0.0,4
2017_10_NYJ_TB,2017,REG,10,2017-11-12,Sunday,13:00,NYJ,10,TB,15,Home,5,25,0,2017111205,57373,,201711120tam,8062.0,400951653,,10,7,113.0,-125.0,1.0,106.0,-117.0,44.5,-106.0,-104.0,0,outdoors,grass,79.0,16.0,00-0021206,00-0023682,Josh McCown,Ryan Fitzpatrick,Todd Bowles,Dirk Koetter,Brad Allen,TAM00,Raymond James Stadium,27.975833,-82.503333,2017-11-12 18:00:00+00:00,77.0,76.6,16.075,17.0,28.8,30.0,0.1,0.2,0.4,0.0,0.0,0.0,0.1,4
2017_10_CIN_TEN,2017,REG,10,2017-11-12,Sunday,13:00,CIN,20,TEN,24,Home,4,44,0,2017111206,57374,,201711120oti,8056.0,400951656,,7,7,197.0,-220.0,4.5,-100.0,-110.0,40.5,-111.0,101.0,0,outdoors,grass,53.0,4.0,00-0027973,00-0032268,Andy Dalton,Marcus Mariota,Marvin Lewis,Mike Mularkey,Jeff Triplette,NAS00,Nissan Stadium,36.166389,-86.771389,2017-11-12 18:00:00+00:00,53.875,53.6,5.0,5.5,10.700000000000001,11.2,0.07500000000000001,0.1,0.30000000000000004,0.0,0.0,0.0,0.07500000000000001,4
2017_10_MIN_WAS,2017,REG,10,2017-11-12,Sunday,13:00,MIN,38,WAS,30,Home,-8,68,0,2017111207,57375,,201711120was,8060.0,400951658,,14,7,-104.0,-106.0,-1.0,103.0,-114.0,43.0,-107.0,-103.0,0,outdoors,grass,44.0,4.0,00-0028986,00-0029604,Case Keenum,Kirk Cousins,Mike Zimmer,Jay Gruden,Bill Vinovich,WAS00,FedExField,38.907778,-76.864444,2017-11-12 18:00:00+00:00,46.15,45.4,2.025,2.4,8.325000000000001,10.3,0.0,0.0,0.0,0.0,0.0,0.0,0.0,4
2017_10_HOU_LA,2017,REG,10,2017-11-12,Sunday,16:05,HOU,7,LA,33,Home,26,40,0,2017111208,57376,,201711120ram,8064.0,400951663,,7,7,534.0,-650.0,12.0,-101.0,-109.0,45.0,-102.0,-108.0,0,outdoors,grass,68.0,0.0,00-0031064,00-0033106,Tom Savage,Jared Goff,Bill O'Brien,Sean McVay,Peter Morelli,LAX99,Los Angeles Memorial Coliseum,34.014167,-118.287778,2017-11-12 21:05:00+00:00,67.02499999999999,68.8,6.674999999999999,9.2,14.05,16.3,0.0,0.0,0.0,0.0,0.0,0.0,0.0,4
2017_10_NYG_SF,2017,REG,10,2017-11-12,Sunday,16:25,NYG,21,SF,31,Home,10,52,0,2017111210,57378,,201711120sfo,8066.0,400951688,,7,7,-162.0,146.0,-3.0,-113.0,102.0,41.5,106.0,-117.0,0,outdoors,grass,68.0,5.0,00-0022803,00-0033936,Eli Manning,C.J. Beathard,Ben McAdoo,Kyle Shanahan,Jerome Boger,SFO01,Levi's Stadium,37.403,-121.97,2017-11-12 21:25:00+00:00,64.75,64.9,6.35,7.6,12.625,13.6,0.0,0.0,0.0,0.0,0.0,0.0,0.0,4
2017_10_NE_DEN,2017,REG,10,2017-11-12,Sunday,20:30,NE,41,DEN,16,Home,-25,57,0,2017111211,57379,,201711120den,8067.0,400951690,,14,7,-277.0,245.0,-7.0,111.0,-123.0,45.0,106.0,-117.0,0,outdoors,grass,48.0,5.0,00-0019596,00-0029682,Tom Brady,Brock Osweiler,Bill Belichick,Vance Joseph,Walt Coleman,DEN00,Sports Authority Field at Mile High,39.743889,-105.02,2017-11-13 01:30:00+00:00,38.0,46.1,2.825,4.3,5.5,6.5,0.0,0.0,0.0,0.0,0.0,0.0,0.0,4
2017_10_MIA_CAR,2017,REG,10,2017-11-13,Monday,20:30,MIA,21,CAR,45,Home,24,66,0,2017111300,57380,,201711130car,8068.0,400951693,,8,8,318.0,-365.0,8.0,-110.0,-100.0,38.5,-103.0,-107.0,0,outdoors,grass,49.0,6.0,00-0024226,00-0027939,Jay Cutler,Cam Newton,Adam Gase,Ron Rivera,Gene Steratore,CAR00,Bank of America Stadium,35.225833,-80.852778,2017-11-14 01:30:00+00:00,45.575,48.4,10.7,12.0,19.875,21.3,0.0,0.0,0.0,0.0,0.0,0.0,0.0,4
2017_11_TEN_PIT,2017,REG,11,2017-11-16,Thursday,20:25,TEN,17,PIT,40,Home,23,57,0,2017111600,57381,,201711160pit,8069.0,400951698,,4,4,277.0,-315.0,7.0,-113.0,102.0,44.5,-100.0,-110.0,0,outdoors,grass,40.0,17.0,00-0032268,00-0022924,Marcus Mariota,Ben Roethlisberger,Mike Mularkey,Mike Tomlin,Ron Torbert,PIT00,Heinz Field,40.446667,-80.015833,2017-11-17 01:25:00+00:00,37.85,38.2,8.15,8.9,17.725,18.6,0.0,0.0,0.0,0.0,0.0,0.0,0.0,4
2017_11_DET_CHI,2017,REG,11,2017-11-19,Sunday,13:00,DET,27,CHI,24,Home,-3,51,0,2017111900,57382,,201711190chi,8072.0,400951701,,7,7,-155.0,140.0,-3.0,-103.0,-107.0,41.0,-101.0,-109.0,1,outdoors,grass,33.0,16.0,00-0026498,00-0033869,Matthew Stafford,Mitch Trubisky,Jim Caldwell,John Fox,Gene Steratore,CHI98,Soldier Field,41.8623,-87.6167,2017-11-19 18:00:00+00:00,34.075,34.3,15.075,17.1,25.549999999999997,27.3,0.0,0.0,0.0,0.0,0.0,0.0,0.0,4
2017_11_JAX_CLE,2017,REG,11,2017-11-19,Sunday,13:00,JAX,19,CLE,7,Home,-12,26,0,2017111901,57383,,201711190cle,8073.0,400951769,,7,7,-310.0,273.0,-7.5,102.0,-113.0,37.0,-102.0,-108.0,0,outdoors,grass,38.0,16.0,00-0031407,00-0033899,Blake Bortles,DeShone Kizer,Doug Marrone,Hue Jackson,Peter Morelli,CLE00,FirstEnergy Stadium,41.506111,-81.699444,2017-11-19 18:00:00+00:00,38.45,38.9,21.9,23.9,37.325,40.0,0.125,0.2,0.5,0.13999999999999999,0.35,0.5599999999999999,0.32499999999999996,4
2017_11_BAL_GB,2017,REG,11,2017-11-19,Sunday,13:00,BAL,23,GB,0,Home,-23,23,0,2017111902,57384,,201711190gnb,8071.0,400951703,,14,7,-134.0,121.0,-2.5,-108.0,-102.0,38.5,-103.0,-107.0,0,outdoors,grass,28.0,14.0,00-0026158,00-0031589,Joe Flacco,Brett Hundley,John Harbaugh,Mike McCarthy,Jeff Triplette,GNB00,Lambeau Field,44.501389,-88.062222,2017-11-19 18:00:00+00:00,29.575000000000003,28.3,10.925,11.6,23.85,24.8,0.0,0.0,0.0,0.0,0.0,0.0,0.0,4
2017_11_TB_MIA,2017,REG,11,2017-11-19,Sunday,13:00,TB,30,MIA,20,Home,-10,50,0,2017111911,57241,,201711190mia,7931.0,400981391,,7,6,-119.0,108.0,-1.0,-113.0,102.0,44.0,100.0,-110.0,0,outdoors,grass,81.0,9.0,00-0023682,00-0024226,Ryan Fitzpatrick,Jay Cutler,Dirk Koetter,Adam Gase,Tony Corrente,MIA00,Hard Rock Stadium,25.958056,-80.238889,2017-11-19 18:00:00+00:00,79.85,79.9,5.45,6.0,13.2,13.9,0.0,0.0,0.0,0.0,0.0,0.0,0.0,4
2017_11_KC_NYG,2017,REG,11,2017-11-19,Sunday,13:00,KC,9,NYG,12,Home,3,21,1,2017111906,57388,,201711190nyg,8074.0,400951783,,14,7,-390.0,338.0,-10.0,108.0,-119.0,44.5,-105.0,-105.0,0,outdoors,fieldturf,50.0,23.0,00-0023436,00-0022803,Alex Smith,Eli Manning,Andy Reid,Ben McAdoo,Brad Allen,NYC01,MetLife Stadium,40.813528,-74.074361,2017-11-19 18:00:00+00:00,49.125,50.7,18.425,22.3,38.2,42.3,0.0,0.0,0.0,0.0,0.0,0.0,0.0,4
2017_11_BUF_LAC,2017,REG,11,2017-11-19,Sunday,16:05,BUF,24,LAC,54,Home,30,78,0,2017111907,57389,,201711190sdg,8077.0,400951807,,7,7,264.0,-300.0,7.0,-109.0,-101.0,41.5,100.0,-110.0,0,outdoors,grass,76.0,6.0,00-0033958,00-0022942,Nathan Peterman,Philip Rivers,Sean McDermott,Anthony Lynn,John Parry,LAX97,StubHub Center,33.864,-118.261,2017-11-19 21:05:00+00:00,72.9,76.3,8.0,9.5,15.650000000000002,17.2,0.0,0.0,0.0,0.0,0.0,0.0,0.0,4
2017_11_CIN_DEN,2017,REG,11,2017-11-19,Sunday,16:25,CIN,20,DEN,17,Home,-3,37,0,2017111908,57390,,201711190den,8078.0,400951810,,7,7,140.0,-155.0,2.5,116.0,-128.0,37.5,-103.0,-107.0,0,outdoors,grass,60.0,7.0,00-0027973,00-0029682,Andy Dalton,Brock Osweiler,Marvin Lewis,Vance Joseph,Craig Wrolstad,DEN00,Sports Authority Field at Mile High,39.743889,-105.02,2017-11-19 21:25:00+00:00,53.875,60.5,3.7250000000000005,6.2,8.25,11.6,0.0,0.0,0.0,0.0,0.0,0.0,0.0,4
2017_11_NE_OAK,2017,REG,11,2017-11-19,Sunday,16:25,NE,33,OAK,8,Neutral,-25,41,0,2017111909,57391,,201711190rai,8079.0,400951815,,7,14,-290.0,256.0,-7.0,-101.0,-109.0,55.0,-108.0,-102.0,0,outdoors,grass,66.0,0.0,00-0019596,00-0031280,Tom Brady,Derek Carr,Bill Belichick,Jack Del Rio,John Hussey,MEX00,Azteca Stadium,19.3029794,-99.15047,2017-11-19 21:25:00+00:00,63.0,63.3,7.775,10.2,22.224999999999998,24.2,0.0,0.0,0.0,0.0,0.0,0.0,0.0,4
2017_11_ATL_SEA,2017,REG,11,2017-11-20,Monday,20:30,ATL,34,SEA,31,Home,-3,65,0,2017112000,57393,,201711200sea,8081.0,400951818,,8,11,103.0,-114.0,1.0,-104.0,-106.0,46.0,-108.0,-102.0,0,outdoors,fieldturf,45.0,6.0,00-0026143,00-0029263,Matt Ryan,Russell Wilson,Dan Quinn,Pete Carroll,Carl Cheffers,SEA00,CenturyLink Field,47.5952,-122.3316,2017-11-21 01:30:00+00:00,43.9,44.1,7.325,10.9,15.7,19.7,0.0,0.0,0.0,0.0,0.0,0.0,0.0,4
2017_12_NYG_WAS,2017,REG,12,2017-11-23,Thursday,20:30,NYG,10,WAS,20,Home,10,30,0,2017112302,57396,,201711230was,8084.0,400951577,,4,4,273.0,-310.0,7.0,-102.0,-108.0,44.0,-102.0,-108.0,1,outdoors,grass,33.0,0.0,00-0022803,00-0029604,Eli Manning,Kirk Cousins,Ben McAdoo,Jay Gruden,Terry McAulay,WAS00,FedExField,38.907778,-76.864444,2017-11-24 01:30:00+00:00,34.3,34.4,3.1,3.6,4.699999999999999,5.6,0.0,0.0,0.0,0.0,0.0,0.0,0.0,4
2017_12_CLE_CIN,2017,REG,12,2017-11-26,Sunday,13:00,CLE,16,CIN,30,Home,14,46,0,2017112601,57398,,201711260cin,8088.0,400951588,,7,7,277.0,-315.0,7.5,-113.0,102.0,39.0,-110.0,100.0,1,outdoors,fieldturf,46.0,3.0,00-0033899,00-0027973,DeShone Kizer,Andy Dalton,Hue Jackson,Marvin Lewis,John Hussey,CIN00,Paul Brown Stadium,39.095,-84.516,2017-11-26 18:00:00+00:00,48.25,47.2,6.45,6.7,15.399999999999999,15.7,0.0,0.0,0.0,0.0,0.0,0.0,0.0,4
2017_12_TEN_IND,2017,REG,12,2017-11-26,Sunday,13:00,TEN,20,IND,16,Home,-4,36,0,2017112602,57399,,201711260clt,8091.0,400951591,,10,14,-174.0,157.0,-3.0,-123.0,111.0,46.5,102.0,-113.0,1,open,fieldturf,,,00-0032268,00-0033119,Marcus Mariota,Jacoby Brissett,Mike Mularkey,Chuck Pagano,Craig Wrolstad,IND00,Lucas Oil Stadium,39.760056,-86.162806,2017-11-26 18:00:00+00:00,47.52499999999999,46.9,7.025,7.4,15.75,16.3,0.0,0.0,0.0,0.0,0.0,0.0,0.0,4
2017_12_BUF_KC,2017,REG,12,2017-11-26,Sunday,13:00,BUF,16,KC,10,Home,-6,26,0,2017112603,57400,,201711260kan,8085.0,400951595,,7,7,305.0,-350.0,8.5,-115.0,104.0,47.5,-110.0,-100.0,0,outdoors,grass,62.0,9.0,00-0028118,00-0023436,Tyrod Taylor,Alex Smith,Sean McDermott,Andy Reid,Bill Vinovich,KAN00,Arrowhead Stadium,39.048889,-94.483889,2017-11-26 18:00:00+00:00,59.49999999999999,58.4,9.675,10.3,21.45,22.1,0.0,0.0,0.0,0.0,0.0,0.0,0.0,4
2017_12_MIA_NE,2017,REG,12,2017-11-26,Sunday,13:00,MIA,17,NE,35,Home,18,52,0,2017112604,57401,,201711260nwe,8089.0,400951600,,7,7,894.0,-1300.0,17.0,-125.0,113.0,49.0,-108.0,-102.0,1,outdoors,fieldturf,47.0,17.0,00-0025708,00-0019596,Matt Moore,Tom Brady,Adam Gase,Bill Belichick,Ron Torbert,BOS00,Gillette Stadium,42.091,-71.264,2017-11-26 18:00:00+00:00,42.125,45.1,12.875,15.9,33.15,36.9,0.0,0.0,0.0,0.0,0.0,0.0,0.0,4
2017_12_CAR_NYJ,2017,REG,12,2017-11-26,Sunday,13:00,CAR,35,NYJ,27,Home,-8,62,0,2017112605,57402,,201711260nyj,8086.0,400951606,,13,14,-242.0,216.0,-5.5,-110.0,-100.0,39.5,-101.0,-109.0,0,outdoors,fieldturf,47.0,23.0,00-0027939,00-0021206,Cam Newton,Josh McCown,Ron Rivera,Todd Bowles,Carl Cheffers,NYC01,MetLife Stadium,40.813528,-74.074361,2017-11-26 18:00:00+00:00,45.575,46.2,11.8,13.0,25.25,28.9,0.0,0.0,0.0,0.0,0.0,0.0,0.0,4
2017_12_CHI_PHI,2017,REG,12,2017-11-26,Sunday,13:00,CHI,3,PHI,31,Home,28,34,0,2017112606,57403,,201711260phi,8087.0,400951610,,7,7,604.0,-750.0,14.0,-123.0,111.0,43.5,103.0,-114.0,0,outdoors,grass,49.0,17.0,00-0033869,00-0032950,Mitch Trubisky,Carson Wentz,John Fox,Doug Pederson,Walt Coleman,PHI00,Lincoln Financial Field,39.900833,-75.1675,2017-11-26 18:00:00+00:00,47.4,48.8,9.674999999999999,11.6,21.85,24.8,0.0,0.0,0.0,0.0,0.0,0.0,0.0,4
2017_12_SEA_SF,2017,REG,12,2017-11-26,Sunday,16:05,SEA,24,SF,13,Home,-11,37,0,2017112608,57405,,201711260sfo,8093.0,400951618,,6,14,-285.0,252.0,-7.0,106.0,-117.0,45.0,-107.0,-103.0,1,outdoors,grass,66.0,12.0,00-0029263,00-0033936,Russell Wilson,C.J. Beathard,Pete Carroll,Kyle Shanahan,Peter Morelli,SFO01,Levi's Stadium,37.403,-121.97,2017-11-26 21:05:00+00:00,62.575,63.4,8.450000000000001,10.9,17.1,18.6,0.55,0.9,2.2,0.0,0.0,0.0,0.55,4
2017_12_NO_LA,2017,REG,12,2017-11-26,Sunday,16:25,NO,20,LA,26,Home,6,46,0,2017112607,57404,,201711260ram,8092.0,400951614,,7,7,131.0,-145.0,2.5,107.0,-118.0,54.0,-103.0,-107.0,0,outdoors,grass,72.0,1.0,00-0020531,00-0033106,Drew Brees,Jared Goff,Sean Payton,Sean McVay,John Parry,LAX99,Los Angeles Memorial Coliseum,34.014167,-118.287778,2017-11-26 21:25:00+00:00,66.89999999999999,70.3,10.75,13.0,19.875,22.4,0.0,0.0,0.0,0.0,0.0,0.0,0.0,4
2017_12_DEN_OAK,2017,REG,12,2017-11-26,Sunday,16:25,DEN,14,OAK,21,Home,7,35,0,2017112610,57407,,201711260rai,8094.0,400951629,,7,7,186.0,-208.0,3.5,101.0,-111.0,41.0,-106.0,-104.0,1,outdoors,grass,61.0,13.0,00-0033108,00-0031280,Paxton Lynch,Derek Carr,Vance Joseph,Jack Del Rio,Walt Anderson,OAK00,Oakland-Alameda County Coliseum,37.751667,-122.200556,2017-11-26 21:25:00+00:00,60.825,61.5,12.75,14.6,29.924999999999997,31.5,1.35,2.0,5.4,0.0,0.0,0.0,1.35,4
2017_12_GB_PIT,2017,REG,12,2017-11-26,Sunday,20:30,GB,28,PIT,31,Home,3,59,0,2017112611,57408,,201711260pit,8096.0,400951633,,7,10,704.0,-900.0,14.0,-104.0,-106.0,43.0,-101.0,-109.0,0,outdoors,grass,38.0,7.0,00-0031589,00-0022924,Brett Hundley,Ben Roethlisberger,Mike McCarthy,Mike Tomlin,Ed Hochuli,PIT00,Heinz Field,40.446667,-80.015833,2017-11-27 01:30:00+00:00,35.325,35.8,8.1,8.4,16.5,16.8,0.0,0.0,0.0,0.0,0.0,0.0,0.0,4
2017_12_HOU_BAL,2017,REG,12,2017-11-27,Monday,20:30,HOU,16,BAL,23,Home,7,39,0,2017112700,57409,,201711270rav,8097.0,400951640,,8,8,311.0,-357.0,7.5,-103.0,-107.0,39.5,-102.0,-108.0,0,outdoors,grass,50.0,1.0,00-0031064,00-0026158,Tom Savage,Joe Flacco,Bill O'Brien,John Harbaugh,Brad Allen,BAL00,M&T Bank Stadium,39.278056,-76.622778,2017-11-28 01:30:00+00:00,41.05,42.0,5.15,6.4,7.05,8.3,0.0,0.0,0.0,0.0,0.0,0.0,0.0,4
2017_13_DET_BAL,2017,REG,13,2017-12-03,Sunday,13:00,DET,20,BAL,44,Home,24,64,0,2017120301,57412,,201712030rav,8101.0,400951680,,10,6,117.0,-129.0,2.5,-106.0,-104.0,43.0,-100.0,-110.0,0,outdoors,grass,53.0,4.0,00-0026498,00-0026158,Matthew Stafford,Joe Flacco,Jim Caldwell,John Harbaugh,Jerome Boger,BAL00,M&T Bank Stadium,39.278056,-76.622778,2017-12-03 18:00:00+00:00,53.375,54.4,4.325,5.9,11.174999999999999,15.4,0.0,0.0,0.0,0.0,0.0,0.0,0.0,4
2017_13_NE_BUF,2017,REG,13,2017-12-03,Sunday,13:00,NE,23,BUF,3,Home,-20,26,0,2017120302,57413,,201712030buf,8106.0,400951684,,7,7,-325.0,285.0,-7.5,104.0,-115.0,48.5,-112.0,102.0,1,outdoors,a_turf,48.0,13.0,00-0019596,00-0028118,Tom Brady,Tyrod Taylor,Bill Belichick,Sean McDermott,Gene Steratore,BUF00,New Era Field,42.774,-78.787,2017-12-03 18:00:00+00:00,44.800000000000004,45.7,12.0,14.1,26.950000000000003,29.3,0.0,0.0,0.0,0.0,0.0,0.0,0.0,4
2017_13_SF_CHI,2017,REG,13,2017-12-03,Sunday,13:00,SF,15,CHI,14,Home,-1,29,0,2017120303,57414,,201712030chi,8107.0,400951707,,7,7,125.0,-138.0,2.5,103.0,-114.0,42.0,-107.0,-103.0,0,outdoors,grass,54.0,6.0,00-0031345,00-0033869,Jimmy Garoppolo,Mitch Trubisky,Kyle Shanahan,John Fox,Ed Hochuli,CHI98,Soldier Field,41.8623,-87.6167,2017-12-03 18:00:00+00:00,51.650000000000006,49.6,7.95,8.5,13.525,14.3,0.0,0.0,0.0,0.0,0.0,0.0,0.0,4
2017_13_TB_GB,2017,REG,13,2017-12-03,Sunday,13:00,TB,20,GB,26,Home,6,46,1,2017120304,57415,,201712030gnb,8108.0,400951710,,7,7,146.0,-162.0,3.0,104.0,-115.0,45.0,-115.0,104.0,0,outdoors,grass,42.0,8.0,00-0031503,00-0031589,Jameis Winston,Brett Hundley,Dirk Koetter,Mike McCarthy,Terry McAulay,GNB00,Lambeau Field,44.501389,-88.062222,2017-12-03 18:00:00+00:00,45.975,46.2,4.8,6.0,11.075,12.8,0.0,0.0,0.0,0.0,0.0,0.0,0.0,4
2017_13_IND_JAX,2017,REG,13,2017-12-03,Sunday,13:00,IND,10,JAX,30,Home,20,40,0,2017120305,57416,,201712030jax,8103.0,400951713,,7,7,377.0,-440.0,10.0,-114.0,103.0,41.0,-104.0,-106.0,1,outdoors,grass,70.0,7.0,00-0033119,00-0031407,Jacoby Brissett,Blake Bortles,Chuck Pagano,Doug Marrone,Bill Vinovich,JAX00,EverBank Field,30.323889,-81.6375,2017-12-03 18:00:00+00:00,67.975,69.8,9.25,9.7,17.275,17.9,0.0,0.0,0.0,0.0,0.0,0.0,0.0,4
2017_13_DEN_MIA,2017,REG,13,2017-12-03,Sunday,13:00,DEN,9,MIA,35,Home,26,44,0,2017120306,57417,,201712030mia,8100.0,400951718,,7,7,-117.0,106.0,-1.0,-110.0,100.0,41.0,-105.0,-105.0,0,outdoors,grass,80.0,11.0,00-0032156,00-0024226,Trevor Siemian,Jay Cutler,Vance Joseph,Adam Gase,Carl Cheffers,MIA00,Hard Rock Stadium,25.958056,-80.238889,2017-12-03 18:00:00+00:00,77.25,78.2,7.850000000000001,8.3,17.025,17.4,0.0,0.0,0.0,0.0,0.0,0.0,0.0,4
2017_13_KC_NYJ,2017,REG,13,2017-12-03,Sunday,13:00,KC,31,NYJ,38,Home,7,69,0,2017120308,57419,,201712030nyj,8104.0,400951726,,7,7,-190.0,171.0,-3.5,-108.0,-102.0,44.0,-105.0,-105.0,0,outdoors,fieldturf,48.0,0.0,00-0023436,00-0021206,Alex Smith,Josh McCown,Andy Reid,Todd Bowles,John Parry,NYC01,MetLife Stadium,40.813528,-74.074361,2017-12-03 18:00:00+00:00,48.85,49.9,3.025,3.3,7.424999999999999,8.9,0.0,0.0,0.0,0.0,0.0,0.0,0.0,4
2017_13_HOU_TEN,2017,REG,13,2017-12-03,Sunday,13:00,HOU,13,TEN,24,Home,11,37,0,2017120309,57420,,201712030oti,8102.0,400951728,,6,7,252.0,-285.0,7.0,-108.0,-102.0,42.5,-104.0,-106.0,1,outdoors,grass,60.0,4.0,00-0031064,00-0032268,Tom Savage,Marcus Mariota,Bill O'Brien,Mike Mularkey,Clete Blakeman,NAS00,Nissan Stadium,36.166389,-86.771389,2017-12-03 18:00:00+00:00,61.574999999999996,60.4,3.1750000000000003,4.0,10.075000000000001,11.4,0.0,0.0,0.0,0.0,0.0,0.0,0.0,4
2017_13_CLE_LAC,2017,REG,13,2017-12-03,Sunday,16:05,CLE,10,LAC,19,Home,9,29,0,2017120310,57421,,201712030sdg,8109.0,400951731,,7,10,607.0,-754.0,13.5,-117.0,106.0,45.0,111.0,-123.0,0,outdoors,grass,68.0,7.0,00-0033899,00-0022942,DeShone Kizer,Philip Rivers,Hue Jackson,Anthony Lynn,Walt Coleman,LAX97,StubHub Center,33.864,-118.261,2017-12-03 21:05:00+00:00,66.60000000000001,68.3,6.5,7.6,14.25,15.2,0.0,0.0,0.0,0.0,0.0,0.0,0.0,4
2017_13_NYG_OAK,2017,REG,13,2017-12-03,Sunday,16:25,NYG,17,OAK,24,Home,7,41,0,2017120312,57423,,201712030rai,8111.0,400951740,,10,7,385.0,-450.0,10.0,-107.0,-103.0,43.0,100.0,-110.0,0,outdoors,grass,58.0,11.0,00-0030565,00-0031280,Geno Smith,Derek Carr,Ben McAdoo,Jack Del Rio,Peter Morelli,OAK00,Oakland-Alameda County Coliseum,37.751667,-122.200556,2017-12-03 21:25:00+00:00,56.2,56.2,5.425000000000001,5.7,13.525,15.2,0.0,0.0,0.0,0.0,0.0,0.0,0.0,4
2017_13_PHI_SEA,2017,REG,13,2017-12-03,Sunday,20:30,PHI,10,SEA,24,Home,14,34,0,2017120313,57424,,201712030sea,8112.0,400951746,,7,7,-190.0,171.0,-3.5,-110.0,-100.0,46.5,-104.0,-106.0,0,outdoors,fieldturf,44.0,3.0,00-0032950,00-0029263,Carson Wentz,Russell Wilson,Doug Pederson,Pete Carroll,Tony Corrente,SEA00,CenturyLink Field,47.5952,-122.3316,2017-12-04 01:30:00+00:00,39.625,40.0,3.7249999999999996,4.3,5.824999999999999,6.9,0.07500000000000001,0.2,0.30000000000000004,0.0,0.0,0.0,0.07500000000000001,4
2017_13_PIT_CIN,2017,REG,13,2017-12-04,Monday,20:30,PIT,23,CIN,20,Home,-3,43,0,2017120400,57425,,201712040cin,8113.0,400951754,,8,8,-213.0,191.0,-4.5,-102.0,-108.0,42.5,-105.0,-105.0,1,outdoors,fieldturf,61.0,9.0,00-0022924,00-0027973,Ben Roethlisberger,Andy Dalton,Mike Tomlin,Marvin Lewis,Walt Anderson,CIN00,Paul Brown Stadium,39.095,-84.516,2017-12-05 01:30:00+00:00,58.025,59.0,15.225000000000001,16.3,32.25,37.1,0.42500000000000004,1.3,1.7000000000000002,0.0,0.0,0.0,0.42500000000000004,4
2017_14_IND_BUF,2017,REG,14,2017-12-10,Sunday,13:00,IND,7,BUF,13,Home,6,20,1,2017121000,57427,,201712100buf,8118.0,400951560,,7,7,162.0,-180.0,3.5,-115.0,104.0,36.5,-113.0,102.0,0,outdoors,a_turf,32.0,15.0,00-0033119,00-0033958,Jacoby Brissett,Nathan Peterman,Chuck Pagano,Sean McDermott,Brad Allen,BUF00,New Era Field,42.774,-78.787,2017-12-10 18:00:00+00:00,31.475,31.6,19.9,20.8,43.2,45.9,0.0,0.0,0.0,0.7875,1.12,3.15,1.125,4
2017_14_MIN_CAR,2017,REG,14,2017-12-10,Sunday,13:00,MIN,24,CAR,31,Home,7,55,0,2017121001,57428,,201712100car,8119.0,400951561,,7,7,-128.0,116.0,-2.5,-102.0,-108.0,40.5,-102.0,-108.0,0,outdoors,grass,41.0,5.0,00-0028986,00-0027939,Case Keenum,Cam Newton,Mike Zimmer,Ron Rivera,Terry McAulay,CAR00,Bank of America Stadium,35.225833,-80.852778,2017-12-10 18:00:00+00:00,42.65,41.2,7.2749999999999995,8.1,16.825,17.7,0.0,0.0,0.0,0.0,0.0,0.0,0.0,4
2017_14_CHI_CIN,2017,REG,14,2017-12-10,Sunday,13:00,CHI,33,CIN,7,Home,-26,40,0,2017121002,57429,,201712100cin,8115.0,400951564,,7,6,231.0,-260.0,6.0,-101.0,-109.0,40.5,104.0,-115.0,0,outdoors,fieldturf,31.0,11.0,00-0033869,00-0027973,Mitch Trubisky,Andy Dalton,John Fox,Marvin Lewis,John Parry,CIN00,Paul Brown Stadium,39.095,-84.516,2017-12-10 18:00:00+00:00,36.75,35.5,12.025,12.4,26.300000000000004,26.8,0.0,0.0,0.0,0.0,0.0,0.0,0.0,4
2017_14_GB_CLE,2017,REG,14,2017-12-10,Sunday,13:00,GB,27,CLE,21,Home,-6,48,1,2017121003,57430,,201712100cle,8117.0,400951647,,7,7,-133.0,120.0,-2.5,-106.0,-104.0,38.5,-110.0,-100.0,0,outdoors,grass,29.0,24.0,00-0031589,00-0033899,Brett Hundley,DeShone Kizer,Mike McCarthy,Hue Jackson,Bill Vinovich,CLE00,FirstEnergy Stadium,41.506111,-81.699444,2017-12-10 18:00:00+00:00,30.475,30.6,16.099999999999998,18.1,28.174999999999997,31.5,0.0,0.0,0.0,0.0,0.0,0.0,0.0,4
2017_14_OAK_KC,2017,REG,14,2017-12-10,Sunday,13:00,OAK,15,KC,26,Home,11,41,0,2017121006,57433,,201712100kan,8120.0,400951654,,7,7,187.0,-209.0,4.5,-113.0,102.0,48.5,-105.0,-105.0,1,outdoors,grass,46.0,13.0,00-0031280,00-0023436,Derek Carr,Alex Smith,Jack Del Rio,Andy Reid,Carl Cheffers,KAN00,Arrowhead Stadium,39.048889,-94.483889,2017-12-10 18:00:00+00:00,50.55,49.6,10.4,11.2,24.025,25.1,0.0,0.0,0.0,0.0,0.0,0.0,0.0,4
2017_14_DAL_NYG,2017,REG,14,2017-12-10,Sunday,13:00,DAL,30,NYG,10,Home,-20,40,0,2017121012,57439,,201712100nyg,8126.0,400951692,,10,7,-195.0,175.0,-4.0,-101.0,-109.0,42.0,-107.0,-103.0,1,outdoors,fieldturf,39.0,11.0,00-0033077,00-0022803,Dak Prescott,Eli Manning,Jason Garrett,Steve Spagnuolo,Walt Anderson,NYC01,MetLife Stadium,40.813528,-74.074361,2017-12-10 18:00:00+00:00,36.300000000000004,36.1,9.424999999999999,11.2,20.3,21.9,0.0,0.0,0.0,0.0,0.0,0.0,0.0,4
2017_14_DET_TB,2017,REG,14,2017-12-10,Sunday,13:00,DET,24,TB,21,Home,-3,45,0,2017121007,57434,,201712100tam,8116.0,400951660,,7,7,-123.0,111.0,-0.0,-102.0,-108.0,47.5,-117.0,106.0,0,outdoors,grass,55.0,9.0,00-0026498,00-0031503,Matthew Stafford,Jameis Winston,Jim Caldwell,Dirk Koetter,Ed Hochuli,TAM00,Raymond James Stadium,27.975833,-82.503333,2017-12-10 18:00:00+00:00,55.225,54.8,9.475,10.1,18.95,19.5,0.0,0.0,0.0,0.0,0.0,0.0,0.0,4
2017_14_NYJ_DEN,2017,REG,14,2017-12-10,Sunday,16:05,NYJ,0,DEN,23,Home,23,23,0,2017121009,57436,,201712100den,8123.0,400951665,,7,7,-104.0,-106.0,-1.0,101.0,-111.0,40.5,-107.0,-103.0,0,outdoors,grass,60.0,3.0,00-0021206,00-0032156,Josh McCown,Trevor Siemian,Todd Bowles,Vance Joseph,Tony Corrente,DEN00,Sports Authority Field at Mile High,39.743889,-105.02,2017-12-10 21:05:00+00:00,53.025,58.5,5.925,9.5,10.875,15.7,0.0,0.0,0.0,0.0,0.0,0.0,0.0,4
2017_14_WAS_LAC,2017,REG,14,2017-12-10,Sunday,16:05,WAS,13,LAC,30,Home,17,43,0,2017121010,57437,,201712100sdg,8125.0,400951687,,10,7,235.0,-265.0,6.0,-102.0,-108.0,46.5,-104.0,-106.0,0,outdoors,grass,81.0,4.0,00-0029604,00-0022942,Kirk Cousins,Philip Rivers,Jay Gruden,Anthony Lynn,Jeff Triplette,LAX97,StubHub Center,33.864,-118.261,2017-12-10 21:05:00+00:00,80.725,82.0,3.175,4.1,8.5,9.4,0.0,0.0,0.0,0.0,0.0,0.0,0.0,4
2017_14_SEA_JAX,2017,REG,14,2017-12-10,Sunday,16:25,SEA,24,JAX,30,Home,6,54,0,2017121005,57432,,201712100jax,8122.0,400951652,,7,7,129.0,-143.0,3.0,-125.0,113.0,41.0,-100.0,-110.0,0,outdoors,grass,54.0,5.0,00-0029263,00-0031407,Russell Wilson,Blake Bortles,Pete Carroll,Doug Marrone,Gene Steratore,JAX00,EverBank Field,30.323889,-81.6375,2017-12-10 21:25:00+00:00,46.95,51.0,4.6,5.7,9.575000000000001,12.1,0.0,0.0,0.0,0.0,0.0,0.0,0.0,4
2017_14_PHI_LA,2017,REG,14,2017-12-10,Sunday,16:25,PHI,43,LA,35,Home,-8,78,0,2017121011,57438,,201712100ram,8127.0,400951689,,7,7,-115.0,104.0,-1.0,-108.0,-102.0,47.5,-106.0,-104.0,0,outdoors,grass,83.0,0.0,00-0032950,00-0033106,Carson Wentz,Jared Goff,Doug Pederson,Sean McVay,Craig Wrolstad,LAX99,Los Angeles Memorial Coliseum,34.014167,-118.287778,2017-12-10 21:25:00+00:00,80.625,81.3,5.45,7.1,12.1,13.0,0.0,0.0,0.0,0.0,0.0,0.0,0.0,4
2017_14_BAL_PIT,2017,REG,14,2017-12-10,Sunday,20:30,BAL,38,PIT,39,Home,1,77,0,2017121013,57440,,201712100pit,8128.0,400951694,,7,6,217.0,-244.0,6.0,-110.0,-100.0,43.0,-105.0,-105.0,1,outdoors,grass,33.0,12.0,00-0026158,00-0022924,Joe Flacco,Ben Roethlisberger,John Harbaugh,Mike Tomlin,Walt Coleman,PIT00,Heinz Field,40.446667,-80.015833,2017-12-11 01:30:00+00:00,30.25,30.0,8.875,9.7,19.299999999999997,20.4,0.0,0.0,0.0,0.0,0.0,0.0,0.0,4
2017_14_NE_MIA,2017,REG,14,2017-12-11,Monday,20:30,NE,20,MIA,27,Home,7,47,0,2017121100,57441,,201712110mia,8129.0,400951696,,8,8,-485.0,412.0,-10.0,-104.0,-106.0,48.0,-105.0,-105.0,1,outdoors,grass,55.0,7.0,00-0019596,00-0024226,Tom Brady,Jay Cutler,Bill Belichick,Adam Gase,Peter Morelli,MIA00,Hard Rock Stadium,25.958056,-80.238889,2017-12-12 01:30:00+00:00,48.775000000000006,51.4,5.65,6.2,10.45,11.2,0.0,0.0,0.0,0.0,0.0,0.0,0.0,4
2017_15_LAC_KC,2017,REG,15,2017-12-16,Saturday,20:25,LAC,13,KC,30,Home,17,43,0,2017121601,57444,,201712160kan,8132.0,400951772,,6,6,102.0,-113.0,1.0,-104.0,-106.0,47.0,-113.0,102.0,1,outdoors,grass,53.0,9.0,00-0022942,00-0023436,Philip Rivers,Alex Smith,Anthony Lynn,Andy Reid,Walt Anderson,KAN00,Arrowhead Stadium,39.048889,-94.483889,2017-12-17 01:25:00+00:00,46.125,46.9,8.15,8.6,16.55,17.0,0.0,0.0,0.0,0.0,0.0,0.0,0.0,4
2017_15_MIA_BUF,2017,REG,15,2017-12-17,Sunday,13:00,MIA,16,BUF,24,Home,8,40,0,2017121700,57445,,201712170buf,8138.0,400951774,,6,7,166.0,-185.0,3.5,-107.0,-103.0,39.5,-115.0,104.0,1,outdoors,a_turf,22.0,8.0,00-0024226,00-0028118,Jay Cutler,Tyrod Taylor,Adam Gase,Sean McDermott,Jerome Boger,BUF00,New Era Field,42.774,-78.787,2017-12-17 18:00:00+00:00,26.900000000000002,26.2,6.125,7.8,13.325,14.8,0.0,0.0,0.0,0.0,0.0,0.0,0.0,4
2017_15_GB_CAR,2017,REG,15,2017-12-17,Sunday,13:00,GB,24,CAR,31,Home,7,55,0,2017121701,57446,,201712170car,8136.0,400951777,,7,7,136.0,-150.0,3.0,-110.0,-100.0,46.5,-103.0,-107.0,0,outdoors,grass,51.0,5.0,00-0023459,00-0027939,Aaron Rodgers,Cam Newton,Mike McCarthy,Ron Rivera,Craig Wrolstad,CAR00,Bank of America Stadium,35.225833,-80.852778,2017-12-17 18:00:00+00:00,49.824999999999996,50.6,5.75,6.8,13.700000000000001,15.4,0.0,0.0,0.0,0.0,0.0,0.0,0.0,4
2017_15_BAL_CLE,2017,REG,15,2017-12-17,Sunday,13:00,BAL,27,CLE,10,Home,-17,37,0,2017121702,57447,,201712170cle,8134.0,400951778,,7,7,-260.0,231.0,-6.5,-102.0,-108.0,42.0,-113.0,102.0,1,outdoors,grass,36.0,0.0,00-0026158,00-0033899,Joe Flacco,DeShone Kizer,John Harbaugh,Hue Jackson,Clete Blakeman,CLE00,FirstEnergy Stadium,41.506111,-81.699444,2017-12-17 18:00:00+00:00,38.65,38.0,5.7250000000000005,7.2,9.825,10.7,0.0,0.0,0.0,0.0,0.0,0.0,0.0,4
2017_15_HOU_JAX,2017,REG,15,2017-12-17,Sunday,13:00,HOU,7,JAX,45,Home,38,52,0,2017121703,57448,,201712170jax,8137.0,400951781,,7,7,385.0,-450.0,10.5,-113.0,102.0,39.0,-108.0,-102.0,1,outdoors,grass,72.0,5.0,00-0028090,00-0031407,T.J. Yates,Blake Bortles,Bill O'Brien,Doug Marrone,Carl Cheffers,JAX00,EverBank Field,30.323889,-81.6375,2017-12-17 18:00:00+00:00,70.525,69.2,6.125,7.4,13.2,15.4,0.0,0.0,0.0,0.0,0.0,0.0,0.0,4
2017_15_PHI_NYG,2017,REG,15,2017-12-17,Sunday,13:00,PHI,34,NYG,29,Home,-5,63,0,2017121706,57451,,201712170nyg,8140.0,400951808,,7,7,-300.0,264.0,-7.5,108.0,-119.0,40.5,-107.0,-103.0,1,outdoors,fieldturf,35.0,0.0,00-0029567,00-0022803,Nick Foles,Eli Manning,Doug Pederson,Steve Spagnuolo,Brad Allen,NYC01,MetLife Stadium,40.813528,-74.074361,2017-12-17 18:00:00+00:00,35.625,35.4,2.0,3.3,6.825,8.1,0.0,0.0,0.0,0.0,0.0,0.0,0.0,4
2017_15_ARI_WAS,2017,REG,15,2017-12-17,Sunday,13:00,ARI,15,WAS,20,Home,5,35,0,2017121707,57452,,201712170was,8133.0,400951809,,7,7,181.0,-202.0,4.0,-100.0,-110.0,40.0,-102.0,-108.0,0,outdoors,grass,50.0,1.0,00-0027948,00-0029604,Blaine Gabbert,Kirk Cousins,Bruce Arians,Jay Gruden,Peter Morelli,WAS00,FedExField,38.907778,-76.864444,2017-12-17 18:00:00+00:00,46.575,49.6,2.775,4.8,5.8500000000000005,7.8,0.0,0.0,0.0,0.0,0.0,0.0,0.0,4
2017_15_LA_SEA,2017,REG,15,2017-12-17,Sunday,16:05,LA,42,SEA,7,Home,-35,49,0,2017121708,57453,,201712170sea,8141.0,400951811,,7,7,-105.0,-105.0,-1.0,-100.0,-110.0,47.5,-110.0,100.0,1,outdoors,fieldturf,47.0,15.0,00-0033106,00-0029263,Jared Goff,Russell Wilson,Sean McVay,Pete Carroll,Ed Hochuli,SEA00,CenturyLink Field,47.5952,-122.3316,2017-12-17 21:05:00+00:00,46.8,46.1,19.675,21.3,36.425,38.3,0.2,0.3,0.8,0.0,0.0,0.0,0.2,4
2017_15_NE_PIT,2017,REG,15,2017-12-17,Sunday,16:25,NE,27,PIT,24,Home,-3,51,0,2017121709,57454,,201712170pit,8142.0,400951812,,6,7,-139.0,126.0,-2.5,-113.0,102.0,53.0,-115.0,104.0,0,outdoors,grass,42.0,4.0,00-0019596,00-0022924,Tom Brady,Ben Roethlisberger,Bill Belichick,Mike Tomlin,Tony Corrente,PIT00,Heinz Field,40.446667,-80.015833,2017-12-17 21:25:00+00:00,38.0,39.6,6.675000000000001,7.6,13.350000000000001,14.3,0.15000000000000002,0.2,0.6000000000000001,0.0,0.0,0.0,0.15000000000000002,4
2017_15_TEN_SF,2017,REG,15,2017-12-17,Sunday,16:25,TEN,23,SF,25,Home,2,48,0,2017121710,57455,,201712170sfo,8143.0,400951813,,7,7,111.0,-123.0,2.5,-113.0,102.0,44.5,-102.0,-108.0,0,outdoors,grass,65.0,17.0,00-0032268,00-0031345,Marcus Mariota,Jimmy Garoppolo,Mike Mularkey,Kyle Shanahan,John Parry,SFO01,Levi's Stadium,37.403,-121.97,2017-12-17 21:25:00+00:00,61.225,61.2,6.375,7.8,12.55,14.8,0.0,0.0,0.0,0.0,0.0,0.0,0.0,4
2017_15_DAL_OAK,2017,REG,15,2017-12-17,Sunday,20:30,DAL,20,OAK,17,Home,-3,37,0,2017121711,57456,,201712170rai,8144.0,400951814,,7,7,-143.0,129.0,-3.0,104.0,-115.0,46.0,-102.0,-108.0,0,outdoors,grass,57.0,4.0,00-0033077,00-0031280,Dak Prescott,Derek Carr,Jason Garrett,Jack Del Rio,Gene Steratore,OAK00,Oakland-Alameda County Coliseum,37.751667,-122.200556,2017-12-18 01:30:00+00:00,51.6,56.2,1.95,2.9,5.65,6.0,0.0,0.0,0.0,0.0,0.0,0.0,0.0,4
2017_15_ATL_TB,2017,REG,15,2017-12-18,Monday,20:30,ATL,24,TB,21,Home,-3,45,0,2017121800,57457,,201712180tam,8145.0,400951816,,11,8,-320.0,281.0,-7.0,-105.0,-105.0,49.5,-101.0,-109.0,1,outdoors,grass,71.0,2.0,00-0026143,00-0031503,Matt Ryan,Jameis Winston,Dan Quinn,Dirk Koetter,John Hussey,TAM00,Raymond James Stadium,27.975833,-82.503333,2017-12-19 01:30:00+00:00,68.27499999999999,70.5,3.8,4.6,6.225,7.4,0.0,0.0,0.0,0.0,0.0,0.0,0.0,4
2017_16_IND_BAL,2017,REG,16,2017-12-23,Saturday,16:30,IND,16,BAL,23,Home,7,39,0,2017122300,57458,,201712230rav,8146.0,400951596,,9,6,638.0,-800.0,13.5,-108.0,-102.0,41.0,-100.0,-110.0,0,outdoors,grass,63.0,14.0,00-0033119,00-0026158,Jacoby Brissett,Joe Flacco,Chuck Pagano,John Harbaugh,Tony Corrente,BAL00,M&T Bank Stadium,39.278056,-76.622778,2017-12-23 21:30:00+00:00,58.625,60.0,16.474999999999998,18.4,34.35,40.9,0.9500000000000001,1.1,3.8000000000000003,0.0,0.0,0.0,0.9500000000000001,4
2017_16_MIN_GB,2017,REG,16,2017-12-23,Saturday,20:30,MIN,16,GB,0,Home,-16,16,0,2017122301,57459,,201712230gnb,8147.0,400951602,,6,6,-400.0,346.0,-8.5,-100.0,-110.0,41.0,-106.0,-104.0,1,outdoors,grass,10.0,6.0,00-0028986,00-0031589,Case Keenum,Brett Hundley,Mike Zimmer,Mike McCarthy,Carl Cheffers,GNB00,Lambeau Field,44.501389,-88.062222,2017-12-24 01:30:00+00:00,7.225,8.9,6.199999999999999,6.7,11.524999999999999,12.3,0.0,0.0,0.0,0.0,0.0,0.0,0.0,4
2017_16_TB_CAR,2017,REG,16,2017-12-24,Sunday,13:00,TB,19,CAR,22,Home,3,41,0,2017122400,57460,,201712240car,8156.0,400951613,,6,7,385.0,-450.0,10.0,-108.0,-102.0,46.5,-115.0,104.0,1,outdoors,grass,55.0,6.0,00-0031503,00-0027939,Jameis Winston,Cam Newton,Dirk Koetter,Ron Rivera,Jerome Boger,CAR00,Bank of America Stadium,35.225833,-80.852778,2017-12-24 18:00:00+00:00,59.125,57.9,5.525,7.0,12.825,14.1,0.0,0.0,0.0,0.0,0.0,0.0,0.0,4
2017_16_CLE_CHI,2017,REG,16,2017-12-24,Sunday,13:00,CLE,3,CHI,20,Home,17,23,0,2017122401,57461,,201712240chi,8150.0,400951617,,7,8,205.0,-230.0,5.5,-104.0,-106.0,37.0,-100.0,-110.0,0,outdoors,grass,24.0,8.0,00-0033899,00-0033869,DeShone Kizer,Mitch Trubisky,Hue Jackson,John Fox,Terry McAulay,CHI98,Soldier Field,41.8623,-87.6167,2017-12-24 18:00:00+00:00,24.1,24.8,12.025,14.1,18.75,21.3,0.0,0.0,0.0,0.45499999999999996,0.63,1.8199999999999998,0.65,4
2017_16_DET_CIN,2017,REG,16,2017-12-24,Sunday,13:00,DET,17,CIN,26,Home,9,43,0,2017122402,57462,,201712240cin,8152.0,400951621,,8,7,-154.0,139.0,-3.0,-104.0,-106.0,43.5,-105.0,-105.0,0,outdoors,fieldturf,35.0,2.0,00-0026498,00-0027973,Matthew Stafford,Andy Dalton,Jim Caldwell,Marvin Lewis,Gene Steratore,CIN00,Paul Brown Stadium,39.095,-84.516,2017-12-24 18:00:00+00:00,38.625,38.7,6.45,7.8,15.325,17.0,0.0,0.0,0.0,0.0175,0.07,0.07,0.025,4
2017_16_MIA_KC,2017,REG,16,2017-12-24,Sunday,13:00,MIA,13,KC,29,Home,16,42,0,2017122403,57463,,201712240kan,8155.0,400951625,,7,8,431.0,-510.0,11.0,-110.0,-100.0,43.5,-103.0,-107.0,0,outdoors,grass,23.0,15.0,00-0024226,00-0023436,Jay Cutler,Alex Smith,Adam Gase,Andy Reid,Brad Allen,KAN00,Arrowhead Stadium,39.048889,-94.483889,2017-12-24 18:00:00+00:00,26.25,24.5,14.95,16.1,31.95,33.8,0.0,0.0,0.0,0.0,0.0,0.0,0.0,4
2017_16_BUF_NE,2017,REG,16,2017-12-24,Sunday,13:00,BUF,16,NE,37,Home,21,53,0,2017122404,57464,,201712240nwe,8149.0,400951631,,7,7,431.0,-510.0,11.0,-103.0,-107.0,47.5,-112.0,102.0,1,outdoors,fieldturf,35.0,7.0,00-0028118,00-0019596,Tyrod Taylor,Tom Brady,Sean McDermott,Bill Belichick,Craig Wrolstad,BOS00,Gillette Stadium,42.091,-71.264,2017-12-24 18:00:00+00:00,34.725,36.1,6.725,7.1,17.275000000000002,18.6,0.0,0.0,0.0,0.0,0.0,0.0,0.0,4
2017_16_LAC_NYJ,2017,REG,16,2017-12-24,Sunday,13:00,LAC,14,NYJ,7,Home,-7,21,0,2017122406,57466,,201712240nyj,8153.0,400951642,,8,7,-300.0,264.0,-7.5,106.0,-117.0,42.5,-103.0,-107.0,0,outdoors,fieldturf,40.0,6.0,00-0022942,00-0031568,Philip Rivers,Bryce Petty,Anthony Lynn,Todd Bowles,Clete Blakeman,NYC01,MetLife Stadium,40.813528,-74.074361,2017-12-24 18:00:00+00:00,40.55,41.0,7.75,8.1,16.025000000000002,17.4,0.0,0.0,0.0,0.0,0.0,0.0,0.0,4
2017_16_LA_TEN,2017,REG,16,2017-12-24,Sunday,13:00,LA,27,TEN,23,Home,-4,50,0,2017122407,57467,,201712240oti,8154.0,400951667,,7,7,-230.0,205.0,-5.5,-105.0,-105.0,46.0,-105.0,-105.0,0,outdoors,grass,39.0,11.0,00-0033106,00-0032268,Jared Goff,Marcus Mariota,Sean McVay,Mike Mularkey,Walt Anderson,NAS00,Nissan Stadium,36.166389,-86.771389,2017-12-24 18:00:00+00:00,43.675,44.4,12.025000000000002,13.3,22.799999999999997,24.6,0.025,0.1,0.1,0.0,0.0,0.0,0.025,4
2017_16_DEN_WAS,2017,REG,16,2017-12-24,Sunday,13:00,DEN,11,WAS,27,Home,16,38,0,2017122408,57468,,201712240was,8151.0,400951671,,10,7,144.0,-160.0,3.0,100.0,-110.0,39.5,103.0,-114.0,0,outdoors,grass,43.0,7.0,00-0029682,00-0029604,Brock Osweiler,Kirk Cousins,Vance Joseph,Jay Gruden,Ed Hochuli,WAS00,FedExField,38.907778,-76.864444,2017-12-24 18:00:00+00:00,41.725,42.3,6.7,6.9,17.45,18.8,0.0,0.0,0.0,0.0,0.0,0.0,0.0,4
2017_16_JAX_SF,2017,REG,16,2017-12-24,Sunday,16:05,JAX,33,SF,44,Home,11,77,0,2017122409,57469,,201712240sfo,8157.0,400951675,,7,7,-208.0,186.0,-4.0,-102.0,-108.0,43.0,-104.0,-106.0,0,outdoors,grass,52.0,0.0,00-0031407,00-0031345,Blake Bortles,Jimmy Garoppolo,Doug Marrone,Kyle Shanahan,Jeff Triplette,SFO01,Levi's Stadium,37.403,-121.97,2017-12-24 21:05:00+00:00,53.425000000000004,53.3,2.1500000000000004,4.4,7.325,8.7,0.0,0.0,0.0,0.0,0.0,0.0,0.0,4
2017_16_OAK_PHI,2017,REG,16,2017-12-25,Monday,20:30,OAK,10,PHI,19,Home,9,29,0,2017122501,57473,,201712250phi,8161.0,400951719,,8,8,361.0,-420.0,10.0,-107.0,-103.0,46.0,-103.0,-107.0,0,outdoors,grass,29.0,15.0,00-0031280,00-0029567,Derek Carr,Nick Foles,Jack Del Rio,Doug Pederson,Ron Torbert,PHI00,Lincoln Financial Field,39.900833,-75.1675,2017-12-26 01:30:00+00:00,27.675000000000004,28.1,10.375,12.1,21.125,24.4,0.0,0.0,0.0,0.0,0.0,0.0,0.0,4
2017_17_NYJ_NE,2017,REG,17,2017-12-31,Sunday,13:00,NYJ,6,NE,26,Home,20,32,0,2017123106,57480,,201712310nwe,8172.0,400951756,,7,7,851.0,-1400.0,17.0,-120.0,109.0,43.5,-117.0,106.0,1,outdoors,fieldturf,13.0,14.0,00-0031568,00-0019596,Bryce Petty,Tom Brady,Todd Bowles,Bill Belichick,Brad Allen,BOS00,Gillette Stadium,42.091,-71.264,2017-12-31 18:00:00+00:00,11.375,12.4,10.524999999999999,10.9,26.6,28.6,0.0,0.0,0.0,0.0,0.0,0.0,0.0,4
2017_17_WAS_NYG,2017,REG,17,2017-12-31,Sunday,13:00,WAS,10,NYG,18,Home,8,28,0,2017123107,57481,,201712310nyg,8173.0,400951757,,7,7,-230.0,201.0,-5.0,-113.0,102.0,41.0,-108.0,-102.0,1,outdoors,fieldturf,16.0,16.0,00-0029604,00-0022803,Kirk Cousins,Eli Manning,Jay Gruden,Steve Spagnuolo,John Hussey,NYC01,MetLife Stadium,40.813528,-74.074361,2017-12-31 18:00:00+00:00,16.650000000000002,16.9,12.399999999999999,14.2,26.4,28.6,0.0,0.0,0.0,0.0,0.0,0.0,0.0,4
2017_17_DAL_PHI,2017,REG,17,2017-12-31,Sunday,13:00,DAL,6,PHI,0,Home,-6,6,0,2017123108,57482,,201712310phi,8167.0,400951759,,7,6,-200.0,176.0,-3.5,-113.0,102.0,41.0,-101.0,-109.0,1,outdoors,grass,19.0,17.0,00-0033077,00-0032792,Dak Prescott,Nick Foles,Jason Garrett,Doug Pederson,John Parry,PHI00,Lincoln Financial Field,39.900833,-75.1675,2017-12-31 18:00:00+00:00,18.799999999999997,19.3,10.899999999999999,11.2,22.049999999999997,22.4,0.0,0.0,0.0,0.035,0.07,0.14,0.05,4
2017_17_CLE_PIT,2017,REG,17,2017-12-31,Sunday,13:00,CLE,24,PIT,28,Home,4,52,0,2017123109,57483,,201712310pit,8166.0,400951762,,7,6,184.0,-210.0,5.0,-113.0,102.0,38.5,111.0,-123.0,1,outdoors,grass,11.0,3.0,00-0033899,00-0030524,DeShone Kizer,Landry Jones,Hue Jackson,Mike Tomlin,Jerome Boger,PIT00,Heinz Field,40.446667,-80.015833,2017-12-31 18:00:00+00:00,16.45,15.7,6.15,7.3,14.825,17.0,0.0,0.0,0.0,0.0175,0.07,0.07,0.025,4
2017_17_CIN_BAL,2017,REG,17,2017-12-31,Sunday,16:25,CIN,31,BAL,27,Home,-4,58,0,2017123101,57475,,201712310rav,8165.0,400951739,,7,8,322.0,-370.0,8.0,-113.0,102.0,40.0,-104.0,-106.0,1,outdoors,grass,19.0,12.0,00-0027973,00-0026158,Andy Dalton,Joe Flacco,Marvin Lewis,John Harbaugh,Ron Torbert,BAL00,M&T Bank Stadium,39.278056,-76.622778,2017-12-31 21:25:00+00:00,17.65,19.9,8.45,10.4,17.125,21.3,0.025,0.1,0.1,0.0,0.0,0.0,0.025,4
2017_17_KC_DEN,2017,REG,17,2017-12-31,Sunday,16:25,KC,27,DEN,24,Home,-3,51,0,2017123112,57486,,201712310den,8175.0,400951789,,7,7,154.0,-174.0,3.0,102.0,-112.0,37.5,-105.0,-105.0,1,outdoors,grass,17.0,4.0,00-0033873,00-0033108,Patrick Mahomes,Paxton Lynch,Andy Reid,Vance Joseph,Clete Blakeman,DEN00,Sports Authority Field at Mile High,39.743889,-105.02,2017-12-31 21:25:00+00:00,18.4,22.5,8.725,10.5,18.075,19.7,0.0,0.0,0.0,0.0,0.0,0.0,0.0,4
2017_17_SF_LA,2017,REG,17,2017-12-31,Sunday,16:25,SF,34,LA,13,Home,-21,47,0,2017123114,57488,,201712310ram,8177.0,400951792,,7,7,-278.0,241.0,-6.5,-113.0,102.0,44.5,100.0,-110.0,1,outdoors,grass,67.0,3.0,00-0031345,00-0032245,Jimmy Garoppolo,Sean Mannion,Kyle Shanahan,Sean McVay,Terry McAulay,LAX99,Los Angeles Memorial Coliseum,34.014167,-118.287778,2017-12-31 21:25:00+00:00,64.67500000000001,66.2,6.35,9.3,13.825,17.0,0.0,0.0,0.0,0.0,0.0,0.0,0.0,4
2017_17_OAK_LAC,2017,REG,17,2017-12-31,Sunday,16:25,OAK,10,LAC,30,Home,20,40,0,2017123113,57487,,201712310sdg,8176.0,400951791,,6,7,269.0,-305.0,7.0,-115.0,104.0,43.0,-115.0,104.0,1,outdoors,grass,62.0,2.0,00-0031280,00-0022942,Derek Carr,Philip Rivers,Jack Del Rio,Anthony Lynn,Ed Hochuli,LAX97,StubHub Center,33.864,-118.261,2017-12-31 21:25:00+00:00,65.0,66.8,5.5,8.5,12.875000000000002,16.6,0.0,0.0,0.0,0.0,0.0,0.0,0.0,4
2017_17_BUF_MIA,2017,REG,17,2017-12-31,Sunday,16:25,BUF,22,MIA,16,Home,-6,38,0,2017123104,57478,,201712310mia,8162.0,400951748,,7,7,-130.0,118.0,-2.5,-102.0,-108.0,41.5,102.0,-113.0,1,outdoors,grass,71.0,9.0,00-0028118,00-0031076,Tyrod Taylor,Jay Cutler,Sean McDermott,Adam Gase,Jeff Triplette,MIA00,Hard Rock Stadium,25.958056,-80.238889,2017-12-31 21:25:00+00:00,65.8,69.8,5.475,8.1,13.15,16.8,0.0,0.0,0.0,0.0,0.0,0.0,0.0,4
2017_17_ARI_SEA,2017,REG,17,2017-12-31,Sunday,16:25,ARI,26,SEA,24,Home,-2,50,0,2017123115,57489,,201712310sea,8174.0,400951793,,7,7,325.0,-374.0,8.0,-111.0,101.0,38.0,-110.0,100.0,1,outdoors,fieldturf,40.0,7.0,00-0025430,00-0029263,Drew Stanton,Russell Wilson,Bruce Arians,Pete Carroll,Walt Coleman,SEA00,CenturyLink Field,47.5952,-122.3316,2017-12-31 21:25:00+00:00,42.2,43.3,9.375,9.7,18.275,18.8,0.0,0.0,0.0,0.0,0.0,0.0,0.0,4
2017_17_NO_TB,2017,REG,17,2017-12-31,Sunday,16:25,NO,24,TB,31,Home,7,55,0,2017123110,57484,,201712310tam,8171.0,400951764,,7,7,-250.0,222.0,-6.0,-102.0,-108.0,49.0,-123.0,111.0,1,outdoors,grass,71.0,3.0,00-0020531,00-0031503,Drew Brees,Jameis Winston,Sean Payton,Dirk Koetter,Walt Anderson,TAM00,Raymond James Stadium,27.975833,-82.503333,2017-12-31 21:25:00+00:00,66.525,69.9,3.15,5.0,7.25,9.4,0.0,0.0,0.0,0.0,0.0,0.0,0.0,4
2017_17_JAX_TEN,2017,REG,17,2017-12-31,Sunday,16:25,JAX,10,TEN,15,Home,5,25,0,2017123111,57485,,201712310oti,8170.0,400951788,,7,7,125.0,-138.0,2.5,102.0,-113.0,40.0,-104.0,-106.0,1,outdoors,grass,23.0,5.0,00-0031407,00-0032268,Blake Bortles,Marcus Mariota,Doug Marrone,Mike Mularkey,Tony Corrente,NAS00,Nissan Stadium,36.166389,-86.771389,2017-12-31 21:25:00+00:00,22.475,25.8,10.65,11.7,21.3,22.6,0.0,0.0,0.0,0.0,0.0,0.0,0.0,4
2018_01_ATL_PHI,2018,REG,1,2018-09-06,Thursday,20:20,ATL,12,PHI,18,Home,6,30,0,2018090600,57567,,201809060phi,9338.0,401030710,,7,7,-104.0,-106.0,1.0,-111.0,101.0,44.5,-101.0,-109.0,0,outdoors,grass,81.0,8.0,00-0026143,00-0029567,Matt Ryan,Nick Foles,Dan Quinn,Doug Pederson,John Hussey,PHI00,Lincoln Financial Field,39.900833,-75.1675,2018-09-07 00:20:00+00:00,80.6,83.4,5.475,6.7,10.025,12.1,0.05,0.2,0.2,0.0,0.0,0.0,0.05,4
2018_01_BUF_BAL,2018,REG,1,2018-09-09,Sunday,13:00,BUF,3,BAL,47,Home,44,50,0,2018090900,57568,,201809090rav,9346.0,401030711,,7,7,309.0,-355.0,7.5,-106.0,-104.0,39.0,109.0,-120.0,0,outdoors,grass,61.0,12.0,00-0033958,00-0026158,Nathan Peterman,Joe Flacco,Sean McDermott,John Harbaugh,Shawn Hochuli,BAL00,M&T Bank Stadium,39.278056,-76.622778,2018-09-09 17:00:00+00:00,64.9,64.0,18.55,19.2,32.725,34.0,1.5250000000000001,1.8,6.1000000000000005,0.0,0.0,0.0,1.5250000000000001,4
2018_01_PIT_CLE,2018,REG,1,2018-09-09,Sunday,13:00,PIT,21,CLE,21,Home,0,42,1,2018090901,57569,,201809090cle,9339.0,401030718,,7,7,-173.0,156.0,-3.5,105.0,-116.0,41.0,-102.0,-108.0,1,outdoors,grass,58.0,11.0,00-0022924,00-0028118,Ben Roethlisberger,Tyrod Taylor,Mike Tomlin,Hue Jackson,Shawn Smith,CLE00,FirstEnergy Stadium,41.506111,-81.699444,2018-09-09 17:00:00+00:00,59.324999999999996,59.0,17.4,17.5,28.525,28.9,0.85,1.0,3.4,0.0,0.0,0.0,0.85,4
2018_01_TEN_MIA,2018,REG,1,2018-09-09,Sunday,13:00,TEN,20,MIA,27,Home,7,47,0,2018090903,57571,,201809090mia,9341.0,401030716,,7,7,-115.0,104.0,-1.0,-107.0,-103.0,43.5,-101.0,-109.0,0,outdoors,grass,89.0,7.0,00-0032268,00-0029701,Marcus Mariota,Ryan Tannehill,Mike Vrabel,Adam Gase,Jerome Boger,MIA00,Hard Rock Stadium,25.958056,-80.238889,2018-09-09 17:00:00+00:00,83.42500000000001,86.5,5.275,9.9,16.975,20.8,1.0999999999999999,4.0,4.3999999999999995,0.0,0.0,0.0,1.0999999999999999,4
2018_01_HOU_NE,2018,REG,1,2018-09-09,Sunday,13:00,HOU,20,NE,27,Home,7,47,0,2018090905,57573,,201809090nwe,9344.0,401030714,,7,7,214.0,-240.0,6.0,-105.0,-105.0,49.5,108.0,-119.0,0,outdoors,fieldturf,62.0,10.0,00-0033537,00-0019596,Deshaun Watson,Tom Brady,Bill O'Brien,Bill Belichick,Tony Corrente,BOS00,Gillette Stadium,42.091,-71.264,2018-09-09 17:00:00+00:00,61.7,62.1,9.225,9.6,23.55,24.4,0.0,0.0,0.0,0.0,0.0,0.0,0.0,4
2018_01_JAX_NYG,2018,REG,1,2018-09-09,Sunday,13:00,JAX,20,NYG,15,Home,-5,35,0,2018090907,57575,,201809090nyg,9345.0,401030712,,7,7,-141.0,127.0,-2.5,-117.0,106.0,43.0,103.0,-114.0,0,outdoors,fieldturf,59.0,7.0,00-0031407,00-0022803,Blake Bortles,Eli Manning,Doug Marrone,Pat Shurmur,Craig Wrolstad,NYC01,MetLife Stadium,40.813528,-74.074361,2018-09-09 17:00:00+00:00,61.125,59.0,9.8,10.2,18.875,19.2,0.6,0.7,2.4,0.0,0.0,0.0,0.6,4
2018_01_KC_LAC,2018,REG,1,2018-09-09,Sunday,16:05,KC,38,LAC,28,Home,-10,66,0,2018090908,57576,,201809090sdg,9347.0,401030720,,7,7,166.0,-185.0,3.5,-104.0,-106.0,48.0,-105.0,-105.0,1,outdoors,grass,84.0,8.0,00-0033873,00-0022942,Patrick Mahomes,Philip Rivers,Andy Reid,Anthony Lynn,Clete Blakeman,LAX97,StubHub Center,33.864,-118.261,2018-09-09 20:05:00+00:00,86.675,88.3,8.75,9.7,18.700000000000003,19.9,0.0,0.0,0.0,0.0,0.0,0.0,0.0,4
2018_01_DAL_CAR,2018,REG,1,2018-09-09,Sunday,16:25,DAL,8,CAR,16,Home,8,24,0,2018090910,57578,,201809090car,9348.0,401030723,,7,7,134.0,-149.0,2.5,110.0,-121.0,42.5,105.0,-116.0,0,outdoors,grass,81.0,9.0,00-0033077,00-0027939,Dak Prescott,Cam Newton,Jason Garrett,Ron Rivera,Walt Anderson,CAR00,Bank of America Stadium,35.225833,-80.852778,2018-09-09 20:25:00+00:00,81.05,82.2,5.699999999999999,8.2,16.375,19.2,0.17500000000000002,0.2,0.7000000000000001,0.0,0.0,0.0,0.17500000000000002,4
2018_01_SEA_DEN,2018,REG,1,2018-09-09,Sunday,16:25,SEA,24,DEN,27,Home,3,51,0,2018090911,57579,,201809090den,9350.0,401030721,,7,7,157.0,-175.0,3.0,109.0,-120.0,42.5,-104.0,-106.0,0,outdoors,grass,84.0,5.0,00-0029263,00-0028986,Russell Wilson,Case Keenum,Pete Carroll,Vance Joseph,Brad Allen,DEN00,Sports Authority Field at Mile High,39.743889,-105.02,2018-09-09 20:25:00+00:00,83.42500000000001,83.9,4.9,9.5,16.55,19.2,0.0,0.0,0.0,0.0,0.0,0.0,0.0,4
2018_01_CHI_GB,2018,REG,1,2018-09-09,Sunday,20:20,CHI,23,GB,24,Home,1,47,0,2018090912,57580,,201809090gnb,9351.0,401030726,,7,7,240.0,-271.0,6.5,-110.0,-100.0,45.0,102.0,-113.0,1,outdoors,grass,62.0,10.0,00-0033869,00-0023459,Mitch Trubisky,Aaron Rodgers,Matt Nagy,Mike McCarthy,Carl Cheffers,GNB00,Lambeau Field,44.501389,-88.062222,2018-09-10 00:20:00+00:00,57.25,58.8,4.425,4.8,10.05,15.4,0.0,0.0,0.0,0.0,0.0,0.0,0.0,4
2018_01_LA_OAK,2018,REG,1,2018-09-10,Monday,22:20,LA,33,OAK,13,Home,-20,46,0,2018091001,57582,,201809100rai,9353.0,401030751,,7,7,-238.0,212.0,-6.0,-104.0,-106.0,47.5,-102.0,-108.0,0,outdoors,grass,69.0,10.0,00-0033106,00-0031280,Jared Goff,Derek Carr,Sean McVay,Jon Gruden,Ron Torbert,OAK00,Oakland-Alameda County Coliseum,37.751667,-122.200556,2018-09-11 02:20:00+00:00,62.125,64.7,5.725,6.3,12.05,13.2,0.0,0.0,0.0,0.0,0.0,0.0,0.0,4
2018_02_BAL_CIN,2018,REG,2,2018-09-13,Thursday,20:20,BAL,23,CIN,34,Home,11,57,0,2018091300,57583,,201809130cin,9354.0,401030690,,4,4,104.0,-115.0,1.0,-101.0,-109.0,43.0,-107.0,-103.0,1,outdoors,fieldturf,82.0,3.0,00-0026158,00-0027973,Joe Flacco,Andy Dalton,John Harbaugh,Marvin Lewis,Walt Anderson,CIN00,Paul Brown Stadium,39.095,-84.516,2018-09-14 00:20:00+00:00,73.6,77.1,3.4999999999999996,4.1,5.75,6.9,0.0,0.0,0.0,0.0,0.0,0.0,0.0,4
2018_02_LAC_BUF,2018,REG,2,2018-09-16,Sunday,13:00,LAC,31,BUF,20,Home,-11,51,0,2018091601,57585,,201809160buf,9356.0,401030704,,7,7,-296.0,261.0,-7.5,104.0,-115.0,41.5,-108.0,-102.0,0,outdoors,a_turf,83.0,6.0,00-0022942,00-0034857,Philip Rivers,Josh Allen,Anthony Lynn,Sean McDermott,Clay Martin,BUF00,New Era Field,42.774,-78.787,2018-09-16 17:00:00+00:00,83.275,81.9,1.375,1.8,7.25,7.6,0.0,0.0,0.0,0.0,0.0,0.0,0.0,4
2018_02_MIN_GB,2018,REG,2,2018-09-16,Sunday,13:00,MIN,29,GB,29,Home,0,58,1,2018091602,57586,,201809160gnb,9357.0,401030705,,7,7,-121.0,110.0,-2.0,100.0,-110.0,45.0,-110.0,-100.0,1,outdoors,grass,80.0,5.0,00-0029604,00-0023459,Kirk Cousins,Aaron Rodgers,Mike Zimmer,Mike McCarthy,Tony Corrente,GNB00,Lambeau Field,44.501389,-88.062222,2018-09-16 17:00:00+00:00,81.3,80.8,8.0,9.2,18.4,19.7,0.07500000000000001,0.1,0.30000000000000004,0.0,0.0,0.0,0.07500000000000001,4
2018_02_MIA_NYJ,2018,REG,2,2018-09-16,Sunday,13:00,MIA,20,NYJ,12,Home,-8,32,0,2018091604,57588,,201809160nyj,9359.0,401030700,,7,6,153.0,-170.0,3.0,103.0,-114.0,43.0,-104.0,-106.0,1,outdoors,fieldturf,80.0,4.0,00-0029701,00-0034869,Ryan Tannehill,Sam Darnold,Adam Gase,Todd Bowles,Brad Allen,NYC01,MetLife Stadium,40.813528,-74.074361,2018-09-16 17:00:00+00:00,79.85000000000001,80.2,5.275,8.8,14.725000000000001,17.7,0.0,0.0,0.0,0.0,0.0,0.0,0.0,4
2018_02_KC_PIT,2018,REG,2,2018-09-16,Sunday,13:00,KC,42,PIT,37,Home,-5,79,0,2018091605,57589,,201809160pit,9361.0,401030698,,7,7,179.0,-199.0,4.5,-108.0,-102.0,52.0,-114.0,103.0,0,outdoors,grass,80.0,10.0,00-0033873,00-0022924,Patrick Mahomes,Ben Roethlisberger,Andy Reid,Mike Tomlin,Jerome Boger,PIT00,Heinz Field,40.446667,-80.015833,2018-09-16 17:00:00+00:00,78.75,78.3,9.125,9.6,20.225,21.3,0.0,0.0,0.0,0.0,0.0,0.0,0.0,4
2018_02_PHI_TB,2018,REG,2,2018-09-16,Sunday,13:00,PHI,21,TB,27,Home,6,48,0,2018091606,57590,,201809160tam,9362.0,401030696,,10,7,-142.0,129.0,-3.0,106.0,-117.0,46.5,100.0,-110.0,0,outdoors,grass,91.0,9.0,00-0029567,00-0023682,Nick Foles,Ryan Fitzpatrick,Doug Pederson,Dirk Koetter,Alex Kemp,TAM00,Raymond James Stadium,27.975833,-82.503333,2018-09-16 17:00:00+00:00,86.675,86.3,8.475,8.9,17.0,17.4,0.075,0.3,0.3,0.0,0.0,0.0,0.075,4
2018_02_HOU_TEN,2018,REG,2,2018-09-16,Sunday,13:00,HOU,17,TEN,20,Home,3,37,0,2018091607,57591,,201809160oti,9360.0,401030694,,7,7,-176.0,159.0,-3.5,103.0,-114.0,41.0,-110.0,-100.0,1,outdoors,grass,81.0,12.0,00-0033537,00-0027948,Deshaun Watson,Blaine Gabbert,Bill O'Brien,Mike Vrabel,Peter Morelli,NAS00,Nissan Stadium,36.166389,-86.771389,2018-09-16 17:00:00+00:00,81.94999999999999,83.7,11.05,11.9,23.0,24.4,0.0,0.0,0.0,0.0,0.0,0.0,0.0,4
2018_02_IND_WAS,2018,REG,2,2018-09-16,Sunday,13:00,IND,21,WAS,9,Home,-12,30,0,2018091608,57592,,201809160was,9363.0,401030693,,7,7,213.0,-239.0,6.0,-108.0,-102.0,48.0,-110.0,-100.0,0,outdoors,grass,71.0,5.0,00-0029668,00-0023436,Andrew Luck,Alex Smith,Frank Reich,Jay Gruden,Clete Blakeman,WAS00,FedExField,38.907778,-76.864444,2018-09-16 17:00:00+00:00,78.15,76.4,9.125,9.5,21.425,21.9,0.24999999999999997,0.5,0.9999999999999999,0.0,0.0,0.0,0.24999999999999997,4
2018_02_ARI_LA,2018,REG,2,2018-09-16,Sunday,16:05,ARI,0,LA,34,Home,34,34,0,2018091609,57593,,201809160ram,9364.0,401030732,,7,6,621.0,-775.0,13.5,-110.0,-100.0,43.5,-109.0,-101.0,1,outdoors,grass,86.0,2.0,00-0027854,00-0033106,Sam Bradford,Jared Goff,Steve Wilks,Sean McVay,Craig Wrolstad,LAX99,Los Angeles Memorial Coliseum,34.014167,-118.287778,2018-09-16 20:05:00+00:00,81.79999999999998,84.1,11.749999999999998,13.4,22.325000000000003,24.4,0.0,0.0,0.0,0.0,0.0,0.0,0.0,4
2018_02_DET_SF,2018,REG,2,2018-09-16,Sunday,16:05,DET,27,SF,30,Home,3,57,0,2018091610,57594,,201809160sfo,9365.0,401030730,,6,7,210.0,-235.0,6.0,-111.0,101.0,48.5,-105.0,-105.0,0,outdoors,grass,73.0,12.0,00-0026498,00-0031345,Matthew Stafford,Jimmy Garoppolo,Matt Patricia,Kyle Shanahan,Shawn Hochuli,SFO01,Levi's Stadium,37.403,-121.97,2018-09-16 20:05:00+00:00,73.625,73.1,12.575,14.2,23.475,25.7,0.0,0.0,0.0,0.0,0.0,0.0,0.0,4
2018_02_OAK_DEN,2018,REG,2,2018-09-16,Sunday,16:25,OAK,19,DEN,20,Home,1,39,0,2018091611,57595,,201809160den,9366.0,401030736,,6,7,207.0,-231.0,5.5,-104.0,-106.0,44.5,-105.0,-105.0,1,outdoors,grass,92.0,4.0,00-0031280,00-0028986,Derek Carr,Case Keenum,Jon Gruden,Vance Joseph,John Hussey,DEN00,Sports Authority Field at Mile High,39.743889,-105.02,2018-09-16 20:25:00+00:00,91.225,91.1,7.050000000000001,10.6,15.425,18.8,0.0,0.0,0.0,0.0,0.0,0.0,0.0,4
2018_02_NE_JAX,2018,REG,2,2018-09-16,Sunday,16:25,NE,20,JAX,31,Home,11,51,0,2018091612,57596,,201809160jax,9367.0,401030733,,7,7,-133.0,120.0,-2.0,-110.0,-100.0,44.5,-104.0,-106.0,0,outdoors,grass,97.0,15.0,00-0019596,00-0031407,Tom Brady,Blake Bortles,Bill Belichick,Doug Marrone,Carl Cheffers,JAX00,TIAA Bank Stadium,30.323889,-81.6375,2018-09-16 20:25:00+00:00,89.625,92.4,10.85,11.1,19.975,21.7,0.0,0.0,0.0,0.0,0.0,0.0,0.0,4
2018_02_SEA_CHI,2018,REG,2,2018-09-17,Monday,20:15,SEA,17,CHI,24,Home,7,41,0,2018091700,57598,,201809170chi,9369.0,401030739,,8,8,206.0,-231.0,5.0,-102.0,-108.0,42.5,-105.0,-105.0,0,outdoors,grass,79.0,2.0,00-0029263,00-0033869,Russell Wilson,Mitch Trubisky,Pete Carroll,Matt Nagy,Walt Coleman,CHI98,Soldier Field,41.8623,-87.6167,2018-09-18 00:15:00+00:00,76.65,78.6,4.125,5.0,6.425000000000001,7.4,0.0,0.0,0.0,0.0,0.0,0.0,0.0,4
2018_03_NYJ_CLE,2018,REG,3,2018-09-20,Thursday,20:20,NYJ,17,CLE,21,Home,4,38,0,2018092000,57599,,201809200cle,9370.0,401030775,,4,4,153.0,-170.0,3.0,103.0,-115.0,41.0,-104.0,-106.0,0,outdoors,grass,83.0,11.0,00-0034869,00-0028118,Sam Darnold,Tyrod Taylor,Todd Bowles,Hue Jackson,Jerome Boger,CLE00,FirstEnergy Stadium,41.506111,-81.699444,2018-09-21 00:20:00+00:00,77.275,78.4,13.0,14.0,19.25,21.7,0.0,0.0,0.0,0.0,0.0,0.0,0.0,4
2018_03_DEN_BAL,2018,REG,3,2018-09-23,Sunday,13:00,DEN,14,BAL,27,Home,13,41,0,2018092301,57601,,201809230rav,9379.0,401030788,,7,10,201.0,-225.0,5.5,-106.0,-104.0,46.0,-108.0,-103.0,0,outdoors,grass,61.0,5.0,00-0028986,00-0026158,Case Keenum,Joe Flacco,Vance Joseph,John Harbaugh,Ron Torbert,BAL00,M&T Bank Stadium,39.278056,-76.622778,2018-09-23 17:00:00+00:00,64.44999999999999,63.6,7.700000000000001,8.3,14.75,15.4,0.875,1.0,3.5,0.0,0.0,0.0,0.875,4
2018_03_CIN_CAR,2018,REG,3,2018-09-23,Sunday,13:00,CIN,21,CAR,31,Home,10,52,0,2018092302,57602,,201809230car,9372.0,401030790,,10,7,128.0,-142.0,2.5,106.0,-118.0,44.0,-105.0,-105.0,0,outdoors,grass,80.0,3.0,00-0027973,00-0027939,Andy Dalton,Cam Newton,Marvin Lewis,Ron Rivera,John Parry,CAR00,Bank of America Stadium,35.225833,-80.852778,2018-09-23 17:00:00+00:00,80.45,80.2,4.425,5.3,11.45,12.5,0.1,0.2,0.4,0.0,0.0,0.0,0.1,4
2018_03_TEN_JAX,2018,REG,3,2018-09-23,Sunday,13:00,TEN,9,JAX,6,Home,-3,15,0,2018092304,57604,,201809230jax,9374.0,401030794,,7,7,357.0,-415.0,10.0,-111.0,100.0,39.0,-102.0,-109.0,1,outdoors,grass,89.0,10.0,00-0027948,00-0031407,Blaine Gabbert,Blake Bortles,Mike Vrabel,Doug Marrone,Shawn Smith,JAX00,TIAA Bank Stadium,30.323889,-81.6375,2018-09-23 17:00:00+00:00,85.9,85.5,9.475,11.1,17.424999999999997,19.9,0.025,0.1,0.1,0.0,0.0,0.0,0.025,4
2018_03_SF_KC,2018,REG,3,2018-09-23,Sunday,13:00,SF,27,KC,38,Home,11,65,0,2018092305,57605,,201809230kan,9375.0,401030795,,7,7,222.0,-250.0,6.0,-103.0,-108.0,53.0,-105.0,-105.0,0,outdoors,grass,70.0,4.0,00-0031345,00-0033873,Jimmy Garoppolo,Patrick Mahomes,Kyle Shanahan,Andy Reid,Tony Corrente,KAN00,Arrowhead Stadium,39.048889,-94.483889,2018-09-23 17:00:00+00:00,73.675,71.3,5.875,6.1,15.875,16.3,0.0,0.0,0.0,0.0,0.0,0.0,0.0,4
2018_03_OAK_MIA,2018,REG,3,2018-09-23,Sunday,13:00,OAK,20,MIA,28,Home,8,48,0,2018092306,57606,,201809230mia,9376.0,401030787,,7,7,125.0,-138.0,3.0,-125.0,111.0,46.0,-103.0,-107.0,0,outdoors,grass,90.0,7.0,00-0031280,00-0029701,Derek Carr,Ryan Tannehill,Jon Gruden,Adam Gase,Shawn Hochuli,MIA00,Hard Rock Stadium,25.958056,-80.238889,2018-09-23 17:00:00+00:00,84.625,86.4,6.475,9.2,16.65,19.2,0.55,1.3,2.2,0.0,0.0,0.0,0.55,4
2018_03_IND_PHI,2018,REG,3,2018-09-23,Sunday,13:00,IND,16,PHI,20,Home,4,36,0,2018092308,57608,,201809230phi,9378.0,401030782,,7,7,243.0,-274.0,6.5,-103.0,-108.0,45.5,103.0,-115.0,0,outdoors,grass,61.0,5.0,00-0029668,00-0032950,Andrew Luck,Carson Wentz,Frank Reich,Doug Pederson,Clay Martin,PHI00,Lincoln Financial Field,39.900833,-75.1675,2018-09-23 17:00:00+00:00,62.15,61.6,5.85,7.2,12.35,13.9,0.875,1.3,3.5,0.0,0.0,0.0,0.875,4
2018_03_GB_WAS,2018,REG,3,2018-09-23,Sunday,13:00,GB,17,WAS,31,Home,14,48,0,2018092309,57609,,201809230was,9380.0,401030781,,7,7,-135.0,122.0,-2.5,-110.0,-101.0,46.5,-122.0,109.0,0,outdoors,grass,62.0,6.0,00-0023459,00-0023436,Aaron Rodgers,Alex Smith,Mike McCarthy,Jay Gruden,Craig Wrolstad,WAS00,FedExField,38.907778,-76.864444,2018-09-23 17:00:00+00:00,65.375,64.4,8.275,8.6,19.200000000000003,19.5,0.6,1.4,2.4,0.0,0.0,0.0,0.6,4
2018_03_LAC_LA,2018,REG,3,2018-09-23,Sunday,16:05,LAC,23,LA,35,Home,12,58,0,2018092310,57610,,201809230ram,9381.0,401030798,,7,7,254.0,-288.0,7.5,-125.0,111.0,49.0,-110.0,-101.0,0,outdoors,grass,80.0,5.0,00-0022942,00-0033106,Philip Rivers,Jared Goff,Anthony Lynn,Sean McVay,John Hussey,LAX99,Los Angeles Memorial Coliseum,34.014167,-118.287778,2018-09-23 20:05:00+00:00,76.9,78.4,11.700000000000001,12.9,22.325,23.5,0.0,0.0,0.0,0.0,0.0,0.0,0.0,4
2018_03_DAL_SEA,2018,REG,3,2018-09-23,Sunday,16:25,DAL,13,SEA,24,Home,11,37,0,2018092312,57612,,201809230sea,9383.0,401030799,,7,6,106.0,-117.0,1.0,-103.0,-108.0,40.0,-103.0,-108.0,0,outdoors,fieldturf,61.0,4.0,00-0033077,00-0029263,Dak Prescott,Russell Wilson,Jason Garrett,Pete Carroll,Carl Cheffers,SEA00,CenturyLink Field,47.5952,-122.3316,2018-09-23 20:25:00+00:00,61.6,60.4,2.1,3.1,10.05,12.3,0.0,0.0,0.0,0.0,0.0,0.0,0.0,4
2018_03_PIT_TB,2018,REG,3,2018-09-24,Monday,20:15,PIT,30,TB,27,Home,-3,57,0,2018092400,57614,,201809240tam,9385.0,401030805,,8,8,106.0,-117.0,1.0,101.0,-112.0,55.0,-105.0,-105.0,0,outdoors,grass,77.0,5.0,00-0022924,00-0023682,Ben Roethlisberger,Ryan Fitzpatrick,Mike Tomlin,Dirk Koetter,Peter Morelli,TAM00,Raymond James Stadium,27.975833,-82.503333,2018-09-25 00:15:00+00:00,78.2,78.7,6.4750000000000005,7.4,12.375,14.1,0.075,0.3,0.3,0.0,0.0,0.0,0.075,4
2018_04_MIN_LA,2018,REG,4,2018-09-27,Thursday,20:20,MIN,31,LA,38,Home,7,69,0,2018092700,57615,,201809270ram,9386.0,401030839,,4,4,282.0,-321.0,7.5,-116.0,104.0,48.5,-105.0,-105.0,0,outdoors,grass,75.0,3.0,00-0029604,00-0033106,Kirk Cousins,Jared Goff,Mike Zimmer,Sean McVay,Brad Allen,LAX99,Los Angeles Memorial Coliseum,34.014167,-118.287778,2018-09-28 00:20:00+00:00,72.35,77.5,7.5249999999999995,8.7,16.025,19.2,0.0,0.0,0.0,0.0,0.0,0.0,0.0,4
2018_04_TB_CHI,2018,REG,4,2018-09-30,Sunday,13:00,TB,10,CHI,48,Home,38,58,0,2018093001,57617,,201809300chi,9388.0,401030846,,6,7,126.0,-140.0,3.0,-127.0,113.0,46.0,-101.0,-110.0,0,outdoors,grass,66.0,5.0,00-0023682,00-0033869,Ryan Fitzpatrick,Mitch Trubisky,Dirk Koetter,Matt Nagy,Jerome Boger,CHI98,Soldier Field,41.8623,-87.6167,2018-09-30 17:00:00+00:00,64.125,63.6,4.65,5.9,9.475,11.0,0.35000000000000003,0.5,1.4000000000000001,0.0,0.0,0.0,0.35000000000000003,4
2018_04_BUF_GB,2018,REG,4,2018-09-30,Sunday,13:00,BUF,0,GB,22,Home,22,22,0,2018093003,57619,,201809300gnb,9391.0,401030844,,7,7,317.0,-365.0,8.5,-103.0,-108.0,44.0,-105.0,-105.0,0,outdoors,grass,49.0,9.0,00-0034857,00-0023459,Josh Allen,Aaron Rodgers,Sean McDermott,Mike McCarthy,Bill Vinovich,GNB00,Lambeau Field,44.501389,-88.062222,2018-09-30 17:00:00+00:00,50.675,49.7,4.85,5.1,12.025,12.3,0.0,0.0,0.0,0.0,0.0,0.0,0.0,4
2018_04_NYJ_JAX,2018,REG,4,2018-09-30,Sunday,13:00,NYJ,12,JAX,31,Home,19,43,0,2018093005,57621,,201809300jax,9392.0,401030840,,10,7,293.0,-335.0,7.5,-121.0,108.0,40.5,-107.0,-103.0,0,outdoors,grass,86.0,10.0,00-0034869,00-0031407,Sam Darnold,Blake Bortles,Todd Bowles,Doug Marrone,Clay Martin,JAX00,TIAA Bank Stadium,30.323889,-81.6375,2018-09-30 17:00:00+00:00,81.825,83.4,10.2,11.3,19.875,21.3,1.3749999999999998,2.3,5.499999999999999,0.0,0.0,0.0,1.3749999999999998,4
2018_04_MIA_NE,2018,REG,4,2018-09-30,Sunday,13:00,MIA,7,NE,38,Home,31,45,0,2018093006,57622,,201809300nwe,9393.0,401030841,,7,7,247.0,-279.0,6.5,-103.0,-108.0,50.5,-105.0,-105.0,1,outdoors,fieldturf,65.0,6.0,00-0029701,00-0019596,Ryan Tannehill,Tom Brady,Adam Gase,Bill Belichick,Alex Kemp,BOS00,Gillette Stadium,42.091,-71.264,2018-09-30 17:00:00+00:00,65.775,65.1,5.9750000000000005,6.7,16.0,16.8,0.0,0.0,0.0,0.0,0.0,0.0,0.0,4
2018_04_PHI_TEN,2018,REG,4,2018-09-30,Sunday,13:00,PHI,23,TEN,26,Home,3,49,1,2018093007,57623,,201809300oti,9394.0,401030842,,7,7,-146.0,132.0,-3.0,103.0,-115.0,41.5,-102.0,-109.0,0,outdoors,grass,80.0,4.0,00-0032950,00-0032268,Carson Wentz,Marcus Mariota,Doug Pederson,Mike Vrabel,Shawn Hochuli,NAS00,Nissan Stadium,36.166389,-86.771389,2018-09-30 17:00:00+00:00,80.425,78.8,1.9,3.8,8.375,9.8,0.0,0.0,0.0,0.0,0.0,0.0,0.0,4
2018_04_CLE_OAK,2018,REG,4,2018-09-30,Sunday,16:05,CLE,42,OAK,45,Home,3,87,1,2018093009,57625,,201809300rai,9396.0,401030930,,10,7,122.0,-135.0,2.5,100.0,-111.0,44.5,-102.0,-109.0,0,outdoors,grass,71.0,8.0,00-0034855,00-0031280,Baker Mayfield,Derek Carr,Hue Jackson,Jon Gruden,Walt Anderson,OAK00,Oakland-Alameda County Coliseum,37.751667,-122.200556,2018-09-30 20:05:00+00:00,70.525,71.5,9.8,11.4,23.8,25.9,0.0,0.0,0.0,0.0,0.0,0.0,0.0,4
2018_04_SF_LAC,2018,REG,4,2018-09-30,Sunday,16:25,SF,27,LAC,29,Home,2,56,0,2018093010,57626,,201809300sdg,9398.0,401030932,,7,7,368.0,-428.0,10.0,-118.0,106.0,46.0,-112.0,101.0,0,outdoors,grass,78.0,9.0,00-0033936,00-0022942,C.J. Beathard,Philip Rivers,Kyle Shanahan,Anthony Lynn,Ron Torbert,LAX97,StubHub Center,33.864,-118.261,2018-09-30 20:25:00+00:00,80.22500000000001,82.9,9.575000000000001,11.6,19.675,22.1,0.0,0.0,0.0,0.0,0.0,0.0,0.0,4
2018_04_NO_NYG,2018,REG,4,2018-09-30,Sunday,16:25,NO,33,NYG,18,Home,-15,51,0,2018093011,57627,,201809300nyg,9397.0,401030931,,7,7,-170.0,153.0,-3.5,109.0,-122.0,51.5,-108.0,-103.0,0,outdoors,fieldturf,71.0,7.0,00-0020531,00-0022803,Drew Brees,Eli Manning,Sean Payton,Pat Shurmur,Peter Morelli,NYC01,MetLife Stadium,40.813528,-74.074361,2018-09-30 20:25:00+00:00,65.85,68.4,7.1000000000000005,8.4,15.375000000000002,16.3,0.0,0.0,0.0,0.0,0.0,0.0,0.0,4
2018_04_BAL_PIT,2018,REG,4,2018-09-30,Sunday,20:20,BAL,26,PIT,14,Home,-12,40,0,2018093012,57628,,201809300pit,9399.0,401030933,,7,6,153.0,-170.0,3.0,103.0,-115.0,51.0,-108.0,-103.0,1,outdoors,grass,69.0,2.0,00-0026158,00-0022924,Joe Flacco,Ben Roethlisberger,John Harbaugh,Mike Tomlin,Tony Corrente,PIT00,Heinz Field,40.446667,-80.015833,2018-10-01 00:20:00+00:00,64.2,66.0,3.575,4.1,5.975,6.3,0.0,0.0,0.0,0.0,0.0,0.0,0.0,4
2018_04_KC_DEN,2018,REG,4,2018-10-01,Monday,20:15,KC,27,DEN,23,Home,-4,50,0,2018100100,57629,,201810010den,9400.0,401030934,,8,8,-176.0,159.0,-3.5,102.0,-113.0,53.5,109.0,-122.0,1,outdoors,grass,65.0,5.0,00-0033873,00-0028986,Patrick Mahomes,Case Keenum,Andy Reid,Vance Joseph,Craig Wrolstad,DEN00,Sports Authority Field at Mile High,39.743889,-105.02,2018-10-02 00:15:00+00:00,59.35,63.7,2.825,3.9,6.35,11.6,0.0,0.0,0.0,0.0,0.0,0.0,0.0,4
2018_05_IND_NE,2018,REG,5,2018-10-04,Thursday,20:20,IND,24,NE,38,Home,14,62,0,2018100400,57630,,201810040nwe,9401.0,401030697,,4,4,452.0,-537.0,10.5,-110.0,-101.0,49.5,-109.0,-102.0,0,outdoors,fieldturf,66.0,6.0,00-0029668,00-0019596,Andrew Luck,Tom Brady,Frank Reich,Bill Belichick,Shawn Hochuli,BOS00,Gillette Stadium,42.091,-71.264,2018-10-05 00:20:00+00:00,65.5,65.0,7.074999999999999,7.4,14.95,17.0,0.0,0.0,0.0,0.0,0.0,0.0,0.0,4
2018_05_TEN_BUF,2018,REG,5,2018-10-07,Sunday,13:00,TEN,12,BUF,13,Home,1,25,0,2018100700,57631,,201810070buf,9402.0,401030702,,7,7,-269.0,238.0,-6.0,-112.0,101.0,38.0,106.0,-119.0,0,outdoors,a_turf,62.0,8.0,00-0032268,00-0034857,Marcus Mariota,Josh Allen,Mike Vrabel,Sean McDermott,Tony Corrente,BUF00,New Era Field,42.774,-78.787,2018-10-07 17:00:00+00:00,66.42500000000001,66.7,6.075,7.8,14.05,17.0,0.025,0.1,0.1,0.0,0.0,0.0,0.025,4
2018_05_NYG_CAR,2018,REG,5,2018-10-07,Sunday,13:00,NYG,31,CAR,33,Home,2,64,0,2018100701,57632,,201810070car,9403.0,401030778,,7,14,234.0,-264.0,7.0,-125.0,111.0,43.5,-102.0,-109.0,0,outdoors,grass,80.0,3.0,00-0022803,00-0027939,Eli Manning,Cam Newton,Pat Shurmur,Ron Rivera,Jerome Boger,CAR00,Bank of America Stadium,35.225833,-80.852778,2018-10-07 17:00:00+00:00,79.8,78.8,2.4,3.9,9.975000000000001,11.2,0.05,0.1,0.2,0.0,0.0,0.0,0.05,4
2018_05_MIA_CIN,2018,REG,5,2018-10-07,Sunday,13:00,MIA,17,CIN,27,Home,10,44,0,2018100702,57633,,201810070cin,9404.0,401030785,,7,7,227.0,-255.0,6.0,-107.0,-103.0,47.5,-114.0,102.0,0,outdoors,fieldturf,87.0,4.0,00-0029701,00-0027973,Ryan Tannehill,Andy Dalton,Adam Gase,Marvin Lewis,Craig Wrolstad,CIN00,Paul Brown Stadium,39.095,-84.516,2018-10-07 17:00:00+00:00,83.675,83.4,5.65,6.1,16.05,17.4,0.025,0.1,0.1,0.0,0.0,0.0,0.025,4
2018_05_BAL_CLE,2018,REG,5,2018-10-07,Sunday,13:00,BAL,9,CLE,12,Home,3,21,1,2018100703,57634,,201810070cle,9405.0,401030770,,7,7,-171.0,154.0,-3.0,-119.0,106.0,44.5,-103.0,-108.0,1,outdoors,grass,72.0,5.0,00-0026158,00-0034855,Joe Flacco,Baker Mayfield,John Harbaugh,Hue Jackson,Clay Martin,CLE00,FirstEnergy Stadium,41.506111,-81.699444,2018-10-07 17:00:00+00:00,67.30000000000001,67.0,10.55,11.9,19.400000000000002,20.8,0.0,0.0,0.0,0.0,0.0,0.0,0.0,4
2018_05_JAX_KC,2018,REG,5,2018-10-07,Sunday,13:00,JAX,14,KC,30,Home,16,44,0,2018100705,57636,,201810070kan,9407.0,401030741,,7,6,131.0,-144.0,3.0,-115.0,103.0,48.0,-103.0,-108.0,0,outdoors,grass,58.0,5.0,00-0031407,00-0033873,Blake Bortles,Patrick Mahomes,Doug Marrone,Andy Reid,Brad Allen,KAN00,Arrowhead Stadium,39.048889,-94.483889,2018-10-07 17:00:00+00:00,67.575,63.8,6.2250000000000005,7.3,13.775,14.5,0.825,1.3,3.3,0.0,0.0,0.0,0.825,4
2018_05_DEN_NYJ,2018,REG,5,2018-10-07,Sunday,13:00,DEN,16,NYJ,34,Home,18,50,0,2018100706,57637,,201810070nyj,9408.0,401030734,,6,7,-106.0,-104.0,-1.0,-101.0,-110.0,42.0,-103.0,-108.0,0,outdoors,fieldturf,77.0,7.0,00-0028986,00-0034869,Case Keenum,Sam Darnold,Vance Joseph,Todd Bowles,Peter Morelli,NYC01,MetLife Stadium,40.813528,-74.074361,2018-10-07 17:00:00+00:00,78.45,76.9,6.250000000000001,8.1,14.325,16.6,0.0,0.0,0.0,0.0,0.0,0.0,0.0,4
2018_05_ATL_PIT,2018,REG,5,2018-10-07,Sunday,13:00,ATL,17,PIT,41,Home,24,58,0,2018100707,57638,,201810070pit,9409.0,401030709,,7,7,162.0,-180.0,3.5,-108.0,-103.0,57.0,-110.0,-101.0,0,outdoors,grass,83.0,5.0,00-0026143,00-0022924,Matt Ryan,Ben Roethlisberger,Dan Quinn,Mike Tomlin,John Parry,PIT00,Heinz Field,40.446667,-80.015833,2018-10-07 17:00:00+00:00,81.75,80.5,4.35,4.8,17.725,18.1,0.025,0.1,0.1,0.0,0.0,0.0,0.025,4
2018_05_OAK_LAC,2018,REG,5,2018-10-07,Sunday,16:05,OAK,10,LAC,26,Home,16,36,0,2018100708,57639,,201810070sdg,9410.0,401030793,,7,7,205.0,-230.0,5.5,-105.0,-105.0,52.0,102.0,-114.0,1,outdoors,grass,75.0,10.0,00-0031280,00-0022942,Derek Carr,Philip Rivers,Jon Gruden,Anthony Lynn,Alex Kemp,LAX97,StubHub Center,33.864,-118.261,2018-10-07 20:05:00+00:00,72.05,73.0,9.3,10.3,18.275,19.2,0.0,0.0,0.0,0.0,0.0,0.0,0.0,4
2018_05_MIN_PHI,2018,REG,5,2018-10-07,Sunday,16:25,MIN,23,PHI,21,Home,-2,44,0,2018100709,57640,,201810070phi,9411.0,401030803,,10,7,162.0,-180.0,3.5,-106.0,-104.0,48.0,-114.0,102.0,0,outdoors,grass,79.0,6.0,00-0029604,00-0032950,Kirk Cousins,Carson Wentz,Mike Zimmer,Doug Pederson,Walt Coleman,PHI00,Lincoln Financial Field,39.900833,-75.1675,2018-10-07 20:25:00+00:00,78.64999999999999,81.1,5.699999999999999,7.0,11.774999999999999,14.1,0.0,0.0,0.0,0.0,0.0,0.0,0.0,4
2018_05_LA_SEA,2018,REG,5,2018-10-07,Sunday,16:25,LA,33,SEA,31,Home,-2,64,0,2018100711,57642,,201810070sea,9412.0,401030808,,10,7,-315.0,277.0,-7.5,102.0,-113.0,50.5,-102.0,-109.0,1,outdoors,fieldturf,53.0,5.0,00-0033106,00-0029263,Jared Goff,Russell Wilson,Sean McVay,Pete Carroll,Clete Blakeman,SEA00,CenturyLink Field,47.5952,-122.3316,2018-10-07 20:25:00+00:00,54.5,54.1,6.375,7.0,13.7,14.5,0.35,0.4,1.4,0.0,0.0,0.0,0.35,4
2018_05_ARI_SF,2018,REG,5,2018-10-07,Sunday,16:25,ARI,28,SF,18,Home,-10,46,0,2018100710,57641,,201810070sfo,9413.0,401030797,,7,7,146.0,-161.0,3.0,-103.0,-108.0,40.5,106.0,-118.0,1,outdoors,grass,79.0,15.0,00-0034343,00-0033936,Josh Rosen,C.J. Beathard,Steve Wilks,Kyle Shanahan,Shawn Smith,SFO01,Levi's Stadium,37.403,-121.97,2018-10-07 20:25:00+00:00,79.42500000000001,78.5,13.2,14.2,23.275,24.4,0.0,0.0,0.0,0.0,0.0,0.0,0.0,4
2018_06_PHI_NYG,2018,REG,6,2018-10-11,Thursday,20:20,PHI,34,NYG,13,Home,-21,47,0,2018101100,57645,,201810110nyg,9416.0,401030692,,4,4,-126.0,114.0,-1.5,-111.0,-100.0,45.5,-102.0,-109.0,1,outdoors,fieldturf,70.0,3.0,00-0032950,00-0022803,Carson Wentz,Eli Manning,Doug Pederson,Pat Shurmur,Ron Torbert,NYC01,MetLife Stadium,40.813528,-74.074361,2018-10-12 00:20:00+00:00,70.775,71.0,5.375000000000001,7.4,11.85,16.8,1.275,1.4,5.1,0.0,0.0,0.0,1.275,4
2018_06_TB_ATL,2018,REG,6,2018-10-14,Sunday,13:00,TB,29,ATL,34,Home,5,63,0,2018101400,57646,,201810140atl,9417.0,401030695,,14,7,144.0,-159.0,3.0,-103.0,-107.0,57.5,-108.0,-103.0,1,open,fieldturf,,,00-0031503,00-0026143,Jameis Winston,Matt Ryan,Dirk Koetter,Dan Quinn,Walt Coleman,ATL97,Mercedes-Benz Stadium,33.755556,-84.4,2018-10-14 17:00:00+00:00,73.55,71.3,7.5,8.2,16.45,16.8,0.0,0.0,0.0,0.0,0.0,0.0,0.0,4
2018_06_PIT_CIN,2018,REG,6,2018-10-14,Sunday,13:00,PIT,28,CIN,21,Home,-7,49,0,2018101401,57647,,201810140cin,9418.0,401030743,,7,7,103.0,-113.0,1.0,-103.0,-108.0,49.5,-108.0,-103.0,1,outdoors,fieldturf,51.0,6.0,00-0022924,00-0027973,Ben Roethlisberger,Andy Dalton,Mike Tomlin,Marvin Lewis,Clete Blakeman,CIN00,Paul Brown Stadium,39.095,-84.516,2018-10-14 17:00:00+00:00,52.824999999999996,51.0,6.924999999999999,7.9,15.95,17.0,0.025,0.1,0.1,0.0,0.0,0.0,0.025,4
2018_06_LAC_CLE,2018,REG,6,2018-10-14,Sunday,13:00,LAC,38,CLE,14,Home,-24,52,0,2018101402,57648,,201810140cle,9419.0,401030746,,7,7,-105.0,-105.0,1.0,-112.0,101.0,47.0,-106.0,-104.0,0,outdoors,grass,51.0,9.0,00-0022942,00-0034855,Philip Rivers,Baker Mayfield,Anthony Lynn,Hue Jackson,Brad Allen,CLE00,FirstEnergy Stadium,41.506111,-81.699444,2018-10-14 17:00:00+00:00,56.675,54.0,5.625,6.0,13.575,15.4,0.0,0.0,0.0,0.0,0.0,0.0,0.0,4
2018_06_CHI_MIA,2018,REG,6,2018-10-14,Sunday,13:00,CHI,28,MIA,31,Home,3,59,1,2018101404,57650,,201810140mia,9421.0,401030771,,14,7,-287.0,254.0,-7.5,110.0,-123.0,40.5,-109.0,-102.0,0,outdoors,grass,89.0,8.0,00-0033869,00-0029682,Mitch Trubisky,Brock Osweiler,Matt Nagy,Adam Gase,Walt Anderson,MIA00,Hard Rock Stadium,25.958056,-80.238889,2018-10-14 17:00:00+00:00,85.575,86.2,6.625,7.2,15.399999999999999,15.7,0.25,0.6,1.0,0.0,0.0,0.0,0.25,4
2018_06_IND_NYJ,2018,REG,6,2018-10-14,Sunday,13:00,IND,34,NYJ,42,Home,8,76,0,2018101406,57652,,201810140nyj,9423.0,401030737,,10,7,131.0,-145.0,2.5,106.0,-119.0,47.5,-112.0,101.0,0,outdoors,fieldturf,60.0,7.0,00-0029668,00-0034869,Andrew Luck,Sam Darnold,Frank Reich,Todd Bowles,Alex Kemp,NYC01,MetLife Stadium,40.813528,-74.074361,2018-10-14 17:00:00+00:00,58.025,58.2,8.125,9.1,17.475,18.3,0.0,0.0,0.0,0.0,0.0,0.0,0.0,4
2018_06_SEA_OAK,2018,REG,6,2018-10-14,Sunday,13:00,SEA,27,OAK,3,Neutral,-24,30,0,2018101407,57653,,201810140rai,9424.0,401030706,,7,7,-152.0,137.0,-3.0,-101.0,-110.0,47.5,100.0,-111.0,0,outdoors,grass,52.0,10.0,00-0029263,00-0031280,Russell Wilson,Derek Carr,Pete Carroll,Jon Gruden,Peter Morelli,LON00,Wembley Stadium,51.555833,-0.279722,2018-10-14 17:00:00+00:00,51.2,51.8,13.5,14.2,26.225,28.0,0.375,0.7,1.5,0.0,0.0,0.0,0.375,4
2018_06_CAR_WAS,2018,REG,6,2018-10-14,Sunday,13:00,CAR,17,WAS,23,Home,6,40,0,2018101408,57654,,201810140was,9425.0,401030701,,7,6,-115.0,104.0,-1.0,-109.0,-102.0,44.5,-103.0,-108.0,0,outdoors,grass,52.0,0.0,00-0027939,00-0023436,Cam Newton,Alex Smith,Ron Rivera,Jay Gruden,Clay Martin,WAS00,FedExField,38.907778,-76.864444,2018-10-14 17:00:00+00:00,58.300000000000004,54.8,4.025,6.1,12.25,15.2,0.0,0.0,0.0,0.0,0.0,0.0,0.0,4
2018_06_LA_DEN,2018,REG,6,2018-10-14,Sunday,16:05,LA,23,DEN,20,Home,-3,43,0,2018101409,57655,,201810140den,9426.0,401030773,,7,7,-300.0,264.0,-7.0,-103.0,-108.0,50.0,-111.0,100.0,0,outdoors,grass,25.0,6.0,00-0033106,00-0028986,Jared Goff,Case Keenum,Sean McVay,Vance Joseph,Shawn Smith,DEN00,Sports Authority Field at Mile High,39.743889,-105.02,2018-10-14 20:05:00+00:00,26.950000000000003,26.8,4.6,5.3,13.575,13.9,0.0,0.0,0.0,0.035,0.14,0.14,0.05,4
2018_06_BAL_TEN,2018,REG,6,2018-10-14,Sunday,16:25,BAL,21,TEN,0,Home,-21,21,0,2018101411,57657,,201810140oti,9428.0,401030774,,7,7,-137.0,124.0,-2.5,-108.0,-103.0,43.5,-103.0,-107.0,0,outdoors,grass,66.0,4.0,00-0026158,00-0032268,Joe Flacco,Marcus Mariota,John Harbaugh,Mike Vrabel,Carl Cheffers,NAS00,Nissan Stadium,36.166389,-86.771389,2018-10-14 20:25:00+00:00,69.4,70.5,6.3,8.7,18.275000000000002,23.0,0.7750000000000001,1.1,3.1000000000000005,0.0,0.0,0.0,0.7750000000000001,4
2018_06_KC_NE,2018,REG,6,2018-10-14,Sunday,20:20,KC,40,NE,43,Home,3,83,0,2018101412,57658,,201810140nwe,9429.0,401030779,,7,10,171.0,-190.0,4.0,-103.0,-107.0,59.5,103.0,-115.0,0,outdoors,fieldturf,45.0,0.0,00-0033873,00-0019596,Patrick Mahomes,Tom Brady,Andy Reid,Bill Belichick,John Hussey,BOS00,Gillette Stadium,42.091,-71.264,2018-10-15 00:20:00+00:00,46.35,48.0,6.025,6.8,10.225,11.6,0.0,0.0,0.0,0.0,0.0,0.0,0.0,4
2018_06_SF_GB,2018,REG,6,2018-10-15,Monday,20:15,SF,30,GB,33,Home,3,63,0,2018101500,57659,,201810150gnb,9430.0,401030783,,8,8,361.0,-420.0,9.0,-108.0,-103.0,46.5,102.0,-114.0,0,outdoors,grass,37.0,5.0,00-0033936,00-0023459,C.J. Beathard,Aaron Rodgers,Kyle Shanahan,Mike McCarthy,John Parry,GNB00,Lambeau Field,44.501389,-88.062222,2018-10-16 00:15:00+00:00,35.199999999999996,36.4,7.449999999999999,7.9,14.975000000000001,18.1,0.0,0.0,0.0,0.0,0.0,0.0,0.0,4
2018_07_NE_CHI,2018,REG,7,2018-10-21,Sunday,13:00,NE,38,CHI,31,Home,-7,69,0,2018102102,57663,,201810210chi,9433.0,401030832,,7,7,-128.0,116.0,-1.0,-120.0,107.0,49.0,-111.0,100.0,0,outdoors,grass,44.0,9.0,00-0019596,00-0033869,Tom Brady,Mitch Trubisky,Bill Belichick,Matt Nagy,Clay Martin,CHI98,Soldier Field,41.8623,-87.6167,2018-10-21 17:00:00+00:00,44.9,42.4,12.025,13.6,20.35,21.9,0.0,0.0,0.0,0.0,0.0,0.0,0.0,4
2018_07_HOU_JAX,2018,REG,7,2018-10-21,Sunday,13:00,HOU,20,JAX,7,Home,-13,27,0,2018102104,57665,,201810210jax,9435.0,401030835,,7,7,188.0,-210.0,4.0,-101.0,-110.0,43.0,-105.0,-105.0,1,outdoors,grass,68.0,15.0,00-0033537,00-0031407,Deshaun Watson,Blake Bortles,Bill O'Brien,Doug Marrone,Ron Torbert,JAX00,TIAA Bank Stadium,30.323889,-81.6375,2018-10-21 17:00:00+00:00,70.3,69.8,14.275,14.6,25.950000000000003,26.4,0.0,0.0,0.0,0.0,0.0,0.0,0.0,4
2018_07_DET_MIA,2018,REG,7,2018-10-21,Sunday,13:00,DET,32,MIA,21,Home,-11,53,0,2018102106,57667,,201810210mia,9437.0,401030830,,14,7,-177.0,159.0,-3.0,-124.0,110.0,47.0,101.0,-112.0,0,outdoors,grass,89.0,8.0,00-0026498,00-0029682,Matthew Stafford,Brock Osweiler,Matt Patricia,Adam Gase,Jerome Boger,MIA00,Hard Rock Stadium,25.958056,-80.238889,2018-10-21 17:00:00+00:00,86.9,86.7,6.75,7.7,16.25,16.8,0.0,0.0,0.0,0.0,0.0,0.0,0.0,4
2018_07_MIN_NYJ,2018,REG,7,2018-10-21,Sunday,13:00,MIN,37,NYJ,17,Home,-20,54,0,2018102107,57668,,201810210nyj,9438.0,401030809,,7,7,-175.0,157.0,-3.5,106.0,-119.0,45.0,104.0,-116.0,0,outdoors,fieldturf,46.0,16.0,00-0029604,00-0034869,Kirk Cousins,Sam Darnold,Mike Zimmer,Todd Bowles,Shawn Smith,NYC01,MetLife Stadium,40.813528,-74.074361,2018-10-21 17:00:00+00:00,45.05,44.2,18.925,20.5,37.1,39.1,0.0,0.0,0.0,0.0,0.0,0.0,0.0,4
2018_07_CAR_PHI,2018,REG,7,2018-10-21,Sunday,13:00,CAR,21,PHI,17,Home,-4,38,0,2018102108,57669,,201810210phi,9439.0,401030807,,7,10,202.0,-226.0,5.0,-102.0,-109.0,45.0,-105.0,-105.0,0,outdoors,grass,49.0,19.0,00-0027939,00-0032950,Cam Newton,Carson Wentz,Ron Rivera,Doug Pederson,Clete Blakeman,PHI00,Lincoln Financial Field,39.900833,-75.1675,2018-10-21 17:00:00+00:00,47.275,46.9,16.5,17.0,32.150000000000006,32.7,0.0,0.0,0.0,0.0,0.0,0.0,0.0,4
2018_07_CLE_TB,2018,REG,7,2018-10-21,Sunday,13:00,CLE,23,TB,26,Home,3,49,1,2018102109,57670,,201810210tam,9440.0,401030806,,7,7,163.0,-181.0,3.5,-105.0,-105.0,52.5,-101.0,-110.0,0,outdoors,grass,79.0,7.0,00-0034855,00-0031503,Baker Mayfield,Jameis Winston,Hue Jackson,Dirk Koetter,Shawn Hochuli,TAM00,Raymond James Stadium,27.975833,-82.503333,2018-10-21 17:00:00+00:00,81.27499999999999,80.1,9.175,10.5,18.775,19.9,0.0,0.0,0.0,0.0,0.0,0.0,0.0,4
2018_07_NO_BAL,2018,REG,7,2018-10-21,Sunday,16:05,NO,24,BAL,23,Home,-1,47,0,2018102101,57662,,201810210rav,9441.0,401030836,,13,7,129.0,-143.0,2.5,102.0,-114.0,49.0,-108.0,-103.0,0,outdoors,grass,54.0,15.0,00-0020531,00-0026158,Drew Brees,Joe Flacco,Sean Payton,John Harbaugh,John Parry,BAL00,M&T Bank Stadium,39.278056,-76.622778,2018-10-21 20:05:00+00:00,49.375,51.4,11.825,15.6,23.925,28.2,0.0,0.0,0.0,0.0,0.0,0.0,0.0,4
2018_07_LA_SF,2018,REG,7,2018-10-21,Sunday,16:25,LA,39,SF,10,Home,-29,49,0,2018102111,57672,,201810210sfo,9443.0,401030838,,7,6,-390.0,338.0,-8.0,-110.0,-101.0,52.0,-103.0,-108.0,1,outdoors,grass,62.0,5.0,00-0033106,00-0033936,Jared Goff,C.J. Beathard,Sean McVay,Kyle Shanahan,Walt Anderson,SFO01,Levi's Stadium,37.403,-121.97,2018-10-21 20:25:00+00:00,67.275,65.8,8.325,8.7,16.975,17.2,0.0,0.0,0.0,0.0,0.0,0.0,0.0,4
2018_07_DAL_WAS,2018,REG,7,2018-10-21,Sunday,16:25,DAL,17,WAS,20,Home,3,37,0,2018102110,57671,,201810210was,9442.0,401030837,,7,7,-126.0,114.0,-1.5,-112.0,101.0,40.5,-103.0,-108.0,1,outdoors,grass,52.0,12.0,00-0033077,00-0023436,Dak Prescott,Alex Smith,Jason Garrett,Jay Gruden,John Hussey,WAS00,FedExField,38.907778,-76.864444,2018-10-21 20:25:00+00:00,49.650000000000006,53.1,12.100000000000001,13.3,29.65,34.7,0.0,0.0,0.0,0.0,0.0,0.0,0.0,4
2018_07_CIN_KC,2018,REG,7,2018-10-21,Sunday,20:20,CIN,10,KC,45,Home,35,55,0,2018102105,57666,,201810210kan,9436.0,401030804,,7,7,240.0,-271.0,6.5,-104.0,-106.0,56.0,-102.0,-109.0,0,outdoors,grass,59.0,10.0,00-0027973,00-0033873,Andy Dalton,Patrick Mahomes,Marvin Lewis,Andy Reid,Bill Vinovich,KAN00,Arrowhead Stadium,39.048889,-94.483889,2018-10-22 00:20:00+00:00,54.775000000000006,55.8,10.899999999999999,11.3,21.075,22.1,0.0,0.0,0.0,0.0,0.0,0.0,0.0,4
2018_07_TEN_LAC,2018,REG,7,2018-10-21,Sunday,21:30,TEN,19,LAC,20,Neutral,1,39,0,2018102100,57661,,201810210sdg,9432.0,401030792,,7,7,245.0,-277.0,6.5,-103.0,-108.0,46.0,-109.0,-102.0,0,outdoors,grass,66.0,6.0,00-0032268,00-0022942,Marcus Mariota,Philip Rivers,Mike Vrabel,Anthony Lynn,Walt Coleman,LON00,Wembley Stadium,51.555833,-0.279722,2018-10-22 01:30:00+00:00,49.4,53.1,11.0,11.9,21.975,22.8,0.0,0.0,0.0,0.0,0.0,0.0,0.0,4
2018_07_NYG_ATL,2018,REG,7,2018-10-22,Monday,20:15,NYG,20,ATL,23,Home,3,43,0,2018102200,57673,,201810220atl,9444.0,401030796,,11,8,187.0,-209.0,4.5,-110.0,-101.0,52.0,-103.0,-108.0,0,open,fieldturf,,,00-0022803,00-0026143,Eli Manning,Matt Ryan,Pat Shurmur,Dan Quinn,Tony Corrente,ATL97,Mercedes-Benz Stadium,33.755556,-84.4,2018-10-23 00:15:00+00:00,51.95,53.1,4.5,4.9,6.675,7.2,0.0,0.0,0.0,0.0,0.0,0.0,0.0,4
2018_08_BAL_CAR,2018,REG,8,2018-10-28,Sunday,13:00,BAL,21,CAR,36,Home,15,57,0,2018102801,57676,,201810280car,9447.0,401030849,,7,7,-143.0,129.0,-2.5,-114.0,102.0,44.0,-110.0,-101.0,0,outdoors,grass,61.0,10.0,00-0026158,00-0027939,Joe Flacco,Cam Newton,John Harbaugh,Ron Rivera,Peter Morelli,CAR00,Bank of America Stadium,35.225833,-80.852778,2018-10-28 17:00:00+00:00,62.15,60.1,9.925,10.9,21.374999999999996,22.8,0.0,0.0,0.0,0.0,0.0,0.0,0.0,4
2018_08_NYJ_CHI,2018,REG,8,2018-10-28,Sunday,13:00,NYJ,10,CHI,24,Home,14,34,0,2018102802,57677,,201810280chi,9448.0,401030747,,7,7,305.0,-350.0,8.5,-119.0,106.0,42.5,103.0,-115.0,0,outdoors,grass,48.0,18.0,00-0034869,00-0033869,Sam Darnold,Mitch Trubisky,Todd Bowles,Matt Nagy,Clete Blakeman,CHI98,Soldier Field,41.8623,-87.6167,2018-10-28 17:00:00+00:00,49.724999999999994,49.9,20.924999999999997,21.9,31.925000000000004,34.0,0.15,0.2,0.6,0.0,0.0,0.0,0.15,4
2018_08_TB_CIN,2018,REG,8,2018-10-28,Sunday,13:00,TB,34,CIN,37,Home,3,71,0,2018102803,57678,,201810280cin,9449.0,401030744,,7,7,173.0,-192.0,3.5,-103.0,-108.0,55.0,-103.0,-108.0,0,outdoors,fieldturf,55.0,7.0,00-0031503,00-0027973,Jameis Winston,Andy Dalton,Dirk Koetter,Marvin Lewis,Alex Kemp,CIN00,Paul Brown Stadium,39.095,-84.516,2018-10-28 17:00:00+00:00,60.625,58.4,16.125,19.7,35.0,43.8,0.19999999999999998,0.5,0.7999999999999999,0.0,0.0,0.0,0.19999999999999998,4
2018_08_DEN_KC,2018,REG,8,2018-10-28,Sunday,13:00,DEN,23,KC,30,Home,7,53,0,2018102805,57680,,201810280kan,9451.0,401030707,,10,7,337.0,-389.0,8.5,-102.0,-109.0,53.0,-115.0,103.0,1,outdoors,grass,56.0,12.0,00-0028986,00-0033873,Case Keenum,Patrick Mahomes,Vance Joseph,Andy Reid,Shawn Hochuli,KAN00,Arrowhead Stadium,39.048889,-94.483889,2018-10-28 17:00:00+00:00,60.325,58.3,9.75,10.6,22.974999999999998,23.9,0.0,0.0,0.0,0.0,0.0,0.0,0.0,4
2018_08_WAS_NYG,2018,REG,8,2018-10-28,Sunday,13:00,WAS,20,NYG,13,Home,-7,33,0,2018102806,57681,,201810280nyg,9452.0,401030735,,7,6,-108.0,-102.0,-1.0,-101.0,-110.0,43.0,-109.0,-102.0,1,outdoors,fieldturf,51.0,11.0,00-0023436,00-0022803,Alex Smith,Eli Manning,Jay Gruden,Pat Shurmur,Bill Vinovich,NYC01,MetLife Stadium,40.813528,-74.074361,2018-10-28 17:00:00+00:00,51.925,51.0,9.55,10.7,20.325,21.5,0.0,0.0,0.0,0.0,0.0,0.0,0.0,4
2018_08_CLE_PIT,2018,REG,8,2018-10-28,Sunday,13:00,CLE,18,PIT,33,Home,15,51,0,2018102807,57682,,201810280pit,9453.0,401030731,,7,14,328.0,-378.0,8.5,-108.0,-103.0,47.5,-103.0,-108.0,1,outdoors,grass,47.0,11.0,00-0034855,00-0022924,Baker Mayfield,Ben Roethlisberger,Hue Jackson,Mike Tomlin,Carl Cheffers,PIT00,Heinz Field,40.446667,-80.015833,2018-10-28 17:00:00+00:00,50.425,49.0,9.175,10.5,22.575,25.7,0.125,0.4,0.5,0.0,0.0,0.0,0.125,4
2018_08_IND_OAK,2018,REG,8,2018-10-28,Sunday,16:05,IND,42,OAK,28,Home,-14,70,0,2018102808,57683,,201810280rai,9454.0,401030749,,7,14,-183.0,165.0,-3.5,-102.0,-109.0,51.0,-103.0,-107.0,0,outdoors,grass,69.0,8.0,00-0029668,00-0031280,Andrew Luck,Derek Carr,Frank Reich,Jon Gruden,John Parry,OAK00,Oakland-Alameda County Coliseum,37.751667,-122.200556,2018-10-28 20:05:00+00:00,66.175,67.1,9.375,10.1,23.349999999999998,23.5,0.0,0.0,0.0,0.0,0.0,0.0,0.0,4
2018_08_GB_LA,2018,REG,8,2018-10-28,Sunday,16:25,GB,27,LA,29,Home,2,56,0,2018102810,57685,,201810280ram,9456.0,401030780,,13,7,297.0,-340.0,7.5,-105.0,-105.0,57.0,-109.0,-102.0,0,outdoors,grass,82.0,1.0,00-0023459,00-0033106,Aaron Rodgers,Jared Goff,Mike McCarthy,Sean McVay,Ron Torbert,LAX99,Los Angeles Memorial Coliseum,34.014167,-118.287778,2018-10-28 20:25:00+00:00,76.55,77.2,9.15,9.9,17.575000000000003,18.3,0.0,0.0,0.0,0.0,0.0,0.0,0.0,4
2018_08_PHI_JAX,2018,REG,8,2018-10-28,Sunday,21:30,PHI,24,JAX,18,Neutral,-6,42,0,2018102800,57675,,201810280jax,9446.0,401030699,,7,7,-208.0,186.0,-4.0,-103.0,-108.0,44.5,-109.0,-102.0,0,outdoors,grass,48.0,12.0,00-0032950,00-0031407,Carson Wentz,Blake Bortles,Doug Pederson,Doug Marrone,John Hussey,LON00,Wembley Stadium,51.555833,-0.279722,2018-10-29 01:30:00+00:00,35.825,36.1,9.5,9.6,17.45,17.7,0.0,0.0,0.0,0.0,0.0,0.0,0.0,4
2018_08_NE_BUF,2018,REG,8,2018-10-29,Monday,20:15,NE,25,BUF,6,Home,-19,31,0,2018102900,57687,,201810290buf,9458.0,401030789,,8,8,-1018.0,744.0,-13.5,-107.0,-103.0,44.0,-103.0,-108.0,1,outdoors,a_turf,46.0,16.0,00-0019596,00-0023645,Tom Brady,Derek Anderson,Bill Belichick,Sean McDermott,Jerome Boger,BUF00,New Era Field,42.774,-78.787,2018-10-30 00:15:00+00:00,44.4,45.5,11.625,15.2,25.975,31.3,0.0,0.0,0.0,0.0,0.0,0.0,0.0,4
2018_09_OAK_SF,2018,REG,9,2018-11-01,Thursday,20:20,OAK,3,SF,34,Home,31,37,0,2018110100,57688,,201811010sfo,9459.0,401030767,,4,4,-117.0,106.0,-1.5,-103.0,-108.0,44.0,100.0,-111.0,0,outdoors,grass,82.0,8.0,00-0031280,00-0033319,Derek Carr,Nick Mullens,Jon Gruden,Kyle Shanahan,Carl Cheffers,SFO01,Levi's Stadium,37.403,-121.97,2018-11-02 00:20:00+00:00,73.775,81.4,6.5249999999999995,8.5,13.149999999999999,17.2,0.0,0.0,0.0,0.0,0.0,0.0,0.0,4
2018_09_PIT_BAL,2018,REG,9,2018-11-04,Sunday,13:00,PIT,23,BAL,16,Home,-7,39,0,2018110400,57689,,201811040rav,9465.0,401030819,,7,7,117.0,-129.0,1.5,102.0,-114.0,47.0,-101.0,-110.0,1,outdoors,grass,55.0,6.0,00-0022924,00-0026158,Ben Roethlisberger,Joe Flacco,Mike Tomlin,John Harbaugh,Craig Wrolstad,BAL00,M&T Bank Stadium,39.278056,-76.622778,2018-11-04 18:00:00+00:00,52.275,52.2,5.3500000000000005,6.5,13.325,14.5,0.0,0.0,0.0,0.0,0.0,0.0,0.0,4
2018_09_CHI_BUF,2018,REG,9,2018-11-04,Sunday,13:00,CHI,41,BUF,9,Home,-32,50,0,2018110401,57690,,201811040buf,9460.0,401030769,,7,6,-400.0,346.0,-10.5,111.0,-125.0,38.0,-106.0,-104.0,0,outdoors,a_turf,49.0,12.0,00-0033869,00-0033958,Mitch Trubisky,Nathan Peterman,Matt Nagy,Sean McDermott,Shawn Smith,BUF00,New Era Field,42.774,-78.787,2018-11-04 18:00:00+00:00,51.425,50.7,8.025,8.4,18.125,18.6,0.0,0.0,0.0,0.0,0.0,0.0,0.0,4
2018_09_TB_CAR,2018,REG,9,2018-11-04,Sunday,13:00,TB,28,CAR,42,Home,14,70,0,2018110402,57691,,201811040car,9461.0,401030811,,7,7,253.0,-286.0,6.0,100.0,-111.0,55.5,102.0,-113.0,1,outdoors,grass,62.0,8.0,00-0023682,00-0027939,Ryan Fitzpatrick,Cam Newton,Dirk Koetter,Ron Rivera,Tony Corrente,CAR00,Bank of America Stadium,35.225833,-80.852778,2018-11-04 18:00:00+00:00,61.95,60.7,7.824999999999999,8.1,16.950000000000003,17.2,0.0,0.0,0.0,0.0,0.0,0.0,0.0,4
2018_09_KC_CLE,2018,REG,9,2018-11-04,Sunday,13:00,KC,37,CLE,21,Home,-16,58,0,2018110403,57692,,201811040cle,9462.0,401030814,,7,7,-380.0,330.0,-7.5,-110.0,-101.0,51.0,-103.0,-108.0,0,outdoors,grass,53.0,16.0,00-0033873,00-0034855,Patrick Mahomes,Baker Mayfield,Andy Reid,Gregg Williams,Ron Torbert,CLE00,FirstEnergy Stadium,41.506111,-81.699444,2018-11-04 18:00:00+00:00,55.35,54.7,12.950000000000001,13.9,22.200000000000003,23.7,0.0,0.0,0.0,0.0,0.0,0.0,0.0,4
2018_09_NYJ_MIA,2018,REG,9,2018-11-04,Sunday,13:00,NYJ,6,MIA,13,Home,7,19,0,2018110404,57693,,201811040mia,9463.0,401030816,,7,10,140.0,-155.0,3.0,-108.0,-103.0,43.5,100.0,-111.0,1,outdoors,grass,87.0,16.0,00-0034869,00-0029682,Sam Darnold,Brock Osweiler,Todd Bowles,Adam Gase,Walt Coleman,MIA00,Hard Rock Stadium,25.958056,-80.238889,2018-11-04 18:00:00+00:00,82.1,82.0,10.825,11.7,23.15,24.2,0.125,0.2,0.5,0.0,0.0,0.0,0.125,4
2018_09_ATL_WAS,2018,REG,9,2018-11-04,Sunday,13:00,ATL,38,WAS,14,Home,-24,52,0,2018110406,57695,,201811040was,9466.0,401030826,,13,7,116.0,-128.0,1.5,102.0,-114.0,46.5,-103.0,-108.0,0,outdoors,grass,55.0,5.0,00-0026143,00-0023436,Matt Ryan,Alex Smith,Dan Quinn,Jay Gruden,Walt Anderson,WAS00,FedExField,38.907778,-76.864444,2018-11-04 18:00:00+00:00,53.9,54.5,5.775,6.2,15.775,16.1,0.0,0.0,0.0,0.0,0.0,0.0,0.0,4
2018_09_HOU_DEN,2018,REG,9,2018-11-04,Sunday,16:05,HOU,19,DEN,17,Home,-2,36,0,2018110407,57696,,201811040den,9467.0,401030829,,10,7,108.0,-119.0,1.0,103.0,-115.0,46.5,-106.0,-104.0,0,outdoors,grass,53.0,3.0,00-0033537,00-0028986,Deshaun Watson,Case Keenum,Bill O'Brien,Vance Joseph,Clay Martin,DEN00,Sports Authority Field at Mile High,39.743889,-105.02,2018-11-04 21:05:00+00:00,48.89999999999999,52.7,3.3249999999999997,5.9,8.75,13.9,0.0,0.0,0.0,0.0,0.0,0.0,0.0,4
2018_09_LAC_SEA,2018,REG,9,2018-11-04,Sunday,16:05,LAC,25,SEA,17,Home,-8,42,0,2018110408,57697,,201811040sea,9468.0,401030852,,14,7,-106.0,-104.0,1.0,-114.0,102.0,48.5,-113.0,102.0,0,outdoors,fieldturf,56.0,4.0,00-0022942,00-0029263,Philip Rivers,Russell Wilson,Anthony Lynn,Pete Carroll,Shawn Hochuli,SEA00,CenturyLink Field,47.5952,-122.3316,2018-11-04 21:05:00+00:00,55.975,56.0,5.25,7.1,12.999999999999998,13.9,0.1,0.2,0.4,0.0,0.0,0.0,0.1,4
2018_09_GB_NE,2018,REG,9,2018-11-04,Sunday,20:20,GB,17,NE,31,Home,14,48,0,2018110410,57699,,201811040nwe,9470.0,401030858,,7,6,198.0,-221.0,5.0,-103.0,-108.0,56.0,-103.0,-108.0,0,outdoors,fieldturf,40.0,2.0,00-0023459,00-0019596,Aaron Rodgers,Tom Brady,Mike McCarthy,Bill Belichick,Brad Allen,BOS00,Gillette Stadium,42.091,-71.264,2018-11-05 01:20:00+00:00,40.625,41.7,6.075,6.5,10.524999999999999,11.9,0.0,0.0,0.0,0.0,0.0,0.0,0.0,4
2018_10_CAR_PIT,2018,REG,10,2018-11-08,Thursday,20:20,CAR,21,PIT,52,Home,31,73,0,2018110800,57701,,201811080pit,9472.0,401030729,,4,4,170.0,-189.0,3.5,-106.0,-104.0,51.0,101.0,-112.0,0,outdoors,grass,40.0,4.0,00-0027939,00-0022924,Cam Newton,Ben Roethlisberger,Ron Rivera,Mike Tomlin,Walt Coleman,PIT00,Heinz Field,40.446667,-80.015833,2018-11-09 01:20:00+00:00,36.925,37.9,5.6,5.9,10.225000000000001,10.7,0.0,0.0,0.0,0.0,0.0,0.0,0.0,4
2018_10_DET_CHI,2018,REG,10,2018-11-11,Sunday,13:00,DET,22,CHI,34,Home,12,56,0,2018111100,57702,,201811110chi,9473.0,401030810,,7,7,281.0,-320.0,7.5,-114.0,102.0,44.5,-107.0,-103.0,1,outdoors,grass,37.0,12.0,00-0026498,00-0033869,Matthew Stafford,Mitch Trubisky,Matt Patricia,Matt Nagy,Alex Kemp,CHI98,Soldier Field,41.8623,-87.6167,2018-11-11 18:00:00+00:00,39.599999999999994,37.9,12.274999999999999,13.3,21.025,22.4,0.0,0.0,0.0,0.0,0.0,0.0,0.0,4
2018_10_NO_CIN,2018,REG,10,2018-11-11,Sunday,13:00,NO,51,CIN,14,Home,-37,65,0,2018111101,57703,,201811110cin,9474.0,401030752,,7,14,-253.0,225.0,-5.5,-108.0,-103.0,53.0,-103.0,-107.0,0,outdoors,fieldturf,39.0,6.0,00-0020531,00-0027973,Drew Brees,Andy Dalton,Sean Payton,Marvin Lewis,Tony Corrente,CIN00,Paul Brown Stadium,39.095,-84.516,2018-11-11 18:00:00+00:00,41.275000000000006,39.9,4.0,4.8,12.125,14.3,0.0,0.0,0.0,0.0,0.0,0.0,0.0,4
2018_10_ATL_CLE,2018,REG,10,2018-11-11,Sunday,13:00,ATL,16,CLE,28,Home,12,44,0,2018111102,57704,,201811110cle,9475.0,401030754,,7,7,-238.0,212.0,-5.5,-103.0,-108.0,49.5,100.0,-111.0,0,outdoors,grass,36.0,9.0,00-0026143,00-0034855,Matt Ryan,Baker Mayfield,Dan Quinn,Gregg Williams,Peter Morelli,CLE00,FirstEnergy Stadium,41.506111,-81.699444,2018-11-11 18:00:00+00:00,41.275000000000006,39.6,9.4,10.3,18.0,19.0,0.0,0.0,0.0,0.0,0.0,0.0,0.0,4
2018_10_ARI_KC,2018,REG,10,2018-11-11,Sunday,13:00,ARI,14,KC,26,Home,12,40,0,2018111105,57707,,201811110kan,9478.0,401030815,,14,7,835.0,-1267.0,16.5,-106.0,-104.0,49.5,-101.0,-110.0,0,outdoors,grass,43.0,5.0,00-0034343,00-0033873,Josh Rosen,Patrick Mahomes,Steve Wilks,Andy Reid,Carl Cheffers,KAN00,Arrowhead Stadium,39.048889,-94.483889,2018-11-11 18:00:00+00:00,44.574999999999996,43.4,3.6500000000000004,4.5,10.925,12.3,0.0,0.0,0.0,0.0,0.0,0.0,0.0,4
2018_10_BUF_NYJ,2018,REG,10,2018-11-11,Sunday,13:00,BUF,41,NYJ,10,Home,-31,51,0,2018111106,57708,,201811110nyj,9479.0,401030853,,7,7,235.0,-265.0,6.5,-108.0,-103.0,38.0,102.0,-114.0,1,outdoors,fieldturf,46.0,10.0,00-0030533,00-0021206,Matt Barkley,Josh McCown,Sean McDermott,Todd Bowles,Ron Torbert,NYC01,MetLife Stadium,40.813528,-74.074361,2018-11-11 18:00:00+00:00,45.2,44.9,8.725,10.6,20.05,22.1,0.0,0.0,0.0,0.0,0.0,0.0,0.0,4
2018_10_WAS_TB,2018,REG,10,2018-11-11,Sunday,13:00,WAS,16,TB,3,Home,-13,19,0,2018111107,57709,,201811110tam,9481.0,401030828,,7,7,165.0,-183.0,3.5,-108.0,-103.0,51.0,-105.0,-105.0,0,outdoors,grass,82.0,3.0,00-0023436,00-0023682,Alex Smith,Ryan Fitzpatrick,Jay Gruden,Dirk Koetter,Brad Allen,TAM00,Raymond James Stadium,27.975833,-82.503333,2018-11-11 18:00:00+00:00,81.425,81.2,5.575,6.7,12.625,14.5,0.0,0.0,0.0,0.0,0.0,0.0,0.0,4
2018_10_NE_TEN,2018,REG,10,2018-11-11,Sunday,13:00,NE,10,TEN,34,Home,24,44,0,2018111108,57710,,201811110oti,9480.0,401030821,,7,6,-244.0,217.0,-6.0,101.0,-112.0,47.0,-103.0,-108.0,0,outdoors,grass,46.0,4.0,00-0019596,00-0032268,Tom Brady,Marcus Mariota,Bill Belichick,Mike Vrabel,Bill Vinovich,NAS00,Nissan Stadium,36.166389,-86.771389,2018-11-11 18:00:00+00:00,49.5,48.0,1.85,2.1,8.049999999999999,9.2,0.0,0.0,0.0,0.0,0.0,0.0,0.0,4
2018_10_LAC_OAK,2018,REG,10,2018-11-11,Sunday,16:05,LAC,20,OAK,6,Home,-14,26,0,2018111109,57711,,201811110rai,9482.0,401030859,,7,10,-458.0,391.0,-10.5,104.0,-116.0,50.0,-116.0,104.0,1,outdoors,grass,69.0,16.0,00-0022942,00-0031280,Philip Rivers,Derek Carr,Anthony Lynn,Jon Gruden,Craig Wrolstad,OAK00,Oakland-Alameda County Coliseum,37.751667,-122.200556,2018-11-11 21:05:00+00:00,69.075,69.4,9.65,12.0,23.775000000000002,26.4,0.0,0.0,0.0,0.0,0.0,0.0,0.0,4
2018_10_MIA_GB,2018,REG,10,2018-11-11,Sunday,16:25,MIA,12,GB,31,Home,19,43,0,2018111103,57705,,201811110gnb,9477.0,401030756,,7,7,487.0,-585.0,13.0,-114.0,102.0,48.5,-108.0,-103.0,0,outdoors,grass,33.0,6.0,00-0029682,00-0023459,Brock Osweiler,Aaron Rodgers,Adam Gase,Mike McCarthy,Clay Martin,GNB00,Lambeau Field,44.501389,-88.062222,2018-11-11 21:25:00+00:00,32.4,34.3,4.825,5.8,13.05,16.6,0.0,0.0,0.0,0.0,0.0,0.0,0.0,4
2018_10_SEA_LA,2018,REG,10,2018-11-11,Sunday,16:25,SEA,31,LA,36,Home,5,67,0,2018111110,57712,,201811110ram,9483.0,401030865,,7,7,361.0,-420.0,10.0,-114.0,102.0,51.0,-103.0,-108.0,1,outdoors,grass,75.0,1.0,00-0029263,00-0033106,Russell Wilson,Jared Goff,Pete Carroll,Sean McVay,John Hussey,LAX99,Los Angeles Memorial Coliseum,34.014167,-118.287778,2018-11-11 21:25:00+00:00,74.55,76.1,7.875,9.9,15.75,18.1,0.0,0.0,0.0,0.0,0.0,0.0,0.0,4
2018_10_DAL_PHI,2018,REG,10,2018-11-11,Sunday,20:20,DAL,27,PHI,20,Home,-7,47,0,2018111111,57713,,201811110phi,9484.0,401030869,,6,14,310.0,-355.0,7.5,-108.0,-103.0,45.5,102.0,-114.0,1,outdoors,grass,38.0,5.0,00-0033077,00-0032950,Dak Prescott,Carson Wentz,Jason Garrett,Doug Pederson,John Parry,PHI00,Lincoln Financial Field,39.900833,-75.1675,2018-11-12 01:20:00+00:00,34.075,35.7,5.1,5.8,7.925000000000001,8.7,0.0,0.0,0.0,0.0,0.0,0.0,0.0,4
2018_10_NYG_SF,2018,REG,10,2018-11-12,Monday,20:15,NYG,27,SF,23,Home,-4,50,0,2018111200,57714,,201811120sfo,9485.0,401030873,,15,11,161.0,-179.0,3.0,110.0,-123.0,45.0,-103.0,-108.0,0,outdoors,grass,62.0,0.0,00-0022803,00-0033319,Eli Manning,Nick Mullens,Pat Shurmur,Kyle Shanahan,Shawn Hochuli,SFO01,Levi's Stadium,37.403,-121.97,2018-11-13 01:15:00+00:00,60.825,61.1,3.5,4.3,5.675,6.9,0.0,0.0,0.0,0.0,0.0,0.0,0.0,4
2018_11_GB_SEA,2018,REG,11,2018-11-15,Thursday,20:20,GB,24,SEA,27,Home,3,51,0,2018111500,57715,,201811150sea,9486.0,401030878,,4,4,146.0,-162.0,3.0,-102.0,-109.0,49.0,-101.0,-110.0,0,outdoors,fieldturf,54.0,6.0,00-0023459,00-0029263,Aaron Rodgers,Russell Wilson,Mike McCarthy,Pete Carroll,Tony Corrente,SEA00,CenturyLink Field,47.5952,-122.3316,2018-11-16 01:20:00+00:00,52.025000000000006,52.1,10.3,12.3,17.775,21.7,0.0,0.0,0.0,0.0,0.0,0.0,0.0,4
2018_11_DAL_ATL,2018,REG,11,2018-11-18,Sunday,13:00,DAL,22,ATL,19,Home,-3,41,0,2018111800,57716,,201811180atl,9487.0,401030929,,7,7,168.0,-186.0,3.5,-108.0,-103.0,50.0,102.0,-114.0,0,open,fieldturf,,,00-0033077,00-0026143,Dak Prescott,Matt Ryan,Jason Garrett,Dan Quinn,Craig Wrolstad,ATL97,Mercedes-Benz Stadium,33.755556,-84.4,2018-11-18 18:00:00+00:00,59.800000000000004,59.1,1.05,1.5,7.499999999999999,8.7,0.0,0.0,0.0,0.0,0.0,0.0,0.0,4
2018_11_CIN_BAL,2018,REG,11,2018-11-18,Sunday,13:00,CIN,21,BAL,24,Home,3,45,0,2018111801,57717,,201811180rav,9493.0,401030894,,7,14,231.0,-260.0,6.5,-110.0,-101.0,44.0,102.0,-114.0,1,outdoors,grass,48.0,8.0,00-0027973,00-0034796,Andy Dalton,Lamar Jackson,Marvin Lewis,John Harbaugh,Walt Coleman,BAL00,M&T Bank Stadium,39.278056,-76.622778,2018-11-18 18:00:00+00:00,47.95,48.4,7.550000000000001,8.4,15.774999999999999,17.0,0.0,0.0,0.0,0.0,0.0,0.0,0.0,4
2018_11_PIT_JAX,2018,REG,11,2018-11-18,Sunday,13:00,PIT,20,JAX,16,Home,-4,36,0,2018111810,57726,,201811180jax,9497.0,401030971,,10,7,-202.0,181.0,-4.0,-109.0,-102.0,47.0,-110.0,-101.0,0,outdoors,grass,73.0,8.0,00-0022924,00-0031407,Ben Roethlisberger,Blake Bortles,Mike Tomlin,Doug Marrone,Walt Anderson,JAX00,TIAA Bank Stadium,30.323889,-81.6375,2018-11-18 18:00:00+00:00,70.82499999999999,72.0,5.925,6.7,13.075000000000001,15.2,0.25,0.3,1.0,0.0,0.0,0.0,0.25,4
2018_11_TB_NYG,2018,REG,11,2018-11-18,Sunday,13:00,TB,35,NYG,38,Home,3,73,0,2018111805,57721,,201811180nyg,9492.0,401030952,,7,6,146.0,-162.0,3.0,102.0,-114.0,54.5,-110.0,-101.0,0,outdoors,fieldturf,42.0,1.0,00-0023682,00-0022803,Ryan Fitzpatrick,Eli Manning,Dirk Koetter,Pat Shurmur,Shawn Smith,NYC01,MetLife Stadium,40.813528,-74.074361,2018-11-18 18:00:00+00:00,41.65,41.2,2.55,2.9,7.4,8.1,0.05,0.1,0.2,0.035,0.14,0.14,0.1,4
2018_11_HOU_WAS,2018,REG,11,2018-11-18,Sunday,13:00,HOU,23,WAS,21,Home,-2,44,0,2018111806,57722,,201811180was,9494.0,401030966,,14,7,-160.0,144.0,-3.0,-114.0,102.0,40.5,-101.0,-110.0,0,outdoors,grass,48.0,6.0,00-0033537,00-0023436,Deshaun Watson,Alex Smith,Bill O'Brien,Jay Gruden,Alex Kemp,WAS00,FedExField,38.907778,-76.864444,2018-11-18 18:00:00+00:00,50.625,50.5,5.7250000000000005,6.4,15.375,15.9,0.0,0.0,0.0,0.0,0.0,0.0,0.0,4
2018_11_DEN_LAC,2018,REG,11,2018-11-18,Sunday,16:05,DEN,23,LAC,22,Home,-1,45,0,2018111808,57724,,201811180sdg,9496.0,401030969,,14,7,288.0,-329.0,7.5,-116.0,104.0,47.0,-108.0,-103.0,1,outdoors,grass,69.0,4.0,00-0028986,00-0022942,Case Keenum,Philip Rivers,Vance Joseph,Anthony Lynn,Peter Morelli,LAX97,StubHub Center,33.864,-118.261,2018-11-18 21:05:00+00:00,69.8,70.5,6.949999999999999,8.2,15.325,17.0,0.0,0.0,0.0,0.0,0.0,0.0,0.0,4
2018_11_MIN_CHI,2018,REG,11,2018-11-18,Sunday,20:20,MIN,20,CHI,25,Home,5,45,0,2018111802,57718,,201811180chi,9488.0,401030903,,14,7,124.0,-137.0,2.5,-101.0,-110.0,44.0,-103.0,-108.0,1,outdoors,grass,33.0,6.0,00-0029604,00-0033869,Kirk Cousins,Mitch Trubisky,Mike Zimmer,Matt Nagy,John Perry,CHI98,Soldier Field,41.8623,-87.6167,2018-11-19 01:20:00+00:00,27.275,30.0,6.949999999999999,7.8,10.3,11.6,0.0,0.0,0.0,0.0,0.0,0.0,0.0,4
2018_11_KC_LA,2018,REG,11,2018-11-19,Monday,20:15,KC,51,LA,54,Home,3,105,0,2018111900,57727,,201811190ram,9498.0,401030972,,8,8,153.0,-170.0,3.0,106.0,-119.0,63.5,-107.0,-103.0,0,outdoors,grass,65.0,0.0,00-0033873,00-0033106,Patrick Mahomes,Jared Goff,Andy Reid,Sean McVay,Clete Blakeman,LAX99,Los Angeles Memorial Coliseum,34.014167,-118.287778,2018-11-20 01:15:00+00:00,62.650000000000006,67.3,5.825,7.9,10.75,12.1,0.0,0.0,0.0,0.0,0.0,0.0,0.0,4
2018_12_OAK_BAL,2018,REG,12,2018-11-25,Sunday,13:00,OAK,17,BAL,34,Home,17,51,0,2018112500,57731,,201811250rav,9508.0,401030916,,7,7,524.0,-691.0,13.0,-115.0,103.0,42.0,101.0,-112.0,0,outdoors,grass,60.0,7.0,00-0031280,00-0034796,Derek Carr,Lamar Jackson,Jon Gruden,John Harbaugh,Clay Martin,BAL00,M&T Bank Stadium,39.278056,-76.622778,2018-11-25 18:00:00+00:00,57.224999999999994,57.4,8.0,10.8,16.900000000000002,19.5,0.0,0.0,0.0,0.0,0.0,0.0,0.0,4
2018_12_JAX_BUF,2018,REG,12,2018-11-25,Sunday,13:00,JAX,21,BUF,24,Home,3,45,0,2018112501,57732,,201811250buf,9502.0,401030919,,7,14,-155.0,140.0,-3.0,-104.0,-106.0,36.5,-107.0,-103.0,0,outdoors,a_turf,44.0,12.0,00-0031407,00-0034857,Blake Bortles,Josh Allen,Doug Marrone,Sean McDermott,Walt Coleman,BUF00,New Era Field,42.774,-78.787,2018-11-25 18:00:00+00:00,42.525,42.8,10.674999999999999,12.5,22.925,25.7,0.025,0.1,0.1,0.0,0.0,0.0,0.025,4
2018_12_SEA_CAR,2018,REG,12,2018-11-25,Sunday,13:00,SEA,30,CAR,27,Home,-3,57,0,2018112502,57733,,201811250car,9503.0,401030920,,10,7,146.0,-162.0,3.0,101.0,-112.0,46.5,-105.0,-105.0,0,outdoors,grass,57.0,1.0,00-0029263,00-0027939,Russell Wilson,Cam Newton,Pete Carroll,Ron Rivera,Shawn Smith,CAR00,Bank of America Stadium,35.225833,-80.852778,2018-11-25 18:00:00+00:00,55.22500000000001,53.2,2.8,3.8,9.225000000000001,9.6,0.0,0.0,0.0,0.0,0.0,0.0,0.0,4
2018_12_CLE_CIN,2018,REG,12,2018-11-25,Sunday,13:00,CLE,35,CIN,20,Home,-15,55,0,2018112503,57734,,201811250cin,9504.0,401030921,,14,7,-113.0,102.0,-1.0,-105.0,-105.0,46.5,-110.0,-101.0,1,outdoors,fieldturf,44.0,4.0,00-0034855,00-0027973,Baker Mayfield,Andy Dalton,Gregg Williams,Marvin Lewis,Jerome Boger,CIN00,Paul Brown Stadium,39.095,-84.516,2018-11-25 18:00:00+00:00,59.125,58.1,8.525,9.9,18.65,20.4,0.0,0.0,0.0,0.0,0.0,0.0,0.0,4
2018_12_NE_NYJ,2018,REG,12,2018-11-25,Sunday,13:00,NE,27,NYJ,13,Home,-14,40,0,2018112505,57736,,201811250nyj,9506.0,401030904,,14,14,-585.0,487.0,-13.0,108.0,-121.0,46.5,-110.0,-101.0,1,outdoors,fieldturf,54.0,8.0,00-0019596,00-0021206,Tom Brady,Josh McCown,Bill Belichick,Todd Bowles,Shawn Hochuli,NYC01,MetLife Stadium,40.813528,-74.074361,2018-11-25 18:00:00+00:00,52.925,54.0,6.9,9.9,16.075,19.7,0.0,0.0,0.0,0.0,0.0,0.0,0.0,4
2018_12_NYG_PHI,2018,REG,12,2018-11-25,Sunday,13:00,NYG,22,PHI,25,Home,3,47,0,2018112506,57737,,201811250phi,9507.0,401030914,,7,7,192.0,-215.0,4.5,-103.0,-108.0,49.0,-114.0,102.0,1,outdoors,grass,56.0,10.0,00-0022803,00-0032950,Eli Manning,Carson Wentz,Pat Shurmur,Doug Pederson,Walt Anderson,PHI00,Lincoln Financial Field,39.900833,-75.1675,2018-11-25 18:00:00+00:00,55.699999999999996,56.4,8.3,10.4,18.05,21.0,0.0,0.0,0.0,0.0,0.0,0.0,0.0,4
2018_12_SF_TB,2018,REG,12,2018-11-25,Sunday,13:00,SF,9,TB,27,Home,18,36,0,2018112507,57738,,201811250tam,9509.0,401030902,,13,7,115.0,-127.0,1.5,-101.0,-110.0,54.5,107.0,-120.0,0,outdoors,grass,77.0,7.0,00-0033319,00-0031503,Nick Mullens,Jameis Winston,Kyle Shanahan,Dirk Koetter,John Parry,TAM00,Raymond James Stadium,27.975833,-82.503333,2018-11-25 18:00:00+00:00,75.92500000000001,75.7,6.75,7.2,14.549999999999999,15.0,0.0,0.0,0.0,0.0,0.0,0.0,0.0,4
2018_12_ARI_LAC,2018,REG,12,2018-11-25,Sunday,16:05,ARI,10,LAC,45,Home,35,55,0,2018112508,57739,,201811250sdg,9510.0,401030912,,7,7,612.0,-837.0,14.0,-103.0,-108.0,43.5,-110.0,-101.0,0,outdoors,grass,74.0,3.0,00-0034343,00-0022942,Josh Rosen,Philip Rivers,Steve Wilks,Anthony Lynn,Alex Kemp,LAX97,StubHub Center,33.864,-118.261,2018-11-25 21:05:00+00:00,70.89999999999999,70.5,4.175,6.2,9.775,11.6,0.0,0.0,0.0,0.0,0.0,0.0,0.0,4
2018_12_PIT_DEN,2018,REG,12,2018-11-25,Sunday,16:25,PIT,17,DEN,24,Home,7,41,0,2018112509,57740,,201811250den,9511.0,401030911,,7,7,-164.0,148.0,-3.0,-110.0,-101.0,47.5,-110.0,-101.0,0,outdoors,grass,41.0,7.0,00-0022924,00-0028986,Ben Roethlisberger,Case Keenum,Mike Tomlin,Vance Joseph,Tony Corrente,DEN00,Sports Authority Field at Mile High,39.743889,-105.02,2018-11-25 21:25:00+00:00,37.75,39.1,3.6,5.5,10.45,13.4,0.0,0.0,0.0,0.0,0.0,0.0,0.0,4
2018_13_BAL_ATL,2018,REG,13,2018-12-02,Sunday,13:00,BAL,26,ATL,16,Home,-10,42,0,2018120200,57744,,201812020atl,9515.0,401030928,,7,10,133.0,-147.0,2.5,102.0,-114.0,46.5,-101.0,-110.0,0,open,fieldturf,,,00-0034796,00-0026143,Lamar Jackson,Matt Ryan,John Harbaugh,Dan Quinn,Brad Allen,ATL97,Mercedes-Benz Stadium,33.755556,-84.4,2018-12-02 18:00:00+00:00,69.25,69.4,10.5,11.1,20.175,21.0,0.0,0.0,0.0,0.0,0.0,0.0,0.0,4
2018_13_DEN_CIN,2018,REG,13,2018-12-02,Sunday,13:00,DEN,24,CIN,10,Home,-14,34,0,2018120201,57745,,201812020cin,9516.0,401030955,,7,7,-178.0,160.0,-3.5,102.0,-113.0,45.0,-103.0,-108.0,0,outdoors,fieldturf,63.0,12.0,00-0028986,00-0032436,Case Keenum,Jeff Driskel,Vance Joseph,Marvin Lewis,Ron Torbert,CIN00,Paul Brown Stadium,39.095,-84.516,2018-12-02 18:00:00+00:00,62.675000000000004,63.7,18.549999999999997,19.8,41.574999999999996,51.9,0.0,0.0,0.0,0.0,0.0,0.0,0.0,4
2018_13_ARI_GB,2018,REG,13,2018-12-02,Sunday,13:00,ARI,20,GB,17,Home,-3,37,0,2018120203,57747,,201812020gnb,9518.0,401030965,,7,7,548.0,-729.0,13.5,-107.0,-103.0,41.0,-103.0,-108.0,0,outdoors,grass,34.0,20.0,00-0034343,00-0023459,Josh Rosen,Aaron Rodgers,Steve Wilks,Mike McCarthy,Peter Morelli,GNB00,Lambeau Field,44.501389,-88.062222,2018-12-02 18:00:00+00:00,33.425,33.5,15.899999999999999,16.5,31.599999999999998,32.0,0.0,0.0,0.0,0.22749999999999998,0.35,0.9099999999999999,0.325,4
2018_13_IND_JAX,2018,REG,13,2018-12-02,Sunday,13:00,IND,0,JAX,6,Home,6,6,0,2018120205,57749,,201812020jax,9520.0,401030962,,7,7,-199.0,179.0,-4.0,-108.0,-103.0,45.5,-102.0,-109.0,1,outdoors,grass,78.0,13.0,00-0029668,00-0033104,Andrew Luck,Cody Kessler,Frank Reich,Doug Marrone,Alex Kemp,JAX00,TIAA Bank Stadium,30.323889,-81.6375,2018-12-02 18:00:00+00:00,78.875,80.0,14.95,15.7,27.625,30.4,0.275,1.0,1.1,0.0,0.0,0.0,0.275,4
2018_13_BUF_MIA,2018,REG,13,2018-12-02,Sunday,13:00,BUF,17,MIA,21,Home,4,38,0,2018120206,57750,,201812020mia,9521.0,401030954,,7,7,162.0,-180.0,3.5,-108.0,-103.0,40.0,-103.0,-108.0,1,outdoors,grass,86.0,15.0,00-0034857,00-0029701,Josh Allen,Ryan Tannehill,Sean McDermott,Adam Gase,Shawn Hochuli,MIA00,Hard Rock Stadium,25.958056,-80.238889,2018-12-02 18:00:00+00:00,82.875,84.8,12.35,13.7,26.2,27.1,0.24999999999999997,0.6,0.9999999999999999,0.0,0.0,0.0,0.24999999999999997,4
2018_13_CHI_NYG,2018,REG,13,2018-12-02,Sunday,13:00,CHI,27,NYG,30,Home,3,57,1,2018120207,57751,,201812020nyg,9522.0,401030953,,10,7,-185.0,166.0,-3.5,-102.0,-109.0,44.0,-101.0,-110.0,0,outdoors,fieldturf,52.0,3.0,00-0026544,00-0022803,Chase Daniel,Eli Manning,Matt Nagy,Pat Shurmur,Clay Martin,NYC01,MetLife Stadium,40.813528,-74.074361,2018-12-02 18:00:00+00:00,57.425,58.2,5.8999999999999995,8.1,12.0,15.2,0.125,0.3,0.5,0.0,0.0,0.0,0.125,4
2018_13_CAR_TB,2018,REG,13,2018-12-02,Sunday,13:00,CAR,17,TB,24,Home,7,41,0,2018120209,57753,,201812020tam,9524.0,401030968,,7,7,-185.0,166.0,-3.5,-101.0,-110.0,52.0,-104.0,-106.0,1,outdoors,grass,81.0,15.0,00-0027939,00-0031503,Cam Newton,Jameis Winston,Ron Rivera,Dirk Koetter,Carl Cheffers,TAM00,Raymond James Stadium,27.975833,-82.503333,2018-12-02 18:00:00+00:00,80.075,81.0,17.575000000000003,18.3,30.95,31.8,0.0,0.0,0.0,0.0,0.0,0.0,0.0,4
2018_13_KC_OAK,2018,REG,13,2018-12-02,Sunday,16:05,KC,40,OAK,33,Home,-7,73,0,2018120210,57754,,201812020rai,9526.0,401030935,,13,7,-769.0,593.0,-14.0,101.0,-112.0,53.5,-106.0,-104.0,1,outdoors,grass,57.0,6.0,00-0033873,00-0031280,Patrick Mahomes,Derek Carr,Andy Reid,Jon Gruden,Shawn Smith,OAK00,Oakland-Alameda County Coliseum,37.751667,-122.200556,2018-12-02 21:05:00+00:00,53.575,53.0,3.6749999999999994,5.8,11.85,15.0,0.0,0.0,0.0,0.0,0.0,0.0,0.0,4
2018_13_NYJ_TEN,2018,REG,13,2018-12-02,Sunday,16:05,NYJ,22,TEN,26,Home,4,48,0,2018120211,57755,,201812020oti,9525.0,401030960,,7,6,370.0,-431.0,10.5,-127.0,113.0,40.5,-104.0,-106.0,0,outdoors,grass,70.0,13.0,00-0021206,00-0032268,Josh McCown,Marcus Mariota,Todd Bowles,Mike Vrabel,Jerome Boger,NAS00,Nissan Stadium,36.166389,-86.771389,2018-12-02 21:05:00+00:00,58.675,63.3,9.775,12.7,20.999999999999996,24.8,0.0,0.0,0.0,0.0,0.0,0.0,0.0,4
2018_13_MIN_NE,2018,REG,13,2018-12-02,Sunday,16:25,MIN,10,NE,24,Home,14,34,0,2018120212,57756,,201812020nwe,9527.0,401030959,,7,7,217.0,-244.0,6.0,-114.0,102.0,50.0,-108.0,-103.0,0,outdoors,fieldturf,53.0,6.0,00-0029604,00-0019596,Kirk Cousins,Tom Brady,Mike Zimmer,Bill Belichick,Craig Wrolstad,BOS00,Gillette Stadium,42.091,-71.264,2018-12-02 21:25:00+00:00,54.125,54.9,8.55,11.0,21.85,25.7,0.1,0.2,0.4,0.0,0.0,0.0,0.1,4
2018_13_SF_SEA,2018,REG,13,2018-12-02,Sunday,16:25,SF,16,SEA,43,Home,27,59,0,2018120213,57757,,201812020sea,9528.0,401030958,,7,7,411.0,-500.0,10.0,-114.0,102.0,45.5,-103.0,-108.0,1,outdoors,fieldturf,45.0,2.0,00-0033319,00-0029263,Nick Mullens,Russell Wilson,Kyle Shanahan,Pete Carroll,Clete Blakeman,SEA00,CenturyLink Field,47.5952,-122.3316,2018-12-02 21:25:00+00:00,44.3,45.1,1.875,3.5,6.525,8.7,0.275,0.6,1.1,0.0,0.0,0.0,0.275,4
2018_13_LAC_PIT,2018,REG,13,2018-12-02,Sunday,20:20,LAC,33,PIT,30,Home,-3,63,0,2018120208,57752,,201812020pit,9523.0,401030951,,7,7,166.0,-185.0,3.5,-112.0,101.0,53.5,-110.0,-101.0,0,outdoors,grass,57.0,8.0,00-0022942,00-0022924,Philip Rivers,Ben Roethlisberger,Anthony Lynn,Mike Tomlin,Bill Vinovich,PIT00,Heinz Field,40.446667,-80.015833,2018-12-03 01:20:00+00:00,54.224999999999994,53.8,12.024999999999999,13.0,24.2,25.1,0.0,0.0,0.0,0.0,0.0,0.0,0.0,4
2018_13_WAS_PHI,2018,REG,13,2018-12-03,Monday,20:15,WAS,13,PHI,28,Home,15,41,0,2018120300,57758,,201812030phi,9529.0,401030871,,11,8,213.0,-239.0,5.5,-105.0,-105.0,45.0,-111.0,-100.0,1,outdoors,grass,36.0,15.0,00-0027688,00-0032950,Colt McCoy,Carson Wentz,Jay Gruden,Doug Pederson,Tony Corrente,PHI00,Lincoln Financial Field,39.900833,-75.1675,2018-12-04 01:15:00+00:00,45.575,47.1,8.35,9.4,15.4,16.6,0.0,0.0,0.0,0.0,0.0,0.0,0.0,4
2018_14_JAX_TEN,2018,REG,14,2018-12-06,Thursday,20:20,JAX,9,TEN,30,Home,21,39,0,2018120600,57759,,201812060oti,9530.0,401030724,,4,4,221.0,-248.0,5.5,-103.0,-107.0,36.5,-107.0,-103.0,1,outdoors,grass,44.0,5.0,00-0033104,00-0032268,Cody Kessler,Marcus Mariota,Doug Marrone,Mike Vrabel,John Parry,NAS00,Nissan Stadium,36.166389,-86.771389,2018-12-07 01:20:00+00:00,40.525,41.2,3.3,3.7,6.275,7.2,0.0,0.0,0.0,0.0,0.0,0.0,0.0,4
2018_14_NYJ_BUF,2018,REG,14,2018-12-09,Sunday,13:00,NYJ,27,BUF,23,Home,-4,50,0,2018120900,57760,,201812090buf,9531.0,401030750,,7,7,189.0,-211.0,4.5,-105.0,-105.0,37.0,-105.0,-105.0,1,outdoors,a_turf,31.0,12.0,00-0034869,00-0034857,Sam Darnold,Josh Allen,Todd Bowles,Sean McDermott,Alex Kemp,BUF00,New Era Field,42.774,-78.787,2018-12-09 18:00:00+00:00,31.050000000000004,31.1,10.225000000000001,10.4,21.925,22.4,0.0,0.0,0.0,0.0,0.0,0.0,0.0,4
2018_14_CAR_CLE,2018,REG,14,2018-12-09,Sunday,13:00,CAR,20,CLE,26,Home,6,46,0,2018120902,57762,,201812090cle,9533.0,401030823,,7,7,-117.0,106.0,-1.0,-108.0,-103.0,48.0,-103.0,-108.0,0,outdoors,grass,28.0,4.0,00-0027939,00-0034855,Cam Newton,Baker Mayfield,Ron Rivera,Gregg Williams,Walt Anderson,CLE00,FirstEnergy Stadium,41.506111,-81.699444,2018-12-09 18:00:00+00:00,29.999999999999996,29.9,3.9250000000000003,5.9,9.85,10.5,0.0,0.0,0.0,0.0,0.0,0.0,0.0,4
2018_14_ATL_GB,2018,REG,14,2018-12-09,Sunday,13:00,ATL,20,GB,34,Home,14,54,0,2018120903,57763,,201812090gnb,9534.0,401030825,,7,7,166.0,-185.0,4.0,-116.0,104.0,51.0,-101.0,-110.0,0,outdoors,grass,25.0,10.0,00-0026143,00-0023459,Matt Ryan,Aaron Rodgers,Dan Quinn,Joe Philbin,Walt Coleman,GNB00,Lambeau Field,44.501389,-88.062222,2018-12-09 18:00:00+00:00,25.4,25.4,8.55,9.1,18.700000000000003,19.2,0.0,0.0,0.0,0.0,0.0,0.0,0.0,4
2018_14_BAL_KC,2018,REG,14,2018-12-09,Sunday,13:00,BAL,24,KC,27,Home,3,51,1,2018120905,57765,,201812090kan,9536.0,401030764,,7,7,239.0,-269.0,6.5,-105.0,-105.0,49.0,-108.0,-103.0,0,outdoors,grass,27.0,0.0,00-0034796,00-0033873,Lamar Jackson,Patrick Mahomes,John Harbaugh,Andy Reid,Tony Corrente,KAN00,Arrowhead Stadium,39.048889,-94.483889,2018-12-09 18:00:00+00:00,35.150000000000006,32.5,2.225,2.7,9.775,10.5,0.0,0.0,0.0,0.0,0.0,0.0,0.0,4
2018_14_NE_MIA,2018,REG,14,2018-12-09,Sunday,13:00,NE,33,MIA,34,Home,1,67,0,2018120906,57766,,201812090mia,9537.0,401030761,,7,7,-367.0,319.0,-8.5,-103.0,-108.0,49.5,-112.0,101.0,1,outdoors,grass,82.0,13.0,00-0019596,00-0029701,Tom Brady,Ryan Tannehill,Bill Belichick,Adam Gase,Peter Morelli,MIA00,Hard Rock Stadium,25.958056,-80.238889,2018-12-09 18:00:00+00:00,82.8,82.1,15.850000000000001,18.1,33.0,34.4,0.05,0.1,0.2,0.0,0.0,0.0,0.05,4
2018_14_NO_TB,2018,REG,14,2018-12-09,Sunday,13:00,NO,28,TB,14,Home,-14,42,0,2018120907,57767,,201812090tam,9538.0,401030758,,10,7,-380.0,330.0,-8.5,-103.0,-108.0,55.0,-110.0,-101.0,1,outdoors,grass,71.0,7.0,00-0020531,00-0031503,Drew Brees,Jameis Winston,Sean Payton,Dirk Koetter,Jerome Boger,TAM00,Raymond James Stadium,27.975833,-82.503333,2018-12-09 18:00:00+00:00,70.875,70.0,12.4,13.9,24.65,28.4,0.15,0.6,0.6,0.0,0.0,0.0,0.15,4
2018_14_NYG_WAS,2018,REG,14,2018-12-09,Sunday,13:00,NYG,40,WAS,16,Home,-24,56,0,2018120908,57768,,201812090was,9539.0,401030753,,7,6,-167.0,151.0,-3.0,-119.0,106.0,40.5,100.0,-111.0,1,outdoors,grass,33.0,6.0,00-0022803,00-0026898,Eli Manning,Mark Sanchez,Pat Shurmur,Jay Gruden,Carl Cheffers,WAS00,FedExField,38.907778,-76.864444,2018-12-09 18:00:00+00:00,33.575,34.0,6.3,6.6,15.375,15.9,0.0,0.0,0.0,0.0175,0.07,0.07,0.025,4
2018_14_CIN_LAC,2018,REG,14,2018-12-09,Sunday,16:05,CIN,21,LAC,26,Home,5,47,0,2018120909,57769,,201812090sdg,9540.0,401030851,,7,7,847.0,-1292.0,17.0,-109.0,-102.0,48.5,-108.0,-103.0,0,outdoors,grass,,,00-0032436,00-0022942,Jeff Driskel,Philip Rivers,Marvin Lewis,Anthony Lynn,John Hussey,LAX97,StubHub Center,33.864,-118.261,2018-12-09 21:05:00+00:00,66.7,69.6,4.425,7.7,11.149999999999999,14.3,0.0,0.0,0.0,0.0,0.0,0.0,0.0,4
2018_14_DEN_SF,2018,REG,14,2018-12-09,Sunday,16:05,DEN,14,SF,20,Home,6,34,0,2018120910,57770,,201812090sfo,9541.0,401030827,,7,7,-164.0,148.0,-3.0,-112.0,101.0,45.5,-101.0,-110.0,0,outdoors,grass,54.0,3.0,00-0028986,00-0033319,Case Keenum,Nick Mullens,Vance Joseph,Kyle Shanahan,Shawn Smith,SFO01,Levi's Stadium,37.403,-121.97,2018-12-09 21:05:00+00:00,54.85,54.5,5.075,6.6,10.95,12.5,0.0,0.0,0.0,0.0,0.0,0.0,0.0,4
2018_14_PIT_OAK,2018,REG,14,2018-12-09,Sunday,16:25,PIT,21,OAK,24,Home,3,45,0,2018120913,57773,,201812090rai,9544.0,401030863,,7,7,-449.0,384.0,-10.5,117.0,-133.0,51.0,-108.0,-103.0,0,outdoors,grass,55.0,8.0,00-0022924,00-0031280,Ben Roethlisberger,Derek Carr,Mike Tomlin,Jon Gruden,Ron Torbert,OAK00,Oakland-Alameda County Coliseum,37.751667,-122.200556,2018-12-09 21:25:00+00:00,55.25,56.1,3.875,4.6,9.274999999999999,10.7,0.0,0.0,0.0,0.0,0.0,0.0,0.0,4
2018_14_LA_CHI,2018,REG,14,2018-12-09,Sunday,20:20,LA,6,CHI,15,Home,9,21,0,2018120901,57761,,201812090chi,9532.0,401030817,,7,7,-139.0,126.0,-3.0,107.0,-120.0,50.5,-101.0,-110.0,0,outdoors,grass,29.0,4.0,00-0033106,00-0033869,Jared Goff,Mitch Trubisky,Sean McVay,Matt Nagy,Craig Wrolstad,CHI98,Soldier Field,41.8623,-87.6167,2018-12-10 01:20:00+00:00,23.075000000000003,24.4,7.375,7.8,9.600000000000001,10.3,0.0,0.0,0.0,0.0,0.0,0.0,0.0,4
2018_14_MIN_SEA,2018,REG,14,2018-12-10,Monday,20:15,MIN,7,SEA,21,Home,14,28,0,2018121000,57774,,201812100sea,9545.0,401030867,,8,8,151.0,-171.0,3.0,105.0,-117.0,45.5,-103.0,-108.0,0,outdoors,fieldturf,48.0,9.0,00-0029604,00-0029263,Kirk Cousins,Russell Wilson,Mike Zimmer,Pete Carroll,Brad Allen,SEA00,CenturyLink Field,47.5952,-122.3316,2018-12-11 01:15:00+00:00,45.2,46.1,10.5,11.9,19.9,21.7,0.0,0.0,0.0,0.0,0.0,0.0,0.0,4
2018_15_LAC_KC,2018,REG,15,2018-12-13,Thursday,20:20,LAC,29,KC,28,Home,-1,57,0,2018121300,57775,,201812130kan,9546.0,401030874,,4,4,174.0,-194.0,3.5,-100.0,-111.0,54.0,-106.0,-104.0,1,outdoors,grass,39.0,5.0,00-0022942,00-0033873,Philip Rivers,Patrick Mahomes,Anthony Lynn,Andy Reid,Walt Anderson,KAN00,Arrowhead Stadium,39.048889,-94.483889,2018-12-14 01:20:00+00:00,37.9,37.7,9.5,10.5,19.7,21.5,0.025,0.1,0.1,0.0,0.0,0.0,0.025,4
2018_15_HOU_NYJ,2018,REG,15,2018-12-15,Saturday,16:30,HOU,29,NYJ,22,Home,-7,51,0,2018121500,57776,,201812150nyj,9548.0,401030891,,6,6,-286.0,253.0,-7.0,106.0,-119.0,44.0,-105.0,-105.0,0,outdoors,fieldturf,51.0,8.0,00-0033537,00-0034869,Deshaun Watson,Sam Darnold,Bill O'Brien,Todd Bowles,Brad Allen,NYC01,MetLife Stadium,40.813528,-74.074361,2018-12-15 21:30:00+00:00,46.625,48.3,11.025,11.9,20.299999999999997,22.1,0.15000000000000002,0.4,0.6000000000000001,0.0,0.0,0.0,0.15000000000000002,4
2018_15_CLE_DEN,2018,REG,15,2018-12-15,Saturday,20:20,CLE,17,DEN,16,Home,-1,33,0,2018121501,57777,,201812150den,9547.0,401030876,,6,6,116.0,-128.0,1.0,106.0,-119.0,47.0,-106.0,-104.0,0,outdoors,grass,46.0,0.0,00-0034855,00-0028986,Baker Mayfield,Case Keenum,Gregg Williams,Vance Joseph,Clay Martin,DEN00,Sports Authority Field at Mile High,39.743889,-105.02,2018-12-16 01:20:00+00:00,31.200000000000003,36.3,6.4,7.8,9.175,10.3,0.0,0.0,0.0,0.0,0.0,0.0,0.0,4
2018_15_TB_BAL,2018,REG,15,2018-12-16,Sunday,13:00,TB,12,BAL,20,Home,8,32,0,2018121601,57779,,201812160rav,9557.0,401030898,,7,7,328.0,-378.0,8.5,-103.0,-107.0,44.5,-104.0,-106.0,0,outdoors,grass,43.0,10.0,00-0031503,00-0034796,Jameis Winston,Lamar Jackson,Dirk Koetter,John Harbaugh,Ron Torbert,BAL00,M&T Bank Stadium,39.278056,-76.622778,2018-12-16 18:00:00+00:00,41.875,42.5,11.25,11.9,20.35,21.3,0.9750000000000001,1.3,3.9000000000000004,0.0,0.0,0.0,0.9750000000000001,4
2018_15_DET_BUF,2018,REG,15,2018-12-16,Sunday,13:00,DET,13,BUF,14,Home,1,27,0,2018121602,57780,,201812160buf,9550.0,401030896,,7,7,132.0,-146.0,2.5,106.0,-119.0,40.0,100.0,-111.0,0,outdoors,a_turf,39.0,7.0,00-0026498,00-0034857,Matthew Stafford,Josh Allen,Matt Patricia,Sean McDermott,Jerome Boger,BUF00,New Era Field,42.774,-78.787,2018-12-16 18:00:00+00:00,36.95,36.4,4.975,5.3,10.75,11.4,0.15,0.3,0.6,0.0,0.0,0.0,0.15,4
2018_15_GB_CHI,2018,REG,15,2018-12-16,Sunday,13:00,GB,17,CHI,24,Home,7,41,0,2018121603,57781,,201812160chi,9551.0,401030893,,7,7,221.0,-248.0,6.0,102.0,-114.0,46.5,-103.0,-108.0,1,outdoors,grass,45.0,10.0,00-0023459,00-0033869,Aaron Rodgers,Mitch Trubisky,Joe Philbin,Matt Nagy,John Hussey,CHI98,Soldier Field,41.8623,-87.6167,2018-12-16 18:00:00+00:00,46.95,45.7,10.174999999999999,11.2,16.5,17.2,0.0,0.0,0.0,0.0,0.0,0.0,0.0,4
2018_15_OAK_CIN,2018,REG,15,2018-12-16,Sunday,13:00,OAK,16,CIN,30,Home,14,46,0,2018121604,57782,,201812160cin,9552.0,401030909,,7,7,140.0,-155.0,3.0,-110.0,-101.0,46.0,100.0,-111.0,0,outdoors,fieldturf,43.0,2.0,00-0031280,00-0032436,Derek Carr,Jeff Driskel,Jon Gruden,Marvin Lewis,Alex Kemp,CIN00,Paul Brown Stadium,39.095,-84.516,2018-12-16 18:00:00+00:00,51.2,48.7,6.75,7.1,15.9,16.6,0.0,0.0,0.0,0.0,0.0,0.0,0.0,4
2018_15_WAS_JAX,2018,REG,15,2018-12-16,Sunday,13:00,WAS,16,JAX,13,Home,-3,29,0,2018121606,57784,,201812160jax,9554.0,401030924,,7,10,296.0,-338.0,7.5,-114.0,102.0,36.0,-101.0,-110.0,0,outdoors,grass,64.0,12.0,00-0026300,00-0033104,Josh Johnson,Cody Kessler,Jay Gruden,Doug Marrone,Clete Blakeman,JAX00,TIAA Bank Stadium,30.323889,-81.6375,2018-12-16 18:00:00+00:00,64.275,64.1,10.975000000000001,11.7,20.625,21.7,0.0,0.0,0.0,0.0,0.0,0.0,0.0,4
2018_15_TEN_NYG,2018,REG,15,2018-12-16,Sunday,13:00,TEN,17,NYG,0,Home,-17,17,0,2018121608,57786,,201812160nyg,9556.0,401030915,,10,7,-123.0,112.0,-2.5,-101.0,-110.0,42.0,-111.0,100.0,0,outdoors,fieldturf,40.0,6.0,00-0032268,00-0022803,Marcus Mariota,Eli Manning,Mike Vrabel,Pat Shurmur,Shawn Hochuli,NYC01,MetLife Stadium,40.813528,-74.074361,2018-12-16 18:00:00+00:00,39.75,39.7,16.450000000000003,17.2,30.15,31.8,0.5,1.2,2.0,0.0,0.0,0.0,0.5,4
2018_15_SEA_SF,2018,REG,15,2018-12-16,Sunday,16:05,SEA,23,SF,26,Home,3,49,1,2018121609,57787,,201812160sfo,9558.0,401030950,,6,7,-207.0,186.0,-3.5,-112.0,101.0,44.0,103.0,-115.0,1,outdoors,grass,61.0,11.0,00-0029263,00-0033319,Russell Wilson,Nick Mullens,Pete Carroll,Kyle Shanahan,Peter Morelli,SFO01,Levi's Stadium,37.403,-121.97,2018-12-16 21:05:00+00:00,59.925,60.9,12.3,14.2,24.5,25.5,0.375,0.6,1.5,0.0,0.0,0.0,0.375,4
2018_15_NE_PIT,2018,REG,15,2018-12-16,Sunday,16:25,NE,10,PIT,17,Home,7,27,0,2018121610,57788,,201812160pit,9559.0,401030956,,7,7,-129.0,117.0,-2.5,-105.0,-105.0,55.0,107.0,-120.0,0,outdoors,grass,42.0,5.0,00-0019596,00-0022924,Tom Brady,Ben Roethlisberger,Bill Belichick,Mike Tomlin,John Parry,PIT00,Heinz Field,40.446667,-80.015833,2018-12-16 21:25:00+00:00,39.575,39.9,4.75,5.2,9.85,11.2,0.025,0.1,0.1,0.0,0.0,0.0,0.025,4
2018_15_PHI_LA,2018,REG,15,2018-12-16,Sunday,20:20,PHI,30,LA,23,Home,-7,53,0,2018121611,57789,,201812160ram,9560.0,401030961,,7,7,590.0,-800.0,13.5,-103.0,-107.0,52.5,-115.0,103.0,0,outdoors,grass,60.0,5.0,00-0029567,00-0033106,Nick Foles,Jared Goff,Doug Pederson,Sean McVay,Bill Vinovich,LAX99,Los Angeles Memorial Coliseum,34.014167,-118.287778,2018-12-17 01:20:00+00:00,55.45,56.7,5.0,7.8,9.350000000000001,12.8,0.0,0.0,0.0,0.0,0.0,0.0,0.0,4
2018_15_NO_CAR,2018,REG,15,2018-12-17,Monday,20:15,NO,12,CAR,9,Home,-3,21,0,2018121700,57790,,201812170car,9561.0,401030967,,8,8,-248.0,221.0,-6.0,-104.0,-106.0,50.5,102.0,-114.0,1,outdoors,grass,48.0,3.0,00-0020531,00-0027939,Drew Brees,Cam Newton,Sean Payton,Ron Rivera,Tony Corrente,CAR00,Bank of America Stadium,35.225833,-80.852778,2018-12-18 01:15:00+00:00,45.725,46.9,6.9,9.6,11.7,15.7,0.0,0.0,0.0,0.0,0.0,0.0,0.0,4
2018_16_WAS_TEN,2018,REG,16,2018-12-22,Saturday,16:30,WAS,16,TEN,25,Home,9,41,0,2018122200,57794,,201812220oti,9570.0,401030868,,6,6,481.0,-599.0,12.5,-110.0,-101.0,38.0,-114.0,102.0,0,outdoors,grass,51.0,9.0,00-0026300,00-0032268,Josh Johnson,Marcus Mariota,Jay Gruden,Mike Vrabel,John Hussey,NAS00,Nissan Stadium,36.166389,-86.771389,2018-12-22 21:30:00+00:00,43.85,49.7,5.25,6.7,9.274999999999999,11.4,0.0,0.0,0.0,0.0,0.0,0.0,0.0,4
2018_16_BAL_LAC,2018,REG,16,2018-12-22,Saturday,20:20,BAL,22,LAC,10,Home,-12,32,0,2018122201,57792,,201812220sdg,9573.0,401030897,,6,9,178.0,-198.0,4.0,-110.0,-101.0,42.5,-101.0,-110.0,0,outdoors,grass,60.0,5.0,00-0034796,00-0022942,Lamar Jackson,Philip Rivers,John Harbaugh,Anthony Lynn,Clete Blakeman,LAX97,StubHub Center,33.864,-118.261,2018-12-23 01:20:00+00:00,56.45,58.9,4.4,6.0,8.600000000000001,11.6,0.0,0.0,0.0,0.0,0.0,0.0,0.0,4
2018_16_ATL_CAR,2018,REG,16,2018-12-23,Sunday,13:00,ATL,24,CAR,10,Home,-14,34,0,2018122304,57795,,201812230car,9562.0,401030895,,7,6,-147.0,133.0,-2.5,-119.0,106.0,46.5,-107.0,-103.0,1,outdoors,grass,52.0,7.0,00-0026143,00-0031800,Matt Ryan,Taylor Heinicke,Dan Quinn,Ron Rivera,Peter Morelli,CAR00,Bank of America Stadium,35.225833,-80.852778,2018-12-23 18:00:00+00:00,53.0,51.0,7.3999999999999995,8.7,15.774999999999999,17.4,0.0,0.0,0.0,0.0,0.0,0.0,0.0,4
2018_16_CIN_CLE,2018,REG,16,2018-12-23,Sunday,13:00,CIN,18,CLE,26,Home,8,44,0,2018122305,57796,,201812230cle,9563.0,401030872,,7,8,334.0,-385.0,10.0,-113.0,102.0,44.0,106.0,-119.0,1,outdoors,grass,37.0,9.0,00-0032436,00-0034855,Jeff Driskel,Baker Mayfield,Marvin Lewis,Gregg Williams,Tony Corrente,CLE00,FirstEnergy Stadium,41.506111,-81.699444,2018-12-23 18:00:00+00:00,38.725,39.8,7.050000000000001,7.7,13.35,15.4,0.0,0.0,0.0,0.0,0.0,0.0,0.0,4
2018_16_JAX_MIA,2018,REG,16,2018-12-23,Sunday,13:00,JAX,17,MIA,7,Home,-10,24,0,2018122302,57793,,201812230mia,9567.0,401030866,,7,7,139.0,-153.0,3.0,-105.0,-105.0,39.5,-114.0,102.0,0,outdoors,grass,73.0,9.0,00-0033104,00-0029701,Cody Kessler,Ryan Tannehill,Doug Marrone,Adam Gase,Clay Martin,MIA00,Hard Rock Stadium,25.958056,-80.238889,2018-12-23 18:00:00+00:00,70.175,70.2,6.35,6.9,14.875,15.2,0.0,0.0,0.0,0.0,0.0,0.0,0.0,4
2018_16_BUF_NE,2018,REG,16,2018-12-23,Sunday,13:00,BUF,12,NE,24,Home,12,36,0,2018122308,57799,,201812230nwe,9568.0,401030892,,7,7,560.0,-750.0,14.0,-114.0,102.0,46.0,-102.0,-109.0,1,outdoors,fieldturf,40.0,12.0,00-0034857,00-0019596,Josh Allen,Tom Brady,Sean McDermott,Bill Belichick,Shawn Smith,BOS00,Gillette Stadium,42.091,-71.264,2018-12-23 18:00:00+00:00,37.15,37.9,7.65,9.1,20.975,23.9,0.0,0.0,0.0,0.0,0.0,0.0,0.0,4
2018_16_GB_NYJ,2018,REG,16,2018-12-23,Sunday,13:00,GB,44,NYJ,38,Home,-6,82,1,2018122309,57800,,201812230nyj,9569.0,401030870,,7,8,-141.0,128.0,-3.0,106.0,-119.0,47.5,102.0,-113.0,0,outdoors,fieldturf,43.0,8.0,00-0023459,00-0034869,Aaron Rodgers,Sam Darnold,Joe Philbin,Todd Bowles,Ron Torbert,NYC01,MetLife Stadium,40.813528,-74.074361,2018-12-23 18:00:00+00:00,41.575,41.7,6.375,8.3,15.825,17.9,0.0,0.0,0.0,0.0,0.0,0.0,0.0,4
2018_16_HOU_PHI,2018,REG,16,2018-12-23,Sunday,13:00,HOU,30,PHI,32,Home,2,62,0,2018122310,57801,,201812230phi,9571.0,401030864,,8,7,111.0,-123.0,1.0,102.0,-114.0,47.0,-102.0,-109.0,0,outdoors,grass,44.0,5.0,00-0033537,00-0029567,Deshaun Watson,Nick Foles,Bill O'Brien,Doug Pederson,John Parry,PHI00,Lincoln Financial Field,39.900833,-75.1675,2018-12-23 18:00:00+00:00,44.175,44.2,5.0,6.3,12.925,14.3,0.0,0.0,0.0,0.0,0.0,0.0,0.0,4
2018_16_CHI_SF,2018,REG,16,2018-12-23,Sunday,16:05,CHI,14,SF,9,Home,-5,23,0,2018122312,57803,,201812230sfo,9574.0,401030901,,7,7,-190.0,171.0,-3.5,-103.0,-108.0,44.0,108.0,-121.0,0,outdoors,grass,50.0,5.0,00-0033869,00-0033319,Mitch Trubisky,Nick Mullens,Matt Nagy,Kyle Shanahan,Alex Kemp,SFO01,Levi's Stadium,37.403,-121.97,2018-12-23 21:05:00+00:00,57.875,58.0,6.025,7.3,12.525,13.9,0.0,0.0,0.0,0.0,0.0,0.0,0.0,4
2018_16_KC_SEA,2018,REG,16,2018-12-23,Sunday,20:20,KC,31,SEA,38,Home,7,69,0,2018122314,57805,,201812230sea,9576.0,401030917,,10,7,-117.0,105.0,-1.0,-110.0,-101.0,54.0,-103.0,-108.0,0,outdoors,fieldturf,43.0,8.0,00-0033873,00-0029263,Patrick Mahomes,Russell Wilson,Andy Reid,Pete Carroll,Bill Vinovich,SEA00,CenturyLink Field,47.5952,-122.3316,2018-12-24 01:20:00+00:00,43.849999999999994,44.6,6.975,8.9,14.274999999999999,18.1,0.025,0.1,0.1,0.0,0.0,0.0,0.025,4
2018_16_DEN_OAK,2018,REG,16,2018-12-24,Monday,20:15,DEN,14,OAK,27,Home,13,41,0,2018122400,57806,,201812240rai,9577.0,401030926,,9,8,-130.0,118.0,-2.5,-105.0,-105.0,42.5,-106.0,-104.0,1,outdoors,grass,58.0,14.0,00-0028986,00-0031280,Case Keenum,Derek Carr,Vance Joseph,Jon Gruden,Carl Cheffers,OAK00,Oakland-Alameda County Coliseum,37.751667,-122.200556,2018-12-25 01:15:00+00:00,53.349999999999994,54.9,9.8,12.1,27.85,42.1,0.225,0.5,0.9,0.0,0.0,0.0,0.225,4
2018_17_MIA_BUF,2018,REG,17,2018-12-30,Sunday,13:00,MIA,17,BUF,42,Home,25,59,0,2018123001,57808,,201812300buf,9578.0,401030722,,7,7,222.0,-250.0,5.5,-102.0,-109.0,39.5,102.0,-114.0,1,outdoors,a_turf,33.0,9.0,00-0029701,00-0034857,Ryan Tannehill,Josh Allen,Adam Gase,Sean McDermott,John Hussey,BUF00,New Era Field,42.774,-78.787,2018-12-30 18:00:00+00:00,34.3,34.7,14.100000000000001,15.3,32.25,34.4,0.0,0.0,0.0,0.0,0.0,0.0,0.0,4
2018_17_DET_GB,2018,REG,17,2018-12-30,Sunday,13:00,DET,31,GB,0,Home,-31,31,0,2018123002,57809,,201812300gnb,9579.0,401030757,,7,7,284.0,-324.0,7.5,-103.0,-108.0,44.5,-114.0,102.0,1,outdoors,grass,26.0,15.0,00-0026498,00-0033899,Matthew Stafford,DeShone Kizer,Matt Patricia,Joe Philbin,Alex Kemp,GNB00,Lambeau Field,44.501389,-88.062222,2018-12-30 18:00:00+00:00,29.25,27.3,10.05,11.5,22.450000000000003,25.7,0.0,0.0,0.0,0.0,0.0,0.0,0.0,4
2018_17_NYJ_NE,2018,REG,17,2018-12-30,Sunday,13:00,NYJ,3,NE,38,Home,35,41,0,2018123006,57813,,201812300nwe,9584.0,401030765,,7,7,618.0,-848.0,14.0,-101.0,-110.0,47.0,-114.0,102.0,1,outdoors,fieldturf,33.0,2.0,00-0034869,00-0019596,Sam Darnold,Tom Brady,Todd Bowles,Bill Belichick,Walt Coleman,BOS00,Gillette Stadium,42.091,-71.264,2018-12-30 18:00:00+00:00,34.150000000000006,33.2,2.275,3.5,8.975,9.6,0.0,0.0,0.0,0.0,0.0,0.0,0.0,4
2018_17_DAL_NYG,2018,REG,17,2018-12-30,Sunday,13:00,DAL,36,NYG,35,Home,-1,71,0,2018123008,57815,,201812300nyg,9585.0,401030812,,7,7,295.0,-338.0,7.5,102.0,-114.0,38.5,-109.0,-102.0,1,outdoors,fieldturf,37.0,2.0,00-0033077,00-0022803,Dak Prescott,Eli Manning,Jason Garrett,Pat Shurmur,Clay Martin,NYC01,MetLife Stadium,40.813528,-74.074361,2018-12-30 18:00:00+00:00,40.224999999999994,38.7,4.35,4.9,10.325,11.6,0.0,0.0,0.0,0.0,0.0,0.0,0.0,4
2018_17_ATL_TB,2018,REG,17,2018-12-30,Sunday,13:00,ATL,34,TB,32,Home,-2,66,0,2018123010,57817,,201812300tam,9589.0,401030820,,7,7,-142.0,129.0,-2.5,-108.0,-103.0,52.0,-110.0,-101.0,1,outdoors,grass,80.0,5.0,00-0026143,00-0031503,Matt Ryan,Jameis Winston,Dan Quinn,Dirk Koetter,Brad Allen,TAM00,Raymond James Stadium,27.975833,-82.503333,2018-12-30 18:00:00+00:00,78.325,76.9,3.225,3.9,10.075,11.2,0.0,0.0,0.0,0.0,0.0,0.0,0.0,4
2018_17_CLE_BAL,2018,REG,17,2018-12-30,Sunday,16:25,CLE,24,BAL,26,Home,2,50,0,2018123000,57807,,201812300rav,9588.0,401030719,,7,8,285.0,-325.0,7.0,-103.0,-108.0,41.0,-103.0,-108.0,1,outdoors,grass,48.0,2.0,00-0034855,00-0034796,Baker Mayfield,Lamar Jackson,Gregg Williams,John Harbaugh,Shawn Smith,BAL00,M&T Bank Stadium,39.278056,-76.622778,2018-12-30 21:25:00+00:00,40.025,44.9,4.1,4.8,6.949999999999999,7.4,0.0,0.0,0.0,0.0,0.0,0.0,0.0,4
2018_17_LAC_DEN,2018,REG,17,2018-12-30,Sunday,16:25,LAC,23,DEN,9,Home,-14,32,0,2018123013,57820,,201812300den,9591.0,401030824,,8,6,-270.0,239.0,-7.0,106.0,-119.0,43.5,-103.0,-108.0,1,outdoors,grass,51.0,6.0,00-0022942,00-0028986,Philip Rivers,Case Keenum,Anthony Lynn,Vance Joseph,John Parry,DEN00,Sports Authority Field at Mile High,39.743889,-105.02,2018-12-30 21:25:00+00:00,41.425000000000004,48.0,9.924999999999999,13.2,19.449999999999996,22.4,0.0,0.0,0.0,0.0,0.0,0.0,0.0,4
2018_17_OAK_KC,2018,REG,17,2018-12-30,Sunday,16:25,OAK,3,KC,35,Home,32,38,0,2018123004,57811,,201812300kan,9581.0,401030760,,6,7,586.0,-794.0,14.5,-115.0,103.0,54.0,-110.0,-101.0,1,outdoors,grass,45.0,15.0,00-0031280,00-0033873,Derek Carr,Patrick Mahomes,Jon Gruden,Andy Reid,Shawn Hochuli,KAN00,Arrowhead Stadium,39.048889,-94.483889,2018-12-30 21:25:00+00:00,39.349999999999994,44.4,9.5,9.8,20.3,24.2,0.0,0.0,0.0,0.0,0.0,0.0,0.0,4
2018_17_SF_LA,2018,REG,17,2018-12-30,Sunday,16:25,SF,32,LA,48,Home,16,80,0,2018123014,57821,,201812300ram,9592.0,401030850,,7,7,385.0,-450.0,10.5,-101.0,-110.0,50.5,-110.0,-101.0,1,outdoors,grass,65.0,3.0,00-0033319,00-0033106,Nick Mullens,Jared Goff,Kyle Shanahan,Sean McVay,Jerome Boger,LAX99,Los Angeles Memorial Coliseum,34.014167,-118.287778,2018-12-30 21:25:00+00:00,62.075,62.8,5.875,7.4,12.5,13.2,0.0,0.0,0.0,0.0,0.0,0.0,0.0,4
2018_17_CIN_PIT,2018,REG,17,2018-12-30,Sunday,16:25,CIN,13,PIT,16,Home,3,29,0,2018123009,57816,,201812300pit,9587.0,401030818,,7,7,512.0,-672.0,14.0,-114.0,102.0,45.5,-114.0,102.0,1,outdoors,grass,42.0,9.0,00-0032436,00-0022924,Jeff Driskel,Ben Roethlisberger,Marvin Lewis,Mike Tomlin,Carl Cheffers,PIT00,Heinz Field,40.446667,-80.015833,2018-12-30 21:25:00+00:00,38.449999999999996,43.0,5.825,6.3,13.100000000000001,16.6,0.0,0.0,0.0,0.0,0.0,0.0,0.0,4
2018_17_ARI_SEA,2018,REG,17,2018-12-30,Sunday,16:25,ARI,24,SEA,27,Home,3,51,0,2018123015,57822,,201812300sea,9593.0,401030856,,7,7,603.0,-822.0,15.5,101.0,-112.0,39.5,-114.0,102.0,1,outdoors,fieldturf,45.0,5.0,00-0034343,00-0029263,Josh Rosen,Russell Wilson,Steve Wilks,Pete Carroll,Ron Torbert,SEA00,CenturyLink Field,47.5952,-122.3316,2018-12-30 21:25:00+00:00,44.125,45.0,3.925,5.5,16.275,17.4,0.2,0.6,0.8,0.0,0.0,0.0,0.2,4
2018_17_PHI_WAS,2018,REG,17,2018-12-30,Sunday,16:25,PHI,24,WAS,0,Home,-24,24,0,2018123012,57819,,201812300was,9590.0,401030727,,7,8,-245.0,218.0,-6.0,-101.0,-110.0,43.0,105.0,-117.0,1,outdoors,grass,46.0,3.0,00-0029567,00-0026300,Nick Foles,Josh Johnson,Doug Pederson,Jay Gruden,Craig Wrolstad,WAS00,FedExField,38.907778,-76.864444,2018-12-30 21:25:00+00:00,41.425,44.9,3.2,4.8,6.1,7.8,0.0,0.0,0.0,0.0,0.0,0.0,0.0,4
2018_17_IND_TEN,2018,REG,17,2018-12-30,Sunday,20:20,IND,33,TEN,17,Home,-16,50,0,2018123011,57818,,201812300oti,9586.0,401030755,,7,8,-212.0,190.0,-5.0,102.0,-114.0,42.5,-108.0,-103.0,1,outdoors,grass,53.0,4.0,00-0029668,00-0027948,Andrew Luck,Blaine Gabbert,Frank Reich,Mike Vrabel,Walt Anderson,NAS00,Nissan Stadium,36.166389,-86.771389,2018-12-31 01:20:00+00:00,49.0,48.4,4.2749999999999995,5.0,7.75,8.9,0.125,0.5,0.5,0.0,0.0,0.0,0.125,4
2019_01_GB_CHI,2019,REG,1,2019-09-05,Thursday,20:20,GB,10,CHI,3,Home,-7,13,0,2019090500,57900,,201909050chi,13762.0,401127913,5058.0,7,7,160.0,-178.0,3.5,-113.0,103.0,47.0,102.0,-113.0,1,outdoors,grass,65.0,10.0,00-0023459,00-0033869,Aaron Rodgers,Mitch Trubisky,Matt LaFleur,Matt Nagy,Tony Corrente,CHI98,Soldier Field,41.8623,-87.6167,2019-09-06 00:20:00+00:00,64.95,65.9,9.100000000000001,10.5,13.774999999999999,15.2,0.0,0.0,0.0,0.0,0.0,0.0,0.0,4
2019_01_LA_CAR,2019,REG,1,2019-09-08,Sunday,13:00,LA,30,CAR,27,Home,-3,57,0,2019090800,57901,,201909080car,13768.0,401127923,5063.0,7,7,-122.0,111.0,-1.5,-106.0,-104.0,49.5,-101.0,-110.0,0,outdoors,grass,87.0,3.0,00-0033106,00-0027939,Jared Goff,Cam Newton,Sean McVay,Ron Rivera,Shawn Hochuli,CAR00,Bank of America Stadium,35.225833,-80.852778,2019-09-08 17:00:00+00:00,88.975,86.8,1.95,2.7,10.5,11.6,0.0,0.0,0.0,0.0,0.0,0.0,0.0,4
2019_01_TEN_CLE,2019,REG,1,2019-09-08,Sunday,13:00,TEN,43,CLE,13,Home,-30,56,0,2019090801,57902,,201909080cle,13763.0,401127928,5064.0,7,7,206.0,-230.0,5.5,-113.0,103.0,44.0,-107.0,-103.0,0,outdoors,grass,71.0,10.0,00-0032268,00-0034855,Marcus Mariota,Baker Mayfield,Mike Vrabel,Freddie Kitchens,Brad Allen,CLE00,FirstEnergy Stadium,41.506111,-81.699444,2019-09-08 17:00:00+00:00,67.32499999999999,68.1,10.45,11.2,19.150000000000002,20.1,0.0,0.0,0.0,0.0,0.0,0.0,0.0,4
2019_01_KC_JAX,2019,REG,1,2019-09-08,Sunday,13:00,KC,40,JAX,26,Home,-14,66,0,2019090802,57903,,201909080jax,13769.0,401127931,5062.0,7,7,-181.0,163.0,-3.5,-101.0,-110.0,49.0,102.0,-113.0,0,outdoors,grass,91.0,6.0,00-0033873,00-0029567,Patrick Mahomes,Nick Foles,Andy Reid,Doug Marrone,Carl Cheffers,JAX00,TIAA Bank Stadium,30.323889,-81.6375,2019-09-08 17:00:00+00:00,91.60000000000001,90.4,5.225,6.0,11.8,12.3,0.0,0.0,0.0,0.0,0.0,0.0,0.0,4
2019_01_BAL_MIA,2019,REG,1,2019-09-08,Sunday,13:00,BAL,59,MIA,10,Home,-49,69,0,2019090803,57904,,201909080mia,13764.0,401127954,5060.0,7,7,-298.0,263.0,-7.0,102.0,-112.0,41.0,-105.0,-105.0,0,outdoors,grass,91.0,8.0,00-0034796,00-0023682,Lamar Jackson,Ryan Fitzpatrick,John Harbaugh,Brian Flores,Jerome Boger,MIA00,Hard Rock Stadium,25.958056,-80.238889,2019-09-08 17:00:00+00:00,89.0,89.7,5.0,5.6,13.05,13.4,0.15,0.2,0.6,0.0,0.0,0.0,0.15,4
2019_01_BUF_NYJ,2019,REG,1,2019-09-08,Sunday,13:00,BUF,17,NYJ,16,Home,-1,33,0,2019090805,57906,,201909080nyj,13766.0,401127963,5061.0,7,7,135.0,-149.0,2.5,-101.0,-110.0,41.0,-110.0,-100.0,1,outdoors,fieldturf,77.0,6.0,00-0034857,00-0034869,Josh Allen,Sam Darnold,Sean McDermott,Adam Gase,Clay Martin,NYC01,MetLife Stadium,40.813528,-74.074361,2019-09-08 17:00:00+00:00,77.075,75.7,7.65,8.5,16.525,17.2,0.0,0.0,0.0,0.0,0.0,0.0,0.0,4
2019_01_WAS_PHI,2019,REG,1,2019-09-08,Sunday,13:00,WAS,27,PHI,32,Home,5,59,0,2019090806,57907,,201909080phi,13767.0,401127968,5065.0,7,7,395.0,-463.0,10.5,-114.0,103.0,44.0,-103.0,-107.0,1,outdoors,grass,79.0,4.0,00-0028986,00-0032950,Case Keenum,Carson Wentz,Jay Gruden,Doug Pederson,Ronald Torbert,PHI00,Lincoln Financial Field,39.900833,-75.1675,2019-09-08 17:00:00+00:00,80.95,79.0,6.325,7.1,15.675,16.6,0.0,0.0,0.0,0.0,0.0,0.0,0.0,4
2019_01_IND_LAC,2019,REG,1,2019-09-08,Sunday,16:05,IND,24,LAC,30,Home,6,54,1,2019090807,57908,,201909080sdg,13770.0,401127972,5067.0,7,7,235.0,-265.0,6.0,-107.0,-103.0,44.5,-112.0,101.0,0,outdoors,grass,77.0,10.0,00-0033119,00-0022942,Jacoby Brissett,Philip Rivers,Frank Reich,Anthony Lynn,Shawn Smith,LAX97,StubHub Center,33.864,-118.261,2019-09-08 20:05:00+00:00,78.75,77.9,10.649999999999999,11.4,22.15,22.6,0.0,0.0,0.0,0.0,0.0,0.0,0.0,4
2019_01_CIN_SEA,2019,REG,1,2019-09-08,Sunday,16:05,CIN,20,SEA,21,Home,1,41,0,2019090808,57909,,201909080sea,13771.0,401127995,5066.0,7,7,344.0,-398.0,9.5,-115.0,104.0,44.0,-104.0,-106.0,0,outdoors,fieldturf,64.0,7.0,00-0027973,00-0029263,Andy Dalton,Russell Wilson,Zac Taylor,Pete Carroll,Bradley Rogers,SEA00,CenturyLink Field,47.5952,-122.3316,2019-09-08 20:05:00+00:00,67.375,65.2,12.024999999999999,13.2,24.775,26.6,0.05,0.1,0.2,0.0,0.0,0.0,0.05,4
2019_01_SF_TB,2019,REG,1,2019-09-08,Sunday,16:25,SF,31,TB,17,Home,-14,48,0,2019090811,57912,,201909080tam,13774.0,401128010,5070.0,7,7,-102.0,-108.0,1.0,-106.0,-104.0,51.0,-100.0,-110.0,0,outdoors,grass,93.0,9.0,00-0031345,00-0031503,Jimmy Garoppolo,Jameis Winston,Kyle Shanahan,Bruce Arians,Alex Kemp,TAM00,Raymond James Stadium,27.975833,-82.503333,2019-09-08 20:25:00+00:00,87.44999999999999,90.0,6.425,9.6,13.7,17.0,0.025,0.1,0.1,0.0,0.0,0.0,0.025,4
2019_01_PIT_NE,2019,REG,1,2019-09-08,Sunday,20:20,PIT,3,NE,33,Home,30,36,0,2019090812,57913,,201909080nwe,13775.0,401127860,5071.0,7,7,203.0,-228.0,5.5,-111.0,101.0,49.0,-103.0,-107.0,0,outdoors,grass,66.0,2.0,00-0022924,00-0019596,Ben Roethlisberger,Tom Brady,Mike Tomlin,Bill Belichick,Clete Blakeman,BOS00,Gillette Stadium,42.091,-71.264,2019-09-09 00:20:00+00:00,61.975,63.9,6.1,6.5,11.65,13.2,0.0,0.0,0.0,0.0,0.0,0.0,0.0,4
2019_01_DEN_OAK,2019,REG,1,2019-09-09,Monday,22:20,DEN,16,OAK,24,Home,8,40,0,2019090901,57915,,201909090rai,13777.0,401128025,5073.0,7,7,-149.0,135.0,-3.0,108.0,-121.0,42.5,-110.0,-100.0,1,outdoors,grass,68.0,15.0,00-0026158,00-0031280,Joe Flacco,Derek Carr,Vic Fangio,Jon Gruden,Craig Wrolstad,OAK00,Ring Central Coliseum,37.751667,-122.200556,2019-09-10 02:20:00+00:00,62.35,64.4,8.975,11.8,20.95,25.7,0.0,0.0,0.0,0.0,0.0,0.0,0.0,4
2019_02_TB_CAR,2019,REG,2,2019-09-12,Thursday,20:20,TB,20,CAR,14,Home,-6,34,0,2019091200,57916,,201909120car,13778.0,401128054,5074.0,4,4,240.0,-277.0,6.5,-110.0,-100.0,48.0,-105.0,-105.0,1,outdoors,grass,85.0,3.0,00-0031503,00-0027939,Jameis Winston,Cam Newton,Bruce Arians,Ron Rivera,Jerome Boger,CAR00,Bank of America Stadium,35.225833,-80.852778,2019-09-13 00:20:00+00:00,81.725,88.3,4.225,5.5,8.125,12.1,0.4,0.8,1.6,0.0,0.0,0.0,0.4,4
2019_02_ARI_BAL,2019,REG,2,2019-09-15,Sunday,13:00,ARI,17,BAL,23,Home,6,40,0,2019091500,57917,,201909150rav,13787.0,401128061,5075.0,7,7,513.0,-665.0,13.0,-110.0,-100.0,46.0,100.0,-112.0,0,outdoors,grass,82.0,8.0,00-0035228,00-0034796,Kyler Murray,Lamar Jackson,Kliff Kingsbury,John Harbaugh,Ronald Torbert,BAL00,M&T Bank Stadium,39.278056,-76.622778,2019-09-15 17:00:00+00:00,83.85,81.8,1.4,1.7,9.45,11.6,0.0,0.0,0.0,0.0,0.0,0.0,0.0,4
2019_02_SF_CIN,2019,REG,2,2019-09-15,Sunday,13:00,SF,41,CIN,17,Home,-24,58,0,2019091501,57918,,201909150cin,13779.0,401128066,5083.0,7,7,-103.0,-107.0,1.0,-111.0,100.0,46.0,-113.0,101.0,0,outdoors,grass,81.0,5.0,00-0031345,00-0027973,Jimmy Garoppolo,Andy Dalton,Kyle Shanahan,Zac Taylor,Tony Corrente,CIN00,Paul Brown Stadium,39.095,-84.516,2019-09-15 17:00:00+00:00,84.6,81.5,4.675,6.3,14.025,16.3,0.0,0.0,0.0,0.0,0.0,0.0,0.0,4
2019_02_MIN_GB,2019,REG,2,2019-09-15,Sunday,13:00,MIN,16,GB,21,Home,5,37,0,2019091503,57920,,201909150gnb,13781.0,401128098,5081.0,7,10,148.0,-165.0,3.0,-102.0,-108.0,43.0,-110.0,-101.0,1,outdoors,grass,72.0,5.0,00-0029604,00-0023459,Kirk Cousins,Aaron Rodgers,Mike Zimmer,Matt LaFleur,John Hussey,GNB00,Lambeau Field,44.501389,-88.062222,2019-09-15 17:00:00+00:00,76.05,75.7,5.2,5.8,13.0,13.6,0.075,0.3,0.3,0.0,0.0,0.0,0.075,4
2019_02_NE_MIA,2019,REG,2,2019-09-15,Sunday,13:00,NE,43,MIA,0,Home,-43,43,0,2019091505,57922,,201909150mia,13783.0,401127862,5082.0,7,7,-1300.0,880.0,-18.0,-101.0,-109.0,48.5,101.0,-113.0,1,outdoors,grass,87.0,4.0,00-0019596,00-0023682,Tom Brady,Ryan Fitzpatrick,Bill Belichick,Brian Flores,Bill Vinovich,MIA00,Hard Rock Stadium,25.958056,-80.238889,2019-09-15 17:00:00+00:00,88.725,88.7,8.450000000000001,9.3,21.55,22.6,0.45,1.1,1.8,0.0,0.0,0.0,0.45,4
2019_02_BUF_NYG,2019,REG,2,2019-09-15,Sunday,13:00,BUF,28,NYG,14,Home,-14,42,0,2019091506,57923,,201909150nyg,13784.0,401128106,5076.0,7,7,-113.0,102.0,-1.0,-108.0,-103.0,44.5,-103.0,-108.0,0,outdoors,fieldturf,79.0,5.0,00-0034857,00-0022803,Josh Allen,Eli Manning,Sean McDermott,Pat Shurmur,Shawn Smith,NYC01,MetLife Stadium,40.813528,-74.074361,2019-09-15 17:00:00+00:00,79.07499999999999,77.3,4.9,6.6,11.975000000000001,13.2,0.0,0.0,0.0,0.0,0.0,0.0,0.0,4
2019_02_SEA_PIT,2019,REG,2,2019-09-15,Sunday,13:00,SEA,28,PIT,26,Home,-2,54,0,2019091507,57924,,201909150pit,13785.0,401128110,5084.0,7,7,175.0,-197.0,4.0,-109.0,-101.0,47.0,-113.0,101.0,0,outdoors,grass,81.0,3.0,00-0029263,00-0022924,Russell Wilson,Ben Roethlisberger,Pete Carroll,Mike Tomlin,Carl Cheffers,PIT00,Heinz Field,40.446667,-80.015833,2019-09-15 17:00:00+00:00,79.25,77.1,1.475,2.4,7.7250000000000005,8.1,0.0,0.0,0.0,0.0,0.0,0.0,0.0,4
2019_02_IND_TEN,2019,REG,2,2019-09-15,Sunday,13:00,IND,19,TEN,17,Home,-2,36,0,2019091508,57925,,201909150oti,13782.0,401128114,5078.0,7,7,160.0,-178.0,3.0,108.0,-120.0,43.5,-111.0,-101.0,1,outdoors,grass,93.0,1.0,00-0033119,00-0032268,Jacoby Brissett,Marcus Mariota,Frank Reich,Mike Vrabel,Clete Blakeman,NAS00,Nissan Stadium,36.166389,-86.771389,2019-09-15 17:00:00+00:00,92.9,90.7,1.15,1.4,10.225,10.7,0.0,0.0,0.0,0.0,0.0,0.0,0.0,4
2019_02_DAL_WAS,2019,REG,2,2019-09-15,Sunday,13:00,DAL,31,WAS,21,Home,-10,52,0,2019091509,57926,,201909150was,13786.0,401128115,5077.0,7,7,-268.0,233.0,-6.0,-115.0,104.0,46.5,104.0,-115.0,1,outdoors,grass,80.0,7.0,00-0033077,00-0028986,Dak Prescott,Case Keenum,Jason Garrett,Jay Gruden,Shawn Hochuli,WAS00,FedExField,38.907778,-76.864444,2019-09-15 17:00:00+00:00,85.57499999999999,83.4,2.6999999999999997,3.1,12.049999999999999,14.5,0.0,0.0,0.0,0.0,0.0,0.0,0.0,4
2019_02_KC_OAK,2019,REG,2,2019-09-15,Sunday,16:05,KC,28,OAK,10,Home,-18,38,0,2019091510,57927,,201909150rai,13789.0,401128118,5085.0,7,6,-293.0,252.0,-7.0,108.0,-119.0,53.5,107.0,-119.0,1,outdoors,grass,70.0,13.0,00-0033873,00-0031280,Patrick Mahomes,Derek Carr,Andy Reid,Jon Gruden,Clay Martin,OAK00,Ring Central Coliseum,37.751667,-122.200556,2019-09-15 20:05:00+00:00,67.95,67.8,13.850000000000001,14.3,31.1,32.0,0.0,0.0,0.0,0.0,0.0,0.0,0.0,4
2019_02_CHI_DEN,2019,REG,2,2019-09-15,Sunday,16:25,CHI,16,DEN,14,Home,-2,30,0,2019091511,57928,,201909150den,13790.0,401128120,5086.0,10,6,-147.0,132.0,-3.0,103.0,-114.0,41.0,111.0,-123.0,0,outdoors,grass,87.0,3.0,00-0033869,00-0026158,Mitch Trubisky,Joe Flacco,Matt Nagy,Vic Fangio,Adrian Hill,DEN00,Empower Field at Mile High,39.743889,-105.02,2019-09-15 20:25:00+00:00,90.225,89.6,9.85,12.7,18.85,20.6,0.0,0.0,0.0,0.0,0.0,0.0,0.0,4
2019_02_NO_LA,2019,REG,2,2019-09-15,Sunday,16:25,NO,9,LA,27,Home,18,36,0,2019091512,57929,,201909150ram,13791.0,401128122,5087.0,6,7,107.0,-118.0,2.0,-114.0,103.0,52.5,-100.0,-111.0,0,outdoors,grass,85.0,4.0,00-0020531,00-0033106,Drew Brees,Jared Goff,Sean Payton,Sean McVay,Walt Anderson,LAX99,Los Angeles Memorial Coliseum,34.014167,-118.287778,2019-09-15 20:25:00+00:00,82.9,87.0,10.75,12.4,20.75,23.0,0.0,0.0,0.0,0.0,0.0,0.0,0.0,4
2019_02_PHI_ATL,2019,REG,2,2019-09-15,Sunday,20:20,PHI,20,ATL,24,Home,4,44,0,2019091513,57930,,201909150atl,13792.0,401128124,5088.0,7,7,-105.0,-105.0,-1.0,102.0,-112.0,53.0,-105.0,-106.0,0,open,fieldturf,,,00-0032950,00-0026143,Carson Wentz,Matt Ryan,Doug Pederson,Dan Quinn,Brad Allen,ATL97,Mercedes-Benz Stadium,33.755556,-84.4,2019-09-16 00:20:00+00:00,80.6,82.3,5.0,5.6,8.899999999999999,9.6,0.0,0.0,0.0,0.0,0.0,0.0,0.0,4
2019_02_CLE_NYJ,2019,REG,2,2019-09-16,Monday,20:15,CLE,23,NYJ,3,Home,-20,26,0,2019091600,57931,,201909160nyj,13793.0,401128127,5089.0,8,8,-278.0,241.0,-6.5,-105.0,-105.0,45.5,103.0,-115.0,0,outdoors,fieldturf,72.0,3.0,00-0034855,00-0032156,Baker Mayfield,Trevor Siemian,Freddie Kitchens,Adam Gase,Alex Kemp,NYC01,MetLife Stadium,40.813528,-74.074361,2019-09-17 00:15:00+00:00,68.55000000000001,69.3,2.575,3.9,4.925,6.7,0.05,0.2,0.2,0.0,0.0,0.0,0.05,4
2019_03_TEN_JAX,2019,REG,3,2019-09-19,Thursday,20:20,TEN,7,JAX,20,Home,13,27,0,2019091900,57932,,201909190jax,13794.0,401127859,5090.0,4,4,-125.0,113.0,-1.5,-109.0,-101.0,38.0,-100.0,-111.0,1,outdoors,grass,73.0,9.0,00-0032268,00-0035289,Marcus Mariota,Gardner Minshew,Mike Vrabel,Doug Marrone,Shawn Hochuli,JAX00,TIAA Bank Stadium,30.323889,-81.6375,2019-09-20 00:20:00+00:00,74.29999999999998,74.8,13.424999999999999,14.4,23.725,25.5,0.175,0.4,0.7,0.0,0.0,0.0,0.175,4
2019_03_CIN_BUF,2019,REG,3,2019-09-22,Sunday,13:00,CIN,17,BUF,21,Home,4,38,0,2019092200,57933,,201909220buf,13795.0,401127915,5093.0,7,7,220.0,-252.0,5.5,-104.0,-106.0,43.5,-107.0,-104.0,0,outdoors,astroturf,83.0,13.0,00-0027973,00-0034857,Andy Dalton,Josh Allen,Zac Taylor,Sean McDermott,Clete Blakeman,BUF00,New Era Field,42.774,-78.787,2019-09-22 17:00:00+00:00,81.375,82.1,13.225000000000001,14.9,28.425,29.8,0.0,0.0,0.0,0.0,0.0,0.0,0.0,4
2019_03_DEN_GB,2019,REG,3,2019-09-22,Sunday,13:00,DEN,16,GB,27,Home,11,43,0,2019092202,57935,,201909220gnb,13797.0,401127925,5094.0,7,7,278.0,-327.0,7.0,-108.0,-102.0,42.0,104.0,-116.0,0,outdoors,grass,69.0,7.0,00-0026158,00-0023459,Joe Flacco,Aaron Rodgers,Vic Fangio,Matt LaFleur,Bradley Rogers,GNB00,Lambeau Field,44.501389,-88.062222,2019-09-22 17:00:00+00:00,67.65,70.2,8.4,11.1,20.299999999999997,24.2,4.55,5.7,18.2,0.0,0.0,0.0,4.55,4
2019_03_BAL_KC,2019,REG,3,2019-09-22,Sunday,13:00,BAL,28,KC,33,Home,5,61,0,2019092204,57937,,201909220kan,13799.0,401127953,5092.0,7,7,191.0,-216.0,4.5,-108.0,-102.0,52.0,-103.0,-108.0,0,outdoors,astroturf,,,00-0034796,00-0033873,Lamar Jackson,Patrick Mahomes,John Harbaugh,Andy Reid,John Hussey,KAN00,Arrowhead Stadium,39.048889,-94.483889,2019-09-22 17:00:00+00:00,76.575,75.7,9.174999999999999,10.2,23.15,24.8,0.475,1.2,1.9,0.0,0.0,0.0,0.475,4
2019_03_NYJ_NE,2019,REG,3,2019-09-22,Sunday,13:00,NYJ,14,NE,30,Home,16,44,0,2019092206,57939,,201909220nwe,13801.0,401127861,5097.0,6,7,1203.0,-1962.0,20.5,-109.0,-101.0,43.0,-104.0,-107.0,1,outdoors,grass,81.0,10.0,00-0034412,00-0019596,Luke Falk,Tom Brady,Adam Gase,Bill Belichick,Carl Cheffers,BOS00,Gillette Stadium,42.091,-71.264,2019-09-22 17:00:00+00:00,84.2,83.8,8.899999999999999,9.3,22.925,23.7,0.0,0.0,0.0,0.0,0.0,0.0,0.0,4
2019_03_DET_PHI,2019,REG,3,2019-09-22,Sunday,13:00,DET,27,PHI,24,Home,-3,51,0,2019092207,57940,,201909220phi,13802.0,401127959,5095.0,7,7,188.0,-212.0,4.0,-104.0,-106.0,45.0,103.0,-115.0,0,outdoors,grass,84.0,7.0,00-0026498,00-0032950,Matthew Stafford,Carson Wentz,Matt Patricia,Doug Pederson,Tony Corrente,PHI00,Lincoln Financial Field,39.900833,-75.1675,2019-09-22 17:00:00+00:00,87.175,86.4,6.625,7.1,15.5,15.9,0.0,0.0,0.0,0.0,0.0,0.0,0.0,4
2019_03_NYG_TB,2019,REG,3,2019-09-22,Sunday,16:05,NYG,32,TB,31,Home,-1,63,0,2019092209,57942,,201909220tam,13804.0,401127966,5100.0,7,10,202.0,-230.0,5.0,-103.0,-107.0,48.0,101.0,-113.0,0,outdoors,grass,88.0,11.0,00-0035710,00-0031503,Daniel Jones,Jameis Winston,Pat Shurmur,Bruce Arians,Bill Vinovich,TAM00,Raymond James Stadium,27.975833,-82.503333,2019-09-22 20:05:00+00:00,85.95,87.7,13.475000000000001,15.4,24.675,26.6,0.0,0.0,0.0,0.0,0.0,0.0,0.0,4
2019_03_HOU_LAC,2019,REG,3,2019-09-22,Sunday,16:25,HOU,27,LAC,20,Home,-7,47,0,2019092210,57943,,201909220sdg,13805.0,401127970,5101.0,7,7,151.0,-168.0,3.0,104.0,-115.0,49.0,101.0,-112.0,0,outdoors,grass,87.0,4.0,00-0033537,00-0022942,Deshaun Watson,Philip Rivers,Bill O'Brien,Anthony Lynn,Clay Martin,LAX97,StubHub Center,33.864,-118.261,2019-09-22 20:25:00+00:00,87.92500000000001,87.7,6.4,7.1,15.049999999999999,15.9,0.0,0.0,0.0,0.0,0.0,0.0,0.0,4
2019_03_NO_SEA,2019,REG,3,2019-09-22,Sunday,16:25,NO,33,SEA,27,Home,-6,60,0,2019092211,57944,,201909220sea,13807.0,401127993,5102.0,7,7,199.0,-225.0,5.0,-106.0,-105.0,44.0,-110.0,-101.0,0,outdoors,fieldturf,63.0,8.0,00-0031237,00-0029263,Teddy Bridgewater,Russell Wilson,Sean Payton,Pete Carroll,Ronald Torbert,SEA00,CenturyLink Field,47.5952,-122.3316,2019-09-22 20:25:00+00:00,64.1,62.5,5.574999999999999,6.3,17.65,18.8,0.1,0.2,0.4,0.0,0.0,0.0,0.1,4
2019_03_PIT_SF,2019,REG,3,2019-09-22,Sunday,16:25,PIT,20,SF,24,Home,4,44,0,2019092212,57945,,201909220sfo,13806.0,401127998,5103.0,7,7,239.0,-276.0,6.0,-104.0,-107.0,44.5,-103.0,-108.0,0,outdoors,grass,79.0,3.0,00-0034771,00-0031345,Mason Rudolph,Jimmy Garoppolo,Mike Tomlin,Kyle Shanahan,Scott Novak,SFO01,Levi's Stadium,37.403,-121.97,2019-09-22 20:25:00+00:00,79.7,83.2,11.9,15.9,22.95,28.0,0.0,0.0,0.0,0.0,0.0,0.0,0.0,4
2019_03_LA_CLE,2019,REG,3,2019-09-22,Sunday,20:20,LA,20,CLE,13,Home,-7,33,0,2019092213,57946,,201909220cle,13808.0,401128125,5104.0,7,6,-215.0,190.0,-4.0,-111.0,101.0,48.0,-112.0,100.0,0,outdoors,grass,83.0,12.0,00-0033106,00-0034855,Jared Goff,Baker Mayfield,Sean McVay,Freddie Kitchens,Shawn Smith,CLE00,FirstEnergy Stadium,41.506111,-81.699444,2019-09-23 00:20:00+00:00,77.375,76.2,11.875,13.6,18.0,21.0,0.0,0.0,0.0,0.0,0.0,0.0,0.0,4
2019_03_CHI_WAS,2019,REG,3,2019-09-23,Monday,20:15,CHI,31,WAS,15,Home,-16,46,0,2019092300,57947,,201909230was,13809.0,401128003,5105.0,8,8,-232.0,204.0,-5.0,-103.0,-107.0,41.0,100.0,-111.0,0,outdoors,grass,87.0,5.0,00-0033869,00-0028986,Mitch Trubisky,Case Keenum,Matt Nagy,Jay Gruden,Walt Anderson,WAS00,FedExField,38.907778,-76.864444,2019-09-24 00:15:00+00:00,80.0,83.9,7.15,7.8,16.4,18.8,0.1,0.4,0.4,0.0,0.0,0.0,0.1,4
2019_04_PHI_GB,2019,REG,4,2019-09-26,Thursday,20:20,PHI,34,GB,27,Home,-7,61,0,2019092600,57948,,201909260gnb,13810.0,401127863,5106.0,4,4,169.0,-190.0,3.5,-110.0,-100.0,46.0,-112.0,100.0,0,outdoors,grass,60.0,3.0,00-0032950,00-0023459,Carson Wentz,Aaron Rodgers,Doug Pederson,Matt LaFleur,Clay Martin,GNB00,Lambeau Field,44.501389,-88.062222,2019-09-27 00:20:00+00:00,59.875,60.6,5.575,5.7,10.375,11.0,0.0,0.0,0.0,0.0,0.0,0.0,0.0,4
2019_04_CLE_BAL,2019,REG,4,2019-09-29,Sunday,13:00,CLE,40,BAL,25,Home,-15,65,0,2019092901,57950,,201909290rav,13817.0,401128018,5108.0,7,7,279.0,-327.0,7.5,-117.0,106.0,47.0,-104.0,-107.0,1,outdoors,grass,83.0,8.0,00-0034855,00-0034796,Baker Mayfield,Lamar Jackson,Freddie Kitchens,John Harbaugh,Shawn Hochuli,BAL00,M&T Bank Stadium,39.278056,-76.622778,2019-09-29 17:00:00+00:00,83.875,83.3,4.9,6.0,13.925,15.9,0.0,0.0,0.0,0.0,0.0,0.0,0.0,4
2019_04_NE_BUF,2019,REG,4,2019-09-29,Sunday,13:00,NE,16,BUF,10,Home,-6,26,0,2019092902,57951,,201909290buf,13812.0,401127866,5111.0,7,7,-321.0,274.0,-7.0,-102.0,-108.0,41.5,-103.0,-108.0,1,outdoors,astroturf,58.0,10.0,00-0019596,00-0034857,Tom Brady,Josh Allen,Bill Belichick,Sean McDermott,Craig Wrolstad,BUF00,New Era Field,42.774,-78.787,2019-09-29 17:00:00+00:00,64.275,63.2,7.85,8.5,19.225,20.8,0.0,0.0,0.0,0.0,0.0,0.0,0.0,4
2019_04_LAC_MIA,2019,REG,4,2019-09-29,Sunday,13:00,LAC,30,MIA,10,Home,-20,40,0,2019092906,57955,,201909290mia,13815.0,401128055,5110.0,7,7,-806.0,602.0,-15.0,-103.0,-107.0,43.5,-113.0,101.0,0,outdoors,grass,88.0,15.0,00-0022942,00-0034343,Philip Rivers,Josh Rosen,Anthony Lynn,Brian Flores,Tony Corrente,MIA00,Hard Rock Stadium,25.958056,-80.238889,2019-09-29 17:00:00+00:00,84.825,87.4,14.95,15.8,30.325,32.0,0.175,0.3,0.7,0.0,0.0,0.0,0.175,4
2019_04_WAS_NYG,2019,REG,4,2019-09-29,Sunday,13:00,WAS,3,NYG,24,Home,21,27,0,2019092907,57956,,201909290nyg,13816.0,401128059,5114.0,6,7,146.0,-163.0,3.0,-101.0,-109.0,48.0,-105.0,-106.0,1,outdoors,fieldturf,77.0,11.0,00-0028986,00-0035710,Case Keenum,Daniel Jones,Jay Gruden,Pat Shurmur,Alex Kemp,NYC01,MetLife Stadium,40.813528,-74.074361,2019-09-29 17:00:00+00:00,75.3,75.0,10.325,10.5,20.924999999999997,21.3,0.0,0.0,0.0,0.0,0.0,0.0,0.0,4
2019_04_TB_LA,2019,REG,4,2019-09-29,Sunday,16:05,TB,55,LA,40,Home,-15,95,0,2019092909,57958,,201909290ram,13819.0,401128069,5116.0,7,7,385.0,-473.0,9.0,-104.0,-106.0,48.5,-104.0,-107.0,0,outdoors,grass,74.0,2.0,00-0031503,00-0033106,Jameis Winston,Jared Goff,Bruce Arians,Sean McVay,Bradley Rogers,LAX99,Los Angeles Memorial Coliseum,34.014167,-118.287778,2019-09-29 20:05:00+00:00,72.82499999999999,74.8,12.675,15.5,24.224999999999998,28.0,0.0,0.0,0.0,0.0,0.0,0.0,0.0,4
2019_04_MIN_CHI,2019,REG,4,2019-09-29,Sunday,16:25,MIN,6,CHI,16,Home,10,22,0,2019092910,57959,,201909290chi,13821.0,401128093,5118.0,7,6,-108.0,-102.0,-1.0,-101.0,-109.0,38.0,-105.0,-106.0,1,outdoors,grass,67.0,8.0,00-0029604,00-0033869,Kirk Cousins,Mitch Trubisky,Mike Zimmer,Matt Nagy,Brad Allen,CHI98,Soldier Field,41.8623,-87.6167,2019-09-29 20:25:00+00:00,65.975,65.9,7.800000000000001,8.4,14.2,17.0,0.0,0.0,0.0,0.0,0.0,0.0,0.0,4
2019_04_JAX_DEN,2019,REG,4,2019-09-29,Sunday,16:25,JAX,26,DEN,24,Home,-2,50,0,2019092911,57960,,201909290den,13822.0,401128097,5117.0,10,7,124.0,-137.0,2.5,-102.0,-109.0,37.0,-109.0,-102.0,0,outdoors,grass,87.0,14.0,00-0035289,00-0026158,Gardner Minshew,Joe Flacco,Doug Marrone,Vic Fangio,Ronald Torbert,DEN00,Empower Field at Mile High,39.743889,-105.02,2019-09-29 20:25:00+00:00,86.0,85.2,17.25,18.3,31.875,33.1,0.0,0.0,0.0,0.0,0.0,0.0,0.0,4
2019_04_CIN_PIT,2019,REG,4,2019-09-30,Monday,20:15,CIN,3,PIT,27,Home,24,30,0,2019093000,57962,,201909300pit,13824.0,401128109,5120.0,8,8,160.0,-179.0,3.5,-112.0,101.0,45.5,106.0,-118.0,1,outdoors,grass,76.0,1.0,00-0027973,00-0034771,Andy Dalton,Mason Rudolph,Zac Taylor,Mike Tomlin,Bill Vinovich,PIT00,Heinz Field,40.446667,-80.015833,2019-10-01 00:15:00+00:00,70.6,71.8,4.575,5.0,7.3,8.9,0.0,0.0,0.0,0.0,0.0,0.0,0.0,4
2019_05_LA_SEA,2019,REG,5,2019-10-03,Thursday,20:20,LA,29,SEA,30,Home,1,59,0,2019100300,57963,,201910030sea,13825.0,401127927,5121.0,4,4,111.0,-122.0,1.5,-104.0,-106.0,49.0,102.0,-113.0,1,outdoors,fieldturf,57.0,7.0,00-0033106,00-0029263,Jared Goff,Russell Wilson,Sean McVay,Pete Carroll,Scott Novak,SEA00,CenturyLink Field,47.5952,-122.3316,2019-10-04 00:20:00+00:00,54.3,56.1,6.85,7.6,15.925,23.7,0.025,0.1,0.1,0.0,0.0,0.0,0.025,4
2019_05_JAX_CAR,2019,REG,5,2019-10-06,Sunday,13:00,JAX,27,CAR,34,Home,7,61,0,2019100600,57964,,201910060car,13834.0,401127932,5127.0,7,7,169.0,-189.0,3.0,119.0,-131.0,41.0,-110.0,-101.0,0,outdoors,grass,72.0,4.0,00-0035289,00-0034577,Gardner Minshew,Kyle Allen,Doug Marrone,Ron Rivera,Alex Kemp,CAR00,Bank of America Stadium,35.225833,-80.852778,2019-10-06 17:00:00+00:00,76.7,75.7,6.300000000000001,7.8,15.825,17.7,0.0,0.0,0.0,0.0,0.0,0.0,0.0,4
2019_05_ARI_CIN,2019,REG,5,2019-10-06,Sunday,13:00,ARI,26,CIN,23,Home,-3,49,0,2019100601,57965,,201910060cin,13826.0,401127958,5122.0,7,6,139.0,-154.0,3.0,-106.0,-104.0,45.0,-115.0,103.0,0,outdoors,grass,76.0,6.0,00-0035228,00-0027973,Kyler Murray,Andy Dalton,Kliff Kingsbury,Zac Taylor,John Hussey,CIN00,Paul Brown Stadium,39.095,-84.516,2019-10-06 17:00:00+00:00,77.77499999999999,76.7,7.025,8.8,24.400000000000002,29.1,0.07500000000000001,0.2,0.30000000000000004,0.0,0.0,0.0,0.07500000000000001,4
2019_05_MIN_NYG,2019,REG,5,2019-10-06,Sunday,13:00,MIN,28,NYG,10,Home,-18,38,0,2019100604,57968,,201910060nyg,13830.0,401127971,5128.0,7,7,-243.0,213.0,-5.5,-116.0,105.0,44.0,-105.0,-106.0,0,outdoors,fieldturf,66.0,10.0,00-0029604,00-0035710,Kirk Cousins,Daniel Jones,Mike Zimmer,Pat Shurmur,Clete Blakeman,NYC01,MetLife Stadium,40.813528,-74.074361,2019-10-06 17:00:00+00:00,67.5,66.7,12.95,14.3,23.675,25.7,0.07500000000000001,0.1,0.30000000000000004,0.0,0.0,0.0,0.07500000000000001,4
2019_05_CHI_OAK,2019,REG,5,2019-10-06,Sunday,13:00,CHI,21,OAK,24,Neutral,3,45,0,2019100605,57969,,201910060rai,13828.0,401128001,5126.0,7,7,-266.0,232.0,-6.5,-101.0,-110.0,39.5,-106.0,-105.0,0,outdoors,grass,59.0,15.0,00-0026544,00-0031280,Chase Daniel,Derek Carr,Matt Nagy,Jon Gruden,Tony Corrente,LON02,Tottenham Stadium,51.604157,-0.0662604,2019-10-06 17:00:00+00:00,55.349999999999994,57.4,14.075,16.0,29.15,31.5,0.0,0.0,0.0,0.0,0.0,0.0,0.0,4
2019_05_NYJ_PHI,2019,REG,5,2019-10-06,Sunday,13:00,NYJ,6,PHI,31,Home,25,37,0,2019100606,57970,,201910060phi,13831.0,401128006,5130.0,14,10,587.0,-782.0,14.0,-109.0,-101.0,43.0,-105.0,-106.0,0,outdoors,grass,68.0,10.0,00-0034412,00-0032950,Luke Falk,Carson Wentz,Adam Gase,Doug Pederson,Adrian Hill,PHI00,Lincoln Financial Field,39.900833,-75.1675,2019-10-06 17:00:00+00:00,72.775,71.5,15.175,16.4,29.525000000000002,30.9,0.025,0.1,0.1,0.0,0.0,0.0,0.025,4
2019_05_BAL_PIT,2019,REG,5,2019-10-06,Sunday,13:00,BAL,26,PIT,23,Home,-3,49,1,2019100607,57971,,201910060pit,13832.0,401128011,5124.0,7,6,-179.0,160.0,-3.5,102.0,-113.0,44.0,-108.0,-103.0,1,outdoors,grass,70.0,7.0,00-0034796,00-0034771,Lamar Jackson,Mason Rudolph,John Harbaugh,Mike Tomlin,Walt Anderson,PIT00,Heinz Field,40.446667,-80.015833,2019-10-06 17:00:00+00:00,71.2,71.4,9.0,11.2,21.425,24.2,0.05,0.2,0.2,0.0,0.0,0.0,0.05,4
2019_05_BUF_TEN,2019,REG,5,2019-10-06,Sunday,13:00,BUF,14,TEN,7,Home,-7,21,0,2019100608,57972,,201910060oti,13827.0,401128014,5125.0,7,7,162.0,-182.0,3.5,-110.0,-101.0,39.5,-101.0,-111.0,0,outdoors,grass,77.0,13.0,00-0034857,00-0032268,Josh Allen,Marcus Mariota,Sean McDermott,Mike Vrabel,Bradley Rogers,NAS00,Nissan Stadium,36.166389,-86.771389,2019-10-06 17:00:00+00:00,78.1,77.5,7.275,8.8,17.625,19.7,1.1,3.4,4.4,0.0,0.0,0.0,1.1,4
2019_05_NE_WAS,2019,REG,5,2019-10-06,Sunday,13:00,NE,33,WAS,7,Home,-26,40,0,2019100609,57973,,201910060was,13833.0,401127864,5129.0,7,7,-963.0,695.0,-15.5,-112.0,101.0,42.0,-109.0,-102.0,0,outdoors,grass,70.0,8.0,00-0019596,00-0027688,Tom Brady,Colt McCoy,Bill Belichick,Jay Gruden,Clay Martin,WAS00,FedExField,38.907778,-76.864444,2019-10-06 17:00:00+00:00,74.275,73.3,11.4,14.3,28.974999999999998,33.6,0.07500000000000001,0.2,0.30000000000000004,0.0,0.0,0.0,0.07500000000000001,4
2019_05_DEN_LAC,2019,REG,5,2019-10-06,Sunday,16:05,DEN,20,LAC,13,Home,-7,33,0,2019100610,57974,,201910060sdg,13836.0,401128019,5132.0,7,7,199.0,-226.0,4.0,102.0,-113.0,46.0,101.0,-113.0,1,outdoors,grass,85.0,12.0,00-0026158,00-0022942,Joe Flacco,Philip Rivers,Vic Fangio,Anthony Lynn,Shawn Hochuli,LAX97,StubHub Center,33.864,-118.261,2019-10-06 20:05:00+00:00,82.55,85.3,7.5249999999999995,10.7,16.275,20.1,0.0,0.0,0.0,0.0,0.0,0.0,0.0,4
2019_05_IND_KC,2019,REG,5,2019-10-06,Sunday,20:20,IND,19,KC,13,Home,-6,32,0,2019100612,57976,,201910060kan,13838.0,401128053,5134.0,7,7,407.0,-504.0,10.5,-111.0,101.0,55.5,106.0,-118.0,0,outdoors,astroturf,59.0,3.0,00-0033119,00-0033873,Jacoby Brissett,Patrick Mahomes,Frank Reich,Andy Reid,Craig Wrolstad,KAN00,Arrowhead Stadium,39.048889,-94.483889,2019-10-07 00:20:00+00:00,56.35,58.6,4.225,4.9,7.575,8.9,0.0,0.0,0.0,0.0,0.0,0.0,0.0,4
2019_05_CLE_SF,2019,REG,5,2019-10-07,Monday,20:15,CLE,3,SF,31,Home,28,34,0,2019100700,57977,,201910070sfo,13839.0,401128062,5135.0,8,15,199.0,-226.0,5.0,101.0,-111.0,47.5,-111.0,-100.0,0,outdoors,grass,87.0,8.0,00-0034855,00-0031345,Baker Mayfield,Jimmy Garoppolo,Freddie Kitchens,Kyle Shanahan,Jerome Boger,SFO01,Levi's Stadium,37.403,-121.97,2019-10-08 00:15:00+00:00,79.3,87.1,8.899999999999999,9.5,16.45,19.9,0.0,0.0,0.0,0.0,0.0,0.0,0.0,4
2019_06_NYG_NE,2019,REG,6,2019-10-10,Thursday,20:20,NYG,14,NE,35,Home,21,49,0,2019101000,57978,,201910100nwe,13840.0,401127917,5136.0,4,4,756.0,-1071.0,16.5,-106.0,-104.0,43.0,-113.0,102.0,0,outdoors,grass,54.0,13.0,00-0035710,00-0019596,Daniel Jones,Tom Brady,Pat Shurmur,Bill Belichick,Brad Allen,BOS00,Gillette Stadium,42.091,-71.264,2019-10-11 00:20:00+00:00,55.099999999999994,55.0,15.4,16.1,34.35,35.6,0.0,0.0,0.0,0.0,0.0,0.0,0.0,4
2019_06_CAR_TB,2019,REG,6,2019-10-13,Sunday,09:30,CAR,37,TB,26,Neutral,-11,63,0,2019101300,57979,,201910130tam,13841.0,401128096,5137.0,7,7,-125.0,113.0,-2.0,-100.0,-110.0,48.5,-104.0,-107.0,1,outdoors,grass,61.0,14.0,00-0034577,00-0031503,Kyle Allen,Jameis Winston,Ron Rivera,Bruce Arians,Walt Anderson,LON02,Tottenham Stadium,51.604157,-0.0662604,2019-10-13 13:30:00+00:00,59.425,59.6,15.8,16.3,31.574999999999996,33.1,0.07500000000000001,0.2,0.30000000000000004,0.0,0.0,0.0,0.07500000000000001,4
2019_06_CIN_BAL,2019,REG,6,2019-10-13,Sunday,13:00,CIN,17,BAL,23,Home,6,40,0,2019101301,57980,,201910130rav,13847.0,401128105,5138.0,7,7,425.0,-531.0,10.5,-106.0,-104.0,47.0,-108.0,-103.0,1,outdoors,grass,64.0,7.0,00-0027973,00-0034796,Andy Dalton,Lamar Jackson,Zac Taylor,John Harbaugh,Clay Martin,BAL00,M&T Bank Stadium,39.278056,-76.622778,2019-10-13 17:00:00+00:00,61.0,61.7,5.425,6.1,13.875,14.3,0.2,0.6,0.8,0.0,0.0,0.0,0.2,4
2019_06_SEA_CLE,2019,REG,6,2019-10-13,Sunday,13:00,SEA,32,CLE,28,Home,-4,60,0,2019101302,57981,,201910130cle,13842.0,401128111,5142.0,10,6,102.0,-113.0,1.0,-104.0,-106.0,45.5,-107.0,-104.0,0,outdoors,grass,58.0,20.0,00-0029263,00-0034855,Russell Wilson,Baker Mayfield,Pete Carroll,Freddie Kitchens,Adrian Hill,CLE00,FirstEnergy Stadium,41.506111,-81.699444,2019-10-13 17:00:00+00:00,63.25,61.2,16.875,17.3,27.325,27.5,0.0,0.0,0.0,0.0,0.0,0.0,0.0,4
2019_06_NO_JAX,2019,REG,6,2019-10-13,Sunday,13:00,NO,13,JAX,6,Home,-7,19,0,2019101303,57982,,201910130jax,13846.0,401128116,5140.0,7,7,126.0,-139.0,2.5,100.0,-110.0,42.5,-108.0,-103.0,0,outdoors,grass,81.0,3.0,00-0031237,00-0035289,Teddy Bridgewater,Gardner Minshew,Sean Payton,Doug Marrone,Jerome Boger,JAX00,TIAA Bank Stadium,30.323889,-81.6375,2019-10-13 17:00:00+00:00,81.95,80.7,4.025,5.8,11.625,12.5,0.0,0.0,0.0,0.0,0.0,0.0,0.0,4
2019_06_HOU_KC,2019,REG,6,2019-10-13,Sunday,13:00,HOU,31,KC,24,Home,-7,55,0,2019101304,57983,,201910130kan,13843.0,401128119,5139.0,7,7,166.0,-186.0,3.5,-108.0,-103.0,54.5,-108.0,-103.0,0,outdoors,astroturf,56.0,2.0,00-0033537,00-0033873,Deshaun Watson,Patrick Mahomes,Bill O'Brien,Andy Reid,Shawn Hochuli,KAN00,Arrowhead Stadium,39.048889,-94.483889,2019-10-13 17:00:00+00:00,59.5,57.2,3.05,4.3,10.525,12.1,0.0,0.0,0.0,0.0,0.0,0.0,0.0,4
2019_06_WAS_MIA,2019,REG,6,2019-10-13,Sunday,13:00,WAS,17,MIA,16,Home,-1,33,0,2019101305,57984,,201910130mia,13844.0,401128121,5143.0,7,14,-240.0,210.0,-6.0,-101.0,-109.0,42.0,-105.0,-106.0,0,outdoors,grass,84.0,13.0,00-0028986,00-0034343,Case Keenum,Josh Rosen,Bill Callahan,Brian Flores,Shawn Smith,MIA00,Hard Rock Stadium,25.958056,-80.238889,2019-10-13 17:00:00+00:00,82.0,81.6,8.4,8.6,18.224999999999998,20.4,0.19999999999999998,0.4,0.7999999999999999,0.0,0.0,0.0,0.19999999999999998,4
2019_06_SF_LA,2019,REG,6,2019-10-13,Sunday,16:05,SF,20,LA,7,Home,-13,27,0,2019101308,57987,,201910130ram,13848.0,401128128,5145.0,6,10,133.0,-148.0,3.0,-110.0,-100.0,49.5,-111.0,-100.0,1,outdoors,grass,77.0,2.0,00-0031345,00-0033106,Jimmy Garoppolo,Jared Goff,Kyle Shanahan,Sean McVay,Bill Vinovich,LAX99,Los Angeles Memorial Coliseum,34.014167,-118.287778,2019-10-13 20:05:00+00:00,73.25,74.7,10.5,11.7,20.4,21.9,0.0,0.0,0.0,0.0,0.0,0.0,0.0,4
2019_06_TEN_DEN,2019,REG,6,2019-10-13,Sunday,16:25,TEN,0,DEN,16,Home,16,16,0,2019101309,57988,,201910130den,13850.0,401128129,5147.0,7,7,109.0,-121.0,1.0,103.0,-113.0,41.0,-102.0,-109.0,0,outdoors,grass,69.0,7.0,00-0032268,00-0026158,Marcus Mariota,Joe Flacco,Mike Vrabel,Vic Fangio,Alex Kemp,DEN00,Empower Field at Mile High,39.743889,-105.02,2019-10-13 20:25:00+00:00,68.8,68.5,4.55,6.1,11.15,11.9,0.0,0.0,0.0,0.0,0.0,0.0,0.0,4
2019_06_DAL_NYJ,2019,REG,6,2019-10-13,Sunday,16:25,DAL,22,NYJ,24,Home,2,46,0,2019101310,57989,,201910130nyj,13851.0,401128130,5146.0,7,7,-316.0,270.0,-7.0,-100.0,-110.0,43.5,102.0,-113.0,0,outdoors,fieldturf,66.0,7.0,00-0033077,00-0034869,Dak Prescott,Sam Darnold,Jason Garrett,Adam Gase,Bradley Rogers,NYC01,MetLife Stadium,40.813528,-74.074361,2019-10-13 20:25:00+00:00,61.625,63.8,4.6,7.2,9.575,12.8,0.0,0.0,0.0,0.0,0.0,0.0,0.0,4
2019_06_PIT_LAC,2019,REG,6,2019-10-13,Sunday,20:20,PIT,24,LAC,17,Home,-7,41,0,2019101311,57990,,201910130sdg,13852.0,401128131,5148.0,7,7,220.0,-252.0,6.0,-115.0,104.0,42.5,-105.0,-106.0,0,outdoors,grass,71.0,9.0,00-0035577,00-0022942,Devlin Hodges,Philip Rivers,Mike Tomlin,Anthony Lynn,John Hussey,LAX97,StubHub Center,33.864,-118.261,2019-10-14 00:20:00+00:00,66.22500000000001,70.1,6.825,10.0,15.1,19.0,0.0,0.0,0.0,0.0,0.0,0.0,0.0,4
2019_06_DET_GB,2019,REG,6,2019-10-14,Monday,20:15,DET,22,GB,23,Home,1,45,0,2019101400,57991,,201910140gnb,13853.0,401128132,5149.0,15,8,176.0,-198.0,3.5,-102.0,-108.0,47.0,100.0,-111.0,1,outdoors,grass,43.0,5.0,00-0026498,00-0023459,Matthew Stafford,Aaron Rodgers,Matt Patricia,Matt LaFleur,Clete Blakeman,GNB00,Lambeau Field,44.501389,-88.062222,2019-10-15 00:15:00+00:00,39.825,40.6,4.550000000000001,5.2,8.375,9.2,0.0,0.0,0.0,0.0,0.0,0.0,0.0,4
2019_07_KC_DEN,2019,REG,7,2019-10-17,Thursday,20:20,KC,30,DEN,6,Home,-24,36,0,2019101700,57992,,201910170den,13854.0,401127902,5150.0,4,4,-149.0,134.0,-3.0,104.0,-115.0,49.5,-111.0,100.0,1,outdoors,grass,75.0,6.0,00-0033873,00-0026158,Patrick Mahomes,Joe Flacco,Andy Reid,Vic Fangio,Shawn Smith,DEN00,Empower Field at Mile High,39.743889,-105.02,2019-10-18 00:20:00+00:00,56.375,64.9,5.625,6.7,10.350000000000001,14.3,0.0,0.0,0.0,0.0,0.0,0.0,0.0,4
2019_07_LA_ATL,2019,REG,7,2019-10-20,Sunday,13:00,LA,37,ATL,10,Home,-27,47,0,2019102000,57993,,201910200atl,13855.0,401127940,5154.0,7,7,-154.0,139.0,-3.0,-105.0,-105.0,54.5,-107.0,-104.0,0,open,fieldturf,,,00-0033106,00-0026143,Jared Goff,Matt Ryan,Sean McVay,Dan Quinn,Ronald Torbert,ATL97,Mercedes-Benz Stadium,33.755556,-84.4,2019-10-20 17:00:00+00:00,72.025,70.5,9.675,12.4,22.349999999999998,26.6,0.0,0.0,0.0,0.0,0.0,0.0,0.0,4
2019_07_MIA_BUF,2019,REG,7,2019-10-20,Sunday,13:00,MIA,21,BUF,31,Home,10,52,0,2019102001,57994,,201910200buf,13856.0,401127942,5155.0,7,14,793.0,-1137.0,17.0,-103.0,-108.0,42.5,-100.0,-111.0,1,outdoors,astroturf,65.0,7.0,00-0023682,00-0034857,Ryan Fitzpatrick,Josh Allen,Brian Flores,Sean McDermott,Carl Cheffers,BUF00,New Era Field,42.774,-78.787,2019-10-20 17:00:00+00:00,63.025,62.7,4.4,5.2,12.799999999999999,13.4,0.0,0.0,0.0,0.0,0.0,0.0,0.0,4
2019_07_JAX_CIN,2019,REG,7,2019-10-20,Sunday,13:00,JAX,27,CIN,17,Home,-10,44,0,2019102002,57995,,201910200cin,13857.0,401127945,5153.0,7,7,-214.0,189.0,-4.0,-116.0,105.0,44.5,100.0,-111.0,0,outdoors,grass,70.0,2.0,00-0035289,00-0027973,Gardner Minshew,Andy Dalton,Doug Marrone,Zac Taylor,Craig Wrolstad,CIN00,Paul Brown Stadium,39.095,-84.516,2019-10-20 17:00:00+00:00,70.575,68.6,1.4250000000000003,1.7,8.350000000000001,8.5,0.0,0.0,0.0,0.0,0.0,0.0,0.0,4
2019_07_OAK_GB,2019,REG,7,2019-10-20,Sunday,13:00,OAK,24,GB,42,Home,18,66,0,2019102004,57997,,201910200gnb,13859.0,401127949,5157.0,14,6,211.0,-241.0,5.5,-103.0,-107.0,48.0,101.0,-113.0,0,outdoors,grass,55.0,6.0,00-0031280,00-0023459,Derek Carr,Aaron Rodgers,Jon Gruden,Matt LaFleur,Alex Kemp,GNB00,Lambeau Field,44.501389,-88.062222,2019-10-20 17:00:00+00:00,60.22500000000001,57.0,2.625,3.2,9.650000000000002,9.8,0.0,0.0,0.0,0.0,0.0,0.0,0.0,4
2019_07_HOU_IND,2019,REG,7,2019-10-20,Sunday,13:00,HOU,23,IND,30,Home,7,53,0,2019102005,57998,,201910200clt,13860.0,401127951,5152.0,7,14,109.0,-120.0,1.5,-104.0,-106.0,46.5,100.0,-111.0,1,open,fieldturf,,,00-0033537,00-0033119,Deshaun Watson,Jacoby Brissett,Bill O'Brien,Frank Reich,Tony Corrente,IND00,Lucas Oil Stadium,39.760056,-86.162806,2019-10-20 17:00:00+00:00,69.025,67.4,2.425,4.2,9.95,11.6,0.0,0.0,0.0,0.0,0.0,0.0,0.0,4
2019_07_ARI_NYG,2019,REG,7,2019-10-20,Sunday,13:00,ARI,27,NYG,21,Home,-6,48,0,2019102006,57999,,201910200nyg,13861.0,401127974,5151.0,7,10,168.0,-188.0,3.5,-106.0,-104.0,49.5,-101.0,-110.0,0,outdoors,fieldturf,56.0,3.0,00-0035228,00-0035710,Kyler Murray,Daniel Jones,Kliff Kingsbury,Pat Shurmur,Adrian Hill,NYC01,MetLife Stadium,40.813528,-74.074361,2019-10-20 17:00:00+00:00,57.375,58.3,5.325,6.5,10.55,11.6,1.475,1.9,5.9,0.0,0.0,0.0,1.475,4
2019_07_SF_WAS,2019,REG,7,2019-10-20,Sunday,13:00,SF,9,WAS,0,Home,-9,9,0,2019102007,58000,,201910200was,13862.0,401127977,5158.0,7,7,-424.0,350.0,-10.0,-104.0,-106.0,39.0,-100.0,-111.0,0,outdoors,grass,55.0,12.0,00-0031345,00-0028986,Jimmy Garoppolo,Case Keenum,Kyle Shanahan,Bill Callahan,Clete Blakeman,WAS00,FedExField,38.907778,-76.864444,2019-10-20 17:00:00+00:00,54.449999999999996,54.5,13.175,13.7,28.35,29.3,2.35,2.9,9.4,0.0,0.0,0.0,2.35,4
2019_07_LAC_TEN,2019,REG,7,2019-10-20,Sunday,16:05,LAC,20,TEN,23,Home,3,43,0,2019102008,58001,,201910200oti,13863.0,401127979,5159.0,7,7,141.0,-157.0,3.0,-107.0,-103.0,42.5,-105.0,-106.0,0,outdoors,grass,77.0,2.0,00-0022942,00-0029701,Philip Rivers,Ryan Tannehill,Anthony Lynn,Mike Vrabel,Bill Vinovich,NAS00,Nissan Stadium,36.166389,-86.771389,2019-10-20 20:05:00+00:00,69.775,71.7,3.125,4.8,8.05,8.7,0.0,0.0,0.0,0.0,0.0,0.0,0.0,4
2019_07_NO_CHI,2019,REG,7,2019-10-20,Sunday,16:25,NO,36,CHI,25,Home,-11,61,0,2019102009,58002,,201910200chi,13864.0,401127982,5161.0,7,14,188.0,-213.0,4.0,100.0,-110.0,37.0,-101.0,-111.0,0,outdoors,grass,54.0,6.0,00-0031237,00-0033869,Teddy Bridgewater,Mitch Trubisky,Sean Payton,Matt Nagy,Scott Novak,CHI98,Soldier Field,41.8623,-87.6167,2019-10-20 20:25:00+00:00,53.675,54.2,6.1,7.2,12.625,14.1,0.0,0.0,0.0,0.0,0.0,0.0,0.0,4
2019_07_BAL_SEA,2019,REG,7,2019-10-20,Sunday,16:25,BAL,30,SEA,16,Home,-14,46,0,2019102010,58003,,201910200sea,13865.0,401127985,5160.0,7,7,141.0,-157.0,3.0,-104.0,-106.0,49.0,105.0,-117.0,0,outdoors,fieldturf,50.0,8.0,00-0034796,00-0029263,Lamar Jackson,Russell Wilson,John Harbaugh,Pete Carroll,Brad Allen,SEA00,CenturyLink Field,47.5952,-122.3316,2019-10-20 20:25:00+00:00,53.525000000000006,53.2,13.25,15.9,24.900000000000002,27.3,0.17500000000000002,0.3,0.7000000000000001,0.0,0.0,0.0,0.17500000000000002,4
2019_07_NE_NYJ,2019,REG,7,2019-10-21,Monday,20:15,NE,33,NYJ,0,Home,-33,33,0,2019102100,58005,,201910210nyj,13867.0,401127894,5163.0,11,8,-371.0,311.0,-9.5,-106.0,-104.0,43.0,100.0,-112.0,1,outdoors,fieldturf,58.0,0.0,00-0019596,00-0034869,Tom Brady,Sam Darnold,Bill Belichick,Adam Gase,Shawn Hochuli,NYC01,MetLife Stadium,40.813528,-74.074361,2019-10-22 00:15:00+00:00,52.925,53.1,3.75,6.0,6.375,8.1,0.0,0.0,0.0,0.0,0.0,0.0,0.0,4
2019_08_SEA_ATL,2019,REG,8,2019-10-27,Sunday,13:00,SEA,27,ATL,20,Home,-7,47,0,2019102700,58007,,201910270atl,13869.0,401128035,5172.0,7,7,-323.0,275.0,-7.5,106.0,-117.0,48.5,-102.0,-110.0,0,open,fieldturf,,,00-0029263,00-0022787,Russell Wilson,Matt Schaub,Pete Carroll,Dan Quinn,Clete Blakeman,ATL97,Mercedes-Benz Stadium,33.755556,-84.4,2019-10-27 17:00:00+00:00,67.375,65.6,9.175,9.5,19.275000000000002,19.5,0.0,0.0,0.0,0.0,0.0,0.0,0.0,4
2019_08_PHI_BUF,2019,REG,8,2019-10-27,Sunday,13:00,PHI,31,BUF,13,Home,-18,44,0,2019102701,58008,,201910270buf,13870.0,401128037,5171.0,7,7,111.0,-122.0,1.0,102.0,-113.0,39.5,105.0,-117.0,0,outdoors,astroturf,54.0,23.0,00-0032950,00-0034857,Carson Wentz,Josh Allen,Doug Pederson,Sean McDermott,John Hussey,BUF00,New Era Field,42.774,-78.787,2019-10-27 17:00:00+00:00,54.175,55.6,25.975,26.6,52.349999999999994,53.5,0.05,0.1,0.2,0.0,0.0,0.0,0.05,4
2019_08_LAC_CHI,2019,REG,8,2019-10-27,Sunday,13:00,LAC,17,CHI,16,Home,-1,33,0,2019102702,58009,,201910270chi,13871.0,401128039,5167.0,7,7,163.0,-182.0,3.5,-107.0,-103.0,41.0,-104.0,-107.0,0,outdoors,grass,52.0,9.0,00-0022942,00-0033869,Philip Rivers,Mitch Trubisky,Anthony Lynn,Matt Nagy,Bradley Rogers,CHI98,Soldier Field,41.8623,-87.6167,2019-10-27 17:00:00+00:00,55.150000000000006,52.2,9.024999999999999,10.2,16.5,17.0,0.0,0.0,0.0,0.0,0.0,0.0,0.0,4
2019_08_DEN_IND,2019,REG,8,2019-10-27,Sunday,13:00,DEN,13,IND,15,Home,2,28,0,2019102710,58017,,201910270clt,13879.0,401128051,5176.0,10,7,209.0,-238.0,6.0,-117.0,106.0,41.0,-111.0,-100.0,0,open,fieldturf,,,00-0026158,00-0033119,Joe Flacco,Jacoby Brissett,Vic Fangio,Frank Reich,Walt Anderson,IND00,Lucas Oil Stadium,39.760056,-86.162806,2019-10-27 17:00:00+00:00,59.324999999999996,57.1,7.75,8.4,18.575,20.4,0.0,0.0,0.0,0.0,0.0,0.0,0.0,4
2019_08_NYJ_JAX,2019,REG,8,2019-10-27,Sunday,13:00,NYJ,15,JAX,29,Home,14,44,0,2019102705,58012,,201910270jax,13876.0,401128045,,6,7,254.0,-295.0,7.0,-115.0,105.0,39.5,-102.0,-109.0,0,outdoors,grass,79.0,11.0,00-0034869,00-0035289,Sam Darnold,Gardner Minshew,Adam Gase,Doug Marrone,Brad Allen,JAX00,TIAA Bank Stadium,30.323889,-81.6375,2019-10-27 17:00:00+00:00,83.32499999999999,82.6,10.45,12.8,23.824999999999996,25.5,0.25,0.4,1.0,0.0,0.0,0.0,0.25,4
2019_08_CIN_LA,2019,REG,8,2019-10-27,Sunday,13:00,CIN,10,LA,24,Neutral,14,34,0,2019102706,58013,,201910270ram,13874.0,401127912,5166.0,7,7,467.0,-594.0,12.0,-112.0,102.0,48.5,105.0,-117.0,0,outdoors,grass,48.0,5.0,00-0027973,00-0033106,Andy Dalton,Jared Goff,Zac Taylor,Sean McVay,Jerome Boger,LON00,Wembley Stadium,51.555833,-0.279722,2019-10-27 17:00:00+00:00,43.125,44.4,4.525,5.0,8.225,8.7,0.0,0.0,0.0,0.0,0.0,0.0,0.0,4
2019_08_TB_TEN,2019,REG,8,2019-10-27,Sunday,13:00,TB,23,TEN,27,Home,4,50,0,2019102708,58015,,201910270oti,13873.0,401128048,5173.0,14,7,110.0,-122.0,2.0,-110.0,-100.0,45.5,102.0,-114.0,0,outdoors,grass,59.0,3.0,00-0031503,00-0029701,Jameis Winston,Ryan Tannehill,Bruce Arians,Mike Vrabel,Adrian Hill,NAS00,Nissan Stadium,36.166389,-86.771389,2019-10-27 17:00:00+00:00,61.675000000000004,60.1,1.1,1.4,7.3,8.1,0.0,0.0,0.0,0.0,0.0,0.0,0.0,4
2019_08_CAR_SF,2019,REG,8,2019-10-27,Sunday,16:05,CAR,13,SF,51,Home,38,64,0,2019102709,58016,,201910270sfo,13878.0,401128050,5174.0,14,7,184.0,-208.0,4.5,-112.0,102.0,41.0,103.0,-114.0,0,outdoors,grass,66.0,19.0,00-0034577,00-0031345,Cam Newton,Jimmy Garoppolo,Ron Rivera,Kyle Shanahan,Shawn Smith,SFO01,Levi's Stadium,37.403,-121.97,2019-10-27 20:05:00+00:00,69.475,67.9,18.450000000000003,19.1,31.875,33.1,0.0,0.0,0.0,0.0,0.0,0.0,0.0,4
2019_08_CLE_NE,2019,REG,8,2019-10-27,Sunday,16:25,CLE,13,NE,27,Home,14,40,0,2019102711,58018,,201910270nwe,13880.0,401127895,5175.0,14,6,309.0,-367.0,9.5,-107.0,-103.0,43.0,102.0,-114.0,0,outdoors,grass,49.0,11.0,00-0034855,00-0019596,Baker Mayfield,Tom Brady,Freddie Kitchens,Bill Belichick,Tony Corrente,BOS00,Gillette Stadium,42.091,-71.264,2019-10-27 20:25:00+00:00,52.275000000000006,49.6,14.375,16.0,36.1,38.5,2.3249999999999997,5.1,9.299999999999999,0.0,0.0,0.0,2.3249999999999997,4
2019_08_GB_KC,2019,REG,8,2019-10-27,Sunday,20:20,GB,31,KC,24,Home,-7,55,0,2019102712,58019,,201910270kan,13881.0,401128073,5177.0,7,10,-230.0,202.0,-5.0,-108.0,-102.0,48.0,103.0,-108.0,0,outdoors,astroturf,54.0,5.0,00-0023459,00-0025708,Aaron Rodgers,Matt Moore,Matt LaFleur,Andy Reid,Bill Vinovich,KAN00,Arrowhead Stadium,39.048889,-94.483889,2019-10-28 00:20:00+00:00,50.449999999999996,53.4,10.125,10.9,20.575,23.0,0.0,0.0,0.0,0.0,0.0,0.0,0.0,4
2019_08_MIA_PIT,2019,REG,8,2019-10-28,Monday,20:15,MIA,14,PIT,27,Home,13,41,0,2019102800,58020,,201910280pit,13882.0,401128074,5178.0,8,15,491.0,-630.0,14.0,-107.0,-103.0,44.0,-106.0,-105.0,0,outdoors,grass,59.0,2.0,00-0023682,00-0034771,Ryan Fitzpatrick,Mason Rudolph,Brian Flores,Mike Tomlin,Ronald Torbert,PIT00,Heinz Field,40.446667,-80.015833,2019-10-29 00:15:00+00:00,53.925,53.2,5.275,6.5,10.025,11.9,0.0,0.0,0.0,0.0,0.0,0.0,0.0,4
2019_09_HOU_JAX,2019,REG,9,2019-11-03,Sunday,09:30,HOU,26,JAX,3,Neutral,-23,29,0,2019110300,58022,,201911030jax,13884.0,401127936,5180.0,7,7,103.0,-113.0,1.0,-104.0,-106.0,46.0,-106.0,-105.0,1,outdoors,grass,53.0,6.0,00-0033537,00-0035289,Deshaun Watson,Gardner Minshew,Bill O'Brien,Doug Marrone,Clete Blakeman,LON00,Wembley Stadium,51.555833,-0.279722,2019-11-03 14:30:00+00:00,50.675000000000004,52.2,4.575,5.4,10.3,13.0,0.05,0.1,0.2,0.0,0.0,0.0,0.05,4
2019_09_WAS_BUF,2019,REG,9,2019-11-03,Sunday,13:00,WAS,9,BUF,24,Home,15,33,0,2019110301,58023,,201911030buf,13885.0,401128076,5186.0,10,7,368.0,-449.0,10.5,-112.0,102.0,37.0,-104.0,-107.0,0,outdoors,astroturf,42.0,18.0,00-0035232,00-0034857,Dwayne Haskins,Josh Allen,Bill Callahan,Sean McDermott,Tony Corrente,BUF00,New Era Field,42.774,-78.787,2019-11-03 18:00:00+00:00,41.65,41.5,18.975,19.6,40.025000000000006,40.7,0.0,0.0,0.0,0.0,0.0,0.0,0.0,4
2019_09_TEN_CAR,2019,REG,9,2019-11-03,Sunday,13:00,TEN,20,CAR,30,Home,10,50,0,2019110302,58024,,201911030car,13890.0,401128078,5185.0,7,7,160.0,-179.0,3.5,-109.0,-101.0,43.0,-104.0,-107.0,0,outdoors,grass,58.0,5.0,00-0029701,00-0034577,Ryan Tannehill,Cam Newton,Mike Vrabel,Ron Rivera,Ronald Torbert,CAR00,Bank of America Stadium,35.225833,-80.852778,2019-11-03 18:00:00+00:00,55.625,54.9,1.25,2.0,9.05,12.3,0.0,0.0,0.0,0.0,0.0,0.0,0.0,4
2019_09_MIN_KC,2019,REG,9,2019-11-03,Sunday,13:00,MIN,23,KC,26,Home,3,49,0,2019110303,58025,,201911030kan,13886.0,401128079,5183.0,10,7,-225.0,198.0,-5.5,-101.0,-109.0,46.0,-100.0,-111.0,0,outdoors,astroturf,54.0,15.0,00-0029604,00-0025708,Kirk Cousins,Matt Moore,Mike Zimmer,Andy Reid,Alex Kemp,KAN00,Arrowhead Stadium,39.048889,-94.483889,2019-11-03 18:00:00+00:00,58.0,56.5,12.125,12.4,26.450000000000003,27.1,0.0,0.0,0.0,0.0,0.0,0.0,0.0,4
2019_09_NYJ_MIA,2019,REG,9,2019-11-03,Sunday,13:00,NYJ,18,MIA,26,Home,8,44,0,2019110304,58026,,201911030mia,13887.0,401128080,5184.0,7,6,-187.0,167.0,-3.5,-103.0,-107.0,42.5,-108.0,-103.0,1,outdoors,grass,85.0,11.0,00-0034869,00-0023682,Sam Darnold,Ryan Fitzpatrick,Adam Gase,Brian Flores,Walt Anderson,MIA00,Hard Rock Stadium,25.958056,-80.238889,2019-11-03 18:00:00+00:00,78.25,79.7,6.8,12.7,15.475000000000001,24.8,2.35,3.7,9.4,0.0,0.0,0.0,2.35,4
2019_09_CHI_PHI,2019,REG,9,2019-11-03,Sunday,13:00,CHI,14,PHI,22,Home,8,36,0,2019110305,58027,,201911030phi,13888.0,401128082,5181.0,7,7,199.0,-226.0,5.0,-106.0,-104.0,41.0,-102.0,-109.0,0,outdoors,grass,52.0,13.0,00-0033869,00-0032950,Mitch Trubisky,Carson Wentz,Matt Nagy,Doug Pederson,Craig Wrolstad,PHI00,Lincoln Financial Field,39.900833,-75.1675,2019-11-03 18:00:00+00:00,51.2,51.8,10.7,11.7,22.425,23.0,0.0,0.0,0.0,0.0,0.0,0.0,0.0,4
2019_09_IND_PIT,2019,REG,9,2019-11-03,Sunday,13:00,IND,24,PIT,26,Home,2,50,0,2019110306,58028,,201911030pit,13889.0,401128083,5182.0,7,6,107.0,-117.0,1.0,101.0,-111.0,39.5,-102.0,-109.0,0,outdoors,grass,48.0,12.0,00-0033119,00-0034771,Jacoby Brissett,Mason Rudolph,Frank Reich,Mike Tomlin,Brad Allen,PIT00,Heinz Field,40.446667,-80.015833,2019-11-03 18:00:00+00:00,46.525,45.7,9.675,10.5,22.824999999999996,24.4,0.0,0.0,0.0,0.0,0.0,0.0,0.0,4
2019_09_DET_OAK,2019,REG,9,2019-11-03,Sunday,16:05,DET,24,OAK,31,Home,7,55,0,2019110307,58029,,201911030rai,13891.0,401128085,5187.0,7,7,129.0,-143.0,2.5,104.0,-115.0,51.5,-106.0,-105.0,0,outdoors,grass,71.0,6.0,00-0026498,00-0031280,Matthew Stafford,Derek Carr,Matt Patricia,Jon Gruden,Shawn Hochuli,OAK00,Ring Central Coliseum,37.751667,-122.200556,2019-11-03 21:05:00+00:00,74.55,74.9,6.049999999999999,7.4,15.250000000000002,16.6,0.0,0.0,0.0,0.0,0.0,0.0,0.0,4
2019_09_TB_SEA,2019,REG,9,2019-11-03,Sunday,16:05,TB,34,SEA,40,Home,6,74,1,2019110308,58030,,201911030sea,13892.0,401128087,5188.0,7,7,185.0,-209.0,4.0,-105.0,-105.0,51.0,107.0,-119.0,0,outdoors,fieldturf,54.0,6.0,00-0031503,00-0029263,Jameis Winston,Russell Wilson,Bruce Arians,Pete Carroll,John Hussey,SEA00,CenturyLink Field,47.5952,-122.3316,2019-11-03 21:05:00+00:00,52.150000000000006,51.6,5.1,5.7,12.149999999999999,13.2,0.0,0.0,0.0,0.0,0.0,0.0,0.0,4
2019_09_CLE_DEN,2019,REG,9,2019-11-03,Sunday,16:25,CLE,19,DEN,24,Home,5,43,0,2019110309,58031,,201911030den,13893.0,401128088,5189.0,7,7,-194.0,173.0,-4.0,-102.0,-108.0,39.0,-104.0,-107.0,0,outdoors,grass,55.0,4.0,00-0034855,00-0032434,Baker Mayfield,Brandon Allen,Freddie Kitchens,Vic Fangio,Bill Vinovich,DEN00,Empower Field at Mile High,39.743889,-105.02,2019-11-03 21:25:00+00:00,44.125,49.0,3.65,6.4,6.550000000000001,9.6,0.0,0.0,0.0,0.0,0.0,0.0,0.0,4
2019_09_GB_LAC,2019,REG,9,2019-11-03,Sunday,16:25,GB,11,LAC,26,Home,15,37,0,2019110310,58032,,201911030sdg,13894.0,401128090,5190.0,7,7,-208.0,184.0,-4.0,-111.0,100.0,50.0,-109.0,-103.0,0,outdoors,grass,79.0,2.0,00-0023459,00-0022942,Aaron Rodgers,Philip Rivers,Matt LaFleur,Anthony Lynn,Adrian Hill,LAX97,StubHub Center,33.864,-118.261,2019-11-03 21:25:00+00:00,75.55000000000001,80.0,6.975,7.9,14.774999999999999,15.9,0.0,0.0,0.0,0.0,0.0,0.0,0.0,4
2019_09_NE_BAL,2019,REG,9,2019-11-03,Sunday,20:20,NE,20,BAL,37,Home,17,57,0,2019110311,58033,,201911030rav,13895.0,401127899,5191.0,7,14,-150.0,135.0,-3.0,100.0,-110.0,44.5,-111.0,-101.0,0,outdoors,grass,48.0,1.0,00-0019596,00-0034796,Tom Brady,Lamar Jackson,Bill Belichick,John Harbaugh,Carl Cheffers,BAL00,M&T Bank Stadium,39.278056,-76.622778,2019-11-04 01:20:00+00:00,37.85,38.5,2.45,3.6,5.375,5.8,0.0,0.0,0.0,0.0,0.0,0.0,0.0,4
2019_09_DAL_NYG,2019,REG,9,2019-11-04,Monday,20:15,DAL,37,NYG,18,Home,-19,55,0,2019110400,58034,,201911040nyg,13896.0,401128091,5192.0,15,8,-297.0,255.0,-6.5,-101.0,-109.0,48.5,102.0,-114.0,1,outdoors,fieldturf,51.0,10.0,00-0033077,00-0035710,Dak Prescott,Daniel Jones,Jason Garrett,Pat Shurmur,Clay Martin,NYC01,MetLife Stadium,40.813528,-74.074361,2019-11-05 01:15:00+00:00,50.175,50.4,8.350000000000001,9.3,16.725,19.7,0.0,0.0,0.0,0.0,0.0,0.0,0.0,4
2019_10_LAC_OAK,2019,REG,10,2019-11-07,Thursday,20:20,LAC,24,OAK,26,Home,2,50,0,2019110700,58035,,201911070rai,13897.0,401127907,5193.0,4,4,-117.0,106.0,-1.0,-110.0,-100.0,49.0,-103.0,-108.0,1,outdoors,grass,54.0,9.0,00-0022942,00-0031280,Philip Rivers,Derek Carr,Anthony Lynn,Jon Gruden,Walt Anderson,OAK00,Ring Central Coliseum,37.751667,-122.200556,2019-11-08 01:20:00+00:00,50.775,51.9,6.65,7.4,14.925,17.9,0.0,0.0,0.0,0.0,0.0,0.0,0.0,4
2019_10_DET_CHI,2019,REG,10,2019-11-10,Sunday,13:00,DET,13,CHI,20,Home,7,33,0,2019111000,58036,,201911100chi,13898.0,401127911,5199.0,7,7,235.0,-270.0,6.0,101.0,-111.0,38.0,-114.0,103.0,1,outdoors,grass,40.0,12.0,00-0032436,00-0033869,Jeff Driskel,Mitch Trubisky,Matt Patricia,Matt Nagy,Carl Cheffers,CHI98,Soldier Field,41.8623,-87.6167,2019-11-10 18:00:00+00:00,40.525,40.9,13.25,14.5,20.625,21.7,0.0,0.0,0.0,0.0,0.0,0.0,0.0,4
2019_10_BAL_CIN,2019,REG,10,2019-11-10,Sunday,13:00,BAL,49,CIN,13,Home,-36,62,0,2019111001,58037,,201911100cin,13899.0,401127934,5196.0,7,14,-435.0,358.0,-10.5,104.0,-114.0,44.0,-104.0,-107.0,1,outdoors,grass,56.0,9.0,00-0034796,00-0035652,Lamar Jackson,Ryan Finley,John Harbaugh,Zac Taylor,Scott Novak,CIN00,Paul Brown Stadium,39.095,-84.516,2019-11-10 18:00:00+00:00,58.625,57.0,9.625,10.5,22.224999999999998,23.0,0.0,0.0,0.0,0.0,0.0,0.0,0.0,4
2019_10_BUF_CLE,2019,REG,10,2019-11-10,Sunday,13:00,BUF,16,CLE,19,Home,3,35,0,2019111002,58038,,201911100cle,13900.0,401127939,5197.0,7,7,136.0,-151.0,3.0,-108.0,-102.0,42.0,-113.0,102.0,0,outdoors,grass,50.0,10.0,00-0034857,00-0034855,Josh Allen,Baker Mayfield,Sean McDermott,Freddie Kitchens,Ronald Torbert,CLE00,FirstEnergy Stadium,41.506111,-81.699444,2019-11-10 18:00:00+00:00,47.525,49.4,8.5,10.1,16.575,18.6,0.05,0.2,0.2,0.0,0.0,0.0,0.05,4
2019_10_NYG_NYJ,2019,REG,10,2019-11-10,Sunday,13:00,NYG,27,NYJ,34,Home,7,61,0,2019111005,58041,,201911100nyj,13904.0,401127952,5201.0,6,7,-147.0,133.0,-3.0,104.0,-115.0,43.0,-109.0,-102.0,0,outdoors,fieldturf,48.0,8.0,00-0035710,00-0034869,Daniel Jones,Sam Darnold,Pat Shurmur,Adam Gase,John Hussey,NYC01,MetLife Stadium,40.813528,-74.074361,2019-11-10 18:00:00+00:00,50.225,48.7,8.775,9.3,18.0,18.8,0.0,0.0,0.0,0.0,0.0,0.0,0.0,4
2019_10_ARI_TB,2019,REG,10,2019-11-10,Sunday,13:00,ARI,27,TB,30,Home,3,57,0,2019111006,58042,,201911100tam,13905.0,401127976,5194.0,10,7,207.0,-235.0,5.5,100.0,-110.0,51.0,-113.0,101.0,0,outdoors,grass,77.0,8.0,00-0035228,00-0031503,Kyler Murray,Jameis Winston,Kliff Kingsbury,Bruce Arians,Craig Wrolstad,TAM00,Raymond James Stadium,27.975833,-82.503333,2019-11-10 18:00:00+00:00,76.625,76.3,7.450000000000001,7.9,15.025,16.3,0.0,0.0,0.0,0.0,0.0,0.0,0.0,4
2019_10_KC_TEN,2019,REG,10,2019-11-10,Sunday,13:00,KC,32,TEN,35,Home,3,67,0,2019111007,58043,,201911100oti,13902.0,401127981,5200.0,7,7,-233.0,205.0,-5.0,-108.0,-102.0,49.0,-104.0,-107.0,0,outdoors,grass,63.0,9.0,00-0033873,00-0029701,Patrick Mahomes,Ryan Tannehill,Andy Reid,Mike Vrabel,Tony Corrente,NAS00,Nissan Stadium,36.166389,-86.771389,2019-11-10 18:00:00+00:00,62.75,61.4,9.275,10.1,19.200000000000003,19.7,0.0,0.0,0.0,0.0,0.0,0.0,0.0,4
2019_10_CAR_GB,2019,REG,10,2019-11-10,Sunday,16:25,CAR,16,GB,24,Home,8,40,0,2019111003,58039,,201911100gnb,13901.0,401127944,5198.0,7,7,200.0,-227.0,5.0,-100.0,-110.0,49.0,-107.0,-104.0,0,outdoors,grass,34.0,6.0,00-0034577,00-0023459,Kyle Allen,Aaron Rodgers,Ron Rivera,Matt LaFleur,Jerome Boger,GNB00,Lambeau Field,44.501389,-88.062222,2019-11-10 21:25:00+00:00,30.200000000000003,32.6,9.05,10.8,16.675,18.6,0.0,0.0,0.0,0.10500000000000001,0.14,0.42000000000000004,0.15,4
2019_10_LA_PIT,2019,REG,10,2019-11-10,Sunday,16:25,LA,12,PIT,17,Home,5,29,0,2019111009,58045,,201911100pit,13907.0,401127989,5203.0,14,7,-214.0,189.0,-4.0,-113.0,103.0,43.0,-114.0,103.0,0,outdoors,grass,55.0,12.0,00-0033106,00-0034771,Jared Goff,Mason Rudolph,Sean McVay,Mike Tomlin,Shawn Smith,PIT00,Heinz Field,40.446667,-80.015833,2019-11-10 21:25:00+00:00,48.5,51.1,5.325,6.5,13.525,18.8,0.0,0.0,0.0,0.0,0.0,0.0,0.0,4
2019_10_SEA_SF,2019,REG,10,2019-11-11,Monday,20:15,SEA,27,SF,24,Home,-3,51,1,2019111100,58047,,201911110sfo,13909.0,401127992,5205.0,8,11,233.0,-268.0,6.5,-104.0,-106.0,47.0,-104.0,-107.0,1,outdoors,grass,77.0,3.0,00-0029263,00-0031345,Russell Wilson,Jimmy Garoppolo,Pete Carroll,Kyle Shanahan,Alex Kemp,SFO01,Levi's Stadium,37.403,-121.97,2019-11-12 01:15:00+00:00,67.4,67.2,2.1500000000000004,2.7,4.375,7.8,0.0,0.0,0.0,0.0,0.0,0.0,0.0,4
2019_11_PIT_CLE,2019,REG,11,2019-11-14,Thursday,20:20,PIT,7,CLE,21,Home,14,28,0,2019111400,58048,,201911140cle,13910.0,401128044,5206.0,4,4,146.0,-163.0,3.0,101.0,-112.0,41.5,-108.0,-103.0,1,outdoors,grass,36.0,10.0,00-0034771,00-0034855,Mason Rudolph,Baker Mayfield,Mike Tomlin,Freddie Kitchens,Clete Blakeman,CLE00,FirstEnergy Stadium,41.506111,-81.699444,2019-11-15 01:20:00+00:00,34.725,35.8,10.35,10.6,16.95,17.0,0.0,0.0,0.0,0.0,0.0,0.0,0.0,4
2019_11_HOU_BAL,2019,REG,11,2019-11-17,Sunday,13:00,HOU,7,BAL,41,Home,34,48,0,2019111700,58049,,201911170rav,13918.0,401128047,5211.0,14,7,192.0,-217.0,4.0,-102.0,-108.0,51.0,-105.0,-106.0,0,outdoors,grass,44.0,10.0,00-0033537,00-0034796,Deshaun Watson,Lamar Jackson,Bill O'Brien,John Harbaugh,Alex Kemp,BAL00,M&T Bank Stadium,39.278056,-76.622778,2019-11-17 18:00:00+00:00,43.275000000000006,42.6,9.25,9.6,17.325,17.9,0.0,0.0,0.0,0.0,0.0,0.0,0.0,4
2019_11_ATL_CAR,2019,REG,11,2019-11-17,Sunday,13:00,ATL,29,CAR,3,Home,-26,32,0,2019111701,58050,,201911170car,13917.0,401128049,5207.0,7,7,177.0,-199.0,3.5,-100.0,-110.0,49.0,-108.0,-103.0,1,outdoors,grass,51.0,11.0,00-0026143,00-0034577,Matt Ryan,Kyle Allen,Dan Quinn,Ron Rivera,Adrian Hill,CAR00,Bank of America Stadium,35.225833,-80.852778,2019-11-17 18:00:00+00:00,53.625,52.3,10.225,11.2,22.475,24.2,0.0,0.0,0.0,0.0,0.0,0.0,0.0,4
2019_11_BUF_MIA,2019,REG,11,2019-11-17,Sunday,13:00,BUF,37,MIA,20,Home,-17,57,0,2019111704,58053,,201911170mia,13913.0,401128077,5208.0,7,7,-307.0,263.0,-7.0,-109.0,-101.0,41.5,-106.0,-105.0,1,outdoors,grass,62.0,13.0,00-0034857,00-0023682,Josh Allen,Ryan Fitzpatrick,Sean McDermott,Brian Flores,Scott Novak,MIA00,Hard Rock Stadium,25.958056,-80.238889,2019-11-17 18:00:00+00:00,69.95,69.0,7.949999999999999,8.1,18.125,18.6,0.0,0.0,0.0,0.0,0.0,0.0,0.0,4
2019_11_NO_TB,2019,REG,11,2019-11-17,Sunday,13:00,NO,34,TB,17,Home,-17,51,0,2019111706,58055,,201911170tam,13915.0,401128084,5213.0,7,7,-230.0,202.0,-5.0,-108.0,-102.0,50.5,-114.0,102.0,1,outdoors,grass,55.0,4.0,00-0020531,00-0031503,Drew Brees,Jameis Winston,Sean Payton,Bruce Arians,Bradley Rogers,TAM00,Raymond James Stadium,27.975833,-82.503333,2019-11-17 18:00:00+00:00,58.9,58.0,8.075000000000001,9.1,15.95,16.3,0.0,0.0,0.0,0.0,0.0,0.0,0.0,4
2019_11_NYJ_WAS,2019,REG,11,2019-11-17,Sunday,13:00,NYJ,34,WAS,17,Home,-17,51,0,2019111707,58056,,201911170was,13916.0,401128086,5214.0,7,14,111.0,-122.0,1.0,104.0,-114.0,37.5,-103.0,-108.0,0,outdoors,grass,43.0,8.0,00-0034869,00-0035232,Sam Darnold,Dwayne Haskins,Adam Gase,Bill Callahan,Jerome Boger,WAS00,FedExField,38.907778,-76.864444,2019-11-17 18:00:00+00:00,42.925,42.2,8.925,9.5,21.9,23.0,0.0,0.0,0.0,0.0,0.0,0.0,0.0,4
2019_11_ARI_SF,2019,REG,11,2019-11-17,Sunday,16:05,ARI,26,SF,36,Home,10,62,0,2019111708,58057,,201911170sfo,13919.0,401128089,5215.0,7,6,353.0,-429.0,10.0,-113.0,103.0,44.0,-114.0,103.0,1,outdoors,grass,72.0,0.0,00-0035228,00-0031345,Kyler Murray,Jimmy Garoppolo,Kliff Kingsbury,Kyle Shanahan,Walt Anderson,SFO01,Levi's Stadium,37.403,-121.97,2019-11-17 21:05:00+00:00,75.975,75.3,7.824999999999999,9.1,15.6,16.1,0.0,0.0,0.0,0.0,0.0,0.0,0.0,4
2019_11_CIN_OAK,2019,REG,11,2019-11-17,Sunday,16:25,CIN,10,OAK,17,Home,7,27,0,2019111709,58058,,201911170rai,13920.0,401128092,5216.0,7,10,474.0,-605.0,13.0,-108.0,-102.0,48.0,-106.0,-105.0,0,outdoors,grass,76.0,13.0,00-0035652,00-0031280,Ryan Finley,Derek Carr,Zac Taylor,Jon Gruden,Shawn Smith,OAK00,Ring Central Coliseum,37.751667,-122.200556,2019-11-17 21:25:00+00:00,74.525,74.0,6.1000000000000005,7.0,15.825,16.3,0.0,0.0,0.0,0.0,0.0,0.0,0.0,4
2019_11_NE_PHI,2019,REG,11,2019-11-17,Sunday,16:25,NE,17,PHI,10,Home,-7,27,0,2019111710,58059,,201911170phi,13921.0,401127897,5217.0,14,14,-210.0,186.0,-4.5,101.0,-112.0,45.0,-100.0,-111.0,0,outdoors,grass,42.0,13.0,00-0019596,00-0032950,Tom Brady,Carson Wentz,Bill Belichick,Doug Pederson,Bill Vinovich,PHI00,Lincoln Financial Field,39.900833,-75.1675,2019-11-17 21:25:00+00:00,39.800000000000004,40.4,11.675,12.5,22.35,22.6,0.0,0.0,0.0,0.0,0.0,0.0,0.0,4
2019_11_CHI_LA,2019,REG,11,2019-11-17,Sunday,20:20,CHI,7,LA,17,Home,10,24,0,2019111711,58060,,201911170ram,13922.0,401128133,5218.0,7,7,204.0,-233.0,5.0,-107.0,-103.0,40.0,-109.0,-102.0,0,outdoors,grass,79.0,0.0,00-0033869,00-0033106,Mitch Trubisky,Jared Goff,Matt Nagy,Sean McVay,John Hussey,LAX99,Los Angeles Memorial Coliseum,34.014167,-118.287778,2019-11-18 01:20:00+00:00,73.32499999999999,77.5,6.6000000000000005,7.7,9.95,11.2,0.0,0.0,0.0,0.0,0.0,0.0,0.0,4
2019_11_KC_LAC,2019,REG,11,2019-11-18,Monday,20:15,KC,24,LAC,17,Neutral,-7,41,0,2019111800,58061,,201911180sdg,13923.0,401128134,5219.0,8,11,-243.0,213.0,-5.5,-106.0,-104.0,52.5,-106.0,-105.0,1,outdoors,grass,67.0,7.0,00-0033873,00-0022942,Patrick Mahomes,Philip Rivers,Andy Reid,Anthony Lynn,Brad Allen,MEX00,Azteca Stadium,19.3029794,-99.15047,2019-11-19 01:15:00+00:00,59.650000000000006,61.0,3.725,4.7,9.55,10.5,0.0,0.0,0.0,0.0,0.0,0.0,0.0,4
2019_12_DEN_BUF,2019,REG,12,2019-11-24,Sunday,13:00,DEN,3,BUF,20,Home,17,23,0,2019112401,58064,,201911240buf,13926.0,401127872,5222.0,7,7,170.0,-190.0,3.5,-106.0,-104.0,37.0,-115.0,104.0,0,outdoors,astroturf,40.0,17.0,00-0032434,00-0034857,Brandon Allen,Josh Allen,Vic Fangio,Sean McDermott,Jerome Boger,BUF00,New Era Field,42.774,-78.787,2019-11-24 18:00:00+00:00,40.65,40.5,18.6,18.8,38.675,39.4,0.0,0.0,0.0,0.0,0.0,0.0,0.0,4
2019_12_NYG_CHI,2019,REG,12,2019-11-24,Sunday,13:00,NYG,14,CHI,19,Home,5,33,0,2019112402,58065,,201911240chi,13927.0,401127914,5225.0,14,7,220.0,-252.0,6.0,-110.0,-100.0,41.0,103.0,-115.0,0,outdoors,grass,48.0,12.0,00-0035710,00-0033869,Daniel Jones,Mitch Trubisky,Pat Shurmur,Matt Nagy,Shawn Hochuli,CHI98,Soldier Field,41.8623,-87.6167,2019-11-24 18:00:00+00:00,47.9,47.3,13.0,15.0,21.974999999999998,23.7,0.0,0.0,0.0,0.0,0.0,0.0,0.0,4
2019_12_PIT_CIN,2019,REG,12,2019-11-24,Sunday,13:00,PIT,16,CIN,10,Home,-6,26,0,2019112403,58066,,201911240cin,13928.0,401127918,5227.0,10,7,-225.0,199.0,-5.5,-106.0,-104.0,37.5,-102.0,-109.0,1,outdoors,grass,46.0,10.0,00-0034771,00-0035652,Mason Rudolph,Ryan Finley,Mike Tomlin,Zac Taylor,Adrian Hill,CIN00,Paul Brown Stadium,39.095,-84.516,2019-11-24 18:00:00+00:00,47.1,45.0,10.45,11.5,24.325,26.2,0.0,0.0,0.0,0.0,0.0,0.0,0.0,4
2019_12_MIA_CLE,2019,REG,12,2019-11-24,Sunday,13:00,MIA,24,CLE,41,Home,17,65,0,2019112404,58067,,201911240cle,13929.0,401127919,5224.0,7,10,365.0,-446.0,11.0,-113.0,103.0,45.5,-106.0,-105.0,0,outdoors,grass,39.0,14.0,00-0023682,00-0034855,Ryan Fitzpatrick,Baker Mayfield,Brian Flores,Freddie Kitchens,Bradley Rogers,CLE00,FirstEnergy Stadium,41.506111,-81.699444,2019-11-24 18:00:00+00:00,44.125,42.7,13.95,15.1,24.125,25.7,0.0,0.0,0.0,0.0,0.0,0.0,0.0,4
2019_12_OAK_NYJ,2019,REG,12,2019-11-24,Sunday,13:00,OAK,3,NYJ,34,Home,31,37,0,2019112406,58069,,201911240nyj,13931.0,401127924,5226.0,7,7,-177.0,158.0,-3.5,102.0,-112.0,45.0,103.0,-115.0,0,outdoors,fieldturf,43.0,12.0,00-0031280,00-0034869,Derek Carr,Sam Darnold,Jon Gruden,Adam Gase,Clete Blakeman,NYC01,MetLife Stadium,40.813528,-74.074361,2019-11-24 18:00:00+00:00,41.800000000000004,42.6,15.475000000000001,16.3,30.075,30.6,0.6,0.6,2.4,0.0,0.0,0.0,0.6,4
2019_12_SEA_PHI,2019,REG,12,2019-11-24,Sunday,13:00,SEA,17,PHI,9,Home,-8,26,0,2019112411,58074,,201911240phi,13936.0,401128008,5232.0,13,7,-105.0,-105.0,-1.0,102.0,-112.0,45.5,-107.0,-104.0,0,outdoors,grass,40.0,17.0,00-0029263,00-0032950,Russell Wilson,Carson Wentz,Pete Carroll,Doug Pederson,Walt Anderson,PHI00,Lincoln Financial Field,39.900833,-75.1675,2019-11-24 18:00:00+00:00,42.675,39.9,13.7,15.7,26.675,31.3,0.1,0.3,0.4,0.0,0.0,0.0,0.1,4
2019_12_DET_WAS,2019,REG,12,2019-11-24,Sunday,13:00,DET,16,WAS,19,Home,3,35,0,2019112407,58070,,201911240was,13932.0,401127996,5223.0,7,7,-190.0,169.0,-4.0,-102.0,-109.0,39.0,-110.0,-102.0,0,outdoors,grass,46.0,17.0,00-0032436,00-0035232,Jeff Driskel,Dwayne Haskins,Matt Patricia,Bill Callahan,Bill Vinovich,WAS00,FedExField,38.907778,-76.864444,2019-11-24 18:00:00+00:00,49.375,48.1,12.950000000000001,13.9,31.374999999999996,32.9,0.0,0.0,0.0,0.0,0.0,0.0,0.0,4
2019_12_JAX_TEN,2019,REG,12,2019-11-24,Sunday,16:05,JAX,20,TEN,42,Home,22,62,0,2019112408,58071,,201911240oti,13933.0,401128000,5229.0,7,14,198.0,-225.0,4.5,103.0,-114.0,42.0,100.0,-112.0,1,outdoors,grass,52.0,9.0,00-0029567,00-0029701,Nick Foles,Ryan Tannehill,Doug Marrone,Mike Vrabel,Shawn Smith,NAS00,Nissan Stadium,36.166389,-86.771389,2019-11-24 21:05:00+00:00,47.224999999999994,52.5,4.775,5.8,10.45,14.3,0.0,0.0,0.0,0.0,0.0,0.0,0.0,4
2019_12_DAL_NE,2019,REG,12,2019-11-24,Sunday,16:25,DAL,9,NE,13,Home,4,22,0,2019112409,58072,,201911240nwe,13934.0,401127957,5230.0,7,7,203.0,-231.0,5.5,-108.0,-102.0,44.5,-101.0,-110.0,0,outdoors,grass,38.0,16.0,00-0033077,00-0019596,Dak Prescott,Tom Brady,Jason Garrett,Bill Belichick,Scott Novak,BOS00,Gillette Stadium,42.091,-71.264,2019-11-24 21:25:00+00:00,38.375,40.4,19.175,19.6,43.175,43.6,1.075,1.9,4.3,0.0,0.0,0.0,1.075,4
2019_12_GB_SF,2019,REG,12,2019-11-24,Sunday,20:20,GB,8,SF,37,Home,29,45,0,2019112410,58073,,201911240sfo,13935.0,401128004,5231.0,14,7,156.0,-175.0,3.0,111.0,-122.0,48.0,-102.0,-109.0,0,outdoors,grass,63.0,7.0,00-0023459,00-0031345,Aaron Rodgers,Jimmy Garoppolo,Matt LaFleur,Kyle Shanahan,Carl Cheffers,SFO01,Levi's Stadium,37.403,-121.97,2019-11-25 01:20:00+00:00,57.15,60.7,4.525,5.3,7.6499999999999995,7.8,0.0,0.0,0.0,0.0,0.0,0.0,0.0,4
2019_12_BAL_LA,2019,REG,12,2019-11-25,Monday,20:15,BAL,45,LA,6,Home,-39,51,0,2019112500,58075,,201911250ram,13937.0,401128012,5233.0,8,8,-162.0,145.0,-3.5,112.0,-124.0,47.0,103.0,-114.0,0,outdoors,grass,62.0,5.0,00-0034796,00-0033106,Lamar Jackson,Jared Goff,John Harbaugh,Sean McVay,Craig Wrolstad,LAX99,Los Angeles Memorial Coliseum,34.014167,-118.287778,2019-11-26 01:15:00+00:00,59.55,59.5,7.475,9.2,14.55,17.0,0.0,0.0,0.0,0.0,0.0,0.0,0.0,4
2019_13_SF_BAL,2019,REG,13,2019-12-01,Sunday,13:00,SF,17,BAL,20,Home,3,37,0,2019120100,58079,,201912010rav,13948.0,401128027,5241.0,7,6,212.0,-242.0,5.5,-100.0,-110.0,45.0,-103.0,-108.0,0,outdoors,grass,40.0,13.0,00-0031345,00-0034796,Jimmy Garoppolo,Lamar Jackson,Kyle Shanahan,John Harbaugh,Brad Allen,BAL00,M&T Bank Stadium,39.278056,-76.622778,2019-12-01 18:00:00+00:00,45.62499999999999,43.9,10.625000000000002,13.6,22.174999999999997,23.9,1.8250000000000002,2.6,7.300000000000001,0.0,0.0,0.0,1.8250000000000002,4
2019_13_WAS_CAR,2019,REG,13,2019-12-01,Sunday,13:00,WAS,29,CAR,21,Home,-8,50,0,2019120101,58080,,201912010car,13946.0,401128032,5244.0,7,7,391.0,-482.0,10.5,-110.0,-100.0,38.5,-113.0,102.0,0,outdoors,grass,64.0,16.0,00-0035232,00-0034577,Dwayne Haskins,Kyle Allen,Bill Callahan,Ron Rivera,Scott Novak,CAR00,Bank of America Stadium,35.225833,-80.852778,2019-12-01 18:00:00+00:00,64.05000000000001,63.2,18.775,20.2,36.225,38.0,0.025,0.1,0.1,0.0,0.0,0.0,0.025,4
2019_13_NYJ_CIN,2019,REG,13,2019-12-01,Sunday,13:00,NYJ,6,CIN,22,Home,16,28,0,2019120102,58081,,201912010cin,13941.0,401128057,5238.0,7,7,-123.0,111.0,-2.5,102.0,-112.0,43.0,-104.0,-107.0,0,outdoors,grass,46.0,15.0,00-0034869,00-0027973,Sam Darnold,Andy Dalton,Adam Gase,Zac Taylor,Ronald Torbert,CIN00,Paul Brown Stadium,39.095,-84.516,2019-12-01 18:00:00+00:00,43.525000000000006,44.5,13.875,14.9,32.675,40.0,0.05,0.2,0.2,0.0,0.0,0.0,0.05,4
2019_13_TB_JAX,2019,REG,13,2019-12-01,Sunday,13:00,TB,28,JAX,11,Home,-17,39,0,2019120104,58083,,201912010jax,13947.0,401128063,5242.0,7,7,-155.0,140.0,-3.0,-105.0,-105.0,46.5,-105.0,-106.0,0,outdoors,grass,77.0,15.0,00-0031503,00-0029567,Jameis Winston,Nick Foles,Bruce Arians,Doug Marrone,Walt Anderson,JAX00,TIAA Bank Stadium,30.323889,-81.6375,2019-12-01 18:00:00+00:00,77.32499999999999,79.0,20.174999999999997,21.9,37.45,41.2,1.2750000000000001,4.3,5.1000000000000005,0.0,0.0,0.0,1.2750000000000001,4
2019_13_PHI_MIA,2019,REG,13,2019-12-01,Sunday,13:00,PHI,31,MIA,37,Home,6,68,0,2019120106,58085,,201912010mia,13944.0,401128070,5240.0,7,7,-469.0,382.0,-10.5,-100.0,-110.0,45.0,-109.0,-102.0,0,outdoors,grass,82.0,15.0,00-0032950,00-0023682,Carson Wentz,Ryan Fitzpatrick,Doug Pederson,Brian Flores,Adrian Hill,MIA00,Hard Rock Stadium,25.958056,-80.238889,2019-12-01 18:00:00+00:00,83.07499999999999,82.1,10.025,11.7,22.475,25.7,0.0,0.0,0.0,0.0,0.0,0.0,0.0,4
2019_13_GB_NYG,2019,REG,13,2019-12-01,Sunday,13:00,GB,31,NYG,13,Home,-18,44,0,2019120107,58086,,201912010nyg,13945.0,401128095,5237.0,7,7,-256.0,223.0,-6.5,103.0,-113.0,43.5,-107.0,-104.0,0,outdoors,fieldturf,32.0,10.0,00-0023459,00-0035710,Aaron Rodgers,Daniel Jones,Matt LaFleur,Pat Shurmur,Craig Wrolstad,NYC01,MetLife Stadium,40.813528,-74.074361,2019-12-01 18:00:00+00:00,34.599999999999994,33.8,14.7,16.9,27.625,30.4,0.375,0.9,1.5,0.5425000000000001,0.77,2.1700000000000004,1.15,4
2019_13_CLE_PIT,2019,REG,13,2019-12-01,Sunday,13:00,CLE,13,PIT,20,Home,7,33,0,2019120110,58089,,201912010pit,13951.0,401128107,5246.0,7,7,-113.0,103.0,-1.0,-107.0,-103.0,40.0,-109.0,-102.0,1,outdoors,grass,46.0,6.0,00-0034855,00-0035577,Baker Mayfield,Devlin Hodges,Freddie Kitchens,Mike Tomlin,Clay Martin,PIT00,Heinz Field,40.446667,-80.015833,2019-12-01 18:00:00+00:00,46.425000000000004,46.0,7.449999999999999,10.2,20.85,21.9,0.425,1.2,1.7,0.0,0.0,0.0,0.425,4
2019_13_LAC_DEN,2019,REG,13,2019-12-01,Sunday,16:25,LAC,20,DEN,23,Home,3,43,0,2019120109,58088,,201912010den,13950.0,401128104,5247.0,13,7,-207.0,183.0,-4.5,-103.0,-107.0,39.0,105.0,-117.0,1,outdoors,grass,33.0,7.0,00-0022942,00-0035704,Philip Rivers,Drew Lock,Anthony Lynn,Vic Fangio,Bradley Rogers,DEN00,Empower Field at Mile High,39.743889,-105.02,2019-12-01 21:25:00+00:00,19.05,20.1,4.45,5.4,7.975,11.6,0.0,0.0,0.0,0.0,0.0,0.0,0.0,4
2019_13_OAK_KC,2019,REG,13,2019-12-01,Sunday,16:25,OAK,9,KC,40,Home,31,49,0,2019120105,58084,,201912010kan,13943.0,401128067,5239.0,7,13,369.0,-451.0,11.5,-116.0,106.0,49.5,-103.0,-108.0,1,outdoors,astroturf,36.0,20.0,00-0031280,00-0033873,Derek Carr,Patrick Mahomes,Jon Gruden,Andy Reid,John Hussey,KAN00,Arrowhead Stadium,39.048889,-94.483889,2019-12-01 21:25:00+00:00,34.1,35.2,16.375,18.7,35.9,38.9,0.0,0.0,0.0,0.0,0.0,0.0,0.0,4
2019_13_MIN_SEA,2019,REG,13,2019-12-02,Monday,20:15,MIN,30,SEA,37,Home,7,67,0,2019120200,58091,,201912020sea,13953.0,401128112,5249.0,15,8,138.0,-154.0,2.5,112.0,-124.0,48.0,-102.0,-109.0,0,outdoors,fieldturf,51.0,1.0,00-0029604,00-0029263,Kirk Cousins,Russell Wilson,Mike Zimmer,Pete Carroll,Clete Blakeman,SEA00,CenturyLink Field,47.5952,-122.3316,2019-12-03 01:15:00+00:00,42.475,44.2,2.35,2.6,4.1,4.7,0.0,0.0,0.0,0.0,0.0,0.0,0.0,4
2019_14_DAL_CHI,2019,REG,14,2019-12-05,Thursday,20:20,DAL,24,CHI,31,Home,7,55,0,2019120500,58092,,201912050chi,13954.0,401127871,5250.0,7,7,-167.0,150.0,-3.0,-109.0,-101.0,43.0,-103.0,-108.0,0,outdoors,grass,44.0,9.0,00-0033077,00-0033869,Dak Prescott,Mitch Trubisky,Jason Garrett,Matt Nagy,Bradley Rogers,CHI98,Soldier Field,41.8623,-87.6167,2019-12-06 01:20:00+00:00,41.175000000000004,40.6,11.0,11.3,15.425,16.1,0.0,0.0,0.0,0.0,0.0,0.0,0.0,4
2019_14_BAL_BUF,2019,REG,14,2019-12-08,Sunday,13:00,BAL,24,BUF,17,Home,-7,41,0,2019120801,58094,,201912080buf,13956.0,401127868,5251.0,7,10,-264.0,230.0,-6.5,100.0,-110.0,44.0,-104.0,-107.0,0,outdoors,astroturf,43.0,18.0,00-0034796,00-0034857,Lamar Jackson,Josh Allen,John Harbaugh,Sean McDermott,Shawn Smith,BUF00,New Era Field,42.774,-78.787,2019-12-08 18:00:00+00:00,44.425000000000004,43.5,14.925,15.5,30.4,31.5,0.0,0.0,0.0,0.0,0.0,0.0,0.0,4
2019_14_CIN_CLE,2019,REG,14,2019-12-08,Sunday,13:00,CIN,19,CLE,27,Home,8,46,0,2019120802,58095,,201912080cle,13957.0,401127867,5253.0,7,7,234.0,-269.0,6.5,-112.0,101.0,43.0,-118.0,106.0,1,outdoors,grass,48.0,16.0,00-0027973,00-0034855,Andy Dalton,Baker Mayfield,Zac Taylor,Freddie Kitchens,Carl Cheffers,CLE00,FirstEnergy Stadium,41.506111,-81.699444,2019-12-08 18:00:00+00:00,49.3,48.4,17.450000000000003,18.1,27.400000000000002,28.2,0.0,0.0,0.0,0.0,0.0,0.0,0.0,4
2019_14_WAS_GB,2019,REG,14,2019-12-08,Sunday,13:00,WAS,15,GB,20,Home,5,35,0,2019120803,58096,,201912080gnb,13958.0,401127916,5259.0,7,7,568.0,-752.0,13.0,-106.0,-104.0,42.5,-102.0,-110.0,0,outdoors,grass,37.0,10.0,00-0035232,00-0023459,Dwayne Haskins,Aaron Rodgers,Bill Callahan,Matt LaFleur,Clay Martin,GNB00,Lambeau Field,44.501389,-88.062222,2019-12-08 18:00:00+00:00,39.35,40.0,6.05,7.4,14.475,17.2,0.0,0.0,0.0,0.0,0.0,0.0,0.0,4
2019_14_MIA_NYJ,2019,REG,14,2019-12-08,Sunday,13:00,MIA,21,NYJ,22,Home,1,43,0,2019120807,58100,,201912080nyj,13961.0,401127969,5257.0,7,7,189.0,-213.0,5.0,-110.0,100.0,47.0,-102.0,-109.0,1,outdoors,fieldturf,41.0,9.0,00-0023682,00-0034869,Ryan Fitzpatrick,Sam Darnold,Brian Flores,Adam Gase,Craig Wrolstad,NYC01,MetLife Stadium,40.813528,-74.074361,2019-12-08 18:00:00+00:00,39.0,38.9,10.85,11.2,21.075,21.9,0.0,0.0,0.0,0.0,0.0,0.0,0.0,4
2019_14_IND_TB,2019,REG,14,2019-12-08,Sunday,13:00,IND,35,TB,38,Home,3,73,0,2019120808,58101,,201912080tam,13962.0,401127994,5256.0,7,7,149.0,-166.0,3.0,101.0,-111.0,46.5,-105.0,-106.0,0,outdoors,grass,78.0,9.0,00-0033119,00-0031503,Jacoby Brissett,Jameis Winston,Frank Reich,Bruce Arians,Tony Corrente,TAM00,Raymond James Stadium,27.975833,-82.503333,2019-12-08 18:00:00+00:00,77.75,77.5,6.949999999999999,8.2,15.600000000000001,18.1,0.0,0.0,0.0,0.0,0.0,0.0,0.0,4
2019_14_LAC_JAX,2019,REG,14,2019-12-08,Sunday,16:05,LAC,45,JAX,10,Home,-35,55,0,2019120809,58102,,201912080jax,13964.0,401127997,5260.0,7,7,-179.0,160.0,-3.5,-101.0,-110.0,42.0,-105.0,-106.0,0,outdoors,grass,62.0,7.0,00-0022942,00-0035289,Philip Rivers,Gardner Minshew,Anthony Lynn,Doug Marrone,Bill Vinovich,JAX00,TIAA Bank Stadium,30.323889,-81.6375,2019-12-08 21:05:00+00:00,62.45,65.7,8.85,10.6,16.0,19.9,0.0,0.0,0.0,0.0,0.0,0.0,0.0,4
2019_14_KC_NE,2019,REG,14,2019-12-08,Sunday,16:25,KC,23,NE,16,Home,-7,39,0,2019120811,58104,,201912080nwe,13966.0,401127930,5261.0,7,7,135.0,-150.0,3.0,-107.0,-103.0,49.5,103.0,-115.0,0,outdoors,grass,32.0,8.0,00-0033873,00-0019596,Patrick Mahomes,Tom Brady,Andy Reid,Bill Belichick,Jerome Boger,BOS00,Gillette Stadium,42.091,-71.264,2019-12-08 21:25:00+00:00,30.424999999999997,31.6,8.625,8.9,18.575,19.2,0.0,0.0,0.0,0.0,0.0,0.0,0.0,4
2019_14_TEN_OAK,2019,REG,14,2019-12-08,Sunday,16:25,TEN,42,OAK,21,Home,-21,63,0,2019120812,58105,,201912080rai,13965.0,401128005,5263.0,7,7,-152.0,137.0,-3.0,100.0,-111.0,47.0,-106.0,-105.0,0,outdoors,grass,59.0,5.0,00-0029701,00-0031280,Ryan Tannehill,Derek Carr,Mike Vrabel,Jon Gruden,Brad Allen,OAK00,Ring Central Coliseum,37.751667,-122.200556,2019-12-08 21:25:00+00:00,58.0,57.0,3.6500000000000004,4.9,10.65,11.9,0.05,0.1,0.2,0.0,0.0,0.0,0.05,4
2019_14_SEA_LA,2019,REG,14,2019-12-08,Sunday,20:20,SEA,12,LA,28,Home,16,40,0,2019120813,58106,,201912080ram,13968.0,401128009,5264.0,6,7,109.0,-120.0,1.0,102.0,-112.0,47.5,-105.0,-106.0,1,outdoors,grass,60.0,4.0,00-0029263,00-0033106,Russell Wilson,Jared Goff,Pete Carroll,Sean McVay,Shawn Hochuli,LAX99,Los Angeles Memorial Coliseum,34.014167,-118.287778,2019-12-09 01:20:00+00:00,55.5,57.5,4.8500000000000005,8.1,8.675,12.3,0.0,0.0,0.0,0.0,0.0,0.0,0.0,4
2019_14_NYG_PHI,2019,REG,14,2019-12-09,Monday,20:15,NYG,17,PHI,23,Home,6,40,1,2019120900,58107,,201912090phi,13969.0,401128013,5265.0,8,8,341.0,-411.0,9.5,-106.0,-104.0,45.5,-101.0,-110.0,1,outdoors,grass,53.0,11.0,00-0022803,00-0032950,Eli Manning,Carson Wentz,Pat Shurmur,Doug Pederson,Scott Novak,PHI00,Lincoln Financial Field,39.900833,-75.1675,2019-12-10 01:15:00+00:00,52.175,52.0,16.5,17.2,39.225,48.5,1.425,2.0,5.7,0.0,0.0,0.0,1.425,4
2019_15_NYJ_BAL,2019,REG,15,2019-12-12,Thursday,20:20,NYJ,21,BAL,42,Home,21,63,0,2019121200,58108,,201912120rav,13970.0,401128020,5266.0,4,4,775.0,-1105.0,17.0,-105.0,-105.0,44.0,-100.0,-111.0,0,outdoors,grass,33.0,3.0,00-0034869,00-0034796,Sam Darnold,Lamar Jackson,Adam Gase,John Harbaugh,John Hussey,BAL00,M&T Bank Stadium,39.278056,-76.622778,2019-12-13 01:20:00+00:00,31.45,29.9,4.7,5.0,8.625,9.4,0.0,0.0,0.0,0.0,0.0,0.0,0.0,4
2019_15_SEA_CAR,2019,REG,15,2019-12-15,Sunday,13:00,SEA,30,CAR,24,Home,-6,54,0,2019121500,58109,,201912150car,13979.0,401128024,5274.0,7,7,-250.0,218.0,-6.0,-104.0,-106.0,48.5,-105.0,-106.0,0,outdoors,grass,56.0,5.0,00-0029263,00-0034577,Russell Wilson,Kyle Allen,Pete Carroll,Ron Rivera,Carl Cheffers,CAR00,Bank of America Stadium,35.225833,-80.852778,2019-12-15 18:00:00+00:00,55.849999999999994,55.4,5.949999999999999,6.6,14.7,15.2,0.0,0.0,0.0,0.0,0.0,0.0,0.0,4
2019_15_NE_CIN,2019,REG,15,2019-12-15,Sunday,13:00,NE,34,CIN,13,Home,-21,47,0,2019121501,58110,,201912150cin,13971.0,401127955,5272.0,7,7,-468.0,381.0,-10.5,-101.0,-110.0,42.0,-112.0,101.0,0,outdoors,grass,36.0,6.0,00-0019596,00-0027973,Tom Brady,Andy Dalton,Bill Belichick,Zac Taylor,Alex Kemp,CIN00,Paul Brown Stadium,39.095,-84.516,2019-12-15 18:00:00+00:00,37.2,36.7,2.05,2.9,9.200000000000001,11.0,0.0,0.0,0.0,0.0,0.0,0.0,0.0,4
2019_15_CHI_GB,2019,REG,15,2019-12-15,Sunday,13:00,CHI,13,GB,21,Home,8,34,0,2019121503,58112,,201912150gnb,13973.0,401128031,5268.0,10,7,192.0,-218.0,4.0,107.0,-118.0,40.0,-109.0,-102.0,1,outdoors,grass,11.0,7.0,00-0033869,00-0023459,Mitch Trubisky,Aaron Rodgers,Matt Nagy,Matt LaFleur,Scott Novak,GNB00,Lambeau Field,44.501389,-88.062222,2019-12-15 18:00:00+00:00,18.049999999999997,17.2,5.375,6.3,13.75,14.8,0.0,0.0,0.0,0.0,0.0,0.0,0.0,4
2019_15_DEN_KC,2019,REG,15,2019-12-15,Sunday,13:00,DEN,3,KC,23,Home,20,26,0,2019121504,58113,,201912150kan,13975.0,401128056,5269.0,7,7,352.0,-426.0,10.0,-125.0,113.0,43.0,-107.0,-104.0,1,outdoors,astroturf,24.0,8.0,00-0035704,00-0033873,Drew Lock,Patrick Mahomes,Vic Fangio,Andy Reid,Clete Blakeman,KAN00,Arrowhead Stadium,39.048889,-94.483889,2019-12-15 18:00:00+00:00,25.25,24.9,7.3,7.9,16.875,19.0,0.0,0.0,0.0,0.7875000000000001,0.91,3.1500000000000004,1.125,4
2019_15_MIA_NYG,2019,REG,15,2019-12-15,Sunday,13:00,MIA,20,NYG,36,Home,16,56,0,2019121505,58114,,201912150nyg,13976.0,401128060,5271.0,7,6,165.0,-185.0,3.5,-108.0,-102.0,47.0,-102.0,-109.0,0,outdoors,fieldturf,48.0,19.0,00-0023682,00-0022803,Ryan Fitzpatrick,Eli Manning,Brian Flores,Pat Shurmur,Jerome Boger,NYC01,MetLife Stadium,40.813528,-74.074361,2019-12-15 18:00:00+00:00,44.825,47.0,15.825,16.6,32.05,36.7,0.0,0.0,0.0,0.0,0.0,0.0,0.0,4
2019_15_HOU_TEN,2019,REG,15,2019-12-15,Sunday,13:00,HOU,24,TEN,21,Home,-3,45,0,2019121507,58116,,201912150oti,13974.0,401128068,5270.0,7,7,148.0,-165.0,3.0,103.0,-113.0,50.0,-107.0,-104.0,1,outdoors,grass,45.0,4.0,00-0033537,00-0029701,Deshaun Watson,Ryan Tannehill,Bill O'Brien,Mike Vrabel,Bill Vinovich,NAS00,Nissan Stadium,36.166389,-86.771389,2019-12-15 18:00:00+00:00,50.349999999999994,48.3,4.875,5.4,12.649999999999999,14.1,0.0,0.0,0.0,0.0,0.0,0.0,0.0,4
2019_15_PHI_WAS,2019,REG,15,2019-12-15,Sunday,13:00,PHI,37,WAS,27,Home,-10,64,0,2019121508,58117,,201912150was,13978.0,401128071,5273.0,6,7,-286.0,247.0,-7.0,105.0,-116.0,38.0,-111.0,-100.0,1,outdoors,grass,52.0,13.0,00-0032950,00-0035232,Carson Wentz,Dwayne Haskins,Doug Pederson,Bill Callahan,Shawn Smith,WAS00,FedExField,38.907778,-76.864444,2019-12-15 18:00:00+00:00,46.925000000000004,48.7,13.175,14.1,31.925,34.0,0.0,0.0,0.0,0.0,0.0,0.0,0.0,4
2019_15_MIN_LAC,2019,REG,15,2019-12-15,Sunday,16:05,MIN,39,LAC,10,Home,-29,49,0,2019121513,58122,,201912150sdg,13984.0,401128113,5280.0,7,7,-118.0,107.0,-1.0,-111.0,101.0,45.0,-102.0,-109.0,0,outdoors,grass,64.0,14.0,00-0029604,00-0022942,Kirk Cousins,Philip Rivers,Mike Zimmer,Anthony Lynn,Ronald Torbert,LAX97,StubHub Center,33.864,-118.261,2019-12-15 21:05:00+00:00,58.3,59.0,20.65,24.1,37.5,40.0,0.0,0.0,0.0,0.0,0.0,0.0,0.0,4
2019_15_JAX_OAK,2019,REG,15,2019-12-15,Sunday,16:05,JAX,20,OAK,16,Home,-4,36,0,2019121510,58119,,201912150rai,13980.0,401128099,5277.0,7,7,255.0,-297.0,7.0,-114.0,103.0,47.0,-102.0,-109.0,0,outdoors,grass,59.0,7.0,00-0035289,00-0031280,Gardner Minshew,Derek Carr,Doug Marrone,Jon Gruden,Bradley Rogers,OAK00,Ring Central Coliseum,37.751667,-122.200556,2019-12-15 21:05:00+00:00,54.275,54.0,3.225,5.0,11.424999999999999,15.0,0.0,0.0,0.0,0.0,0.0,0.0,0.0,4
2019_15_ATL_SF,2019,REG,15,2019-12-15,Sunday,16:25,ATL,29,SF,22,Home,-7,51,0,2019121512,58121,,201912150sfo,13983.0,401128108,5278.0,7,7,376.0,-460.0,10.5,-117.0,106.0,50.0,-103.0,-108.0,0,outdoors,grass,55.0,6.0,00-0026143,00-0031345,Matt Ryan,Jimmy Garoppolo,Dan Quinn,Kyle Shanahan,Craig Wrolstad,SFO01,Levi's Stadium,37.403,-121.97,2019-12-15 21:25:00+00:00,54.275,54.1,6.65,7.3,13.25,14.1,0.0,0.0,0.0,0.0,0.0,0.0,0.0,4
2019_15_BUF_PIT,2019,REG,15,2019-12-15,Sunday,20:20,BUF,17,PIT,10,Home,-7,27,0,2019121506,58115,,201912150pit,13977.0,401128065,5267.0,7,7,101.0,-112.0,1.0,-105.0,-105.0,37.0,-105.0,-106.0,0,outdoors,grass,31.0,6.0,00-0034857,00-0035577,Josh Allen,Devlin Hodges,Sean McDermott,Mike Tomlin,Tony Corrente,PIT00,Heinz Field,40.446667,-80.015833,2019-12-16 01:20:00+00:00,29.150000000000002,29.0,1.925,4.0,5.7,8.3,0.0,0.0,0.0,0.0,0.0,0.0,0.0,4
2019_16_HOU_TB,2019,REG,16,2019-12-21,Saturday,13:00,HOU,23,TB,20,Home,-3,43,0,2019122100,58128,,201912210tam,13990.0,401127901,5287.0,7,7,-150.0,135.0,-3.0,102.0,-112.0,50.0,-108.0,-103.0,0,outdoors,grass,73.0,11.0,00-0033537,00-0031503,Deshaun Watson,Jameis Winston,Bill O'Brien,Bruce Arians,Scott Novak,TAM00,Raymond James Stadium,27.975833,-82.503333,2019-12-21 18:00:00+00:00,74.4,75.0,14.45,16.2,26.125,28.4,0.0,0.0,0.0,0.0,0.0,0.0,0.0,4
2019_16_BUF_NE,2019,REG,16,2019-12-21,Saturday,16:30,BUF,17,NE,24,Home,7,41,0,2019122101,58126,,201912210nwe,13987.0,401127898,5283.0,7,7,250.0,-289.0,7.0,-111.0,101.0,39.5,-101.0,-110.0,1,outdoors,grass,33.0,2.0,00-0034857,00-0019596,Josh Allen,Tom Brady,Sean McDermott,Bill Belichick,John Hussey,BOS00,Gillette Stadium,42.091,-71.264,2019-12-21 21:30:00+00:00,29.45,31.1,5.675000000000001,7.4,12.8,14.5,0.0,0.0,0.0,0.0,0.0,0.0,0.0,4
2019_16_LA_SF,2019,REG,16,2019-12-21,Saturday,20:15,LA,31,SF,34,Home,3,65,0,2019122102,58127,,201912210sfo,13989.0,401127900,5289.0,7,7,274.0,-320.0,7.0,100.0,-110.0,45.5,-110.0,-101.0,1,outdoors,grass,58.0,12.0,00-0033106,00-0031345,Jared Goff,Jimmy Garoppolo,Sean McVay,Kyle Shanahan,Clete Blakeman,SFO01,Levi's Stadium,37.403,-121.97,2019-12-22 01:15:00+00:00,53.35000000000001,58.2,5.45,7.3,9.5,12.3,0.0,0.0,0.0,0.0,0.0,0.0,0.0,4
2019_16_BAL_CLE,2019,REG,16,2019-12-22,Sunday,13:00,BAL,31,CLE,15,Home,-16,46,0,2019122206,58130,,201912220cle,13992.0,401127904,5282.0,10,7,-370.0,311.0,-9.5,-104.0,-106.0,48.5,-106.0,-105.0,1,outdoors,grass,49.0,10.0,00-0034796,00-0034855,Lamar Jackson,Baker Mayfield,John Harbaugh,Freddie Kitchens,Alex Kemp,CLE00,FirstEnergy Stadium,41.506111,-81.699444,2019-12-22 18:00:00+00:00,49.974999999999994,49.5,8.674999999999999,11.2,15.674999999999999,18.1,0.0,0.0,0.0,0.0,0.0,0.0,0.0,4
2019_16_CIN_MIA,2019,REG,16,2019-12-22,Sunday,13:00,CIN,35,MIA,38,Home,3,73,1,2019122208,58132,,201912220mia,13995.0,401127910,5285.0,7,7,-118.0,107.0,-1.5,-106.0,-104.0,46.0,-101.0,-110.0,0,outdoors,grass,76.0,15.0,00-0027973,00-0023682,Andy Dalton,Ryan Fitzpatrick,Zac Taylor,Brian Flores,Brad Allen,MIA00,Hard Rock Stadium,25.958056,-80.238889,2019-12-22 18:00:00+00:00,74.9,76.3,14.024999999999999,14.9,26.700000000000003,28.9,0.17500000000000002,0.4,0.7000000000000001,0.0,0.0,0.0,0.17500000000000002,4
2019_16_PIT_NYJ,2019,REG,16,2019-12-22,Sunday,13:00,PIT,10,NYJ,16,Home,6,26,0,2019122209,58133,,201912220nyj,13996.0,401127933,5293.0,7,10,-171.0,153.0,-3.0,-116.0,105.0,36.5,-111.0,-101.0,0,outdoors,fieldturf,45.0,6.0,00-0035577,00-0034869,Devlin Hodges,Sam Darnold,Mike Tomlin,Adam Gase,Shawn Hochuli,NYC01,MetLife Stadium,40.813528,-74.074361,2019-12-22 18:00:00+00:00,45.45,46.9,7.925,10.6,17.55,20.1,0.0,0.0,0.0,0.0,0.0,0.0,0.0,4
2019_16_NO_TEN,2019,REG,16,2019-12-22,Sunday,13:00,NO,38,TEN,28,Home,-10,66,0,2019122210,58134,,201912220oti,13993.0,401127935,5290.0,6,7,-178.0,159.0,-3.5,103.0,-113.0,49.0,-101.0,-111.0,0,outdoors,grass,50.0,4.0,00-0020531,00-0029701,Drew Brees,Ryan Tannehill,Sean Payton,Mike Vrabel,Jerome Boger,NAS00,Nissan Stadium,36.166389,-86.771389,2019-12-22 18:00:00+00:00,49.125,48.4,5.575,6.3,10.899999999999999,11.2,0.125,0.2,0.5,0.0,0.0,0.0,0.125,4
2019_16_NYG_WAS,2019,REG,16,2019-12-22,Sunday,13:00,NYG,41,WAS,35,Home,-6,76,1,2019122211,58135,,201912220was,13997.0,401127937,5291.0,7,7,-112.0,102.0,-1.0,-106.0,-104.0,42.0,-113.0,101.0,1,outdoors,grass,44.0,6.0,00-0035710,00-0035232,Daniel Jones,Dwayne Haskins,Pat Shurmur,Bill Callahan,Ronald Torbert,WAS00,FedExField,38.907778,-76.864444,2019-12-22 18:00:00+00:00,45.77499999999999,46.6,3.9250000000000003,4.4,11.55,13.6,0.0,0.0,0.0,0.0,0.0,0.0,0.0,4
2019_16_DET_DEN,2019,REG,16,2019-12-22,Sunday,16:05,DET,17,DEN,27,Home,10,44,0,2019122200,58124,,201912220den,13986.0,401127893,5286.0,7,7,333.0,-400.0,9.5,102.0,-112.0,40.0,-107.0,-104.0,0,outdoors,grass,67.0,3.0,00-0035040,00-0035704,David Blough,Drew Lock,Matt Patricia,Vic Fangio,Craig Wrolstad,DEN00,Empower Field at Mile High,39.743889,-105.02,2019-12-22 21:05:00+00:00,51.875,55.8,4.925000000000001,7.3,9.225,10.5,0.0,0.0,0.0,0.0,0.0,0.0,0.0,4
2019_16_OAK_LAC,2019,REG,16,2019-12-22,Sunday,16:05,OAK,24,LAC,17,Home,-7,41,0,2019122201,58125,,201912220sdg,13988.0,401127896,5292.0,7,7,274.0,-321.0,7.5,-113.0,103.0,45.0,-108.0,-103.0,1,outdoors,grass,64.0,10.0,00-0031280,00-0022942,Derek Carr,Philip Rivers,Jon Gruden,Anthony Lynn,Clay Martin,LAX97,StubHub Center,33.864,-118.261,2019-12-22 21:05:00+00:00,62.5,63.9,11.675,13.4,21.6,21.7,0.025,0.1,0.1,0.0,0.0,0.0,0.025,4
2019_16_DAL_PHI,2019,REG,16,2019-12-22,Sunday,16:25,DAL,9,PHI,17,Home,8,26,0,2019122212,58136,,201912220phi,13998.0,401127938,5295.0,7,7,-120.0,109.0,-2.0,101.0,-112.0,47.0,-104.0,-107.0,1,outdoors,grass,47.0,7.0,00-0033077,00-0032950,Dak Prescott,Carson Wentz,Jason Garrett,Doug Pederson,Tony Corrente,PHI00,Lincoln Financial Field,39.900833,-75.1675,2019-12-22 21:25:00+00:00,35.85,41.3,6.799999999999999,8.2,12.175,14.3,0.0,0.0,0.0,0.0,0.0,0.0,0.0,4
2019_16_ARI_SEA,2019,REG,16,2019-12-22,Sunday,16:25,ARI,27,SEA,13,Home,-14,40,0,2019122213,58137,,201912220sea,13999.0,401127941,5294.0,7,7,322.0,-385.0,8.0,-111.0,101.0,51.0,-106.0,-105.0,1,outdoors,fieldturf,43.0,7.0,00-0035228,00-0029263,Kyler Murray,Russell Wilson,Kliff Kingsbury,Pete Carroll,Bradley Rogers,SEA00,CenturyLink Field,47.5952,-122.3316,2019-12-22 21:25:00+00:00,44.25,44.4,10.55,12.3,19.4,22.1,0.0,0.0,0.0,0.0,0.0,0.0,0.0,4
2019_16_KC_CHI,2019,REG,16,2019-12-22,Sunday,20:20,KC,26,CHI,3,Home,-23,29,0,2019122214,58138,,201912220chi,14000.0,401127943,5296.0,7,7,-295.0,254.0,-6.5,-109.0,-101.0,45.5,-115.0,103.0,0,outdoors,grass,45.0,10.0,00-0033873,00-0033869,Patrick Mahomes,Mitch Trubisky,Andy Reid,Matt Nagy,Carl Cheffers,CHI98,Soldier Field,41.8623,-87.6167,2019-12-23 01:20:00+00:00,38.2,40.2,13.4,14.0,19.0,19.9,0.0,0.0,0.0,0.0,0.0,0.0,0.0,4
2019_17_NYJ_BUF,2019,REG,17,2019-12-29,Sunday,13:00,NYJ,13,BUF,6,Home,-7,19,0,2019122901,58141,,201912290buf,14002.0,401127973,5306.0,7,7,-124.0,112.0,-1.5,-110.0,-100.0,37.0,-105.0,-106.0,1,outdoors,astroturf,43.0,7.0,00-0034869,00-0030533,Sam Darnold,Matt Barkley,Adam Gase,Sean McDermott,Bradley Rogers,BUF00,New Era Field,42.774,-78.787,2019-12-29 18:00:00+00:00,45.724999999999994,45.9,5.925,7.2,12.725,13.9,1.725,3.5,6.9,0.0,0.0,0.0,1.725,4
2019_17_NO_CAR,2019,REG,17,2019-12-29,Sunday,13:00,NO,42,CAR,10,Home,-32,52,0,2019122902,58142,,201912290car,14011.0,401127975,5305.0,7,7,-660.0,510.0,-13.5,-106.0,-104.0,45.0,-108.0,-103.0,1,outdoors,grass,63.0,9.0,00-0020531,00-0035251,Drew Brees,Will Grier,Sean Payton,Ron Rivera,Ronald Torbert,CAR00,Bank of America Stadium,35.225833,-80.852778,2019-12-29 18:00:00+00:00,66.55,67.4,10.825,11.4,24.0,26.6,1.125,2.6,4.5,0.0,0.0,0.0,1.125,4
2019_17_CLE_CIN,2019,REG,17,2019-12-29,Sunday,13:00,CLE,23,CIN,33,Home,10,56,0,2019122903,58143,,201912290cin,14003.0,401127978,5300.0,7,7,-137.0,124.0,-2.5,-107.0,-103.0,44.0,-108.0,-103.0,1,outdoors,grass,64.0,7.0,00-0034855,00-0027973,Baker Mayfield,Andy Dalton,Freddie Kitchens,Zac Taylor,Adrian Hill,CIN00,Paul Brown Stadium,39.095,-84.516,2019-12-29 18:00:00+00:00,61.37499999999999,61.0,7.7,8.6,19.225,25.9,0.7250000000000001,1.5,2.9000000000000004,0.0,0.0,0.0,0.7250000000000001,4
2019_17_LAC_KC,2019,REG,17,2019-12-29,Sunday,13:00,LAC,21,KC,31,Home,10,52,0,2019122908,58148,,201912290kan,14006.0,401127990,5303.0,7,7,325.0,-389.0,10.0,-110.0,-100.0,46.0,-103.0,-108.0,1,outdoors,astroturf,40.0,16.0,00-0022942,00-0033873,Philip Rivers,Patrick Mahomes,Anthony Lynn,Andy Reid,Walt Anderson,KAN00,Arrowhead Stadium,39.048889,-94.483889,2019-12-29 18:00:00+00:00,39.849999999999994,39.9,13.475000000000001,13.7,28.924999999999997,29.5,0.0,0.0,0.0,0.0,0.0,0.0,0.0,4
2019_17_MIA_NE,2019,REG,17,2019-12-29,Sunday,13:00,MIA,27,NE,24,Home,-3,51,0,2019122910,58150,,201912290nwe,14008.0,401127909,5304.0,7,7,781.0,-1117.0,17.5,-109.0,-102.0,46.0,-104.0,-107.0,1,outdoors,grass,43.0,2.0,00-0023682,00-0019596,Ryan Fitzpatrick,Tom Brady,Brian Flores,Bill Belichick,Clay Martin,BOS00,Gillette Stadium,42.091,-71.264,2019-12-29 18:00:00+00:00,40.85,41.7,2.05,2.9,7.425000000000001,10.3,0.0,0.0,0.0,0.0,0.0,0.0,0.0,4
2019_17_ATL_TB,2019,REG,17,2019-12-29,Sunday,13:00,ATL,28,TB,22,Home,-6,50,1,2019122912,58152,,201912290tam,14010.0,401128034,5298.0,7,7,109.0,-120.0,1.0,101.0,-111.0,48.0,-107.0,-104.0,1,outdoors,grass,78.0,12.0,00-0026143,00-0031503,Matt Ryan,Jameis Winston,Dan Quinn,Bruce Arians,Carl Cheffers,TAM00,Raymond James Stadium,27.975833,-82.503333,2019-12-29 18:00:00+00:00,78.75,78.4,9.174999999999999,11.1,18.625,22.1,0.0,0.0,0.0,0.0,0.0,0.0,0.0,4
2019_17_PIT_BAL,2019,REG,17,2019-12-29,Sunday,16:25,PIT,10,BAL,28,Home,18,38,0,2019122900,58140,,201912290rav,14013.0,401127950,5308.0,7,7,-135.0,122.0,-2.0,-113.0,102.0,35.0,-107.0,-104.0,1,outdoors,grass,46.0,7.0,00-0035577,00-0029665,Devlin Hodges,Robert Griffin,Mike Tomlin,John Harbaugh,Bill Vinovich,BAL00,M&T Bank Stadium,39.278056,-76.622778,2019-12-29 21:25:00+00:00,47.050000000000004,48.3,6.0249999999999995,7.1,13.175,15.4,1.75,3.2,7.0,0.0,0.0,0.0,1.75,4
2019_17_OAK_DEN,2019,REG,17,2019-12-29,Sunday,16:25,OAK,15,DEN,16,Home,1,31,0,2019122913,58153,,201912290den,14015.0,401128036,5312.0,7,7,195.0,-221.0,5.5,-110.0,-101.0,41.5,-106.0,-105.0,1,outdoors,grass,31.0,6.0,00-0031280,00-0035704,Derek Carr,Drew Lock,Jon Gruden,Vic Fangio,Shawn Smith,DEN00,Empower Field at Mile High,39.743889,-105.02,2019-12-29 21:25:00+00:00,24.575,29.1,6.574999999999999,8.7,13.65,16.6,0.0,0.0,0.0,0.0,0.0,0.0,0.0,4
2019_17_IND_JAX,2019,REG,17,2019-12-29,Sunday,16:25,IND,20,JAX,38,Home,18,58,0,2019122907,58147,,201912290jax,14012.0,401127988,5302.0,7,7,-232.0,204.0,-5.0,-109.0,-101.0,41.5,-107.0,-104.0,1,outdoors,grass,,,00-0033119,00-0035289,Jacoby Brissett,Gardner Minshew,Frank Reich,Doug Marrone,Brad Allen,JAX00,TIAA Bank Stadium,30.323889,-81.6375,2019-12-29 21:25:00+00:00,71.9,73.3,8.6,11.6,16.95,19.7,0.0,0.0,0.0,0.0,0.0,0.0,0.0,4
2019_17_ARI_LA,2019,REG,17,2019-12-29,Sunday,16:25,ARI,24,LA,31,Home,7,55,0,2019122914,58154,,201912290ram,14016.0,401128038,5311.0,7,7,235.0,-271.0,7.0,-118.0,107.0,46.0,-104.0,-107.0,1,outdoors,grass,62.0,0.0,00-0035228,00-0033106,Kyler Murray,Jared Goff,Kliff Kingsbury,Sean McVay,Jerome Boger,LAX99,Los Angeles Memorial Coliseum,34.014167,-118.287778,2019-12-29 21:25:00+00:00,57.650000000000006,57.6,2.675,4.8,6.5,7.8,0.0,0.0,0.0,0.0,0.0,0.0,0.0,4
2019_17_PHI_NYG,2019,REG,17,2019-12-29,Sunday,16:25,PHI,34,NYG,17,Home,-17,51,0,2019122911,58151,,201912290nyg,14009.0,401128033,5307.0,7,7,-198.0,176.0,-4.0,-102.0,-108.0,44.0,-110.0,-101.0,1,outdoors,fieldturf,42.0,5.0,00-0032950,00-0035710,Carson Wentz,Daniel Jones,Doug Pederson,Pat Shurmur,Alex Kemp,NYC01,MetLife Stadium,40.813528,-74.074361,2019-12-29 21:25:00+00:00,39.35,40.4,5.25,5.9,10.075000000000001,11.9,0.6,1.4,2.4,0.0,0.0,0.0,0.6,4
2019_17_SF_SEA,2019,REG,17,2019-12-29,Sunday,20:20,SF,26,SEA,21,Home,-5,47,0,2019122915,58155,,201912290sea,14017.0,401128040,5313.0,7,7,-177.0,159.0,-3.5,101.0,-112.0,47.0,-102.0,-109.0,1,outdoors,fieldturf,51.0,3.0,00-0031345,00-0029263,Jimmy Garoppolo,Russell Wilson,Kyle Shanahan,Pete Carroll,Tony Corrente,SEA00,CenturyLink Field,47.5952,-122.3316,2019-12-30 01:20:00+00:00,44.875,45.8,4.8,5.0,8.424999999999999,8.9,0.0,0.0,0.0,0.0,0.0,0.0,0.0,4
2020_01_HOU_KC,2020,REG,1,2020-09-10,Thursday,20:20,HOU,20,KC,34,Home,14,54,0,2020091000,58168,,202009100kan,18532.0,401220225,5325.0,7,7,349.0,-423.0,9.5,-105.0,-105.0,53.5,-109.0,-102.0,0,outdoors,grass,56.0,7.0,00-0033537,00-0033873,Deshaun Watson,Patrick Mahomes,Bill O'Brien,Andy Reid,Clete Blakeman,KAN00,Arrowhead Stadium,39.048889,-94.483889,2020-09-11 00:20:00+00:00,57.550000000000004,57.7,6.325,7.2,13.775,15.2,0.0,0.0,0.0,0.0,0.0,0.0,0.0,4
2020_01_CLE_BAL,2020,REG,1,2020-09-13,Sunday,13:00,CLE,6,BAL,38,Home,32,44,0,2020091301,58170,,202009130rav,18534.0,401220147,5327.0,7,7,260.0,-302.0,7.0,-107.0,-103.0,47.0,100.0,-112.0,1,outdoors,grass,76.0,5.0,00-0034855,00-0034796,Baker Mayfield,Lamar Jackson,Kevin Stefanski,John Harbaugh,Ronald Torbert,BAL00,M&T Bank Stadium,39.278056,-76.622778,2020-09-13 17:00:00+00:00,74.92500000000001,72.9,5.15,6.1,12.25,13.0,0.07500000000000001,0.1,0.30000000000000004,0.0,0.0,0.0,0.07500000000000001,4
2020_01_NYJ_BUF,2020,REG,1,2020-09-13,Sunday,13:00,NYJ,17,BUF,27,Home,10,44,0,2020091302,58171,,202009130buf,18535.0,401220116,5332.0,7,7,242.0,-279.0,6.5,-110.0,100.0,39.5,-114.0,102.0,1,outdoors,astroturf,67.0,15.0,00-0034869,00-0034857,Sam Darnold,Josh Allen,Adam Gase,Sean McDermott,Shawn Smith,BUF00,New Era Field,42.774,-78.787,2020-09-13 17:00:00+00:00,70.60000000000001,68.9,15.5,15.8,32.225,34.0,0.175,0.7,0.7,0.0,0.0,0.0,0.175,4
2020_01_LV_CAR,2020,REG,1,2020-09-13,Sunday,13:00,LV,34,CAR,30,Home,-4,64,0,2020091303,58172,,202009130car,18536.0,401220370,5330.0,7,7,-124.0,134.0,-3.0,-112.0,-113.0,48.0,-101.0,-110.0,0,outdoors,grass,81.0,5.0,00-0031280,00-0031237,Derek Carr,Teddy Bridgewater,Jon Gruden,Matt Rhule,Brad Allen,CAR00,Bank of America Stadium,35.225833,-80.852778,2020-09-13 17:00:00+00:00,82.25,79.1,1.6,2.7,9.725,11.4,0.0,0.0,0.0,0.0,0.0,0.0,0.0,4
2020_01_IND_JAX,2020,REG,1,2020-09-13,Sunday,13:00,IND,20,JAX,27,Home,7,47,0,2020091305,58174,,202009130jax,18538.0,401220195,5329.0,7,7,-309.0,265.0,-7.0,-108.0,-102.0,44.0,-103.0,-108.0,1,outdoors,grass,80.0,3.0,00-0022942,00-0035289,Philip Rivers,Gardner Minshew,Frank Reich,Doug Marrone,John Hussey,JAX00,TIAA Bank Stadium,30.323889,-81.6375,2020-09-13 17:00:00+00:00,86.6,87.4,14.65,15.5,26.6,27.1,0.07500000000000001,0.1,0.30000000000000004,0.0,0.0,0.0,0.07500000000000001,4
2020_01_MIA_NE,2020,REG,1,2020-09-13,Sunday,13:00,MIA,11,NE,21,Home,10,32,0,2020091307,58176,,202009130nwe,18540.0,401220131,5331.0,7,7,278.0,-327.0,7.5,-112.0,102.0,41.5,-110.0,-101.0,1,outdoors,grass,70.0,8.0,00-0023682,00-0027939,Ryan Fitzpatrick,Cam Newton,Brian Flores,Bill Belichick,Adrian Hill,BOS00,Gillette Stadium,42.091,-71.264,2020-09-13 17:00:00+00:00,72.67500000000001,72.5,10.025,11.9,24.825,28.2,0.0,0.0,0.0,0.0,0.0,0.0,0.0,4
2020_01_PHI_WAS,2020,REG,1,2020-09-13,Sunday,13:00,PHI,17,WAS,27,Home,10,44,0,2020091308,58177,,202009130was,18541.0,401220268,5333.0,7,7,-227.0,200.0,-5.5,-106.0,-104.0,41.5,-111.0,-100.0,1,outdoors,grass,76.0,5.0,00-0032950,00-0035232,Carson Wentz,Dwayne Haskins,Doug Pederson,Ron Rivera,Brad Rogers,WAS00,FedExField,38.907778,-76.864444,2020-09-13 17:00:00+00:00,76.45,72.9,5.574999999999999,6.6,14.9,16.6,0.025,0.1,0.1,0.0,0.0,0.0,0.025,4
2020_01_LAC_CIN,2020,REG,1,2020-09-13,Sunday,16:05,LAC,16,CIN,13,Home,-3,29,0,2020091309,58178,,202009130cin,18542.0,401220161,5335.0,7,7,-129.0,117.0,-2.5,-100.0,-110.0,41.5,-114.0,102.0,0,outdoors,grass,83.0,6.0,00-0028118,00-0036442,Tyrod Taylor,Joe Burrow,Anthony Lynn,Zac Taylor,Clay Martin,CIN00,Paul Brown Stadium,39.095,-84.516,2020-09-13 20:05:00+00:00,81.0,82.2,4.025,4.9,10.950000000000001,12.3,0.0,0.0,0.0,0.0,0.0,0.0,0.0,4
2020_01_ARI_SF,2020,REG,1,2020-09-13,Sunday,16:25,ARI,24,SF,20,Home,-4,44,0,2020091311,58180,,202009130sfo,18544.0,401220352,5336.0,7,7,242.0,-280.0,7.0,-123.0,111.0,48.5,106.0,-118.0,1,outdoors,grass,66.0,6.0,00-0035228,00-0031345,Kyler Murray,Jimmy Garoppolo,Kliff Kingsbury,Kyle Shanahan,Carl Cheffers,SFO01,Levi's Stadium,37.403,-121.97,2020-09-13 20:25:00+00:00,74.04999999999998,72.1,11.3,13.2,21.875,24.6,0.0,0.0,0.0,0.0,0.0,0.0,0.0,4
2020_01_PIT_NYG,2020,REG,1,2020-09-14,Monday,19:15,PIT,26,NYG,16,Home,-10,42,0,2020091400,58182,,202009140nyg,18546.0,401220256,5339.0,7,7,-253.0,221.0,-6.0,-105.0,-105.0,44.0,-105.0,-106.0,0,outdoors,fieldturf,71.0,5.0,00-0022924,00-0035710,Ben Roethlisberger,Daniel Jones,Mike Tomlin,Joe Judge,Craig Wrolstad,NYC01,MetLife Stadium,40.813528,-74.074361,2020-09-14 23:15:00+00:00,65.25,69.4,11.9,12.9,21.225,23.7,0.0,0.0,0.0,0.0,0.0,0.0,0.0,4
2020_01_TEN_DEN,2020,REG,1,2020-09-14,Monday,22:10,TEN,16,DEN,14,Home,-2,30,0,2020091401,58183,,202009140den,18547.0,401220217,5340.0,7,7,-175.0,157.0,-3.0,-121.0,109.0,41.0,100.0,-112.0,0,outdoors,grass,79.0,10.0,00-0029701,00-0035704,Ryan Tannehill,Drew Lock,Mike Vrabel,Vic Fangio,Scott Novak,DEN00,Empower Field at Mile High,39.743889,-105.02,2020-09-15 02:10:00+00:00,64.925,67.5,6.625,8.3,11.625,13.6,0.0,0.0,0.0,0.0,0.0,0.0,0.0,4
2020_02_CIN_CLE,2020,REG,2,2020-09-17,Thursday,20:20,CIN,30,CLE,35,Home,5,65,0,2020091700,58184,,202009170cle,18548.0,401220163,5341.0,4,4,213.0,-243.0,6.0,-111.0,100.0,44.5,101.0,-113.0,1,outdoors,grass,65.0,8.0,00-0036442,00-0034855,Joe Burrow,Baker Mayfield,Zac Taylor,Kevin Stefanski,Shawn Smith,CLE00,FirstEnergy Stadium,41.506111,-81.699444,2020-09-18 00:20:00+00:00,61.05,62.6,10.675,14.8,18.125,25.5,0.0,0.0,0.0,0.0,0.0,0.0,0.0,4
2020_02_NYG_CHI,2020,REG,2,2020-09-20,Sunday,13:00,NYG,13,CHI,17,Home,4,30,0,2020092000,58185,,202009200chi,18549.0,401220281,5350.0,6,7,196.0,-222.0,4.5,-105.0,-105.0,42.5,-103.0,-108.0,0,outdoors,grass,66.0,12.0,00-0035710,00-0033869,Daniel Jones,Mitch Trubisky,Joe Judge,Matt Nagy,Bill Vinovich,CHI98,Soldier Field,41.8623,-87.6167,2020-09-20 17:00:00+00:00,66.625,64.7,11.075,11.6,19.95,20.4,0.0,0.0,0.0,0.0,0.0,0.0,0.0,4
2020_02_DET_GB,2020,REG,2,2020-09-20,Sunday,13:00,DET,21,GB,42,Home,21,63,0,2020092002,58187,,202009200gnb,18551.0,401220291,5346.0,7,7,245.0,-284.0,7.0,-113.0,102.0,51.0,-101.0,-110.0,1,outdoors,grass,66.0,12.0,00-0026498,00-0023459,Matthew Stafford,Aaron Rodgers,Matt Patricia,Matt LaFleur,Clete Blakeman,GNB00,Lambeau Field,44.501389,-88.062222,2020-09-20 17:00:00+00:00,68.14999999999999,66.7,10.325,10.6,22.074999999999996,22.4,0.0,0.0,0.0,0.0,0.0,0.0,0.0,4
2020_02_BUF_MIA,2020,REG,2,2020-09-20,Sunday,13:00,BUF,31,MIA,28,Home,-3,59,0,2020092004,58189,,202009200mia,18553.0,401220122,5343.0,7,7,-244.0,214.0,-5.5,-109.0,-101.0,42.5,-102.0,-109.0,1,outdoors,grass,90.0,5.0,00-0034857,00-0023682,Josh Allen,Ryan Fitzpatrick,Sean McDermott,Brian Flores,Jerome Boger,MIA00,Hard Rock Stadium,25.958056,-80.238889,2020-09-20 17:00:00+00:00,86.2,88.7,3.1000000000000005,4.9,12.825000000000001,16.3,0.7,1.9,2.8,0.0,0.0,0.0,0.7,4
2020_02_SF_NYJ,2020,REG,2,2020-09-20,Sunday,13:00,SF,31,NYJ,13,Home,-18,44,0,2020092005,58190,,202009200nyj,18554.0,401220144,5351.0,7,7,-301.0,259.0,-7.0,101.0,-111.0,41.5,-108.0,-103.0,0,outdoors,fieldturf,61.0,7.0,00-0031345,00-0034869,Jimmy Garoppolo,Sam Darnold,Kyle Shanahan,Adam Gase,Ronald Torbert,NYC01,MetLife Stadium,40.813528,-74.074361,2020-09-20 17:00:00+00:00,61.575,60.9,10.225000000000001,10.8,21.925,23.0,0.0,0.0,0.0,0.0,0.0,0.0,0.0,4
2020_02_LA_PHI,2020,REG,2,2020-09-20,Sunday,13:00,LA,37,PHI,19,Home,-18,56,0,2020092006,58191,,202009200phi,18555.0,401220261,5348.0,7,7,111.0,-123.0,2.0,-107.0,-103.0,46.0,-105.0,-106.0,0,outdoors,grass,62.0,12.0,00-0033106,00-0032950,Jared Goff,Carson Wentz,Sean McVay,Doug Pederson,Brad Allen,PHI00,Lincoln Financial Field,39.900833,-75.1675,2020-09-20 17:00:00+00:00,64.22500000000001,63.6,10.1,10.4,21.2,21.5,0.0,0.0,0.0,0.0,0.0,0.0,0.0,4
2020_02_DEN_PIT,2020,REG,2,2020-09-20,Sunday,13:00,DEN,21,PIT,26,Home,5,47,0,2020092007,58192,,202009200pit,18556.0,401220177,5345.0,6,6,232.0,-267.0,6.0,-100.0,-110.0,41.0,-114.0,102.0,0,outdoors,grass,64.0,5.0,00-0035704,00-0022924,Drew Lock,Ben Roethlisberger,Vic Fangio,Mike Tomlin,Adrian Hill,PIT00,Heinz Field,40.446667,-80.015833,2020-09-20 17:00:00+00:00,65.225,63.5,5.800000000000001,6.1,15.675,15.9,0.0,0.0,0.0,0.0,0.0,0.0,0.0,4
2020_02_CAR_TB,2020,REG,2,2020-09-20,Sunday,13:00,CAR,17,TB,31,Home,14,48,0,2020092008,58193,,202009200tam,18557.0,401220329,5344.0,7,7,290.0,-342.0,7.5,-106.0,-104.0,47.0,-108.0,-103.0,1,outdoors,grass,85.0,17.0,00-0031237,00-0019596,Teddy Bridgewater,Tom Brady,Matt Rhule,Bruce Arians,John Hussey,TAM00,Raymond James Stadium,27.975833,-82.503333,2020-09-20 17:00:00+00:00,80.425,82.9,16.95,20.0,32.45,33.6,5.1,13.3,20.4,0.0,0.0,0.0,5.1,4
2020_02_JAX_TEN,2020,REG,2,2020-09-20,Sunday,13:00,JAX,30,TEN,33,Home,3,63,0,2020092009,58194,,202009200oti,18558.0,401220204,5347.0,7,6,254.0,-295.0,7.0,-116.0,105.0,44.5,-103.0,-108.0,1,outdoors,grass,72.0,5.0,00-0035289,00-0029701,Gardner Minshew,Ryan Tannehill,Doug Marrone,Mike Vrabel,Clay Martin,NAS00,Nissan Stadium,36.166389,-86.771389,2020-09-20 17:00:00+00:00,74.375,73.0,5.4,6.3,14.100000000000001,15.4,0.0,0.0,0.0,0.0,0.0,0.0,0.0,4
2020_02_NE_SEA,2020,REG,2,2020-09-20,Sunday,20:20,NE,30,SEA,35,Home,5,65,0,2020092013,58198,,202009200sea,18562.0,401220365,5355.0,7,7,177.0,-199.0,4.0,-102.0,-108.0,45.0,-113.0,101.0,0,outdoors,fieldturf,70.0,5.0,00-0027939,00-0029263,Cam Newton,Russell Wilson,Bill Belichick,Pete Carroll,Craig Wrolstad,SEA00,CenturyLink Field,47.5952,-122.3316,2020-09-21 00:20:00+00:00,65.35,68.5,3.45,4.8,9.275,12.3,0.0,0.0,0.0,0.0,0.0,0.0,0.0,4
2020_03_MIA_JAX,2020,REG,3,2020-09-24,Thursday,20:20,MIA,31,JAX,13,Home,-18,44,0,2020092400,58200,,202009240jax,18564.0,401220201,5357.0,4,4,124.0,-138.0,3.0,-126.0,114.0,49.0,-105.0,-106.0,0,outdoors,grass,81.0,12.0,00-0023682,00-0035289,Ryan Fitzpatrick,Gardner Minshew,Brian Flores,Doug Marrone,Brad Allen,JAX00,TIAA Bank Stadium,30.323889,-81.6375,2020-09-25 00:20:00+00:00,77.5,77.8,10.399999999999999,11.4,18.0,18.6,0.0,0.0,0.0,0.0,0.0,0.0,0.0,4
2020_03_LA_BUF,2020,REG,3,2020-09-27,Sunday,13:00,LA,32,BUF,35,Home,3,67,0,2020092701,58202,,202009270buf,18566.0,401220119,5362.0,7,7,114.0,-126.0,1.5,-100.0,-110.0,46.5,-112.0,100.0,0,outdoors,astroturf,79.0,16.0,00-0033106,00-0034857,Jared Goff,Josh Allen,Sean McVay,Sean McDermott,Alex Kemp,BUF00,New Era Field,42.774,-78.787,2020-09-27 17:00:00+00:00,76.05,78.4,9.225,12.0,23.875,28.9,0.0,0.0,0.0,0.0,0.0,0.0,0.0,4
2020_03_WAS_CLE,2020,REG,3,2020-09-27,Sunday,13:00,WAS,20,CLE,34,Home,14,54,0,2020092702,58203,,202009270cle,18567.0,401220168,5365.0,7,10,282.0,-331.0,7.5,-115.0,104.0,45.0,-101.0,-110.0,0,outdoors,grass,73.0,18.0,00-0035232,00-0034855,Dwayne Haskins,Baker Mayfield,Ron Rivera,Kevin Stefanski,Shawn Hochuli,CLE00,FirstEnergy Stadium,41.506111,-81.699444,2020-09-27 17:00:00+00:00,79.95,78.3,14.15,14.3,23.325,23.7,0.0,0.0,0.0,0.0,0.0,0.0,0.0,4
2020_03_LV_NE,2020,REG,3,2020-09-27,Sunday,13:00,LV,20,NE,36,Home,16,56,0,2020092704,58205,,202009270nwe,18569.0,401220134,5361.0,6,7,266.0,-311.0,7.0,-105.0,-105.0,47.0,-102.0,-110.0,0,outdoors,grass,73.0,8.0,00-0031280,00-0027939,Derek Carr,Cam Newton,Jon Gruden,Bill Belichick,Ronald Torbert,BOS00,Gillette Stadium,42.091,-71.264,2020-09-27 17:00:00+00:00,77.15,77.5,9.925,10.5,24.325000000000003,24.8,0.07500000000000001,0.2,0.30000000000000004,0.0,0.0,0.0,0.07500000000000001,4
2020_03_SF_NYG,2020,REG,3,2020-09-27,Sunday,13:00,SF,36,NYG,9,Home,-27,45,0,2020092705,58206,,202009270nyg,18570.0,401220254,5363.0,7,7,-149.0,134.0,-3.0,-101.0,-109.0,44.0,-111.0,-100.0,0,outdoors,fieldturf,75.0,2.0,00-0033319,00-0035710,Nick Mullens,Daniel Jones,Kyle Shanahan,Joe Judge,Clay Martin,NYC01,MetLife Stadium,40.813528,-74.074361,2020-09-27 17:00:00+00:00,76.55,75.6,5.35,6.5,12.974999999999998,13.6,0.0,0.0,0.0,0.0,0.0,0.0,0.0,4
2020_03_CIN_PHI,2020,REG,3,2020-09-27,Sunday,13:00,CIN,23,PHI,23,Home,0,46,1,2020092706,58207,,202009270phi,18571.0,401220264,5359.0,10,7,205.0,-233.0,5.5,-105.0,-105.0,46.5,100.0,-112.0,0,outdoors,grass,76.0,5.0,00-0036442,00-0032950,Joe Burrow,Carson Wentz,Zac Taylor,Doug Pederson,Adrian Hill,PHI00,Lincoln Financial Field,39.900833,-75.1675,2020-09-27 17:00:00+00:00,77.725,77.5,3.475,4.2,9.25,9.8,0.0,0.0,0.0,0.0,0.0,0.0,0.0,4
2020_03_HOU_PIT,2020,REG,3,2020-09-27,Sunday,13:00,HOU,21,PIT,28,Home,7,49,0,2020092707,58208,,202009270pit,18572.0,401220173,5360.0,7,7,174.0,-196.0,4.0,-110.0,-100.0,46.5,-109.0,-102.0,0,outdoors,grass,79.0,6.0,00-0033537,00-0022924,Deshaun Watson,Ben Roethlisberger,Bill O'Brien,Mike Tomlin,Shawn Smith,PIT00,Heinz Field,40.446667,-80.015833,2020-09-27 17:00:00+00:00,78.625,76.4,9.225000000000001,9.8,21.6,22.4,0.0,0.0,0.0,0.0,0.0,0.0,0.0,4
2020_03_TB_DEN,2020,REG,3,2020-09-27,Sunday,16:25,TB,28,DEN,10,Home,-18,38,0,2020092711,58212,,202009270den,18576.0,401220216,5370.0,7,7,-264.0,230.0,-6.0,-105.0,-105.0,42.5,-103.0,-108.0,0,outdoors,grass,55.0,7.0,00-0019596,00-0032436,Tom Brady,Jeff Driskel,Bruce Arians,Vic Fangio,Land Clark,DEN00,Empower Field at Mile High,39.743889,-105.02,2020-09-27 20:25:00+00:00,55.5,56.7,10.4,13.8,22.1,26.4,0.0,0.0,0.0,0.0,0.0,0.0,0.0,4
2020_03_DAL_SEA,2020,REG,3,2020-09-27,Sunday,16:25,DAL,31,SEA,38,Home,7,69,0,2020092712,58213,,202009270sea,18577.0,401220363,5368.0,7,7,208.0,-237.0,5.5,-104.0,-106.0,58.0,-116.0,104.0,0,outdoors,fieldturf,63.0,3.0,00-0033077,00-0029263,Dak Prescott,Russell Wilson,Mike McCarthy,Pete Carroll,Carl Cheffers,SEA00,CenturyLink Field,47.5952,-122.3316,2020-09-27 20:25:00+00:00,63.225,61.8,4.725,7.4,12.525,15.9,0.0,0.0,0.0,0.0,0.0,0.0,0.0,4
2020_03_KC_BAL,2020,REG,3,2020-09-28,Monday,20:15,KC,34,BAL,20,Home,-14,54,0,2020092800,58215,,202009280rav,18579.0,401220153,5372.0,8,8,156.0,-174.0,3.5,-112.0,102.0,55.0,-115.0,104.0,0,outdoors,grass,73.0,8.0,00-0033873,00-0034796,Patrick Mahomes,Lamar Jackson,Andy Reid,John Harbaugh,John Hussey,BAL00,M&T Bank Stadium,39.278056,-76.622778,2020-09-29 00:15:00+00:00,70.45,70.7,11.125000000000002,12.4,19.950000000000003,21.7,0.05,0.2,0.2,0.0,0.0,0.0,0.05,4
2020_04_DEN_NYJ,2020,REG,4,2020-10-01,Thursday,20:20,DEN,37,NYJ,28,Home,-9,65,0,2020100100,58216,,202010010nyj,18580.0,401220141,5373.0,4,4,104.0,-114.0,1.0,-102.0,-108.0,41.0,-101.0,-110.0,0,outdoors,fieldturf,64.0,6.0,00-0034955,00-0034869,Brett Rypien,Sam Darnold,Vic Fangio,Adam Gase,Jerome Boger,NYC01,MetLife Stadium,40.813528,-74.074361,2020-10-02 00:20:00+00:00,63.925,65.5,6.075,7.0,10.174999999999999,12.5,0.0,0.0,0.0,0.0,0.0,0.0,0.0,4
2020_04_ARI_CAR,2020,REG,4,2020-10-04,Sunday,13:00,ARI,21,CAR,31,Home,10,52,0,2020100400,58217,,202010040car,18581.0,401220320,5374.0,7,7,-157.0,141.0,-3.0,-105.0,-105.0,52.5,-116.0,104.0,0,outdoors,grass,68.0,8.0,00-0035228,00-0031237,Kyler Murray,Teddy Bridgewater,Kliff Kingsbury,Matt Rhule,Ronald Torbert,CAR00,Bank of America Stadium,35.225833,-80.852778,2020-10-04 17:00:00+00:00,68.725,67.0,4.475,5.9,14.375,16.6,0.0,0.0,0.0,0.0,0.0,0.0,0.0,4
2020_04_JAX_CIN,2020,REG,4,2020-10-04,Sunday,13:00,JAX,25,CIN,33,Home,8,58,0,2020100402,58219,,202010040cin,18583.0,401220157,5378.0,10,7,101.0,-112.0,1.0,-106.0,-104.0,50.0,-106.0,-105.0,0,outdoors,grass,64.0,6.0,00-0035289,00-0036442,Gardner Minshew II,Joe Burrow,Doug Marrone,Zac Taylor,Alex Kemp,CIN00,Paul Brown Stadium,39.095,-84.516,2020-10-04 17:00:00+00:00,61.02499999999999,64.6,8.25,10.3,19.625,21.5,0.35,0.8,1.4,0.0,0.0,0.0,0.35,4
2020_04_SEA_MIA,2020,REG,4,2020-10-04,Sunday,13:00,SEA,31,MIA,23,Home,-8,54,0,2020100406,58223,,202010040mia,18587.0,401220128,5383.0,7,10,-223.0,196.0,-4.5,-106.0,-104.0,55.0,-113.0,101.0,0,outdoors,grass,86.0,13.0,00-0029263,00-0023682,Russell Wilson,Ryan Fitzpatrick,Pete Carroll,Brian Flores,Scott Novak,MIA00,Hard Rock Stadium,25.958056,-80.238889,2020-10-04 17:00:00+00:00,86.05000000000001,86.5,10.275,13.0,24.375,25.7,0.175,0.2,0.7,0.0,0.0,0.0,0.175,4
2020_04_LAC_TB,2020,REG,4,2020-10-04,Sunday,13:00,LAC,31,TB,38,Home,7,69,0,2020100407,58224,,202010040tam,18588.0,401220334,5379.0,7,7,282.0,-331.0,7.5,-114.0,103.0,42.5,-111.0,-100.0,0,outdoors,grass,75.0,6.0,00-0036355,00-0019596,Justin Herbert,Tom Brady,Anthony Lynn,Bruce Arians,Brad Allen,TAM00,Raymond James Stadium,27.975833,-82.503333,2020-10-04 17:00:00+00:00,75.375,74.8,11.075,12.7,18.7,21.3,0.85,1.6,3.4,0.0,0.0,0.0,0.85,4
2020_04_BAL_WAS,2020,REG,4,2020-10-04,Sunday,13:00,BAL,31,WAS,17,Home,-14,48,0,2020100409,58226,,202010040was,18590.0,401220271,5375.0,6,7,-958.0,692.0,-14.5,104.0,-115.0,45.0,-113.0,102.0,0,outdoors,grass,65.0,5.0,00-0034796,00-0035232,Lamar Jackson,Dwayne Haskins,John Harbaugh,Ron Rivera,Adrian Hill,WAS00,FedExField,38.907778,-76.864444,2020-10-04 17:00:00+00:00,65.9,65.6,4.75,5.8,14.45,15.7,0.0,0.0,0.0,0.0,0.0,0.0,0.0,4
2020_04_IND_CHI,2020,REG,4,2020-10-04,Sunday,16:25,IND,19,CHI,11,Home,-8,30,0,2020100401,58218,,202010040chi,18582.0,401220280,5377.0,7,7,-174.0,156.0,-3.5,102.0,-112.0,43.5,-110.0,-101.0,0,outdoors,grass,52.0,10.0,00-0022942,00-0029567,Philip Rivers,Nick Foles,Frank Reich,Matt Nagy,Craig Wrolstad,CHI98,Soldier Field,41.8623,-87.6167,2020-10-04 20:25:00+00:00,52.175,53.1,12.674999999999999,13.9,21.7,24.2,0.0,0.0,0.0,0.0,0.0,0.0,0.0,4
2020_04_PHI_SF,2020,REG,4,2020-10-04,Sunday,20:20,PHI,25,SF,20,Home,-5,45,0,2020100413,58230,,202010040sfo,18594.0,401220355,5387.0,7,7,273.0,-320.0,8.5,-116.0,105.0,45.5,-108.0,-103.0,0,outdoors,grass,84.0,12.0,00-0032950,00-0033319,Carson Wentz,Nick Mullens,Doug Pederson,Kyle Shanahan,Bill Vinovich,SFO01,Levi's Stadium,37.403,-121.97,2020-10-05 00:20:00+00:00,72.6,79.3,8.35,9.3,17.5,22.4,0.0,0.0,0.0,0.0,0.0,0.0,0.0,4
2020_04_NE_KC,2020,REG,4,2020-10-05,Monday,19:05,NE,10,KC,26,Home,16,36,0,2020100501,58228,,202010050kan,18592.0,401220221,5386.0,8,7,257.0,-299.0,7.0,-114.0,103.0,52.5,-106.0,-105.0,0,outdoors,astroturf,73.0,14.0,00-0026625,00-0033873,Brian Hoyer,Patrick Mahomes,Bill Belichick,Andy Reid,Tony Corrente,KAN00,Arrowhead Stadium,39.048889,-94.483889,2020-10-05 23:05:00+00:00,67.275,69.3,11.350000000000001,12.5,24.125,27.1,0.0,0.0,0.0,0.0,0.0,0.0,0.0,4
2020_04_ATL_GB,2020,REG,4,2020-10-05,Monday,21:00,ATL,16,GB,30,Home,14,46,0,2020100500,58231,,202010050gnb,18595.0,401220293,5388.0,8,8,195.0,-221.0,5.0,-110.0,-100.0,56.5,-112.0,100.0,0,outdoors,grass,53.0,9.0,00-0026143,00-0023459,Matt Ryan,Aaron Rodgers,Dan Quinn,Matt LaFleur,Carl Cheffers,GNB00,Lambeau Field,44.501389,-88.062222,2020-10-06 01:00:00+00:00,55.175,56.1,14.8,15.9,29.1,30.2,0.0,0.0,0.0,0.0,0.0,0.0,0.0,4
2020_05_TB_CHI,2020,REG,5,2020-10-08,Thursday,20:20,TB,19,CHI,20,Home,1,39,0,2020100800,58232,,202010080chi,18596.0,401220278,5389.0,4,4,-184.0,164.0,-3.5,-102.0,-108.0,44.0,-109.0,-102.0,0,outdoors,grass,57.0,7.0,00-0019596,00-0029567,Tom Brady,Nick Foles,Bruce Arians,Matt Nagy,Alex Kemp,CHI98,Soldier Field,41.8623,-87.6167,2020-10-09 00:20:00+00:00,55.925,56.9,7.725,8.6,10.975000000000001,12.1,0.0,0.0,0.0,0.0,0.0,0.0,0.0,4
2020_05_CIN_BAL,2020,REG,5,2020-10-11,Sunday,13:00,CIN,3,BAL,27,Home,24,30,0,2020101101,58234,,202010110rav,18598.0,401220146,5393.0,7,7,547.0,-718.0,12.5,-105.0,-105.0,49.0,-103.0,-108.0,1,outdoors,grass,69.0,3.0,00-0036442,00-0034796,Joe Burrow,Lamar Jackson,Zac Taylor,John Harbaugh,Jerome Boger,BAL00,M&T Bank Stadium,39.278056,-76.622778,2020-10-11 17:00:00+00:00,68.3,68.5,6.225,7.4,12.775,13.6,0.525,1.0,2.1,0.0,0.0,0.0,0.525,4
2020_05_LV_KC,2020,REG,5,2020-10-11,Sunday,13:00,LV,40,KC,32,Home,-8,72,0,2020101103,58236,,202010110kan,18600.0,401220219,5396.0,7,6,387.0,-476.0,11.0,-114.0,104.0,54.5,-102.0,-109.0,1,outdoors,astroturf,80.0,16.0,00-0031280,00-0033873,Derek Carr,Patrick Mahomes,Jon Gruden,Andy Reid,Clete Blakeman,KAN00,Arrowhead Stadium,39.048889,-94.483889,2020-10-11 17:00:00+00:00,80.92500000000001,78.1,12.75,14.2,27.950000000000003,30.4,0.0,0.0,0.0,0.0,0.0,0.0,0.0,4
2020_05_ARI_NYJ,2020,REG,5,2020-10-11,Sunday,13:00,ARI,30,NYJ,10,Home,-20,40,0,2020101105,58238,,202010110nyj,18602.0,401220143,5390.0,7,10,-295.0,254.0,-7.0,106.0,-117.0,48.5,-112.0,100.0,0,outdoors,fieldturf,64.0,8.0,00-0035228,00-0026158,Kyler Murray,Joe Flacco,Kliff Kingsbury,Adam Gase,Adrian Hill,NYC01,MetLife Stadium,40.813528,-74.074361,2020-10-11 17:00:00+00:00,65.525,65.4,7.925,9.3,16.825,17.9,0.0,0.0,0.0,0.0,0.0,0.0,0.0,4
2020_05_PHI_PIT,2020,REG,5,2020-10-11,Sunday,13:00,PHI,29,PIT,38,Home,9,67,0,2020101106,58239,,202010110pit,18603.0,401220175,5398.0,7,14,312.0,-372.0,7.5,-103.0,-107.0,44.0,-107.0,-104.0,0,outdoors,grass,70.0,4.0,00-0032950,00-0022924,Carson Wentz,Ben Roethlisberger,Doug Pederson,Mike Tomlin,Ronald Torbert,PIT00,Heinz Field,40.446667,-80.015833,2020-10-11 17:00:00+00:00,70.725,69.9,6.7,8.2,15.724999999999998,18.1,0.0,0.0,0.0,0.0,0.0,0.0,0.0,4
2020_05_LA_WAS,2020,REG,5,2020-10-11,Sunday,13:00,LA,30,WAS,10,Home,-20,40,0,2020101108,58241,,202010110was,18605.0,401220269,5397.0,7,7,-305.0,262.0,-7.0,-101.0,-109.0,45.0,-108.0,-103.0,0,outdoors,grass,69.0,2.0,00-0033106,00-0034577,Jared Goff,Kyle Allen,Sean McVay,Ron Rivera,Shawn Smith,WAS00,FedExField,38.907778,-76.864444,2020-10-11 17:00:00+00:00,68.225,68.9,3.1500000000000004,4.7,9.2,12.5,0.725,1.0,2.9,0.0,0.0,0.0,0.725,4
2020_05_MIA_SF,2020,REG,5,2020-10-11,Sunday,16:05,MIA,43,SF,17,Home,-26,60,0,2020101109,58242,,202010110sfo,18606.0,401220358,5399.0,7,7,301.0,-357.0,8.5,-119.0,108.0,50.5,-110.0,-101.0,0,outdoors,grass,73.0,6.0,00-0023682,00-0031345,Ryan Fitzpatrick,Jimmy Garoppolo,Brian Flores,Kyle Shanahan,Land Clark,SFO01,Levi's Stadium,37.403,-121.97,2020-10-11 20:05:00+00:00,77.825,78.3,12.774999999999999,14.4,23.174999999999997,25.9,0.0,0.0,0.0,0.0,0.0,0.0,0.0,4
2020_05_IND_CLE,2020,REG,5,2020-10-11,Sunday,16:25,IND,23,CLE,32,Home,9,55,0,2020101110,58243,,202010110cle,18607.0,401220166,5400.0,7,7,-101.0,-110.0,1.0,-107.0,-103.0,48.5,-112.0,101.0,0,outdoors,grass,64.0,16.0,00-0022942,00-0034855,Philip Rivers,Baker Mayfield,Frank Reich,Kevin Stefanski,Scott Novak,CLE00,FirstEnergy Stadium,41.506111,-81.699444,2020-10-11 20:25:00+00:00,60.2,61.0,15.324999999999998,16.7,25.800000000000004,27.3,0.0,0.0,0.0,0.0,0.0,0.0,0.0,4
2020_05_MIN_SEA,2020,REG,5,2020-10-11,Sunday,20:20,MIN,26,SEA,27,Home,1,53,0,2020101112,58245,,202010110sea,18609.0,401220367,5402.0,7,7,245.0,-284.0,6.5,-105.0,-105.0,54.0,-112.0,100.0,0,outdoors,fieldturf,54.0,10.0,00-0029604,00-0029263,Kirk Cousins,Russell Wilson,Mike Zimmer,Pete Carroll,Tony Corrente,SEA00,CenturyLink Field,47.5952,-122.3316,2020-10-12 00:20:00+00:00,56.5,55.5,20.875,23.3,42.849999999999994,46.5,1.3250000000000002,1.8,5.300000000000001,0.0,0.0,0.0,1.3250000000000002,4
2020_05_BUF_TEN,2020,REG,5,2020-10-13,Tuesday,19:00,BUF,16,TEN,42,Home,26,58,0,2020101300,58240,,202010130oti,18604.0,401220209,5391.0,9,16,-168.0,150.0,-3.0,-108.0,-102.0,52.0,-106.0,-105.0,0,outdoors,grass,73.0,3.0,00-0034857,00-0029701,Josh Allen,Ryan Tannehill,Sean McDermott,Mike Vrabel,Carl Cheffers,NAS00,Nissan Stadium,36.166389,-86.771389,2020-10-13 23:00:00+00:00,62.125,62.8,2.275,3.7,3.7500000000000004,4.9,0.0,0.0,0.0,0.0,0.0,0.0,0.0,4
2020_06_CHI_CAR,2020,REG,6,2020-10-18,Sunday,13:00,CHI,23,CAR,16,Home,-7,39,0,2020101800,58248,,202010180car,18627.0,401220317,5407.0,10,7,112.0,-124.0,2.0,-107.0,-103.0,45.0,-100.0,-111.0,0,outdoors,grass,63.0,6.0,00-0029567,00-0031237,Nick Foles,Teddy Bridgewater,Matt Nagy,Matt Rhule,Adrian Hall,CAR00,Bank of America Stadium,35.225833,-80.852778,2020-10-18 17:00:00+00:00,63.824999999999996,62.1,2.65,3.5,10.950000000000001,12.5,0.0,0.0,0.0,0.0,0.0,0.0,0.0,4
2020_06_DET_JAX,2020,REG,6,2020-10-18,Sunday,13:00,DET,34,JAX,16,Home,-18,50,0,2020101802,58250,,202010180jax,18613.0,401220200,5410.0,14,7,-154.0,139.0,-3.0,-105.0,-105.0,52.5,100.0,-112.0,0,outdoors,grass,78.0,10.0,00-0026498,00-0035289,Matthew Stafford,Gardner Minshew II,Matt Patricia,Doug Marrone,Shawn Hochuli,JAX00,TIAA Bank Stadium,30.323889,-81.6375,2020-10-18 17:00:00+00:00,77.75,78.2,16.25,17.3,29.05,30.0,0.42500000000000004,0.8,1.7000000000000002,0.0,0.0,0.0,0.42500000000000004,4
2020_06_DEN_NE,2020,REG,6,2020-10-18,Sunday,13:00,DEN,18,NE,12,Home,-6,30,0,2020101812,58237,,202010180nwe,18601.0,401220133,5394.0,17,13,280.0,-328.0,7.0,-103.0,-107.0,43.5,101.0,-113.0,0,outdoors,grass,58.0,7.0,00-0035704,00-0027939,Drew Lock,Cam Newton,Vic Fangio,Bill Belichick,Scott Novak,BOS00,Gillette Stadium,42.091,-71.264,2020-10-18 17:00:00+00:00,59.02499999999999,59.4,6.775,7.3,17.299999999999997,17.4,0.0,0.0,0.0,0.0,0.0,0.0,0.0,4
2020_06_WAS_NYG,2020,REG,6,2020-10-18,Sunday,13:00,WAS,19,NYG,20,Home,1,39,0,2020101804,58252,,202010180nyg,18615.0,401220252,5412.0,7,7,116.0,-128.0,2.0,-103.0,-107.0,42.5,-114.0,103.0,1,outdoors,fieldturf,62.0,0.0,00-0034577,00-0035710,Kyle Allen,Daniel Jones,Ron Rivera,Joe Judge,Brad Allen,NYC01,MetLife Stadium,40.813528,-74.074361,2020-10-18 17:00:00+00:00,61.175000000000004,62.6,13.975000000000001,14.7,27.275000000000002,28.4,0.0,0.0,0.0,0.0,0.0,0.0,0.0,4
2020_06_BAL_PHI,2020,REG,6,2020-10-18,Sunday,13:00,BAL,30,PHI,28,Home,-2,58,0,2020101805,58253,,202010180phi,18616.0,401220263,5406.0,7,7,-422.0,348.0,-10.5,108.0,-119.0,46.5,-104.0,-107.0,0,outdoors,grass,61.0,7.0,00-0034796,00-0032950,Lamar Jackson,Carson Wentz,John Harbaugh,Doug Pederson,Shawn Smith,PHI00,Lincoln Financial Field,39.900833,-75.1675,2020-10-18 17:00:00+00:00,65.42500000000001,64.5,8.325,9.3,16.775000000000002,17.2,0.0,0.0,0.0,0.0,0.0,0.0,0.0,4
2020_06_CLE_PIT,2020,REG,6,2020-10-18,Sunday,13:00,CLE,7,PIT,38,Home,31,45,0,2020101806,58254,,202010180pit,18617.0,401220172,5409.0,7,7,143.0,-159.0,3.0,-102.0,-108.0,50.0,-106.0,-105.0,1,outdoors,grass,61.0,9.0,00-0034855,00-0022924,Baker Mayfield,Ben Roethlisberger,Kevin Stefanski,Mike Tomlin,John Hussey,PIT00,Heinz Field,40.446667,-80.015833,2020-10-18 17:00:00+00:00,60.824999999999996,61.3,9.45,10.7,23.199999999999996,23.9,0.07500000000000001,0.2,0.30000000000000004,0.0,0.0,0.0,0.07500000000000001,4
2020_06_HOU_TEN,2020,REG,6,2020-10-18,Sunday,13:00,HOU,36,TEN,42,Home,6,78,1,2020101807,58255,,202010180oti,18618.0,401220202,5411.0,7,5,169.0,-190.0,4.0,-110.0,100.0,52.0,-116.0,104.0,1,outdoors,grass,61.0,10.0,00-0033537,00-0029701,Deshaun Watson,Ryan Tannehill,Romeo Crennel,Mike Vrabel,Alex Kemp,NAS00,Nissan Stadium,36.166389,-86.771389,2020-10-18 17:00:00+00:00,68.75,63.9,6.975,8.1,14.924999999999999,17.4,0.0,0.0,0.0,0.0,0.0,0.0,0.0,4
2020_06_NYJ_MIA,2020,REG,6,2020-10-18,Sunday,16:05,NYJ,0,MIA,24,Home,24,24,0,2020101813,58311,,202010180mia,18675.0,401220124,5468.0,7,7,340.0,-410.0,9.5,103.0,-113.0,46.0,104.0,-116.0,1,outdoors,grass,85.0,15.0,00-0026158,00-0023682,Joe Flacco,Ryan Fitzpatrick,Adam Gase,Brian Flores,Bill Vinovich,MIA00,Hard Rock Stadium,25.958056,-80.238889,2020-10-18 20:05:00+00:00,79.775,81.2,12.649999999999999,13.3,24.625,25.5,0.0,0.0,0.0,0.0,0.0,0.0,0.0,4
2020_06_GB_TB,2020,REG,6,2020-10-18,Sunday,16:25,GB,10,TB,38,Home,28,48,0,2020101810,58258,,202010180tam,18621.0,401220331,5415.0,13,10,-145.0,131.0,-3.0,109.0,-121.0,55.0,-114.0,102.0,0,outdoors,grass,88.0,12.0,00-0023459,00-0019596,Aaron Rodgers,Tom Brady,Matt LaFleur,Bruce Arians,Jerome Boger,TAM00,Raymond James Stadium,27.975833,-82.503333,2020-10-18 20:25:00+00:00,80.1,81.0,16.275,17.4,29.375,31.1,0.125,0.4,0.5,0.0,0.0,0.0,0.125,4
2020_06_LA_SF,2020,REG,6,2020-10-18,Sunday,20:20,LA,16,SF,24,Home,8,40,0,2020101811,58259,,202010180sfo,18622.0,401220353,5416.0,7,7,-124.0,112.0,-2.0,-103.0,-107.0,51.0,-102.0,-110.0,1,outdoors,grass,86.0,10.0,00-0033106,00-0031345,Jared Goff,Jimmy Garoppolo,Sean McVay,Kyle Shanahan,Carl Cheffers,SFO01,Levi's Stadium,37.403,-121.97,2020-10-19 00:20:00+00:00,73.025,82.2,8.725,11.4,17.45,19.0,0.0,0.0,0.0,0.0,0.0,0.0,0.0,4
2020_06_KC_BUF,2020,REG,6,2020-10-19,Monday,17:00,KC,26,BUF,17,Home,-9,43,0,2020101901,58247,,202010190buf,18611.0,401220117,5404.0,8,6,-230.0,203.0,-5.5,-104.0,-106.0,55.0,-109.0,-102.0,0,outdoors,astroturf,51.0,6.0,00-0033873,00-0034857,Patrick Mahomes,Josh Allen,Andy Reid,Sean McDermott,Ronald Torbert,BUF00,New Era Field,42.774,-78.787,2020-10-19 21:00:00+00:00,52.35000000000001,53.2,5.1,5.5,10.6,11.0,0.07500000000000001,0.1,0.30000000000000004,0.0,0.0,0.0,0.07500000000000001,4
2020_07_NYG_PHI,2020,REG,7,2020-10-22,Thursday,20:20,NYG,21,PHI,22,Home,1,43,0,2020102200,58261,,202010220phi,18624.0,401220259,5418.0,4,4,197.0,-223.0,5.0,-109.0,-101.0,44.5,-107.0,-104.0,1,outdoors,grass,70.0,4.0,00-0035710,00-0032950,Daniel Jones,Carson Wentz,Joe Judge,Doug Pederson,Adrian Hill,PHI00,Lincoln Financial Field,39.900833,-75.1675,2020-10-23 00:20:00+00:00,64.875,65.8,4.025,5.0,6.449999999999999,7.2,0.0,0.0,0.0,0.0,0.0,0.0,0.0,4
2020_07_CLE_CIN,2020,REG,7,2020-10-25,Sunday,13:00,CLE,37,CIN,34,Home,-3,71,0,2020102502,58264,,202010250cin,18628.0,401220155,5421.0,7,7,-201.0,179.0,-4.5,103.0,-114.0,50.0,-114.0,102.0,1,outdoors,grass,48.0,8.0,00-0034855,00-0036442,Baker Mayfield,Joe Burrow,Kevin Stefanski,Zac Taylor,Tony Corrente,CIN00,Paul Brown Stadium,39.095,-84.516,2020-10-25 17:00:00+00:00,50.675,48.8,7.225,7.5,17.675,19.0,0.0,0.0,0.0,0.0,0.0,0.0,0.0,4
2020_07_BUF_NYJ,2020,REG,7,2020-10-25,Sunday,13:00,BUF,18,NYJ,10,Home,-8,28,0,2020102506,58268,,202010250nyj,18632.0,401220138,5419.0,6,7,-391.0,327.0,-9.5,101.0,-111.0,47.0,-115.0,103.0,1,outdoors,fieldturf,52.0,8.0,00-0034857,00-0034869,Josh Allen,Sam Darnold,Sean McDermott,Adam Gase,Carl Cheffers,NYC01,MetLife Stadium,40.813528,-74.074361,2020-10-25 17:00:00+00:00,51.24999999999999,51.0,6.9,7.6,15.175,16.6,0.0,0.0,0.0,0.0,0.0,0.0,0.0,4
2020_07_PIT_TEN,2020,REG,7,2020-10-25,Sunday,13:00,PIT,27,TEN,24,Home,-3,51,0,2020102512,58225,,202010250oti,18589.0,401249063,5382.0,7,7,103.0,-114.0,1.0,-102.0,-108.0,51.0,-111.0,-100.0,0,outdoors,grass,55.0,3.0,00-0022924,00-0029701,Ben Roethlisberger,Ryan Tannehill,Mike Tomlin,Mike Vrabel,Shawn Hochuli,NAS00,Nissan Stadium,36.166389,-86.771389,2020-10-25 17:00:00+00:00,63.075,60.8,2.8249999999999997,4.1,10.149999999999999,11.2,0.0,0.0,0.0,0.0,0.0,0.0,0.0,4
2020_07_DAL_WAS,2020,REG,7,2020-10-25,Sunday,13:00,DAL,3,WAS,25,Home,22,28,0,2020102507,58269,,202010250was,18633.0,401220266,5422.0,6,7,-110.0,100.0,-1.0,-103.0,-107.0,44.5,-104.0,-107.0,1,outdoors,grass,46.0,5.0,00-0027973,00-0034577,Andy Dalton,Kyle Allen,Mike McCarthy,Ron Rivera,Ronald Torbert,WAS00,FedExField,38.907778,-76.864444,2020-10-25 17:00:00+00:00,48.675,47.8,9.475000000000001,10.0,21.099999999999998,22.4,0.47500000000000003,1.1,1.9000000000000001,0.0,0.0,0.0,0.47500000000000003,4
2020_07_KC_DEN,2020,REG,7,2020-10-25,Sunday,16:25,KC,43,DEN,16,Home,-27,59,0,2020102509,58271,,202010250den,18635.0,401220210,5428.0,6,7,-302.0,260.0,-7.0,103.0,-113.0,46.0,-111.0,-100.0,1,outdoors,grass,14.0,11.0,00-0033873,00-0035704,Patrick Mahomes,Drew Lock,Andy Reid,Vic Fangio,Brad Rogers,DEN00,Empower Field at Mile High,39.743889,-105.02,2020-10-25 20:25:00+00:00,16.85,18.1,11.6,12.8,22.650000000000002,23.3,0.0,0.0,0.0,0.2975,0.35,1.19,0.42500000000000004,4
2020_07_SF_NE,2020,REG,7,2020-10-25,Sunday,16:25,SF,33,NE,6,Home,-27,39,0,2020102510,58272,,202010250nwe,18636.0,401220136,5429.0,7,7,150.0,-167.0,3.0,102.0,-113.0,44.0,-113.0,101.0,0,outdoors,grass,49.0,7.0,00-0031345,00-0027939,Jimmy Garoppolo,Cam Newton,Kyle Shanahan,Bill Belichick,Shawn Smith,BOS00,Gillette Stadium,42.091,-71.264,2020-10-25 20:25:00+00:00,46.35,48.9,6.1000000000000005,6.3,14.149999999999999,15.0,0.0,0.0,0.0,0.0,0.0,0.0,0.0,4
2020_08_ATL_CAR,2020,REG,8,2020-10-29,Thursday,20:20,ATL,25,CAR,17,Home,-8,42,0,2020102900,58275,,202010290car,18639.0,401220314,5432.0,4,4,104.0,-115.0,1.5,-109.0,-102.0,52.0,-110.0,-101.0,1,outdoors,grass,76.0,8.0,00-0026143,00-0031237,Matt Ryan,Teddy Bridgewater,Raheem Morris,Matt Rhule,Shawn Hochuli,CAR00,Bank of America Stadium,35.225833,-80.852778,2020-10-30 00:20:00+00:00,71.69999999999999,74.3,11.35,14.0,28.15,29.1,2.125,3.8,8.5,0.0,0.0,0.0,2.125,4
2020_08_PIT_BAL,2020,REG,8,2020-11-01,Sunday,13:00,PIT,28,BAL,24,Home,-4,52,0,2020110111,58263,,202011010rav,18626.0,401220148,5426.0,7,14,178.0,-200.0,4.0,-109.0,-102.0,44.0,-108.0,-103.0,1,outdoors,grass,52.0,7.0,00-0022924,00-0034796,Ben Roethlisberger,Lamar Jackson,Mike Tomlin,John Harbaugh,Brad Allen,BAL00,M&T Bank Stadium,39.278056,-76.622778,2020-11-01 18:00:00+00:00,55.5,52.3,8.575,10.0,18.275,20.1,0.275,1.0,1.1,0.0,0.0,0.0,0.275,4
2020_08_NE_BUF,2020,REG,8,2020-11-01,Sunday,13:00,NE,21,BUF,24,Home,3,45,0,2020110100,58276,,202011010buf,18640.0,401220115,5437.0,7,7,175.0,-197.0,4.0,-105.0,-105.0,41.0,-102.0,-109.0,1,outdoors,astroturf,41.0,17.0,00-0027939,00-0034857,Cam Newton,Josh Allen,Bill Belichick,Sean McDermott,Clete Blakeman,BUF00,New Era Field,42.774,-78.787,2020-11-01 18:00:00+00:00,43.3,45.6,19.575,20.7,42.275,42.5,0.44999999999999996,0.6,1.7999999999999998,0.0175,0.07,0.07,0.475,4
2020_08_TEN_CIN,2020,REG,8,2020-11-01,Sunday,13:00,TEN,20,CIN,31,Home,11,51,0,2020110101,58277,,202011010cin,18641.0,401220158,5439.0,7,7,-321.0,274.0,-7.5,107.0,-118.0,49.5,-115.0,103.0,0,outdoors,grass,48.0,24.0,00-0029701,00-0036442,Ryan Tannehill,Joe Burrow,Mike Vrabel,Zac Taylor,Scott Novak,CIN00,Paul Brown Stadium,39.095,-84.516,2020-11-01 18:00:00+00:00,46.1,49.0,18.875,19.7,40.275,41.2,0.0,0.0,0.0,0.0,0.0,0.0,0.0,4
2020_08_LV_CLE,2020,REG,8,2020-11-01,Sunday,13:00,LV,16,CLE,6,Home,-10,22,0,2020110102,58278,,202011010cle,18642.0,401220169,5434.0,7,7,117.0,-130.0,1.0,111.0,-123.0,48.0,-117.0,105.0,0,outdoors,grass,49.0,35.0,00-0031280,00-0034855,Derek Carr,Baker Mayfield,Jon Gruden,Kevin Stefanski,Bill Vinovich,CLE00,FirstEnergy Stadium,41.506111,-81.699444,2020-11-01 18:00:00+00:00,40.875,43.3,28.9,29.3,50.449999999999996,52.3,0.24999999999999997,0.4,0.9999999999999999,0.052500000000000005,0.14,0.21000000000000002,0.325,4
2020_08_MIN_GB,2020,REG,8,2020-11-01,Sunday,13:00,MIN,28,GB,22,Home,-6,50,0,2020110104,58280,,202011010gnb,18644.0,401220292,5436.0,14,7,218.0,-249.0,5.5,-101.0,-109.0,47.0,-102.0,-109.0,1,outdoors,grass,34.0,23.0,00-0029604,00-0023459,Kirk Cousins,Aaron Rodgers,Mike Zimmer,Matt LaFleur,Alex Kemp,GNB00,Lambeau Field,44.501389,-88.062222,2020-11-01 18:00:00+00:00,35.35,35.1,20.375,21.8,43.0,46.3,0.0,0.0,0.0,0.0,0.0,0.0,0.0,4
2020_08_NYJ_KC,2020,REG,8,2020-11-01,Sunday,13:00,NYJ,9,KC,35,Home,26,44,0,2020110105,58281,,202011010kan,18645.0,401220222,5438.0,7,7,1204.0,-1965.0,20.0,-102.0,-108.0,49.0,-105.0,-106.0,0,outdoors,astroturf,52.0,11.0,00-0034869,00-0033873,Sam Darnold,Patrick Mahomes,Adam Gase,Andy Reid,Land Clark,KAN00,Arrowhead Stadium,39.048889,-94.483889,2020-11-01 18:00:00+00:00,48.449999999999996,47.2,8.399999999999999,9.6,21.525,23.9,0.0,0.0,0.0,0.0,0.0,0.0,0.0,4
2020_08_LA_MIA,2020,REG,8,2020-11-01,Sunday,13:00,LA,17,MIA,28,Home,11,45,0,2020110106,58282,,202011010mia,18646.0,401220127,5435.0,6,14,-176.0,157.0,-3.5,101.0,-111.0,46.5,-100.0,-111.0,0,outdoors,grass,86.0,10.0,00-0033106,00-0036212,Jared Goff,Tua Tagovailoa,Sean McVay,Brian Flores,John Hussey,MIA00,Hard Rock Stadium,25.958056,-80.238889,2020-11-01 18:00:00+00:00,80.8,82.8,5.75,7.4,15.775,17.0,0.375,0.5,1.5,0.0,0.0,0.0,0.375,4
2020_08_LAC_DEN,2020,REG,8,2020-11-01,Sunday,16:05,LAC,30,DEN,31,Home,1,61,0,2020110112,58325,,202011010den,18689.0,401220212,5482.0,7,7,-146.0,132.0,-3.0,103.0,-114.0,44.5,-106.0,-105.0,1,outdoors,grass,64.0,10.0,00-0036355,00-0035704,Justin Herbert,Drew Lock,Anthony Lynn,Vic Fangio,Carl Cheffers,DEN00,Empower Field at Mile High,39.743889,-105.02,2020-11-01 21:05:00+00:00,57.599999999999994,61.5,6.475,9.0,14.750000000000002,20.8,0.0,0.0,0.0,0.0,0.0,0.0,0.0,4
2020_08_NO_CHI,2020,REG,8,2020-11-01,Sunday,16:25,NO,26,CHI,23,Home,-3,49,1,2020110108,58284,,202011010chi,18648.0,401220277,5441.0,7,6,-229.0,202.0,-5.5,100.0,-110.0,41.0,-109.0,-102.0,0,outdoors,grass,40.0,20.0,00-0020531,00-0029567,Drew Brees,Nick Foles,Sean Payton,Matt Nagy,Tony Corrente,CHI98,Soldier Field,41.8623,-87.6167,2020-11-01 21:25:00+00:00,37.0,38.6,18.975,25.2,31.75,38.0,0.0,0.0,0.0,0.0,0.0,0.0,0.0,4
2020_08_SF_SEA,2020,REG,8,2020-11-01,Sunday,16:25,SF,27,SEA,37,Home,10,64,0,2020110109,58285,,202011010sea,18649.0,401220361,5442.0,7,7,-100.0,-110.0,1.0,-108.0,-102.0,54.5,-103.0,-108.0,1,outdoors,fieldturf,55.0,4.0,00-0031345,00-0029263,Jimmy Garoppolo,Russell Wilson,Kyle Shanahan,Pete Carroll,Craig Wrolstad,SEA00,CenturyLink Field,47.5952,-122.3316,2020-11-01 21:25:00+00:00,54.975,55.4,2.5500000000000003,3.7,9.45,12.1,0.0,0.0,0.0,0.0,0.0,0.0,0.0,4
2020_08_DAL_PHI,2020,REG,8,2020-11-01,Sunday,20:20,DAL,9,PHI,23,Home,14,32,0,2020110110,58286,,202011010phi,18650.0,401220258,5443.0,7,10,335.0,-403.0,10.0,-100.0,-110.0,43.0,-105.0,-106.0,1,outdoors,grass,49.0,17.0,00-0036384,00-0032950,Ben DiNucci,Carson Wentz,Mike McCarthy,Doug Pederson,Jerome Boger,PHI00,Lincoln Financial Field,39.900833,-75.1675,2020-11-02 01:20:00+00:00,46.375,49.6,16.525,18.1,29.775,32.9,0.0,0.0,0.0,0.0,0.0,0.0,0.0,4
2020_08_TB_NYG,2020,REG,8,2020-11-02,Monday,20:15,TB,25,NYG,23,Home,-2,48,0,2020110200,58287,,202011020nyg,18651.0,401220257,5444.0,8,11,-598.0,470.0,-13.0,105.0,-115.0,47.0,-115.0,103.0,0,outdoors,fieldturf,39.0,8.0,00-0019596,00-0035710,Tom Brady,Daniel Jones,Bruce Arians,Joe Judge,Brad Rogers,NYC01,MetLife Stadium,40.813528,-74.074361,2020-11-03 01:15:00+00:00,39.675,40.2,14.225,15.3,26.85,28.0,0.0,0.0,0.0,0.0,0.0,0.0,0.0,4
2020_09_GB_SF,2020,REG,9,2020-11-05,Thursday,20:20,GB,34,SF,17,Home,-17,51,0,2020110500,58288,,202011050sfo,18652.0,401220359,5445.0,4,4,-246.0,215.0,-6.0,100.0,-110.0,48.5,-113.0,101.0,0,outdoors,grass,78.0,5.0,00-0023459,00-0033319,Aaron Rodgers,Nick Mullens,Matt LaFleur,Kyle Shanahan,Bill Vinovich,SFO01,Levi's Stadium,37.403,-121.97,2020-11-06 01:20:00+00:00,66.05000000000001,69.7,5.450000000000001,8.7,11.025,14.3,0.0,0.0,0.0,0.0,0.0,0.0,0.0,4
2020_09_SEA_BUF,2020,REG,9,2020-11-08,Sunday,13:00,SEA,34,BUF,44,Home,10,78,0,2020110801,58290,,202011080buf,18654.0,401220120,5453.0,7,7,-164.0,147.0,-3.0,-109.0,-101.0,55.0,-101.0,-110.0,0,outdoors,astroturf,69.0,4.0,00-0029263,00-0034857,Russell Wilson,Josh Allen,Pete Carroll,Sean McDermott,Shawn Smith,BUF00,New Era Field,42.774,-78.787,2020-11-08 18:00:00+00:00,63.550000000000004,65.8,3.8,4.7,10.5,11.9,0.0,0.0,0.0,0.0,0.0,0.0,0.0,4
2020_09_HOU_JAX,2020,REG,9,2020-11-08,Sunday,13:00,HOU,27,JAX,25,Home,-2,52,0,2020110803,58292,,202011080jax,18656.0,401220194,5451.0,14,14,-289.0,249.0,-7.0,106.0,-117.0,49.0,-107.0,-104.0,1,outdoors,grass,79.0,14.0,00-0033537,00-0036312,Deshaun Watson,Jake Luton,Romeo Crennel,Doug Marrone,Brad Allen,JAX00,TIAA Bank Stadium,30.323889,-81.6375,2020-11-08 18:00:00+00:00,78.1,79.8,17.95,19.9,32.05,33.6,0.0,0.0,0.0,0.0,0.0,0.0,0.0,4
2020_09_CAR_KC,2020,REG,9,2020-11-08,Sunday,13:00,CAR,31,KC,33,Home,2,64,0,2020110804,58293,,202011080kan,18657.0,401220224,5447.0,10,7,365.0,-445.0,10.0,-106.0,-104.0,51.5,-102.0,-109.0,0,outdoors,astroturf,71.0,19.0,00-0031237,00-0033873,Teddy Bridgewater,Patrick Mahomes,Matt Rhule,Andy Reid,Clay Martin,KAN00,Arrowhead Stadium,39.048889,-94.483889,2020-11-08 18:00:00+00:00,72.475,71.2,16.9,18.1,36.925,38.5,0.0,0.0,0.0,0.0,0.0,0.0,0.0,4
2020_09_CHI_TEN,2020,REG,9,2020-11-08,Sunday,13:00,CHI,17,TEN,24,Home,7,41,0,2020110806,58295,,202011080oti,18659.0,401220207,5448.0,7,7,243.0,-280.0,6.5,-107.0,-103.0,46.5,-106.0,-105.0,0,outdoors,grass,77.0,14.0,00-0029567,00-0029701,Nick Foles,Ryan Tannehill,Matt Nagy,Mike Vrabel,Ronald Torbert,NAS00,Nissan Stadium,36.166389,-86.771389,2020-11-08 18:00:00+00:00,76.7,76.0,7.375,8.9,16.45,17.9,0.0,0.0,0.0,0.0,0.0,0.0,0.0,4
2020_09_NYG_WAS,2020,REG,9,2020-11-08,Sunday,13:00,NYG,23,WAS,20,Home,-3,43,0,2020110807,58296,,202011080was,18660.0,401220267,5452.0,6,14,145.0,-162.0,3.0,-105.0,-105.0,43.0,-102.0,-109.0,1,outdoors,grass,75.0,1.0,00-0035710,00-0034577,Daniel Jones,Kyle Allen,Joe Judge,Ron Rivera,Shawn Hochuli,WAS00,FedExField,38.907778,-76.864444,2020-11-08 18:00:00+00:00,70.95,71.2,2.45,3.8,9.475,11.0,0.0,0.0,0.0,0.0,0.0,0.0,0.0,4
2020_09_NO_TB,2020,REG,9,2020-11-08,Sunday,20:20,NO,38,TB,3,Home,-35,41,0,2020110811,58300,,202011080tam,18664.0,401220330,5457.0,7,6,160.0,-179.0,3.0,107.0,-118.0,51.0,-106.0,-105.0,1,outdoors,grass,77.0,17.0,00-0020531,00-0019596,Drew Brees,Tom Brady,Sean Payton,Bruce Arians,John Hussey,TAM00,Raymond James Stadium,27.975833,-82.503333,2020-11-09 01:20:00+00:00,73.9,73.9,17.1,17.9,28.400000000000002,29.5,0.5,1.0,2.0,0.0,0.0,0.0,0.5,4
2020_09_NE_NYJ,2020,REG,9,2020-11-09,Monday,20:15,NE,30,NYJ,27,Home,-3,57,0,2020110900,58301,,202011090nyj,18665.0,401220140,5458.0,8,8,-372.0,312.0,-9.5,102.0,-113.0,41.5,-105.0,-106.0,1,outdoors,fieldturf,61.0,2.0,00-0027939,00-0026158,Cam Newton,Joe Flacco,Bill Belichick,Adam Gase,Alex Kemp,NYC01,MetLife Stadium,40.813528,-74.074361,2020-11-10 01:15:00+00:00,55.474999999999994,56.8,4.675,4.8,7.675000000000001,8.3,0.0,0.0,0.0,0.0,0.0,0.0,0.0,4
2020_10_IND_TEN,2020,REG,10,2020-11-12,Thursday,20:20,IND,34,TEN,17,Home,-17,51,0,2020111200,58302,,202011120oti,18666.0,401220203,5459.0,4,4,-115.0,105.0,-1.0,-107.0,-103.0,49.0,-100.0,-111.0,1,outdoors,grass,56.0,6.0,00-0022942,00-0029701,Philip Rivers,Ryan Tannehill,Frank Reich,Mike Vrabel,Brad Allen,NAS00,Nissan Stadium,36.166389,-86.771389,2020-11-13 01:20:00+00:00,49.45,47.5,4.0,6.5,6.2,8.1,0.0,0.0,0.0,0.0,0.0,0.0,0.0,4
2020_10_TB_CAR,2020,REG,10,2020-11-15,Sunday,13:00,TB,46,CAR,23,Home,-23,69,0,2020111500,58303,,202011150car,18667.0,401220368,5464.0,7,7,-259.0,226.0,-6.0,-108.0,-102.0,49.5,-105.0,-106.0,1,outdoors,grass,65.0,15.0,00-0019596,00-0031237,Tom Brady,Teddy Bridgewater,Bruce Arians,Matt Rhule,Land Clark,CAR00,Bank of America Stadium,35.225833,-80.852778,2020-11-15 18:00:00+00:00,72.45,72.2,17.35,19.4,34.775,37.1,0.025,0.1,0.1,0.0,0.0,0.0,0.025,4
2020_10_HOU_CLE,2020,REG,10,2020-11-15,Sunday,13:00,HOU,7,CLE,10,Home,3,17,0,2020111501,58304,,202011150cle,18668.0,401220165,5461.0,7,14,192.0,-217.0,4.5,-106.0,-104.0,46.0,-104.0,-107.0,0,outdoors,grass,59.0,25.0,00-0033537,00-0034855,Deshaun Watson,Baker Mayfield,Romeo Crennel,Kevin Stefanski,Ronald Torbert,CLE00,FirstEnergy Stadium,41.506111,-81.699444,2020-11-15 18:00:00+00:00,50.575,53.4,29.025000000000002,31.6,48.525,54.1,0.25,0.9,1.0,0.0,0.0,0.0,0.25,4
2020_10_JAX_GB,2020,REG,10,2020-11-15,Sunday,13:00,JAX,20,GB,24,Home,4,44,0,2020111503,58306,,202011150gnb,18670.0,401220295,5462.0,7,10,653.0,-893.0,13.5,-105.0,-105.0,47.0,-104.0,-107.0,0,outdoors,grass,38.0,23.0,00-0036312,00-0023459,Jake Luton,Aaron Rodgers,Doug Marrone,Matt LaFleur,Shawn Smith,GNB00,Lambeau Field,44.501389,-88.062222,2020-11-15 18:00:00+00:00,37.824999999999996,38.3,23.5,26.0,45.25,49.7,0.0,0.0,0.0,0.0,0.0,0.0,0.0,4
2020_10_PHI_NYG,2020,REG,10,2020-11-15,Sunday,13:00,PHI,17,NYG,27,Home,10,44,0,2020111504,58307,,202011150nyg,18671.0,401220251,5463.0,14,7,-219.0,194.0,-4.5,-106.0,-104.0,45.0,102.0,-113.0,1,outdoors,fieldturf,56.0,18.0,00-0032950,00-0035710,Carson Wentz,Daniel Jones,Doug Pederson,Joe Judge,Clay Martin,NYC01,MetLife Stadium,40.813528,-74.074361,2020-11-15 18:00:00+00:00,56.55,55.9,19.85,20.1,36.675,37.1,0.0,0.0,0.0,0.0,0.0,0.0,0.0,4
2020_10_LAC_MIA,2020,REG,10,2020-11-15,Sunday,16:05,LAC,21,MIA,29,Home,8,50,0,2020111512,58266,,202011150mia,18630.0,401220126,5425.0,7,7,104.0,-115.0,1.0,-100.0,-110.0,48.5,-107.0,-104.0,0,outdoors,grass,83.0,7.0,00-0036355,00-0036212,Justin Herbert,Tua Tagovailoa,Anthony Lynn,Brian Flores,Jerome Boger,MIA00,Hard Rock Stadium,25.958056,-80.238889,2020-11-15 21:05:00+00:00,77.325,81.3,4.475,6.0,9.3,14.3,0.0,0.0,0.0,0.0,0.0,0.0,0.0,4
2020_10_CIN_PIT,2020,REG,10,2020-11-15,Sunday,16:25,CIN,10,PIT,36,Home,26,46,0,2020111505,58308,,202011150pit,18672.0,401220171,5460.0,14,7,255.0,-297.0,6.5,-101.0,-109.0,45.5,101.0,-112.0,1,outdoors,grass,52.0,21.0,00-0036442,00-0022924,Joe Burrow,Ben Roethlisberger,Zac Taylor,Mike Tomlin,Adrian Hill,PIT00,Heinz Field,40.446667,-80.015833,2020-11-15 21:25:00+00:00,49.0,49.9,17.299999999999997,18.2,39.425000000000004,49.2,0.05,0.2,0.2,0.0,0.0,0.0,0.05,4
2020_10_BAL_NE,2020,REG,10,2020-11-15,Sunday,20:20,BAL,17,NE,23,Home,6,40,0,2020111511,58314,,202011150nwe,18678.0,401220137,5471.0,7,6,-318.0,272.0,-7.0,100.0,-110.0,44.0,-104.0,-107.0,0,outdoors,grass,52.0,13.0,00-0034796,00-0027939,Lamar Jackson,Cam Newton,John Harbaugh,Bill Belichick,Shawn Hochuli,BOS00,Gillette Stadium,42.091,-71.264,2020-11-16 01:20:00+00:00,54.550000000000004,51.7,19.2,22.2,51.45,62.0,2.175,4.1,8.7,0.0,0.0,0.0,2.175,4
2020_10_MIN_CHI,2020,REG,10,2020-11-16,Monday,20:15,MIN,19,CHI,13,Home,-6,32,0,2020111600,58315,,202011160chi,18679.0,401220276,5472.0,8,8,-170.0,152.0,-3.5,108.0,-119.0,44.0,100.0,-111.0,1,outdoors,grass,44.0,11.0,00-0029604,00-0029567,Kirk Cousins,Nick Foles,Mike Zimmer,Matt Nagy,Scott Novak,CHI98,Soldier Field,41.8623,-87.6167,2020-11-17 01:15:00+00:00,42.775,42.8,17.225,18.2,25.225,26.6,0.0,0.0,0.0,0.0,0.0,0.0,0.0,4
2020_11_ARI_SEA,2020,REG,11,2020-11-19,Thursday,20:20,ARI,21,SEA,28,Home,7,49,0,2020111900,58316,,202011190sea,18680.0,401220360,5473.0,4,4,147.0,-164.0,3.0,-105.0,-105.0,56.5,-101.0,-110.0,1,outdoors,fieldturf,48.0,11.0,00-0035228,00-0029263,Kyler Murray,Russell Wilson,Kliff Kingsbury,Pete Carroll,Tony Corrente,SEA00,Lumen Field,47.5952,-122.3316,2020-11-20 01:20:00+00:00,45.425,46.1,11.475,12.8,22.3,25.9,0.125,0.2,0.5,0.0,0.0,0.0,0.125,4
2020_11_TEN_BAL,2020,REG,11,2020-11-22,Sunday,13:00,TEN,30,BAL,24,Home,-6,54,1,2020112200,58317,,202011220rav,18681.0,401220150,5481.0,10,7,221.0,-253.0,6.0,-103.0,-107.0,50.5,-102.0,-109.0,0,outdoors,grass,53.0,6.0,00-0029701,00-0034796,Ryan Tannehill,Lamar Jackson,Mike Vrabel,John Harbaugh,Alex Kemp,BAL00,M&T Bank Stadium,39.278056,-76.622778,2020-11-22 18:00:00+00:00,52.325,51.2,6.45,7.5,13.774999999999999,15.0,0.0,0.0,0.0,0.0,0.0,0.0,0.0,4
2020_11_DET_CAR,2020,REG,11,2020-11-22,Sunday,13:00,DET,0,CAR,20,Home,20,20,0,2020112201,58318,,202011220car,18682.0,401220318,5476.0,7,7,-169.0,152.0,-3.0,-119.0,108.0,47.0,-105.0,-106.0,0,outdoors,grass,65.0,7.0,00-0026498,00-0033275,Matthew Stafford,Phillip Walker,Matt Patricia,Matt Rhule,Ronald Torbert,CAR00,Bank of America Stadium,35.225833,-80.852778,2020-11-22 18:00:00+00:00,58.8,60.4,2.475,3.0,6.7749999999999995,8.1,0.5249999999999999,0.8,2.0999999999999996,0.0,0.0,0.0,0.5249999999999999,4
2020_11_PHI_CLE,2020,REG,11,2020-11-22,Sunday,13:00,PHI,17,CLE,22,Home,5,39,0,2020112202,58319,,202011220cle,18683.0,401220167,5479.0,7,7,122.0,-135.0,2.5,-104.0,-106.0,45.5,-109.0,-103.0,0,outdoors,grass,38.0,8.0,00-0032950,00-0034855,Carson Wentz,Baker Mayfield,Doug Pederson,Kevin Stefanski,Adrian Hill,CLE00,FirstEnergy Stadium,41.506111,-81.699444,2020-11-22 18:00:00+00:00,41.824999999999996,41.0,6.875,7.9,13.274999999999999,13.9,2.525,3.6,10.1,0.0,0.0,0.0,2.525,4
2020_11_PIT_JAX,2020,REG,11,2020-11-22,Sunday,13:00,PIT,27,JAX,3,Home,-24,30,0,2020112205,58322,,202011220jax,18686.0,401220198,5480.0,7,7,-475.0,386.0,-11.0,-103.0,-107.0,47.0,101.0,-113.0,0,outdoors,grass,72.0,3.0,00-0022924,00-0036312,Ben Roethlisberger,Jake Luton,Mike Tomlin,Doug Marrone,Scott Novak,JAX00,TIAA Bank Stadium,30.323889,-81.6375,2020-11-22 18:00:00+00:00,73.95,73.4,7.7,8.6,15.85,17.7,0.15000000000000002,0.4,0.6000000000000001,0.0,0.0,0.0,0.15000000000000002,4
2020_11_CIN_WAS,2020,REG,11,2020-11-22,Sunday,13:00,CIN,9,WAS,20,Home,11,29,0,2020112207,58324,,202011220was,18688.0,401220272,5475.0,7,7,110.0,-121.0,2.0,-109.0,-101.0,48.0,-106.0,-105.0,0,outdoors,grass,57.0,7.0,00-0036442,00-0023436,Joe Burrow,Alex Smith,Zac Taylor,Ron Rivera,Shawn Smith,WAS00,FedExField,38.907778,-76.864444,2020-11-22 18:00:00+00:00,55.35,54.5,5.25,6.9,16.075,18.1,0.0,0.0,0.0,0.0,0.0,0.0,0.0,4
2020_11_MIA_DEN,2020,REG,11,2020-11-22,Sunday,16:05,MIA,13,DEN,20,Home,7,33,0,2020112211,58256,,202011220den,18619.0,401220214,5413.0,7,7,-196.0,174.0,-4.0,-105.0,-105.0,46.0,-108.0,-103.0,0,outdoors,grass,45.0,7.0,00-0036212,00-0035704,Tua Tagovailoa,Drew Lock,Brian Flores,Vic Fangio,Land Clark,DEN00,Empower Field at Mile High,39.743889,-105.02,2020-11-22 21:05:00+00:00,41.5,45.2,7.95,10.6,16.425,19.2,0.0,0.0,0.0,0.0,0.0,0.0,0.0,4
2020_11_LA_TB,2020,REG,11,2020-11-23,Monday,20:15,LA,27,TB,24,Home,-3,51,0,2020112300,58328,,202011230tam,18692.0,401220335,5485.0,8,8,173.0,-195.0,4.0,-109.0,-102.0,47.5,-109.0,-102.0,0,outdoors,grass,69.0,5.0,00-0033106,00-0019596,Jared Goff,Tom Brady,Sean McVay,Bruce Arians,Jerome Boger,TAM00,Raymond James Stadium,27.975833,-82.503333,2020-11-24 01:15:00+00:00,63.64999999999999,63.9,5.025,6.2,8.375,10.3,0.0,0.0,0.0,0.0,0.0,0.0,0.0,4
2020_12_LAC_BUF,2020,REG,12,2020-11-29,Sunday,13:00,LAC,17,BUF,27,Home,10,44,0,2020112901,58333,,202011290buf,18697.0,401220118,5493.0,7,14,189.0,-214.0,4.5,-107.0,-103.0,51.0,103.0,-114.0,0,outdoors,astroturf,48.0,7.0,00-0036355,00-0034857,Justin Herbert,Josh Allen,Anthony Lynn,Sean McDermott,Alex Kemp,BUF00,New Era Field,42.774,-78.787,2020-11-29 18:00:00+00:00,48.724999999999994,49.6,7.574999999999999,10.7,19.85,24.2,0.0,0.0,0.0,0.0,0.0,0.0,0.0,4
2020_12_NYG_CIN,2020,REG,12,2020-11-29,Sunday,13:00,NYG,19,CIN,17,Home,-2,36,0,2020112902,58334,,202011290cin,18698.0,401220160,5495.0,14,7,-260.0,227.0,-6.5,-103.0,-107.0,45.0,-109.0,-102.0,0,outdoors,grass,52.0,4.0,00-0035710,00-0032434,Daniel Jones,Brandon Allen,Joe Judge,Zac Taylor,Carl Cheffers,CIN00,Paul Brown Stadium,39.095,-84.516,2020-11-29 18:00:00+00:00,53.125,51.4,3.725,4.5,11.7,14.3,0.0,0.0,0.0,0.0,0.0,0.0,0.0,4
2020_12_CLE_JAX,2020,REG,12,2020-11-29,Sunday,13:00,CLE,27,JAX,25,Home,-2,52,0,2020112904,58336,,202011290jax,18700.0,401220197,5491.0,7,7,-334.0,284.0,-7.5,102.0,-112.0,48.5,-112.0,100.0,0,outdoors,grass,70.0,1.0,00-0034855,00-0030520,Baker Mayfield,Mike Glennon,Kevin Stefanski,Doug Marrone,Jerome Boger,JAX00,TIAA Bank Stadium,30.323889,-81.6375,2020-11-29 18:00:00+00:00,71.9,70.9,3.875,6.0,9.5,11.2,0.0,0.0,0.0,0.0,0.0,0.0,0.0,4
2020_12_ARI_NE,2020,REG,12,2020-11-29,Sunday,13:00,ARI,17,NE,20,Home,3,37,0,2020112906,58338,,202011290nwe,18702.0,401220135,5489.0,10,7,-115.0,104.0,-1.0,-107.0,-103.0,51.0,-106.0,-105.0,0,outdoors,grass,52.0,8.0,00-0035228,00-0027939,Kyler Murray,Cam Newton,Kliff Kingsbury,Bill Belichick,Bill Vinovich,BOS00,Gillette Stadium,42.091,-71.264,2020-11-29 18:00:00+00:00,49.6,51.3,6.55,7.2,16.099999999999998,17.7,0.0,0.0,0.0,0.0,0.0,0.0,0.0,4
2020_12_MIA_NYJ,2020,REG,12,2020-11-29,Sunday,13:00,MIA,20,NYJ,3,Home,-17,23,0,2020112907,58339,,202011290nyj,18703.0,401220139,5494.0,7,7,-350.0,296.0,-7.5,-106.0,-104.0,46.0,100.0,-112.0,1,outdoors,fieldturf,54.0,2.0,00-0023682,00-0034869,Ryan Fitzpatrick,Sam Darnold,Brian Flores,Adam Gase,Adrian Hill,NYC01,MetLife Stadium,40.813528,-74.074361,2020-11-29 18:00:00+00:00,50.574999999999996,50.7,6.275,7.3,13.7,14.5,0.0,0.0,0.0,0.0,0.0,0.0,0.0,4
2020_12_NO_DEN,2020,REG,12,2020-11-29,Sunday,16:05,NO,31,DEN,3,Home,-28,34,0,2020112908,58340,,202011290den,18704.0,401220215,5497.0,7,7,-1350.0,906.0,-17.0,-103.0,-107.0,36.5,-109.0,-102.0,0,outdoors,grass,38.0,6.0,00-0033357,00-0035864,Taysom Hill,Kendall Hinton,Sean Payton,Vic Fangio,Craig Wrolstad,DEN00,Empower Field at Mile High,39.743889,-105.02,2020-11-29 21:05:00+00:00,35.275000000000006,37.5,2.525,2.8,7.925000000000001,10.3,0.0,0.0,0.0,0.0,0.0,0.0,0.0,4
2020_12_KC_TB,2020,REG,12,2020-11-29,Sunday,16:25,KC,27,TB,24,Home,-3,51,0,2020112910,58342,,202011290tam,18706.0,401220333,5499.0,7,6,-166.0,149.0,-3.5,112.0,-124.0,56.0,-103.0,-108.0,0,outdoors,grass,81.0,5.0,00-0033873,00-0019596,Patrick Mahomes,Tom Brady,Andy Reid,Bruce Arians,Shawn Hochuli,TAM00,Raymond James Stadium,27.975833,-82.503333,2020-11-29 21:25:00+00:00,74.125,77.2,6.0,7.5,11.375,13.9,0.0,0.0,0.0,0.0,0.0,0.0,0.0,4
2020_12_CHI_GB,2020,REG,12,2020-11-29,Sunday,20:20,CHI,25,GB,41,Home,16,66,0,2020112911,58343,,202011290gnb,18707.0,401220290,5500.0,13,7,293.0,-346.0,7.5,-116.0,105.0,44.0,-105.0,-106.0,1,outdoors,grass,37.0,13.0,00-0033869,00-0023459,Mitch Trubisky,Aaron Rodgers,Matt Nagy,Matt LaFleur,Clete Blakeman,GNB00,Lambeau Field,44.501389,-88.062222,2020-11-30 01:20:00+00:00,33.05,35.2,11.6,13.2,24.0,25.9,0.0,0.0,0.0,0.0,0.0,0.0,0.0,4
2020_12_SEA_PHI,2020,REG,12,2020-11-30,Monday,20:15,SEA,23,PHI,17,Home,-6,40,0,2020113000,58344,,202011300phi,18708.0,401220262,5501.0,11,8,-274.0,237.0,-6.5,-106.0,-104.0,50.0,-108.0,-103.0,0,outdoors,grass,60.0,16.0,00-0029263,00-0032950,Russell Wilson,Carson Wentz,Pete Carroll,Doug Pederson,Brad Allen,PHI00,Lincoln Financial Field,39.900833,-75.1675,2020-12-01 01:15:00+00:00,57.025,60.8,7.300000000000001,9.3,15.2,19.9,0.05,0.1,0.2,0.0,0.0,0.0,0.05,4
2020_12_BAL_PIT,2020,REG,12,2020-12-02,Wednesday,15:40,BAL,14,PIT,19,Home,5,33,0,2020120200,58331,,202012020pit,18695.0,401220170,5488.0,10,10,416.0,-518.0,10.5,-109.0,-101.0,41.5,-104.0,-107.0,1,outdoors,grass,36.0,14.0,00-0029665,00-0022924,Robert Griffin,Ben Roethlisberger,John Harbaugh,Mike Tomlin,Ronald Torbert,PIT00,Heinz Field,40.446667,-80.015833,2020-12-02 20:40:00+00:00,35.324999999999996,38.4,7.2749999999999995,9.6,18.599999999999998,23.9,0.0,0.0,0.0,0.0,0.0,0.0,0.0,4
2020_13_DET_CHI,2020,REG,13,2020-12-06,Sunday,13:00,DET,34,CHI,30,Home,-4,64,0,2020120601,58347,,202012060chi,18711.0,401220274,5505.0,10,7,145.0,-161.0,3.0,-100.0,-110.0,44.0,-108.0,-104.0,1,outdoors,grass,35.0,5.0,00-0026498,00-0033869,Matthew Stafford,Mitch Trubisky,Darrell Bevell,Matt Nagy,Clay Martin,CHI98,Soldier Field,41.8623,-87.6167,2020-12-06 18:00:00+00:00,35.525000000000006,35.6,3.5,4.5,8.525,10.5,0.0,0.0,0.0,0.0,0.0,0.0,0.0,4
2020_13_CIN_MIA,2020,REG,13,2020-12-06,Sunday,13:00,CIN,7,MIA,19,Home,12,26,0,2020120603,58349,,202012060mia,18713.0,401220129,5503.0,7,7,397.0,-491.0,10.5,-115.0,105.0,43.0,-103.0,-109.0,0,outdoors,grass,81.0,5.0,00-0032434,00-0036212,Brandon Allen,Tua Tagovailoa,Zac Taylor,Brian Flores,Ronald Torbert,MIA00,Hard Rock Stadium,25.958056,-80.238889,2020-12-06 18:00:00+00:00,80.95,81.7,5.15,5.4,12.325,12.8,0.15000000000000002,0.2,0.6000000000000001,0.0,0.0,0.0,0.15000000000000002,4
2020_13_LV_NYJ,2020,REG,13,2020-12-06,Sunday,13:00,LV,31,NYJ,28,Home,-3,59,0,2020120605,58351,,202012060nyj,18715.0,401220142,5508.0,7,7,-349.0,295.0,-7.5,103.0,-113.0,48.0,104.0,-116.0,0,outdoors,fieldturf,39.0,18.0,00-0031280,00-0034869,Derek Carr,Sam Darnold,Jon Gruden,Adam Gase,Shawn Smith,NYC01,MetLife Stadium,40.813528,-74.074361,2020-12-06 18:00:00+00:00,38.025000000000006,38.7,16.1,18.1,32.8,35.1,0.0,0.0,0.0,0.0,0.0,0.0,0.0,4
2020_13_CLE_TEN,2020,REG,13,2020-12-06,Sunday,13:00,CLE,41,TEN,35,Home,-6,76,0,2020120607,58353,,202012060oti,18717.0,401220205,5504.0,7,7,178.0,-200.0,4.0,-111.0,101.0,54.0,-107.0,-104.0,0,outdoors,grass,52.0,1.0,00-0034855,00-0029701,Baker Mayfield,Ryan Tannehill,Kevin Stefanski,Mike Vrabel,Clete Blakeman,NAS00,Nissan Stadium,36.166389,-86.771389,2020-12-06 18:00:00+00:00,53.449999999999996,52.8,3.5250000000000004,4.8,9.375,9.6,0.0,0.0,0.0,0.0,0.0,0.0,0.0,4
2020_13_NYG_SEA,2020,REG,13,2020-12-06,Sunday,16:05,NYG,17,SEA,12,Home,-5,29,0,2020120609,58355,,202012060sea,18719.0,401220364,5512.0,7,6,413.0,-514.0,11.0,-114.0,104.0,48.5,-102.0,-110.0,0,outdoors,fieldturf,51.0,4.0,00-0027688,00-0029263,Colt McCoy,Russell Wilson,Joe Judge,Pete Carroll,Craig Wrolstad,SEA00,Lumen Field,47.5952,-122.3316,2020-12-06 21:05:00+00:00,51.925,51.7,9.275,11.0,18.55,20.8,0.0,0.0,0.0,0.0,0.0,0.0,0.0,4
2020_13_PHI_GB,2020,REG,13,2020-12-06,Sunday,16:25,PHI,16,GB,30,Home,14,46,0,2020120610,58356,,202012060gnb,18720.0,401220297,5514.0,6,7,328.0,-393.0,8.0,-102.0,-108.0,50.0,-107.0,-104.0,0,outdoors,grass,34.0,9.0,00-0032950,00-0023459,Carson Wentz,Aaron Rodgers,Doug Pederson,Matt LaFleur,Bill Vinovich,GNB00,Lambeau Field,44.501389,-88.062222,2020-12-06 21:25:00+00:00,30.625,34.9,4.475,7.0,10.825,15.4,0.0,0.0,0.0,0.0,0.0,0.0,0.0,4
2020_13_DEN_KC,2020,REG,13,2020-12-06,Sunday,20:20,DEN,16,KC,22,Home,6,38,0,2020120612,58358,,202012060kan,18722.0,401220218,5515.0,7,7,510.0,-660.0,13.0,-120.0,108.0,51.0,-101.0,-111.0,1,outdoors,astroturf,41.0,9.0,00-0035704,00-0033873,Drew Lock,Patrick Mahomes,Vic Fangio,Andy Reid,Alex Kemp,KAN00,Arrowhead Stadium,39.048889,-94.483889,2020-12-07 01:20:00+00:00,36.925000000000004,38.9,5.925000000000001,6.6,11.524999999999999,12.3,0.0,0.0,0.0,0.0,0.0,0.0,0.0,4
2020_13_WAS_PIT,2020,REG,13,2020-12-07,Monday,17:00,WAS,23,PIT,17,Home,-6,40,0,2020120702,58352,,202012070pit,18716.0,401220176,5510.0,11,5,231.0,-265.0,5.5,-100.0,-110.0,43.5,-101.0,-110.0,0,outdoors,grass,34.0,10.0,00-0023436,00-0022924,Alex Smith,Ben Roethlisberger,Ron Rivera,Mike Tomlin,John Hussey,PIT00,Heinz Field,40.446667,-80.015833,2020-12-07 22:00:00+00:00,30.275,31.7,7.65,8.9,18.175,19.5,0.0,0.0,0.0,0.0,0.0,0.0,0.0,4
2020_13_DAL_BAL,2020,REG,13,2020-12-08,Tuesday,20:05,DAL,17,BAL,34,Home,17,51,0,2020120800,58345,,202012080rav,18709.0,401220151,5502.0,12,6,326.0,-390.0,8.5,-103.0,-108.0,46.0,-108.0,-103.0,0,outdoors,grass,38.0,9.0,00-0027973,00-0034796,Andy Dalton,Lamar Jackson,Mike McCarthy,John Harbaugh,Brad Allen,BAL00,M&T Bank Stadium,39.278056,-76.622778,2020-12-09 01:05:00+00:00,33.425000000000004,35.1,9.55,10.0,17.9,19.9,0.0,0.0,0.0,0.0,0.0,0.0,0.0,4
2020_14_DEN_CAR,2020,REG,14,2020-12-13,Sunday,13:00,DEN,32,CAR,27,Home,-5,59,0,2020121300,58361,,202012130car,18725.0,401220319,5520.0,7,14,177.0,-199.0,4.0,-101.0,-109.0,46.0,-101.0,-110.0,0,outdoors,grass,70.0,7.0,00-0035704,00-0031237,Drew Lock,Teddy Bridgewater,Vic Fangio,Matt Rhule,Shawn Hochuli,CAR00,Bank of America Stadium,35.225833,-80.852778,2020-12-13 18:00:00+00:00,63.675000000000004,62.8,5.2,6.2,14.049999999999999,16.6,0.0,0.0,0.0,0.0,0.0,0.0,0.0,4
2020_14_HOU_CHI,2020,REG,14,2020-12-13,Sunday,13:00,HOU,7,CHI,36,Home,29,43,0,2020121301,58362,,202012130chi,18726.0,401220279,5522.0,7,7,-114.0,104.0,-1.0,-107.0,-103.0,46.0,101.0,-112.0,0,outdoors,grass,34.0,1.0,00-0033537,00-0033869,Deshaun Watson,Mitch Trubisky,Romeo Crennel,Matt Nagy,Land Clark,CHI98,Soldier Field,41.8623,-87.6167,2020-12-13 18:00:00+00:00,34.6,32.2,4.625,6.9,10.175,11.2,0.0,0.0,0.0,0.0,0.0,0.0,0.0,4
2020_14_DAL_CIN,2020,REG,14,2020-12-13,Sunday,13:00,DAL,30,CIN,7,Home,-23,37,0,2020121302,58363,,202012130cin,18727.0,401220159,5519.0,5,7,-164.0,148.0,-3.0,-114.0,103.0,44.0,-106.0,-105.0,0,outdoors,grass,44.0,5.0,00-0027973,00-0032434,Andy Dalton,Brandon Allen,Mike McCarthy,Zac Taylor,John Hussey,CIN00,Paul Brown Stadium,39.095,-84.516,2020-12-13 18:00:00+00:00,44.525000000000006,44.7,2.9499999999999997,3.6,8.725,9.2,0.0,0.0,0.0,0.0,0.0,0.0,0.0,4
2020_14_TEN_JAX,2020,REG,14,2020-12-13,Sunday,13:00,TEN,31,JAX,10,Home,-21,41,0,2020121304,58365,,202012130jax,18729.0,401220196,5525.0,7,7,-364.0,307.0,-7.5,-106.0,-104.0,53.0,-112.0,101.0,1,outdoors,grass,69.0,2.0,00-0029701,00-0030520,Ryan Tannehill,Mike Glennon,Mike Vrabel,Doug Marrone,Adrian Hill,JAX00,TIAA Bank Stadium,30.323889,-81.6375,2020-12-13 18:00:00+00:00,70.1,69.6,3.325,3.8,9.65,10.5,0.0,0.0,0.0,0.0,0.0,0.0,0.0,4
2020_14_KC_MIA,2020,REG,14,2020-12-13,Sunday,13:00,KC,33,MIA,27,Home,-6,60,0,2020121305,58366,,202012130mia,18730.0,401220125,5523.0,7,7,-330.0,281.0,-7.5,109.0,-121.0,51.5,-102.0,-109.0,0,outdoors,grass,81.0,8.0,00-0033873,00-0036212,Patrick Mahomes,Tua Tagovailoa,Andy Reid,Brian Flores,Clay Martin,MIA00,Hard Rock Stadium,25.958056,-80.238889,2020-12-13 18:00:00+00:00,80.0,80.5,4.275,5.1,10.85,11.4,0.0,0.0,0.0,0.0,0.0,0.0,0.0,4
2020_14_ARI_NYG,2020,REG,14,2020-12-13,Sunday,13:00,ARI,26,NYG,7,Home,-19,33,0,2020121306,58367,,202012130nyg,18731.0,401220253,5518.0,7,7,-154.0,139.0,-3.0,-106.0,-104.0,47.0,-101.0,-111.0,0,outdoors,fieldturf,59.0,15.0,00-0035228,00-0035710,Kyler Murray,Daniel Jones,Kliff Kingsbury,Joe Judge,Ronald Torbert,NYC01,MetLife Stadium,40.813528,-74.074361,2020-12-13 18:00:00+00:00,55.449999999999996,58.2,10.274999999999999,12.2,20.525000000000002,22.6,0.0,0.0,0.0,0.0,0.0,0.0,0.0,4
2020_14_MIN_TB,2020,REG,14,2020-12-13,Sunday,13:00,MIN,14,TB,26,Home,12,40,0,2020121307,58368,,202012130tam,18732.0,401220332,5524.0,7,14,271.0,-317.0,7.0,-106.0,-104.0,52.5,-116.0,104.0,0,outdoors,grass,78.0,5.0,00-0029604,00-0019596,Kirk Cousins,Tom Brady,Mike Zimmer,Bruce Arians,Brad Allen,TAM00,Raymond James Stadium,27.975833,-82.503333,2020-12-13 18:00:00+00:00,75.0,74.8,4.025,4.6,10.25,11.0,0.0,0.0,0.0,0.0,0.0,0.0,0.0,4
2020_14_NYJ_SEA,2020,REG,14,2020-12-13,Sunday,16:05,NYJ,3,SEA,40,Home,37,43,0,2020121309,58370,,202012130sea,18734.0,401220366,5527.0,7,7,734.0,-1032.0,16.5,-110.0,-100.0,49.5,105.0,-117.0,0,outdoors,fieldturf,43.0,8.0,00-0034869,00-0029263,Sam Darnold,Russell Wilson,Adam Gase,Pete Carroll,Scott Novak,SEA00,Lumen Field,47.5952,-122.3316,2020-12-13 21:05:00+00:00,42.449999999999996,41.0,5.675,6.8,11.925,13.2,0.025,0.1,0.1,0.0,0.0,0.0,0.025,4
2020_14_NO_PHI,2020,REG,14,2020-12-13,Sunday,16:25,NO,21,PHI,24,Home,3,45,0,2020121311,58372,,202012130phi,18736.0,401220265,5529.0,7,7,-335.0,284.0,-7.5,-104.0,-106.0,43.0,-106.0,-105.0,0,outdoors,grass,57.0,10.0,00-0033357,00-0036389,Taysom Hill,Jalen Hurts,Sean Payton,Doug Pederson,Jerome Boger,PHI00,Lincoln Financial Field,39.900833,-75.1675,2020-12-13 21:25:00+00:00,47.75,52.3,5.324999999999999,6.2,10.975000000000001,15.2,0.0,0.0,0.0,0.0,0.0,0.0,0.0,4
2020_14_PIT_BUF,2020,REG,14,2020-12-13,Sunday,20:20,PIT,15,BUF,26,Home,11,41,0,2020121313,58374,,202012130buf,18738.0,401220121,5531.0,6,6,112.0,-124.0,2.0,-109.0,-102.0,48.5,-106.0,-105.0,0,outdoors,astroturf,35.0,11.0,00-0022924,00-0034857,Ben Roethlisberger,Josh Allen,Mike Tomlin,Sean McDermott,Shawn Smith,BUF00,New Era Field,42.774,-78.787,2020-12-14 01:20:00+00:00,35.275,35.2,7.9,8.1,16.525,17.4,0.0,0.0,0.0,0.0,0.0,0.0,0.0,4
2020_14_BAL_CLE,2020,REG,14,2020-12-14,Monday,20:15,BAL,47,CLE,42,Home,-5,89,0,2020121400,58375,,202012140cle,18739.0,401220162,5532.0,6,8,-174.0,156.0,-3.0,-116.0,105.0,45.5,-100.0,-111.0,1,outdoors,grass,34.0,18.0,00-0034796,00-0034855,Lamar Jackson,Baker Mayfield,John Harbaugh,Kevin Stefanski,Bill Vinovich,CLE00,FirstEnergy Stadium,41.506111,-81.699444,2020-12-15 01:15:00+00:00,32.6,33.0,14.125,15.0,24.474999999999998,25.9,0.0,0.0,0.0,0.0,0.0,0.0,0.0,4
2020_15_BUF_DEN,2020,REG,15,2020-12-19,Saturday,16:30,BUF,48,DEN,19,Home,-29,67,0,2020121900,58377,,202012190den,18741.0,401220213,5534.0,6,6,-242.0,212.0,-5.5,-105.0,-105.0,49.0,-103.0,-108.0,0,outdoors,grass,47.0,24.0,00-0034857,00-0035704,Josh Allen,Drew Lock,Sean McDermott,Vic Fangio,Clete Blakeman,DEN00,Empower Field at Mile High,39.743889,-105.02,2020-12-19 21:30:00+00:00,39.0,44.2,9.325,13.5,17.5,22.4,0.0,0.0,0.0,0.0,0.0,0.0,0.0,4
2020_15_CAR_GB,2020,REG,15,2020-12-19,Saturday,20:15,CAR,16,GB,24,Home,8,40,0,2020121901,58378,,202012190gnb,18742.0,401220294,5535.0,6,6,346.0,-419.0,9.5,-103.0,-107.0,53.0,-104.0,-107.0,0,outdoors,grass,33.0,5.0,00-0031237,00-0023459,Teddy Bridgewater,Aaron Rodgers,Matt Rhule,Matt LaFleur,Alex Kemp,GNB00,Lambeau Field,44.501389,-88.062222,2020-12-20 01:15:00+00:00,31.0,30.4,4.15,4.8,7.225,8.5,0.0,0.0,0.0,0.0,0.0,0.0,0.0,4
2020_15_JAX_BAL,2020,REG,15,2020-12-20,Sunday,13:00,JAX,14,BAL,40,Home,26,54,0,2020122006,58383,,202012200rav,18747.0,401220149,5540.0,7,6,564.0,-746.0,13.0,-118.0,107.0,49.5,-110.0,-101.0,0,outdoors,grass,39.0,3.0,00-0035289,00-0034796,Gardner Minshew II,Lamar Jackson,Doug Marrone,John Harbaugh,Ronald Torbert,BAL00,M&T Bank Stadium,39.278056,-76.622778,2020-12-20 18:00:00+00:00,42.325,41.9,7.5,9.9,16.9,19.9,0.0,0.0,0.0,0.0,0.0,0.0,0.0,4
2020_15_NE_MIA,2020,REG,15,2020-12-20,Sunday,13:00,NE,12,MIA,22,Home,10,34,0,2020122007,58384,,202012200mia,18748.0,401220123,5541.0,10,7,-120.0,109.0,-1.5,-106.0,-104.0,40.0,100.0,-112.0,1,outdoors,grass,79.0,9.0,00-0027939,00-0036212,Cam Newton,Tua Tagovailoa,Bill Belichick,Brian Flores,Brad Allen,MIA00,Hard Rock Stadium,25.958056,-80.238889,2020-12-20 18:00:00+00:00,77.85000000000001,78.4,9.25,9.4,19.375,20.1,0.07500000000000001,0.2,0.30000000000000004,0.0,0.0,0.0,0.07500000000000001,4
2020_15_DET_TEN,2020,REG,15,2020-12-20,Sunday,13:00,DET,25,TEN,46,Home,21,71,0,2020122004,58381,,202012200oti,18745.0,401220208,5538.0,7,7,325.0,-389.0,9.5,-113.0,102.0,54.5,-109.0,-103.0,0,outdoors,grass,46.0,5.0,00-0026498,00-0029701,Matthew Stafford,Ryan Tannehill,Darrell Bevell,Mike Vrabel,Jerome Boger,NAS00,Nissan Stadium,36.166389,-86.771389,2020-12-20 18:00:00+00:00,48.825,48.1,5.7,6.8,13.55,14.3,0.07500000000000001,0.1,0.30000000000000004,0.0,0.0,0.0,0.07500000000000001,4
2020_15_SEA_WAS,2020,REG,15,2020-12-20,Sunday,13:00,SEA,20,WAS,15,Home,-5,35,0,2020122010,58387,,202012200was,18751.0,401220270,5543.0,7,7,-251.0,219.0,-6.0,-103.0,-107.0,44.5,-103.0,-108.0,0,outdoors,grass,43.0,8.0,00-0029263,00-0035232,Russell Wilson,Dwayne Haskins,Pete Carroll,Ron Rivera,Adrian Hill,WAS00,FedExField,38.907778,-76.864444,2020-12-20 18:00:00+00:00,41.4,41.6,6.7,9.8,20.375,24.4,0.0,0.0,0.0,0.0,0.0,0.0,0.0,4
2020_15_CLE_NYG,2020,REG,15,2020-12-20,Sunday,20:20,CLE,20,NYG,6,Home,-14,26,0,2020122009,58386,,202012200nyg,18750.0,401220255,5537.0,6,7,-271.0,235.0,-6.0,-108.0,-102.0,44.5,-100.0,-111.0,0,outdoors,fieldturf,36.0,0.0,00-0034855,00-0027688,Baker Mayfield,Colt McCoy,Kevin Stefanski,Joe Judge,Shawn Hochuli,NYC01,MetLife Stadium,40.813528,-74.074361,2020-12-21 01:20:00+00:00,33.775,33.6,5.175000000000001,5.4,6.725,7.2,0.0,0.0,0.0,0.0,0.0,0.0,0.0,4
2020_15_PIT_CIN,2020,REG,15,2020-12-21,Monday,20:15,PIT,17,CIN,27,Home,10,44,0,2020122100,58391,,202012210cin,18755.0,401220156,5548.0,8,8,-942.0,682.0,-14.5,-101.0,-109.0,40.5,-107.0,-104.0,1,outdoors,grass,43.0,10.0,00-0022924,00-0035652,Ben Roethlisberger,Ryan Finley,Mike Tomlin,Zac Taylor,John Hussey,CIN00,Paul Brown Stadium,39.095,-84.516,2020-12-22 01:15:00+00:00,43.3,43.5,12.575000000000001,15.6,25.4,30.4,0.0,0.0,0.0,0.0,0.0,0.0,0.0,4
2020_16_NYG_BAL,2020,REG,16,2020-12-27,Sunday,13:00,NYG,13,BAL,27,Home,14,40,0,2020122705,58398,,202012270rav,18762.0,401220152,5558.0,7,7,348.0,-420.0,10.0,-116.0,105.0,43.5,-110.0,-101.0,0,outdoors,grass,38.0,3.0,00-0035710,00-0034796,Daniel Jones,Lamar Jackson,Joe Judge,John Harbaugh,John Hussey,BAL00,M&T Bank Stadium,39.278056,-76.622778,2020-12-27 18:00:00+00:00,36.075,36.1,6.325,7.6,13.775,15.4,0.0,0.0,0.0,0.0,0.0,0.0,0.0,4
2020_16_CHI_JAX,2020,REG,16,2020-12-27,Sunday,13:00,CHI,41,JAX,17,Home,-24,58,0,2020122707,58400,,202012270jax,18764.0,401220199,5552.0,7,7,-452.0,370.0,-9.5,-108.0,-103.0,47.0,-105.0,-106.0,0,outdoors,grass,55.0,5.0,00-0033869,00-0030520,Mitch Trubisky,Mike Glennon,Matt Nagy,Doug Marrone,Jerome Boger,JAX00,TIAA Bank Stadium,30.323889,-81.6375,2020-12-27 18:00:00+00:00,55.974999999999994,55.2,6.4750000000000005,7.3,13.649999999999999,13.9,0.0,0.0,0.0,0.0,0.0,0.0,0.0,4
2020_16_ATL_KC,2020,REG,16,2020-12-27,Sunday,13:00,ATL,14,KC,17,Home,3,31,0,2020122708,58401,,202012270kan,18765.0,401220223,5550.0,7,7,409.0,-508.0,11.0,-110.0,-100.0,54.0,-106.0,-105.0,0,outdoors,astroturf,49.0,8.0,00-0026143,00-0033873,Matt Ryan,Patrick Mahomes,Raheem Morris,Andy Reid,Craig Wrolstad,KAN00,Arrowhead Stadium,39.048889,-94.483889,2020-12-27 18:00:00+00:00,46.525000000000006,49.6,12.25,13.2,26.799999999999997,29.1,0.0,0.0,0.0,0.0,0.0,0.0,0.0,4
2020_16_CLE_NYJ,2020,REG,16,2020-12-27,Sunday,13:00,CLE,16,NYJ,23,Home,7,39,0,2020122704,58397,,202012270nyj,18761.0,401220145,5554.0,7,7,-303.0,260.0,-6.5,-114.0,103.0,45.0,-105.0,-106.0,0,outdoors,fieldturf,37.0,5.0,00-0034855,00-0034869,Baker Mayfield,Sam Darnold,Kevin Stefanski,Adam Gase,Land Clark,NYC01,MetLife Stadium,40.813528,-74.074361,2020-12-27 18:00:00+00:00,36.625,36.8,5.25,5.6,12.575000000000001,13.4,0.0,0.0,0.0,0.0,0.0,0.0,0.0,4
2020_16_IND_PIT,2020,REG,16,2020-12-27,Sunday,13:00,IND,24,PIT,28,Home,4,52,0,2020122709,58402,,202012270pit,18766.0,401220174,5556.0,7,6,-106.0,-104.0,-1.0,100.0,-111.0,43.0,-105.0,-106.0,0,outdoors,grass,37.0,6.0,00-0022942,00-0022924,Philip Rivers,Ben Roethlisberger,Frank Reich,Mike Tomlin,Alex Kemp,PIT00,Heinz Field,40.446667,-80.015833,2020-12-27 18:00:00+00:00,39.875,38.3,6.175,6.7,15.25,16.1,0.0,0.0,0.0,0.0,0.0,0.0,0.0,4
2020_16_CAR_WAS,2020,REG,16,2020-12-27,Sunday,16:05,CAR,20,WAS,13,Home,-7,33,0,2020122710,58403,,202012270was,18767.0,401220273,5551.0,8,7,-112.0,102.0,-1.0,-105.0,-105.0,41.0,102.0,-114.0,0,outdoors,grass,41.0,6.0,00-0031237,00-0035232,Teddy Bridgewater,Dwayne Haskins,Matt Rhule,Ron Rivera,Carl Cheffers,WAS00,FedExField,38.907778,-76.864444,2020-12-27 21:05:00+00:00,33.1,37.3,7.35,7.9,14.275000000000002,15.7,0.0,0.0,0.0,0.0,0.0,0.0,0.0,4
2020_16_LA_SEA,2020,REG,16,2020-12-27,Sunday,16:25,LA,9,SEA,20,Home,11,29,0,2020122711,58404,,202012270sea,18768.0,401220362,5561.0,7,7,115.0,-127.0,1.5,103.0,-114.0,48.0,-111.0,100.0,1,outdoors,fieldturf,45.0,2.0,00-0033106,00-0029263,Jared Goff,Russell Wilson,Sean McVay,Pete Carroll,Bill Vinovich,SEA00,Lumen Field,47.5952,-122.3316,2020-12-27 21:25:00+00:00,44.400000000000006,44.2,4.35,5.2,10.175,11.9,0.0,0.0,0.0,0.0,0.0,0.0,0.0,4
2020_16_TEN_GB,2020,REG,16,2020-12-27,Sunday,20:20,TEN,14,GB,40,Home,26,54,0,2020122713,58406,,202012270gnb,18770.0,401220296,5563.0,7,8,159.0,-177.0,3.0,107.0,-118.0,52.5,-104.0,-107.0,0,outdoors,grass,28.0,15.0,00-0029701,00-0023459,Ryan Tannehill,Aaron Rodgers,Mike Vrabel,Matt LaFleur,Brad Allen,GNB00,Lambeau Field,44.501389,-88.062222,2020-12-28 01:20:00+00:00,26.325000000000003,27.1,12.225000000000001,12.8,23.924999999999997,25.1,0.0,0.0,0.0,0.385,0.91,1.54,0.55,4
2020_16_BUF_NE,2020,REG,16,2020-12-28,Monday,20:15,BUF,38,NE,9,Home,-29,47,0,2020122800,58407,,202012280nwe,18771.0,401220130,5564.0,9,8,-313.0,268.0,-7.0,-102.0,-108.0,47.0,100.0,-112.0,1,outdoors,grass,41.0,4.0,00-0034857,00-0027939,Josh Allen,Cam Newton,Sean McDermott,Bill Belichick,Ronald Torbert,BOS00,Gillette Stadium,42.091,-71.264,2020-12-29 01:15:00+00:00,36.8,37.3,8.274999999999999,9.2,15.524999999999999,17.2,0.0,0.0,0.0,0.0,0.0,0.0,0.0,4
2020_17_MIA_BUF,2020,REG,17,2021-01-03,Sunday,13:00,MIA,26,BUF,56,Home,30,82,0,2021010300,58408,,202101030buf,18772.0,401220114,5571.0,8,6,-153.0,138.0,-3.5,113.0,-125.0,42.5,102.0,-114.0,1,outdoors,astroturf,35.0,1.0,00-0036212,00-0034857,Tua Tagovailoa,Josh Allen,Brian Flores,Sean McDermott,Bill Vinovich,BUF00,New Era Field,42.774,-78.787,2021-01-03 18:00:00+00:00,36.725,36.9,4.2749999999999995,5.7,8.175,10.5,0.15000000000000002,0.2,0.6000000000000001,0.0,0.0,0.0,0.15000000000000002,4
2020_17_BAL_CIN,2020,REG,17,2021-01-03,Sunday,13:00,BAL,38,CIN,3,Home,-35,41,0,2021010303,58411,,202101030cin,18775.0,401220154,5566.0,7,7,-799.0,597.0,-13.5,106.0,-117.0,46.0,-109.0,-102.0,1,outdoors,grass,39.0,10.0,00-0034796,00-0032434,Lamar Jackson,Brandon Allen,John Harbaugh,Zac Taylor,Land Clark,CIN00,Paul Brown Stadium,39.095,-84.516,2021-01-03 18:00:00+00:00,37.95,37.6,10.0,10.4,21.925,23.0,0.0,0.0,0.0,0.0,0.0,0.0,0.0,4
2020_17_PIT_CLE,2020,REG,17,2021-01-03,Sunday,13:00,PIT,22,CLE,24,Home,2,46,0,2021010304,58412,,202101030cle,18776.0,401220164,5575.0,7,7,376.0,-460.0,10.5,-111.0,100.0,45.0,-112.0,101.0,1,outdoors,grass,38.0,7.0,00-0034771,00-0034855,Mason Rudolph,Baker Mayfield,Mike Tomlin,Kevin Stefanski,Jerome Boger,CLE00,FirstEnergy Stadium,41.506111,-81.699444,2021-01-03 18:00:00+00:00,37.25,37.8,10.375,13.5,19.7,22.4,0.0,0.0,0.0,0.0,0.0,0.0,0.0,4
2020_17_NYJ_NE,2020,REG,17,2021-01-03,Sunday,13:00,NYJ,14,NE,28,Home,14,42,0,2021010307,58415,,202101030nwe,18781.0,401220132,5574.0,7,6,145.0,-161.0,3.0,-101.0,-110.0,41.0,-102.0,-109.0,1,outdoors,grass,33.0,5.0,00-0034869,00-0027939,Sam Darnold,Cam Newton,Adam Gase,Bill Belichick,Brad Rogers,BOS00,Gillette Stadium,42.091,-71.264,2021-01-03 18:00:00+00:00,36.599999999999994,36.9,5.775,6.9,16.0,17.4,0.0,0.0,0.0,0.14,0.56,0.56,0.2,4
2020_17_DAL_NYG,2020,REG,17,2021-01-03,Sunday,13:00,DAL,19,NYG,23,Home,4,42,0,2021010308,58416,,202101030nyg,18782.0,401220250,5567.0,7,7,-121.0,109.0,-1.5,-106.0,-104.0,44.5,-109.0,-103.0,1,outdoors,fieldturf,33.0,6.0,00-0027973,00-0035710,Andy Dalton,Daniel Jones,Mike McCarthy,Joe Judge,Brad Allen,NYC01,MetLife Stadium,40.813528,-74.074361,2021-01-03 18:00:00+00:00,38.025,37.2,13.55,14.5,25.450000000000003,26.2,0.175,0.5,0.7,0.0,0.0,0.0,0.175,4
2020_17_ATL_TB,2020,REG,17,2021-01-03,Sunday,13:00,ATL,27,TB,44,Home,17,71,0,2021010310,58418,,202101030tam,18784.0,401220328,5565.0,7,8,276.0,-323.0,7.5,-123.0,111.0,51.0,-100.0,-111.0,1,outdoors,grass,65.0,4.0,00-0026143,00-0019596,Matt Ryan,Tom Brady,Raheem Morris,Bruce Arians,Alex Kemp,TAM00,Raymond James Stadium,27.975833,-82.503333,2021-01-03 18:00:00+00:00,64.7,64.6,8.425,10.3,16.275,17.7,0.0,0.0,0.0,0.0,0.0,0.0,0.0,4
2020_17_NO_CAR,2020,REG,17,2021-01-03,Sunday,16:25,NO,33,CAR,7,Home,-26,40,0,2021010301,58409,,202101030car,18773.0,401220315,5573.0,9,7,-250.0,219.0,-6.0,100.0,-110.0,47.0,-108.0,-104.0,1,outdoors,grass,57.0,2.0,00-0020531,00-0031237,Drew Brees,Teddy Bridgewater,Sean Payton,Matt Rhule,John Hussey,CAR00,Bank of America Stadium,35.225833,-80.852778,2021-01-03 21:25:00+00:00,52.150000000000006,53.0,5.75,8.1,15.25,17.4,0.0,0.0,0.0,0.0,0.0,0.0,0.0,4
2020_17_GB_CHI,2020,REG,17,2021-01-03,Sunday,16:25,GB,35,CHI,16,Home,-19,51,0,2021010302,58410,,202101030chi,18774.0,401220275,5568.0,7,7,-207.0,184.0,-4.5,-103.0,-107.0,48.5,-112.0,100.0,1,outdoors,grass,32.0,7.0,00-0023459,00-0033869,Aaron Rodgers,Mitch Trubisky,Matt LaFleur,Matt Nagy,Craig Wrolstad,CHI98,Soldier Field,41.8623,-87.6167,2021-01-03 21:25:00+00:00,33.599999999999994,35.8,7.425,8.2,11.85,13.2,0.0,0.0,0.0,0.0,0.0,0.0,0.0,4
2020_17_LV_DEN,2020,REG,17,2021-01-03,Sunday,16:25,LV,32,DEN,31,Home,-1,63,0,2021010311,58419,,202101030den,18785.0,401220211,5579.0,8,7,-144.0,130.0,-2.5,-115.0,104.0,50.5,-103.0,-108.0,1,outdoors,grass,53.0,10.0,00-0031280,00-0035704,Derek Carr,Drew Lock,Jon Gruden,Vic Fangio,Scott Novak,DEN00,Empower Field at Mile High,39.743889,-105.02,2021-01-03 21:25:00+00:00,45.900000000000006,49.2,8.725,16.8,13.525,16.3,0.0,0.0,0.0,0.0,0.0,0.0,0.0,4
2020_17_LAC_KC,2020,REG,17,2021-01-03,Sunday,16:25,LAC,38,KC,21,Home,-17,59,0,2021010306,58414,,202101030kan,18780.0,401220220,5570.0,7,7,-282.0,244.0,-7.0,106.0,-117.0,43.0,-103.0,-108.0,1,outdoors,astroturf,35.0,6.0,00-0036355,00-0026197,Justin Herbert,Chad Henne,Anthony Lynn,Andy Reid,Clete Blakeman,KAN00,Arrowhead Stadium,39.048889,-94.483889,2021-01-03 21:25:00+00:00,37.65,40.4,5.4,6.5,10.45,11.0,0.0,0.0,0.0,0.0,0.0,0.0,0.0,4
2020_17_WAS_PHI,2020,REG,17,2021-01-03,Sunday,20:20,WAS,20,PHI,14,Home,-6,34,0,2021010309,58417,,202101030phi,18783.0,401220260,5577.0,7,7,-283.0,245.0,-6.5,-109.0,-101.0,43.5,101.0,-112.0,1,outdoors,grass,38.0,10.0,00-0023436,00-0036389,Alex Smith,Jalen Hurts,Ron Rivera,Doug Pederson,Ronald Torbert,PHI00,Lincoln Financial Field,39.900833,-75.1675,2021-01-04 01:20:00+00:00,38.525000000000006,38.8,7.65,8.1,14.075000000000001,15.0,0.15000000000000002,0.3,0.6000000000000001,0.0,0.0,0.0,0.15000000000000002,4
2021_01_DAL_TB,2021,REG,1,2021-09-09,Thursday,20:20,DAL,29,TB,31,Home,2,60,0,2021090900,58503,10160000-0585-0395-7f87-0c3334b38e2e,202109090tam,19608.0,401326322,5594.0,7,7,351.0,-425.0,10.0,-121.0,110.0,52.5,-108.0,-103.0,0,outdoors,grass ,82.0,9.0,00-0033077,00-0019596,Dak Prescott,Tom Brady,Mike McCarthy,Bruce Arians,Shawn Hochuli,TAM00,Raymond James Stadium,27.975833,-82.503333,2021-09-10 00:20:00+00:00,78.6,79.6,4.6499999999999995,7.0,11.424999999999999,14.8,0.025,0.1,0.1,0.0,0.0,0.0,0.025,4
2021_01_PHI_ATL,2021,REG,1,2021-09-12,Sunday,13:00,PHI,32,ATL,6,Home,-26,38,0,2021091200,58504,10160000-0585-0480-6b01-c3eef69858d5,202109120atl,19609.0,401326315,5600.0,7,7,161.0,-180.0,3.5,-109.0,-101.0,49.0,-108.0,-103.0,0,open,fieldturf,,,00-0036389,00-0026143,Jalen Hurts,Matt Ryan,Nick Sirianni,Arthur Smith,Scott Novak,ATL97,Mercedes-Benz Stadium,33.755556,-84.4,2021-09-12 17:00:00+00:00,80.425,78.4,2.775,4.0,10.350000000000001,11.4,0.075,0.3,0.3,0.0,0.0,0.0,0.075,4
2021_01_PIT_BUF,2021,REG,1,2021-09-12,Sunday,13:00,PIT,23,BUF,16,Home,-7,39,0,2021091201,58505,10160000-0585-05c2-6453-a2e392056a4d,202109120buf,19610.0,401326308,5598.0,7,7,232.0,-267.0,6.5,-110.0,-100.0,48.0,-114.0,103.0,0,outdoors,a_turf,73.0,17.0,00-0022924,00-0034857,Ben Roethlisberger,Josh Allen,Mike Tomlin,Sean McDermott,John Hussey,BUF00,New Era Field,42.774,-78.787,2021-09-12 17:00:00+00:00,71.89999999999999,73.0,15.0,16.7,32.525,35.3,0.4,1.3,1.6,0.0,0.0,0.0,0.4,4
2021_01_NYJ_CAR,2021,REG,1,2021-09-12,Sunday,13:00,NYJ,14,CAR,19,Home,5,33,0,2021091202,58506,10160000-0585-06c9-4855-c84e9f187c74,202109120car,19611.0,401326309,5599.0,7,7,164.0,-184.0,3.5,-108.0,-102.0,44.5,-107.0,-104.0,0,outdoors,grass ,81.0,0.0,00-0037013,00-0034869,Zach Wilson,Sam Darnold,Robert Saleh,Matt Rhule,Clay Martin,CAR00,Bank of America Stadium,35.225833,-80.852778,2021-09-12 17:00:00+00:00,85.8,83.8,3.625,4.1,12.825,15.2,0.0,0.0,0.0,0.0,0.0,0.0,0.0,4
2021_01_MIN_CIN,2021,REG,1,2021-09-12,Sunday,13:00,MIN,24,CIN,27,Home,3,51,1,2021091203,58507,10160000-0585-078e-e7ac-a2f205f45b71,202109120cin,19612.0,401326316,5603.0,7,7,-135.0,122.0,-3.0,109.0,-120.0,47.0,102.0,-114.0,0,outdoors,fieldturf,81.0,15.0,00-0029604,00-0036442,Kirk Cousins,Joe Burrow,Mike Zimmer,Zac Taylor,Adrian Hill,CIN00,Paul Brown Stadium,39.095,-84.516,2021-09-12 17:00:00+00:00,87.375,84.7,12.700000000000001,13.6,27.450000000000003,28.4,0.0,0.0,0.0,0.0,0.0,0.0,0.0,4
2021_01_ARI_TEN,2021,REG,1,2021-09-12,Sunday,13:00,ARI,38,TEN,13,Home,-25,51,0,2021091207,58511,10160000-0585-1194-5bd6-3e939eca6530,202109120oti,19616.0,401326311,5597.0,7,7,131.0,-146.0,2.5,105.0,-116.0,54.0,-103.0,-108.0,0,outdoors,grass ,82.0,8.0,00-0035228,00-0029701,Kyler Murray,Ryan Tannehill,Kliff Kingsbury,Mike Vrabel,Jerome Boger,NAS00,Nissan Stadium,36.166389,-86.771389,2021-09-12 17:00:00+00:00,85.35,83.0,5.125,6.2,13.375000000000002,15.7,0.0,0.0,0.0,0.0,0.0,0.0,0.0,4
2021_01_LAC_WAS,2021,REG,1,2021-09-12,Sunday,13:00,LAC,20,WAS,16,Home,-4,36,0,2021091208,58512,10160000-0585-1250-d8b5-dc096164eee6,202109120was,19617.0,401326312,5595.0,7,7,117.0,-129.0,2.5,-109.0,-101.0,45.5,-115.0,103.0,0,outdoors,grass ,81.0,4.0,00-0036355,00-0023682,Justin Herbert,Ryan Fitzpatrick,Brandon Staley,Ron Rivera,Alex Kemp,WAS00,FedExField,38.907778,-76.864444,2021-09-12 17:00:00+00:00,85.7,84.0,9.875,10.7,24.2,25.5,0.0,0.0,0.0,0.0,0.0,0.0,0.0,4
2021_01_CLE_KC,2021,REG,1,2021-09-12,Sunday,16:25,CLE,29,KC,33,Home,4,62,0,2021091209,58513,10160000-0585-1318-4157-165c704d4398,202109120kan,19618.0,401326314,5607.0,7,7,211.0,-241.0,5.5,-101.0,-110.0,54.5,-107.0,-105.0,0,outdoors,grass ,88.0,8.0,00-0034855,00-0033873,Baker Mayfield,Patrick Mahomes,Kevin Stefanski,Andy Reid,Bill Vinovich,KAN00,GEHA Field at Arrowhead Stadium,39.048889,-94.483889,2021-09-12 20:25:00+00:00,89.57499999999999,90.3,9.549999999999999,10.4,21.9,22.4,0.0,0.0,0.0,0.0,0.0,0.0,0.0,4
2021_01_MIA_NE,2021,REG,1,2021-09-12,Sunday,16:25,MIA,17,NE,16,Home,-1,33,0,2021091210,58514,10160000-0585-1494-7dca-af897fca66c1,202109120nwe,19619.0,401326313,5605.0,7,7,155.0,-173.0,3.5,-113.0,102.0,43.5,-114.0,103.0,1,outdoors,fieldturf,81.0,15.0,00-0036212,00-0036972,Tua Tagovailoa,Mac Jones,Brian Flores,Bill Belichick,Clete Blakeman,BOS00,Gillette Stadium,42.091,-71.264,2021-09-12 20:25:00+00:00,76.125,78.8,10.549999999999999,12.2,26.224999999999998,31.1,0.0,0.0,0.0,0.0,0.0,0.0,0.0,4
2021_01_GB_NO,2021,REG,1,2021-09-12,Sunday,16:25,GB,3,NO,38,Neutral,35,41,0,2021091211,58515,10160000-0585-154d-0841-cf028d1e5dd3,202109120nor,19620.0,401326319,5604.0,7,7,-181.0,162.0,-4.0,103.0,-114.0,49.0,-110.0,-102.0,0,outdoors,grass ,86.0,9.0,00-0023459,00-0031503,Aaron Rodgers,Jameis Winston,Matt LaFleur,Sean Payton,Carl Cheffers,JAX00,TIAA Bank Stadium,30.323889,-81.6375,2021-09-12 20:25:00+00:00,81.65,83.4,9.775,10.6,18.974999999999998,20.4,0.0,0.0,0.0,0.0,0.0,0.0,0.0,4
2021_01_DEN_NYG,2021,REG,1,2021-09-12,Sunday,16:25,DEN,27,NYG,13,Home,-14,40,0,2021091212,58516,10160000-0585-1662-65a6-12501755475c,202109120nyg,19621.0,401326320,5606.0,7,7,-139.0,125.0,-3.0,109.0,-120.0,41.5,-105.0,-106.0,0,outdoors,fieldturf,82.0,19.0,00-0031237,00-0035710,Teddy Bridgewater,Daniel Jones,Vic Fangio,Joe Judge,Ron Torbert,NYC01,MetLife Stadium,40.813528,-74.074361,2021-09-12 20:25:00+00:00,81.15,83.5,10.725,14.0,23.300000000000004,28.4,0.0,0.0,0.0,0.0,0.0,0.0,0.0,4
2021_02_NYG_WAS,2021,REG,2,2021-09-16,Thursday,20:20,NYG,29,WAS,30,Home,1,59,0,2021091600,58519,10160000-0585-1993-5de7-06d7b1e9824d,202109160was,19625.0,401326127,5610.0,4,4,176.0,-198.0,4.0,-103.0,-107.0,42.0,-112.0,100.0,1,outdoors,grass ,71.0,0.0,00-0035710,00-0031800,Daniel Jones,Taylor Heinicke,Joe Judge,Ron Rivera,Scott Novak,WAS00,FedExField,38.907778,-76.864444,2021-09-17 00:20:00+00:00,71.27499999999999,71.4,4.925,5.1,10.3,10.5,0.39999999999999997,0.7,1.5999999999999999,0.0,0.0,0.0,0.39999999999999997,4
2021_02_NO_CAR,2021,REG,2,2021-09-19,Sunday,13:00,NO,7,CAR,26,Home,19,33,0,2021091900,58520,10160000-0585-2045-b685-8578eabec6d0,202109190car,19626.0,401326128,5613.0,7,7,-145.0,131.0,-3.0,102.0,-113.0,45.0,-106.0,-105.0,1,outdoors,grass ,83.0,4.0,00-0031503,00-0034869,Jameis Winston,Sam Darnold,Sean Payton,Matt Rhule,Ron Torbert,CAR00,Bank of America Stadium,35.225833,-80.852778,2021-09-19 17:00:00+00:00,86.075,85.1,7.9750000000000005,9.1,21.1,21.9,0.0,0.0,0.0,0.0,0.0,0.0,0.0,4
2021_02_CIN_CHI,2021,REG,2,2021-09-19,Sunday,13:00,CIN,17,CHI,20,Home,3,37,0,2021091901,58521,10160000-0585-2136-215a-ce64084ab606,202109190chi,19627.0,401326129,5611.0,7,7,114.0,-126.0,2.0,-105.0,-105.0,44.5,-107.0,-104.0,0,outdoors,grass ,80.0,0.0,00-0036442,00-0027973,Joe Burrow,Andy Dalton,Zac Taylor,Matt Nagy,Land Clark,CHI98,Soldier Field,41.8623,-87.6167,2021-09-19 17:00:00+00:00,81.57499999999999,79.4,9.125,9.9,18.0,18.6,0.0,0.0,0.0,0.0,0.0,0.0,0.0,4
2021_02_HOU_CLE,2021,REG,2,2021-09-19,Sunday,13:00,HOU,21,CLE,31,Home,10,52,0,2021091902,58522,10160000-0585-2291-e1e4-75f0523c1b19,202109190cle,19628.0,401326130,5612.0,7,7,521.0,-675.0,13.5,-103.0,-107.0,48.5,103.0,-115.0,0,outdoors,grass ,75.0,12.0,00-0028118,00-0034855,Tyrod Taylor,Baker Mayfield,David Culley,Kevin Stefanski,Brad Rogers,CLE00,FirstEnergy Stadium,41.506111,-81.699444,2021-09-19 17:00:00+00:00,75.35,75.5,11.375,12.8,20.075,21.7,0.0,0.0,0.0,0.0,0.0,0.0,0.0,4
2021_02_DEN_JAX,2021,REG,2,2021-09-19,Sunday,13:00,DEN,23,JAX,13,Home,-10,36,0,2021091904,58524,10160000-0585-246e-d1e6-d8966548ba45,202109190jax,19630.0,401326132,5615.0,7,7,-241.0,211.0,-6.0,104.0,-115.0,45.0,-107.0,-104.0,0,outdoors,grass ,80.0,7.0,00-0031237,00-0036971,Teddy Bridgewater,Trevor Lawrence,Vic Fangio,Urban Meyer,Clay Martin,JAX00,TIAA Bank Stadium,30.323889,-81.6375,2021-09-19 17:00:00+00:00,78.67500000000001,76.9,6.775,7.7,13.8,16.1,1.05,2.7,4.2,0.0,0.0,0.0,1.05,4
2021_02_BUF_MIA,2021,REG,2,2021-09-19,Sunday,13:00,BUF,35,MIA,0,Home,-35,35,0,2021091905,58525,10160000-0585-25b8-1e45-8d1ab983c452,202109190mia,19631.0,401326353,5616.0,7,7,-179.0,160.0,-3.5,103.0,-113.0,48.0,-103.0,-109.0,1,outdoors,grass ,89.0,7.0,00-0034857,00-0036212,Josh Allen,Tua Tagovailoa,Sean McDermott,Brian Flores,Craig Wrolstad,MIA00,Hard Rock Stadium,25.958056,-80.238889,2021-09-19 17:00:00+00:00,84.675,87.6,5.025,6.3,14.225000000000001,16.3,1.4,5.3,5.6,0.0,0.0,0.0,1.4,4
2021_02_NE_NYJ,2021,REG,2,2021-09-19,Sunday,13:00,NE,25,NYJ,6,Home,-19,31,0,2021091906,58526,10160000-0585-2623-ccb6-fe5554b9f99b,202109190nyj,19632.0,401326354,5617.0,7,7,-235.0,207.0,-5.5,-105.0,-105.0,43.0,102.0,-113.0,1,outdoors,fieldturf,72.0,13.0,00-0036972,00-0037013,Mac Jones,Zach Wilson,Bill Belichick,Robert Saleh,Shawn Hochuli,NYC01,MetLife Stadium,40.813528,-74.074361,2021-09-19 17:00:00+00:00,74.27499999999999,73.6,7.8999999999999995,9.6,18.85,21.3,0.0,0.0,0.0,0.0,0.0,0.0,0.0,4
2021_02_SF_PHI,2021,REG,2,2021-09-19,Sunday,13:00,SF,17,PHI,11,Home,-6,28,0,2021091907,58527,10160000-0585-2755-bf00-5e03f6c3e401,202109190phi,19633.0,401326355,5618.0,7,7,-144.0,130.0,-3.0,104.0,-115.0,49.0,-109.0,-102.0,0,outdoors,grass ,76.0,13.0,00-0031345,00-0036389,Jimmy Garoppolo,Jalen Hurts,Kyle Shanahan,Nick Sirianni,Brad Allen,PHI00,Lincoln Financial Field,39.900833,-75.1675,2021-09-19 17:00:00+00:00,78.1,77.1,7.35,8.8,17.575,19.5,0.0,0.0,0.0,0.0,0.0,0.0,0.0,4
2021_02_LV_PIT,2021,REG,2,2021-09-19,Sunday,13:00,LV,26,PIT,17,Home,-9,43,0,2021091908,58528,10160000-0585-2829-66f7-94eda861d4e2,202109190pit,19624.0,401326356,5619.0,6,7,201.0,-228.0,5.5,-109.0,-102.0,46.5,104.0,-116.0,0,outdoors,grass ,77.0,4.0,00-0031280,00-0022924,Derek Carr,Ben Roethlisberger,Jon Gruden,Mike Tomlin,Jerome Boger,PIT00,Heinz Field,40.446667,-80.015833,2021-09-19 17:00:00+00:00,78.55,77.2,4.324999999999999,4.6,12.375,12.8,0.0,0.0,0.0,0.0,0.0,0.0,0.0,4
2021_02_ATL_TB,2021,REG,2,2021-09-19,Sunday,16:05,ATL,25,TB,48,Home,23,73,0,2021091910,58530,10160000-0585-30bd-05c9-75bc16e1a032,202109190tam,19635.0,401326358,5620.0,7,10,582.0,-772.0,13.5,-108.0,-102.0,52.0,-103.0,-108.0,1,outdoors,grass ,85.0,0.0,00-0026143,00-0019596,Matt Ryan,Tom Brady,Arthur Smith,Bruce Arians,Carl Cheffers,TAM00,Raymond James Stadium,27.975833,-82.503333,2021-09-19 20:05:00+00:00,78.925,80.6,4.1499999999999995,4.9,11.525,14.3,2.5,4.7,10.0,0.0,0.0,0.0,2.5,4
2021_02_TEN_SEA,2021,REG,2,2021-09-19,Sunday,16:25,TEN,33,SEA,30,Home,-3,63,1,2021091912,58532,10160000-0585-3276-88c7-cc4ad323640e,202109190sea,19637.0,401326360,5623.0,7,7,247.0,-286.0,6.5,-100.0,-110.0,53.5,-102.0,-109.0,0,outdoors,fieldturf,62.0,14.0,00-0029701,00-0029263,Ryan Tannehill,Russell Wilson,Mike Vrabel,Pete Carroll,John Hussey,SEA00,Lumen Field,47.5952,-122.3316,2021-09-19 20:25:00+00:00,62.85,62.2,15.3,15.9,30.999999999999996,31.8,0.07500000000000001,0.1,0.30000000000000004,0.0,0.0,0.0,0.07500000000000001,4
2021_02_KC_BAL,2021,REG,2,2021-09-19,Sunday,20:20,KC,35,BAL,36,Home,1,71,0,2021091913,58533,10160000-0585-33fe-aa00-203001f83c1d,202109190rav,19638.0,401326361,5624.0,7,6,-171.0,153.0,-3.5,107.0,-118.0,53.5,-110.0,-101.0,0,outdoors,grass,82.0,8.0,00-0033873,00-0034796,Patrick Mahomes,Lamar Jackson,Andy Reid,John Harbaugh,Clete Blakeman,BAL00,M&T Bank Stadium,39.278056,-76.622778,2021-09-20 00:20:00+00:00,67.875,68.6,4.074999999999999,5.1,6.324999999999999,7.2,0.0,0.0,0.0,0.0,0.0,0.0,0.0,4
2021_02_DET_GB,2021,REG,2,2021-09-20,Monday,20:15,DET,17,GB,35,Home,18,52,0,2021092000,58534,10160000-0585-34b5-093d-5f75273b3261,202109200gnb,19639.0,401326362,5625.0,8,8,400.0,-494.0,11.5,-112.0,102.0,49.5,-101.0,-110.0,1,outdoors,grass ,73.0,12.0,00-0033106,00-0023459,Jared Goff,Aaron Rodgers,Dan Campbell,Matt LaFleur,Adrian Hill,GNB00,Lambeau Field,44.501389,-88.062222,2021-09-21 00:15:00+00:00,72.5,72.6,13.799999999999999,15.5,27.975,32.0,0.075,0.3,0.3,0.0,0.0,0.0,0.075,4
2021_03_WAS_BUF,2021,REG,3,2021-09-26,Sunday,13:00,WAS,21,BUF,43,Home,22,64,0,2021092600,58536,10160000-0585-362f-b5b3-85d152061809,202109260buf,19641.0,401326364,5635.0,10,7,281.0,-330.0,7.5,-114.0,103.0,45.5,-105.0,-106.0,0,outdoors,a_turf,67.0,21.0,00-0031800,00-0034857,Taylor Heinicke,Josh Allen,Ron Rivera,Sean McDermott,Tony Corrente,BUF00,New Era Field,42.774,-78.787,2021-09-26 17:00:00+00:00,63.1,63.1,17.9,18.6,38.2,39.1,0.0,0.0,0.0,0.0,0.0,0.0,0.0,4
2021_03_CHI_CLE,2021,REG,3,2021-09-26,Sunday,13:00,CHI,6,CLE,26,Home,20,32,0,2021092601,58537,10160000-0585-372e-eef2-38859f6cab57,202109260cle,19642.0,401326365,5627.0,7,7,315.0,-375.0,7.5,-102.0,-108.0,45.0,-106.0,-105.0,0,outdoors,grass ,70.0,22.0,00-0036945,00-0034855,Justin Fields,Baker Mayfield,Matt Nagy,Kevin Stefanski,Ron Torbert,CLE00,FirstEnergy Stadium,41.506111,-81.699444,2021-09-26 17:00:00+00:00,68.7,67.3,12.35,15.7,23.349999999999998,25.9,0.0,0.0,0.0,0.0,0.0,0.0,0.0,4
2021_03_ARI_JAX,2021,REG,3,2021-09-26,Sunday,13:00,ARI,31,JAX,19,Home,-12,50,0,2021092603,58539,10160000-0585-3990-6603-b4c540dfc9c1,202109260jax,19644.0,401326367,5634.0,7,7,-360.0,304.0,-8.0,-101.0,-110.0,51.5,-104.0,-107.0,0,outdoors,grass ,81.0,4.0,00-0035228,00-0036971,Kyler Murray,Trevor Lawrence,Kliff Kingsbury,Urban Meyer,Shawn Smith,JAX00,TIAA Bank Stadium,30.323889,-81.6375,2021-09-26 17:00:00+00:00,81.2,80.8,6.5,9.0,14.25,16.8,0.0,0.0,0.0,0.0,0.0,0.0,0.0,4
2021_03_LAC_KC,2021,REG,3,2021-09-26,Sunday,13:00,LAC,30,KC,24,Home,-6,54,0,2021092604,58540,10160000-0585-40f6-807e-5528340ffb4e,202109260kan,19648.0,401326368,5631.0,7,7,237.0,-273.0,6.5,-100.0,-110.0,55.0,-108.0,-103.0,1,outdoors,grass ,81.0,19.0,00-0036355,00-0033873,Justin Herbert,Patrick Mahomes,Brandon Staley,Andy Reid,Shawn Hochuli,KAN00,GEHA Field at Arrowhead Stadium,39.048889,-94.483889,2021-09-26 17:00:00+00:00,85.5,81.6,16.6,17.6,35.125,36.9,0.0,0.0,0.0,0.0,0.0,0.0,0.0,4
2021_03_NO_NE,2021,REG,3,2021-09-26,Sunday,13:00,NO,28,NE,13,Home,-15,41,0,2021092605,58541,10160000-0585-4186-1c4b-ffd17eb79c79,202109260nwe,19645.0,401326369,5629.0,7,7,130.0,-144.0,3.0,-117.0,106.0,44.0,-114.0,102.0,0,outdoors,fieldturf,73.0,11.0,00-0031503,00-0036972,Jameis Winston,Mac Jones,Sean Payton,Bill Belichick,John Hussey,BOS00,Gillette Stadium,42.091,-71.264,2021-09-26 17:00:00+00:00,70.9,71.9,11.3,12.0,26.95,28.2,0.0,0.0,0.0,0.0,0.0,0.0,0.0,4
2021_03_ATL_NYG,2021,REG,3,2021-09-26,Sunday,13:00,ATL,17,NYG,14,Home,-3,31,0,2021092606,58542,10160000-0585-42f8-a139-c5c7f3ad05a5,202109260nyg,19646.0,401326370,5632.0,7,10,129.0,-143.0,3.0,-115.0,105.0,48.0,-110.0,-101.0,0,outdoors,fieldturf,69.0,13.0,00-0026143,00-0035710,Matt Ryan,Daniel Jones,Arthur Smith,Joe Judge,Adrian Hill,NYC01,MetLife Stadium,40.813528,-74.074361,2021-09-26 17:00:00+00:00,70.45,69.8,13.875,14.6,27.425,28.0,0.0,0.0,0.0,0.0,0.0,0.0,0.0,4
2021_03_CIN_PIT,2021,REG,3,2021-09-26,Sunday,13:00,CIN,24,PIT,10,Home,-14,34,0,2021092607,58543,10160000-0585-43f9-b02b-b42277d58000,202109260pit,19647.0,401326371,5630.0,7,7,126.0,-140.0,2.5,103.0,-114.0,42.5,-112.0,101.0,1,outdoors,grass ,67.0,9.0,00-0036442,00-0022924,Joe Burrow,Ben Roethlisberger,Zac Taylor,Mike Tomlin,Clete Blakeman,PIT00,Heinz Field,40.446667,-80.015833,2021-09-26 17:00:00+00:00,70.1,68.5,11.825,12.4,25.9,27.1,0.0,0.0,0.0,0.0,0.0,0.0,0.0,4
2021_03_IND_TEN,2021,REG,3,2021-09-26,Sunday,13:00,IND,16,TEN,25,Home,9,41,0,2021092608,58544,10160000-0585-4441-26ae-1a1f5f8a7f37,202109260oti,19649.0,401326372,5628.0,7,7,175.0,-196.0,4.5,-113.0,103.0,47.0,-104.0,-107.0,1,outdoors,grass ,72.0,4.0,00-0032950,00-0029701,Carson Wentz,Ryan Tannehill,Frank Reich,Mike Vrabel,Bill Vinovich,NAS00,Nissan Stadium,36.166389,-86.771389,2021-09-26 17:00:00+00:00,73.925,71.6,1.1,1.5,7.875,8.5,0.0,0.0,0.0,0.0,0.0,0.0,0.0,4
2021_03_NYJ_DEN,2021,REG,3,2021-09-26,Sunday,16:05,NYJ,0,DEN,26,Home,26,26,0,2021092609,58545,10160000-0585-4520-9695-534185299b8c,202109260den,19650.0,401326373,5636.0,7,7,470.0,-597.0,10.5,-109.0,-101.0,42.0,-107.0,-104.0,0,outdoors,grass ,82.0,6.0,00-0037013,00-0031237,Zach Wilson,Teddy Bridgewater,Robert Saleh,Vic Fangio,Land Clark,DEN00,Empower Field at Mile High,39.743889,-105.02,2021-09-26 20:05:00+00:00,87.22500000000001,87.4,8.075,8.9,17.225,17.7,0.0,0.0,0.0,0.0,0.0,0.0,0.0,4
2021_03_GB_SF,2021,REG,3,2021-09-26,Sunday,20:20,GB,30,SF,28,Home,-2,58,0,2021092613,58549,10160000-0585-49b2-72a4-c8f22da773d9,202109260sfo,19654.0,401326377,5640.0,6,7,160.0,-179.0,3.5,-113.0,103.0,50.5,-103.0,-108.0,0,outdoors,grass,69.0,15.0,00-0023459,00-0031345,Aaron Rodgers,Jimmy Garoppolo,Matt LaFleur,Kyle Shanahan,Jerome Boger,SFO01,Levi's Stadium,37.403,-121.97,2021-09-27 00:20:00+00:00,64.35000000000001,68.5,11.025,12.7,21.299999999999997,23.5,0.0,0.0,0.0,0.0,0.0,0.0,0.0,4
2021_03_PHI_DAL,2021,REG,3,2021-09-27,Monday,20:15,PHI,21,DAL,41,Home,20,62,0,2021092700,58550,10160000-0585-50bd-5f3e-7e78e013c657,202109270dal,19655.0,401326378,5641.0,8,8,168.0,-189.0,3.5,-103.0,-107.0,51.5,-110.0,-101.0,1,open,matrixturf,,,00-0036389,00-0033077,Jalen Hurts,Dak Prescott,Nick Sirianni,Mike McCarthy,Brad Rogers,DAL00,AT&T Stadium,32.747778,-97.092778,2021-09-28 00:15:00+00:00,79.05,82.4,6.55,7.5,11.7,12.1,0.0,0.0,0.0,0.0,0.0,0.0,0.0,4
2021_04_JAX_CIN,2021,REG,4,2021-09-30,Thursday,20:20,JAX,21,CIN,24,Home,3,45,0,2021093000,58551,10160000-0585-5130-3a67-8badf04019ca,202109300cin,19656.0,401326379,5642.0,4,4,313.0,-373.0,7.5,105.0,-116.0,46.0,101.0,-113.0,0,outdoors,fieldturf,65.0,0.0,00-0036971,00-0036442,Trevor Lawrence,Joe Burrow,Urban Meyer,Zac Taylor,Brad Allen,CIN00,Paul Brown Stadium,39.095,-84.516,2021-10-01 00:20:00+00:00,65.425,67.1,4.625,5.4,8.1,9.6,0.0,0.0,0.0,0.0,0.0,0.0,0.0,4
2021_04_WAS_ATL,2021,REG,4,2021-10-03,Sunday,13:00,WAS,34,ATL,30,Home,-4,64,0,2021100300,58552,10160000-0585-5257-aab2-51126edaa21f,202110030atl,19657.0,401326380,5648.0,7,7,-117.0,106.0,-1.0,-111.0,100.0,47.5,-114.0,102.0,0,open,fieldturf,,,00-0031800,00-0026143,Taylor Heinicke,Matt Ryan,Ron Rivera,Arthur Smith,Clay Martin,ATL97,Mercedes-Benz Stadium,33.755556,-84.4,2021-10-03 17:00:00+00:00,73.4,72.9,8.275,12.8,20.85,25.1,1.3499999999999999,4.1,5.3999999999999995,0.0,0.0,0.0,1.3499999999999999,4
2021_04_HOU_BUF,2021,REG,4,2021-10-03,Sunday,13:00,HOU,0,BUF,40,Home,40,40,0,2021100301,58553,10160000-0585-53a1-9f60-d74c0ea5aba5,202110030buf,19658.0,401326381,5644.0,10,7,988.0,-1500.0,19.0,-108.0,-102.0,47.5,-106.0,-105.0,0,outdoors,a_turf,67.0,12.0,00-0036898,00-0034857,Davis Mills,Josh Allen,David Culley,Sean McDermott,Ron Torbert,BUF00,New Era Field,42.774,-78.787,2021-10-03 17:00:00+00:00,67.825,67.6,6.75,9.3,19.0,23.0,0.625,1.5,2.5,0.0,0.0,0.0,0.625,4
2021_04_DET_CHI,2021,REG,4,2021-10-03,Sunday,13:00,DET,14,CHI,24,Home,10,38,0,2021100302,58554,10160000-0585-5441-b92e-8090a507aee1,202110030chi,19659.0,401326382,5646.0,7,7,134.0,-148.0,3.0,-109.0,-101.0,42.0,-110.0,-101.0,1,outdoors,grass ,72.0,4.0,00-0033106,00-0036945,Jared Goff,Justin Fields,Dan Campbell,Matt Nagy,Shawn Smith,CHI98,Soldier Field,41.8623,-87.6167,2021-10-03 17:00:00+00:00,73.4,72.1,2.15,3.4,11.424999999999999,11.9,0.1,0.2,0.4,0.0,0.0,0.0,0.1,4
2021_04_IND_MIA,2021,REG,4,2021-10-03,Sunday,13:00,IND,27,MIA,17,Home,-10,44,0,2021100304,58556,10160000-0585-5696-a397-e25b0d34aa43,202110030mia,19661.0,401326384,5643.0,7,7,130.0,-144.0,2.5,102.0,-113.0,41.5,-104.0,-107.0,0,outdoors,grass ,85.0,16.0,00-0032950,00-0033119,Carson Wentz,Jacoby Brissett,Frank Reich,Brian Flores,Alex Kemp,MIA00,Hard Rock Stadium,25.958056,-80.238889,2021-10-03 17:00:00+00:00,83.075,82.8,9.5,9.7,20.25,21.7,0.025,0.1,0.1,0.0,0.0,0.0,0.025,4
2021_04_TEN_NYJ,2021,REG,4,2021-10-03,Sunday,13:00,TEN,24,NYJ,27,Home,3,51,1,2021100307,58559,10160000-0585-59d4-a2d1-116bce33f57f,202110030nyj,19664.0,401326387,5651.0,7,7,-234.0,206.0,-5.5,-104.0,-106.0,44.5,-106.0,-105.0,0,outdoors,fieldturf,78.0,9.0,00-0029701,00-0037013,Ryan Tannehill,Zach Wilson,Mike Vrabel,Robert Saleh,Adrian Hill,NYC01,MetLife Stadium,40.813528,-74.074361,2021-10-03 17:00:00+00:00,78.0,76.6,6.625,7.1,14.725000000000001,15.0,0.0,0.0,0.0,0.0,0.0,0.0,0.0,4
2021_04_KC_PHI,2021,REG,4,2021-10-03,Sunday,13:00,KC,42,PHI,30,Home,-12,72,0,2021100308,58560,10160000-0585-6048-828c-1c7bc8282794,202110030phi,19665.0,401326388,5645.0,7,6,-349.0,296.0,-7.5,101.0,-112.0,53.5,-105.0,-106.0,0,outdoors,grass ,73.0,8.0,00-0033873,00-0036389,Patrick Mahomes,Jalen Hurts,Andy Reid,Nick Sirianni,Land Clark,PHI00,Lincoln Financial Field,39.900833,-75.1675,2021-10-03 17:00:00+00:00,81.25,79.4,6.074999999999999,6.2,14.549999999999999,15.0,0.025,0.1,0.1,0.0,0.0,0.0,0.025,4
2021_04_SEA_SF,2021,REG,4,2021-10-03,Sunday,16:05,SEA,28,SF,21,Home,-7,49,0,2021100310,58562,10160000-0585-6237-81cc-5e69aee46bf0,202110030sfo,19670.0,401326390,5653.0,7,7,120.0,-133.0,2.5,-103.0,-107.0,52.0,-108.0,-103.0,1,outdoors,grass,80.0,0.0,00-0029263,00-0031345,Russell Wilson,Jimmy Garoppolo,Pete Carroll,Kyle Shanahan,Carl Cheffers,SFO01,Levi's Stadium,37.403,-121.97,2021-10-03 20:05:00+00:00,87.80000000000001,84.7,9.5,12.0,18.525,21.5,0.0,0.0,0.0,0.0,0.0,0.0,0.0,4
2021_04_BAL_DEN,2021,REG,4,2021-10-03,Sunday,16:25,BAL,23,DEN,7,Home,-16,30,0,2021100311,58563,10160000-0585-6395-eef2-39fcb12718d2,202110030den,19667.0,401326391,5654.0,7,7,107.0,-118.0,1.0,101.0,-111.0,44.0,-106.0,-105.0,0,outdoors,grass ,77.0,11.0,00-0034796,00-0031237,Lamar Jackson,Teddy Bridgewater,John Harbaugh,Vic Fangio,Craig Wrolstad,DEN00,Empower Field at Mile High,39.743889,-105.02,2021-10-03 20:25:00+00:00,76.1,75.6,3.925,6.2,13.3,15.2,0.0,0.0,0.0,0.0,0.0,0.0,0.0,4
2021_04_PIT_GB,2021,REG,4,2021-10-03,Sunday,16:25,PIT,17,GB,27,Home,10,44,0,2021100312,58564,10160000-0585-6478-e383-27af8e700c5d,202110030gnb,19668.0,401326392,5655.0,7,7,239.0,-276.0,6.5,-104.0,-106.0,45.0,-103.0,-108.0,0,outdoors,grass ,67.0,4.0,00-0022924,00-0023459,Ben Roethlisberger,Aaron Rodgers,Mike Tomlin,Matt LaFleur,Scott Novak,GNB00,Lambeau Field,44.501389,-88.062222,2021-10-03 20:25:00+00:00,66.67500000000001,67.9,5.925,6.1,13.375,14.3,0.35,1.4,1.4,0.0,0.0,0.0,0.35,4
2021_04_TB_NE,2021,REG,4,2021-10-03,Sunday,20:20,TB,19,NE,17,Home,-2,36,0,2021100313,58565,10160000-0585-658f-cb6d-a0b13013dcc4,202110030nwe,19669.0,401326393,5656.0,7,7,-255.0,223.0,-6.0,-105.0,-105.0,49.5,-110.0,-101.0,0,outdoors,fieldturf,62.0,4.0,00-0019596,00-0036972,Tom Brady,Mac Jones,Bruce Arians,Bill Belichick,Bill Vinovich,BOS00,Gillette Stadium,42.091,-71.264,2021-10-04 00:20:00+00:00,59.2,59.9,5.324999999999999,6.0,15.1,17.2,0.9750000000000001,1.6,3.9000000000000004,0.0,0.0,0.0,0.9750000000000001,4
2021_05_LA_SEA,2021,REG,5,2021-10-07,Thursday,20:20,LA,26,SEA,17,Home,-9,43,0,2021100700,58567,10160000-0585-67e5-f220-cf35e53ac8d6,202110070sea,19672.0,401326395,5658.0,4,4,-135.0,122.0,-2.5,-116.0,105.0,53.5,-106.0,-105.0,1,outdoors,fieldturf,56.0,8.0,00-0026498,00-0029263,Matthew Stafford,Russell Wilson,Sean McVay,Pete Carroll,Ron Torbert,SEA00,Lumen Field,47.5952,-122.3316,2021-10-08 00:20:00+00:00,51.900000000000006,55.1,5.375,6.6,11.5,13.6,0.0,0.0,0.0,0.0,0.0,0.0,0.0,4
2021_05_NYJ_ATL,2021,REG,5,2021-10-10,Sunday,09:30,NYJ,20,ATL,27,Neutral,7,47,0,2021101000,58568,10160000-0585-68dd-bfda-5da5ee18b8a5,202110100atl,19686.0,401326324,5659.0,7,7,138.0,-153.0,3.0,-107.0,-103.0,45.5,102.0,-113.0,0,outdoors,grass,63.0,8.0,00-0037013,00-0026143,Zach Wilson,Matt Ryan,Robert Saleh,Arthur Smith,Tony Corrente,LON02,Tottenham Stadium,51.604157,-0.0662604,2021-10-10 13:30:00+00:00,62.699999999999996,62.7,7.3500000000000005,8.1,17.0,18.3,0.05,0.1,0.2,0.0,0.0,0.0,0.05,4
2021_05_PHI_CAR,2021,REG,5,2021-10-10,Sunday,13:00,PHI,21,CAR,18,Home,-3,39,0,2021101001,58569,10160000-0585-69be-713a-a1788abeb872,202110100car,19680.0,401326396,5664.0,7,7,126.0,-139.0,2.5,104.0,-114.0,46.0,-106.0,-105.0,0,outdoors,grass ,76.0,13.0,00-0036389,00-0034869,Jalen Hurts,Sam Darnold,Nick Sirianni,Matt Rhule,Shawn Hochuli,CAR00,Bank of America Stadium,35.225833,-80.852778,2021-10-10 17:00:00+00:00,78.075,77.1,9.85,10.5,21.075000000000003,21.9,0.0,0.0,0.0,0.0,0.0,0.0,0.0,4
2021_05_GB_CIN,2021,REG,5,2021-10-10,Sunday,13:00,GB,25,CIN,22,Home,-3,47,1,2021101002,58570,10160000-0585-70bc-0ddb-e88f520f4a07,202110100cin,19673.0,401326397,5667.0,7,10,-123.0,111.0,-2.0,-104.0,-106.0,50.0,-108.0,-104.0,0,outdoors,fieldturf,76.0,12.0,00-0023459,00-0036442,Aaron Rodgers,Joe Burrow,Matt LaFleur,Zac Taylor,Bill Vinovich,CIN00,Paul Brown Stadium,39.095,-84.516,2021-10-10 17:00:00+00:00,82.45,80.4,10.125,10.3,22.700000000000003,22.8,0.0,0.0,0.0,0.0,0.0,0.0,0.0,4
2021_05_TEN_JAX,2021,REG,5,2021-10-10,Sunday,13:00,TEN,37,JAX,19,Home,-18,56,0,2021101004,58572,10160000-0585-7279-7377-00016e0ddefd,202110100jax,19675.0,401326399,5661.0,7,10,-191.0,170.0,-4.0,-100.0,-110.0,49.0,-102.0,-109.0,1,outdoors,grass ,78.0,11.0,00-0029701,00-0036971,Ryan Tannehill,Trevor Lawrence,Mike Vrabel,Urban Meyer,Alex Kemp,JAX00,TIAA Bank Stadium,30.323889,-81.6375,2021-10-10 17:00:00+00:00,78.7,77.4,9.600000000000001,10.5,19.3,21.0,0.0,0.0,0.0,0.0,0.0,0.0,0.0,4
2021_05_DEN_PIT,2021,REG,5,2021-10-10,Sunday,13:00,DEN,19,PIT,27,Home,8,46,0,2021101006,58574,10160000-0585-7427-0058-016689826f43,202110100pit,19677.0,401326401,5663.0,7,7,-124.0,113.0,-2.0,-106.0,-104.0,40.0,101.0,-113.0,0,outdoors,grass ,71.0,9.0,00-0031237,00-0022924,Teddy Bridgewater,Ben Roethlisberger,Vic Fangio,Mike Tomlin,Brad Rogers,PIT00,Heinz Field,40.446667,-80.015833,2021-10-10 17:00:00+00:00,75.375,72.8,5.0,5.8,14.649999999999999,15.9,0.0,0.0,0.0,0.0,0.0,0.0,0.0,4
2021_05_MIA_TB,2021,REG,5,2021-10-10,Sunday,13:00,MIA,17,TB,45,Home,28,62,0,2021101007,58575,10160000-0585-758f-53e6-0cf6efe206ae,202110100tam,19678.0,401326402,5660.0,7,7,448.0,-564.0,11.0,-100.0,-110.0,48.0,-104.0,-107.0,0,outdoors,grass ,84.0,7.0,00-0033119,00-0019596,Jacoby Brissett,Tom Brady,Brian Flores,Bruce Arians,Jerome Boger,TAM00,Raymond James Stadium,27.975833,-82.503333,2021-10-10 17:00:00+00:00,81.725,81.1,6.1,7.0,13.5,13.9,0.125,0.3,0.5,0.0,0.0,0.0,0.125,4
2021_05_NO_WAS,2021,REG,5,2021-10-10,Sunday,13:00,NO,33,WAS,22,Home,-11,55,0,2021101008,58576,10160000-0585-763b-35e1-2171f1b8c94a,202110100was,19679.0,401326403,5666.0,7,7,-130.0,117.0,-2.5,-106.0,-104.0,43.5,-101.0,-110.0,0,outdoors,grass ,70.0,12.0,00-0031503,00-0031800,Jameis Winston,Taylor Heinicke,Sean Payton,Ron Rivera,Shawn Smith,WAS00,FedExField,38.907778,-76.864444,2021-10-10 17:00:00+00:00,70.1,68.3,10.55,11.3,26.975,28.6,0.05,0.1,0.2,0.0,0.0,0.0,0.05,4
2021_05_BUF_KC,2021,REG,5,2021-10-10,Sunday,20:20,BUF,38,KC,20,Home,-18,58,0,2021101013,58581,10160000-0585-81ca-5a0c-dfd5134d9979,202110100kan,19685.0,401326408,5672.0,7,7,121.0,-134.0,2.5,-101.0,-109.0,57.0,103.0,-114.0,0,outdoors,grass ,76.0,0.0,00-0034857,00-0033873,Josh Allen,Patrick Mahomes,Sean McDermott,Andy Reid,Carl Cheffers,KAN00,GEHA Field at Arrowhead Stadium,39.048889,-94.483889,2021-10-11 00:20:00+00:00,65.425,67.5,7.575,8.3,18.0,26.6,1.4000000000000001,3.4,5.6000000000000005,0.0,0.0,0.0,1.4000000000000001,4
2021_05_IND_BAL,2021,REG,5,2021-10-11,Monday,20:15,IND,25,BAL,31,Home,6,56,1,2021101100,58582,10160000-0585-829f-0a01-97c06f4b7594,202110110rav,19687.0,401326409,5673.0,8,8,301.0,-356.0,7.5,-105.0,-105.0,46.5,-103.0,-108.0,0,outdoors,grass,69.0,6.0,00-0032950,00-0034796,Carson Wentz,Lamar Jackson,Frank Reich,John Harbaugh,Land Clark,BAL00,M&T Bank Stadium,39.278056,-76.622778,2021-10-12 00:15:00+00:00,65.9,67.4,3.3,4.7,7.8500000000000005,11.2,0.0,0.0,0.0,0.0,0.0,0.0,0.0,4
2021_06_TB_PHI,2021,REG,6,2021-10-14,Thursday,20:20,TB,28,PHI,22,Home,-6,50,0,2021101400,58583,10160000-0585-83ea-df72-197ac0e03827,202110140phi,19688.0,401326410,5674.0,4,4,-274.0,238.0,-7.0,103.0,-114.0,53.0,-107.0,-104.0,0,outdoors,grass ,74.0,8.0,00-0019596,00-0036389,Tom Brady,Jalen Hurts,Bruce Arians,Nick Sirianni,Clay Martin,PHI00,Lincoln Financial Field,39.900833,-75.1675,2021-10-15 00:20:00+00:00,64.9,66.7,4.825,5.4,7.199999999999999,7.8,0.0,0.0,0.0,0.0,0.0,0.0,0.0,4
2021_06_MIA_JAX,2021,REG,6,2021-10-17,Sunday,09:30,MIA,20,JAX,23,Neutral,3,43,0,2021101700,58584,10160000-0585-84e1-77aa-b8b1af43224e,202110170jax,19700.0,401326325,5675.0,7,7,-122.0,110.0,-2.5,104.0,-115.0,47.5,-107.0,-105.0,0,outdoors,grass,63.0,11.0,00-0036212,00-0036971,Tua Tagovailoa,Trevor Lawrence,Brian Flores,Urban Meyer,John Hussey,LON02,Tottenham Stadium,51.604157,-0.0662604,2021-10-17 13:30:00+00:00,59.849999999999994,59.5,8.975,10.1,19.25,22.8,0.0,0.0,0.0,0.0,0.0,0.0,0.0,4
2021_06_LAC_BAL,2021,REG,6,2021-10-17,Sunday,13:00,LAC,6,BAL,34,Home,28,40,0,2021101701,58585,10160000-0585-8560-d817-e064e3281e72,202110170rav,19689.0,401326411,5679.0,7,6,149.0,-166.0,3.0,106.0,-116.0,50.5,105.0,-117.0,0,outdoors,grass,63.0,15.0,00-0036355,00-0034796,Justin Herbert,Lamar Jackson,Brandon Staley,John Harbaugh,Bill Vinovich,BAL00,M&T Bank Stadium,39.278056,-76.622778,2021-10-17 17:00:00+00:00,62.475,61.0,15.275,15.9,27.675,28.4,0.0,0.0,0.0,0.0,0.0,0.0,0.0,4
2021_06_MIN_CAR,2021,REG,6,2021-10-17,Sunday,13:00,MIN,34,CAR,28,Home,-6,62,1,2021101702,58586,10160000-0585-8639-6b73-bdae19e8b027,202110170car,19690.0,401326412,5682.0,7,7,-134.0,121.0,-2.5,-110.0,-100.0,45.5,-110.0,-101.0,0,outdoors,grass ,62.0,7.0,00-0029604,00-0034869,Kirk Cousins,Sam Darnold,Mike Zimmer,Matt Rhule,Craig Wrolstad,CAR00,Bank of America Stadium,35.225833,-80.852778,2021-10-17 17:00:00+00:00,65.675,63.5,8.45,9.4,18.725,19.5,0.0,0.0,0.0,0.0,0.0,0.0,0.0,4
2021_06_GB_CHI,2021,REG,6,2021-10-17,Sunday,13:00,GB,24,CHI,14,Home,-10,38,0,2021101703,58587,10160000-0585-87e1-77f0-10f83584cfd0,202110170chi,19691.0,401326413,5678.0,7,7,-228.0,201.0,-5.5,-106.0,-104.0,44.0,-105.0,-106.0,1,outdoors,grass ,59.0,6.0,00-0023459,00-0036945,Aaron Rodgers,Justin Fields,Matt LaFleur,Matt Nagy,Brad Rogers,CHI98,Soldier Field,41.8623,-87.6167,2021-10-17 17:00:00+00:00,62.9,61.6,12.274999999999999,13.7,19.175,21.0,0.0,0.0,0.0,0.0,0.0,0.0,0.0,4
2021_06_HOU_IND,2021,REG,6,2021-10-17,Sunday,13:00,HOU,3,IND,31,Home,28,34,0,2021101705,58589,10160000-0585-89a5-c303-7ee5adfdea10,202110170clt,19693.0,401326415,5676.0,7,6,363.0,-442.0,10.5,-117.0,106.0,43.5,-111.0,-100.0,1,open,fieldturf,,,00-0036898,00-0032950,Davis Mills,Carson Wentz,David Culley,Frank Reich,Jerome Boger,IND00,Lucas Oil Stadium,39.760056,-86.162806,2021-10-17 17:00:00+00:00,62.225,60.3,10.35,11.0,20.975,21.7,0.0,0.0,0.0,0.0,0.0,0.0,0.0,4
2021_06_LA_NYG,2021,REG,6,2021-10-17,Sunday,13:00,LA,38,NYG,11,Home,-27,49,0,2021101706,58590,10160000-0585-90ef-eb16-54118dc7f55c,202110170nyg,19694.0,401326416,5680.0,10,7,-328.0,280.0,-7.5,107.0,-118.0,49.5,-113.0,101.0,0,outdoors,fieldturf,61.0,13.0,00-0026498,00-0035710,Matthew Stafford,Daniel Jones,Sean McVay,Joe Judge,Alex Kemp,NYC01,MetLife Stadium,40.813528,-74.074361,2021-10-17 17:00:00+00:00,63.175000000000004,62.8,12.9,13.2,25.475,26.2,0.0,0.0,0.0,0.0,0.0,0.0,0.0,4
2021_06_KC_WAS,2021,REG,6,2021-10-17,Sunday,13:00,KC,31,WAS,13,Home,-18,44,0,2021101707,58591,10160000-0585-9157-ecbf-9685668a0c91,202110170was,19695.0,401326417,5681.0,7,7,-255.0,223.0,-6.0,-105.0,-105.0,54.0,-106.0,-105.0,0,outdoors,grass ,62.0,13.0,00-0033873,00-0031800,Patrick Mahomes,Taylor Heinicke,Andy Reid,Ron Rivera,Adrian Hill,WAS00,FedExField,38.907778,-76.864444,2021-10-17 17:00:00+00:00,62.475,61.4,14.625,15.5,33.325,34.0,0.0,0.0,0.0,0.0,0.0,0.0,0.0,4
2021_06_ARI_CLE,2021,REG,6,2021-10-17,Sunday,16:05,ARI,37,CLE,14,Home,-23,51,0,2021101708,58592,10160000-0585-92b3-fa8a-3d31ab92e9cd,202110170cle,19696.0,401326418,5683.0,7,7,129.0,-143.0,3.0,-117.0,106.0,48.0,102.0,-114.0,0,outdoors,grass ,58.0,23.0,00-0035228,00-0034855,Kyler Murray,Baker Mayfield,Kliff Kingsbury,Kevin Stefanski,Carl Cheffers,CLE00,FirstEnergy Stadium,41.506111,-81.699444,2021-10-17 20:05:00+00:00,56.625,57.1,12.549999999999999,15.9,23.05,27.1,0.05,0.2,0.2,0.0,0.0,0.0,0.05,4
2021_06_LV_DEN,2021,REG,6,2021-10-17,Sunday,16:25,LV,34,DEN,24,Home,-10,58,0,2021101709,58593,10160000-0585-939d-ca18-03dc4baaa62c,202110170den,19697.0,401326419,5684.0,7,7,182.0,-205.0,5.0,-111.0,101.0,45.5,-111.0,-100.0,1,outdoors,grass ,76.0,8.0,00-0031280,00-0031237,Derek Carr,Teddy Bridgewater,Rich Bisaccia,Vic Fangio,Ron Torbert,DEN00,Empower Field at Mile High,39.743889,-105.02,2021-10-17 20:25:00+00:00,70.575,70.7,7.0,8.2,14.65,16.1,0.0,0.0,0.0,0.0,0.0,0.0,0.0,4
2021_06_DAL_NE,2021,REG,6,2021-10-17,Sunday,16:25,DAL,35,NE,29,Home,-6,64,1,2021101710,58594,10160000-0585-9460-db53-97217865bbca,202110170nwe,19698.0,401326420,5685.0,7,7,-189.0,169.0,-3.5,-108.0,-102.0,50.5,-106.0,-105.0,0,outdoors,fieldturf,62.0,11.0,00-0033077,00-0036972,Dak Prescott,Mac Jones,Mike McCarthy,Bill Belichick,Brad Allen,BOS00,Gillette Stadium,42.091,-71.264,2021-10-17 20:25:00+00:00,58.075,61.7,8.700000000000001,10.9,21.85,26.6,0.0,0.0,0.0,0.0,0.0,0.0,0.0,4
2021_06_SEA_PIT,2021,REG,6,2021-10-17,Sunday,20:20,SEA,20,PIT,23,Home,3,43,1,2021101711,58595,10160000-0585-9536-9bbd-c417c8906174,202110170pit,19699.0,401326421,5686.0,10,7,189.0,-213.0,5.5,-104.0,-106.0,43.0,-104.0,-107.0,0,outdoors,grass ,49.0,6.0,00-0030565,00-0022924,Geno Smith,Ben Roethlisberger,Pete Carroll,Mike Tomlin,Shawn Smith,PIT00,Heinz Field,40.446667,-80.015833,2021-10-18 00:20:00+00:00,49.099999999999994,50.8,5.624999999999999,6.2,12.325,16.6,0.0,0.0,0.0,0.0,0.0,0.0,0.0,4
2021_06_BUF_TEN,2021,REG,6,2021-10-18,Monday,20:15,BUF,31,TEN,34,Home,3,65,0,2021101800,58596,10160000-0585-965f-7a0d-6ef7d60fc6be,202110180oti,19701.0,401326422,5687.0,8,8,-239.0,210.0,-6.0,-102.0,-108.0,53.5,-113.0,101.0,0,outdoors,grass ,66.0,6.0,00-0034857,00-0029701,Josh Allen,Ryan Tannehill,Sean McDermott,Mike Vrabel,Clete Blakeman,NAS00,Nissan Stadium,36.166389,-86.771389,2021-10-19 00:15:00+00:00,60.95,63.6,4.1,6.4,5.3,7.8,0.0,0.0,0.0,0.0,0.0,0.0,0.0,4
2021_07_DEN_CLE,2021,REG,7,2021-10-21,Thursday,20:20,DEN,14,CLE,17,Home,3,31,0,2021102100,58597,10160000-0585-97b5-c38b-c489c1361b4b,202110210cle,19702.0,401326423,5688.0,4,4,110.0,-121.0,2.0,-107.0,-103.0,40.5,-106.0,-105.0,0,outdoors,grass ,59.0,27.0,00-0031237,00-0028986,Teddy Bridgewater,Case Keenum,Vic Fangio,Kevin Stefanski,Adrian Hill,CLE00,FirstEnergy Stadium,41.506111,-81.699444,2021-10-22 00:20:00+00:00,56.325,57.2,19.275,20.1,31.4,34.7,0.05,0.2,0.2,0.0,0.0,0.0,0.05,4
2021_07_CIN_BAL,2021,REG,7,2021-10-24,Sunday,13:00,CIN,41,BAL,17,Home,-24,58,0,2021102400,58598,10160000-0585-984d-c473-30363d539d63,202110240rav,19703.0,401326424,5694.0,7,7,236.0,-272.0,6.5,-109.0,-101.0,45.5,-102.0,-109.0,1,outdoors,grass,61.0,6.0,00-0036442,00-0034796,Joe Burrow,Lamar Jackson,Zac Taylor,John Harbaugh,Tony Corrente,BAL00,M&T Bank Stadium,39.278056,-76.622778,2021-10-24 17:00:00+00:00,62.075,60.2,8.7,9.4,17.4,18.6,0.0,0.0,0.0,0.0,0.0,0.0,0.0,4
2021_07_WAS_GB,2021,REG,7,2021-10-24,Sunday,13:00,WAS,10,GB,24,Home,14,34,0,2021102401,58599,10160000-0585-9945-f1ca-ec647642cb64,202110240gnb,19704.0,401326425,5691.0,7,7,331.0,-397.0,8.5,-105.0,-105.0,48.0,-117.0,105.0,0,outdoors,grass ,49.0,11.0,00-0031800,00-0023459,Taylor Heinicke,Aaron Rodgers,Ron Rivera,Matt LaFleur,Ron Torbert,GNB00,Lambeau Field,44.501389,-88.062222,2021-10-24 17:00:00+00:00,48.900000000000006,48.4,8.85,10.0,18.8,20.8,0.0,0.0,0.0,0.0,0.0,0.0,0.0,4
2021_07_ATL_MIA,2021,REG,7,2021-10-24,Sunday,13:00,ATL,30,MIA,28,Home,-2,58,0,2021102402,58600,10160000-0586-00e3-5c25-2c5e09c87bf7,202110240mia,19705.0,401326426,5693.0,14,7,-129.0,117.0,-1.5,-113.0,103.0,48.5,-113.0,101.0,0,outdoors,grass ,85.0,9.0,00-0026143,00-0036212,Matt Ryan,Tua Tagovailoa,Arthur Smith,Brian Flores,Scott Novak,MIA00,Hard Rock Stadium,25.958056,-80.238889,2021-10-24 17:00:00+00:00,82.725,84.3,5.7,6.3,12.799999999999999,13.4,0.225,0.8,0.9,0.0,0.0,0.0,0.225,4
2021_07_NYJ_NE,2021,REG,7,2021-10-24,Sunday,13:00,NYJ,13,NE,54,Home,41,67,0,2021102403,58601,10160000-0586-01f2-8647-83d1b243d388,202110240nwe,19706.0,401326427,5692.0,14,7,261.0,-303.0,7.0,-108.0,-102.0,43.0,-112.0,100.0,1,outdoors,fieldturf,52.0,0.0,00-0037013,00-0036972,Zach Wilson,Mac Jones,Robert Saleh,Bill Belichick,Brad Rogers,BOS00,Gillette Stadium,42.091,-71.264,2021-10-24 17:00:00+00:00,56.025,54.8,6.824999999999999,8.1,17.25,19.0,0.0,0.0,0.0,0.0,0.0,0.0,0.0,4
2021_07_CAR_NYG,2021,REG,7,2021-10-24,Sunday,13:00,CAR,3,NYG,25,Home,22,28,0,2021102404,58602,10160000-0586-025b-9e9c-20974c2be52d,202110240nyg,19707.0,401326428,5689.0,7,7,-154.0,139.0,-3.0,-103.0,-107.0,42.5,-105.0,-106.0,0,outdoors,fieldturf,57.0,0.0,00-0034869,00-0035710,Sam Darnold,Daniel Jones,Matt Rhule,Joe Judge,Carl Cheffers,NYC01,MetLife Stadium,40.813528,-74.074361,2021-10-24 17:00:00+00:00,59.275000000000006,58.5,6.275,6.6,13.924999999999999,14.3,0.0,0.0,0.0,0.0,0.0,0.0,0.0,4
2021_07_KC_TEN,2021,REG,7,2021-10-24,Sunday,13:00,KC,3,TEN,27,Home,24,30,0,2021102405,58603,10160000-0586-03f0-dadc-5f293b9d5cc3,202110240oti,19708.0,401326429,5690.0,7,6,-209.0,185.0,-4.0,-110.0,-100.0,57.5,-111.0,-101.0,0,outdoors,grass ,74.0,14.0,00-0033873,00-0029701,Patrick Mahomes,Ryan Tannehill,Andy Reid,Mike Vrabel,Brad Allen,NAS00,Nissan Stadium,36.166389,-86.771389,2021-10-24 17:00:00+00:00,76.875,74.4,11.275,12.6,21.25,23.5,0.0,0.0,0.0,0.0,0.0,0.0,0.0,4
2021_07_CHI_TB,2021,REG,7,2021-10-24,Sunday,16:25,CHI,3,TB,38,Home,35,41,0,2021102409,58607,10160000-0586-073c-ee46-d0dc27fed855,202110240tam,19712.0,401326433,5696.0,7,10,501.0,-644.0,12.5,-114.0,103.0,47.0,-110.0,-101.0,0,outdoors,grass ,83.0,7.0,00-0036945,00-0019596,Justin Fields,Tom Brady,Matt Nagy,Bruce Arians,Alex Kemp,TAM00,Raymond James Stadium,27.975833,-82.503333,2021-10-24 20:25:00+00:00,77.77499999999999,83.1,4.3,6.1,14.225,21.5,0.8250000000000001,2.7,3.3000000000000003,0.0,0.0,0.0,0.8250000000000001,4
2021_07_IND_SF,2021,REG,7,2021-10-24,Sunday,20:20,IND,30,SF,18,Home,-12,48,0,2021102410,58608,10160000-0586-085b-44b3-5bc73b9079cb,202110240sfo,19713.0,401326434,5699.0,7,14,152.0,-169.0,3.5,-117.0,106.0,41.5,-102.0,-110.0,0,outdoors,grass,64.0,16.0,00-0032950,00-0031345,Carson Wentz,Jimmy Garoppolo,Frank Reich,Kyle Shanahan,Craig Wrolstad,SFO01,Levi's Stadium,37.403,-121.97,2021-10-25 00:20:00+00:00,62.3,63.5,8.1,14.4,22.725,33.6,5.375,6.8,21.5,0.0,0.0,0.0,5.375,4
2021_07_NO_SEA,2021,REG,7,2021-10-25,Monday,20:15,NO,13,SEA,10,Home,-3,23,0,2021102500,58609,10160000-0586-0969-ae78-6a31c74e0e7a,202110250sea,19714.0,401326435,5700.0,15,8,-237.0,208.0,-6.0,-104.0,-106.0,42.0,-102.0,-109.0,0,outdoors,fieldturf,54.0,16.0,00-0031503,00-0030565,Jameis Winston,Geno Smith,Sean Payton,Pete Carroll,Shawn Hochuli,SEA00,Lumen Field,47.5952,-122.3316,2021-10-26 00:15:00+00:00,51.474999999999994,52.1,17.45,18.3,31.975,35.1,0.8750000000000001,2.2,3.5000000000000004,0.0,0.0,0.0,0.8750000000000001,4
2021_08_GB_ARI,2021,REG,8,2021-10-28,Thursday,20:20,GB,24,ARI,21,Home,-3,45,0,2021102800,58610,10160000-0586-1014-49be-9e3476a37650,202110280crd,19715.0,401326436,5701.0,4,4,242.0,-279.0,6.5,-104.0,-106.0,51.0,-105.0,-106.0,0,open,grass ,,,00-0023459,00-0035228,Aaron Rodgers,Kyler Murray,Matt LaFleur,Kliff Kingsbury,Alex Kemp,PHO00,State Farm Stadium,33.528,-112.263,2021-10-29 00:20:00+00:00,78.6,84.9,5.175000000000001,6.5,9.625,11.4,0.0,0.0,0.0,0.0,0.0,0.0,0.0,4
2021_08_CAR_ATL,2021,REG,8,2021-10-31,Sunday,13:00,CAR,19,ATL,13,Home,-6,32,0,2021103100,58611,10160000-0586-1198-2eae-cbb06a08f7e4,202110310atl,19716.0,401326437,5703.0,7,7,117.0,-129.0,2.5,-109.0,-101.0,47.0,-111.0,100.0,1,open,fieldturf,,,00-0034869,00-0026143,Sam Darnold,Matt Ryan,Matt Rhule,Arthur Smith,Brad Allen,ATL97,Mercedes-Benz Stadium,33.755556,-84.4,2021-10-31 17:00:00+00:00,61.425,59.3,11.600000000000001,13.4,22.825000000000003,24.8,0.0,0.0,0.0,0.0,0.0,0.0,0.0,4
2021_08_MIA_BUF,2021,REG,8,2021-10-31,Sunday,13:00,MIA,11,BUF,26,Home,15,37,0,2021103101,58612,10160000-0586-126b-df63-e93e28f7fc28,202110310buf,19717.0,401326438,5708.0,7,13,709.0,-983.0,15.0,-108.0,-102.0,48.5,-103.0,-108.0,1,outdoors,a_turf,54.0,9.0,00-0036212,00-0034857,Tua Tagovailoa,Josh Allen,Brian Flores,Sean McDermott,Shawn Smith,BUF00,New Era Field,42.774,-78.787,2021-10-31 17:00:00+00:00,53.175,52.1,16.5,19.9,31.775000000000002,36.7,0.07500000000000001,0.2,0.30000000000000004,0.0,0.0,0.0,0.07500000000000001,4
2021_08_SF_CHI,2021,REG,8,2021-10-31,Sunday,13:00,SF,33,CHI,22,Home,-11,55,0,2021103102,58613,10160000-0586-1317-2bd2-dc5ec65ec74a,202110310chi,19718.0,401326439,5704.0,7,7,-210.0,186.0,-4.5,-103.0,-107.0,40.0,102.0,-114.0,0,outdoors,grass ,53.0,12.0,00-0031345,00-0036945,Jimmy Garoppolo,Justin Fields,Kyle Shanahan,Matt Nagy,Land Clark,CHI98,Soldier Field,41.8623,-87.6167,2021-10-31 17:00:00+00:00,53.15,53.2,16.175,17.3,24.599999999999998,25.5,0.0,0.0,0.0,0.0,0.0,0.0,0.0,4
2021_08_PIT_CLE,2021,REG,8,2021-10-31,Sunday,13:00,PIT,15,CLE,10,Home,-5,25,0,2021103103,58614,10160000-0586-143c-2c3f-7983dc713148,202110310cle,19719.0,401326440,5706.0,14,10,196.0,-222.0,5.5,-108.0,-102.0,43.0,-105.0,-106.0,1,outdoors,grass ,57.0,13.0,00-0022924,00-0034855,Ben Roethlisberger,Baker Mayfield,Mike Tomlin,Kevin Stefanski,Shawn Hochuli,CLE00,FirstEnergy Stadium,41.506111,-81.699444,2021-10-31 17:00:00+00:00,55.824999999999996,54.3,17.425,19.1,29.425,30.4,0.0,0.0,0.0,0.0,0.0,0.0,0.0,4
2021_08_TEN_IND,2021,REG,8,2021-10-31,Sunday,13:00,TEN,34,IND,31,Home,-3,65,1,2021103106,58617,10160000-0586-17ba-050c-83c692d4c53a,202110310clt,19723.0,401326443,5709.0,7,7,144.0,-160.0,3.0,-102.0,-108.0,51.0,-112.0,101.0,1,open,fieldturf,,,00-0029701,00-0032950,Ryan Tannehill,Carson Wentz,Mike Vrabel,Frank Reich,Carl Cheffers,IND00,Lucas Oil Stadium,39.760056,-86.162806,2021-10-31 17:00:00+00:00,60.25,59.5,12.975000000000001,13.5,25.5,26.6,0.0,0.0,0.0,0.0,0.0,0.0,0.0,4
2021_08_CIN_NYJ,2021,REG,8,2021-10-31,Sunday,13:00,CIN,31,NYJ,34,Home,3,65,0,2021103107,58618,10160000-0586-18f2-2465-f6877cedb800,202110310nyj,19722.0,401326444,5707.0,7,7,-510.0,411.0,-11.5,-105.0,-105.0,43.5,-109.0,-102.0,0,outdoors,fieldturf,63.0,11.0,00-0036442,00-0034401,Joe Burrow,Mike White,Zac Taylor,Robert Saleh,Craig Wrolstad,NYC01,MetLife Stadium,40.813528,-74.074361,2021-10-31 17:00:00+00:00,64.275,64.5,12.899999999999999,14.2,24.05,25.5,0.075,0.3,0.3,0.0,0.0,0.0,0.075,4
2021_08_JAX_SEA,2021,REG,8,2021-10-31,Sunday,16:05,JAX,7,SEA,31,Home,24,38,0,2021103109,58620,10160000-0586-20c3-f5e9-47fb8cba284d,202110310sea,19725.0,401326446,5710.0,14,6,171.0,-192.0,4.0,-105.0,-105.0,44.0,-101.0,-111.0,0,outdoors,fieldturf,54.0,8.0,00-0036971,00-0030565,Trevor Lawrence,Geno Smith,Urban Meyer,Pete Carroll,Adrian Hill,SEA00,Lumen Field,47.5952,-122.3316,2021-10-31 20:05:00+00:00,54.949999999999996,54.0,7.325,8.4,14.775,15.9,0.0,0.0,0.0,0.0,0.0,0.0,0.0,4
2021_08_WAS_DEN,2021,REG,8,2021-10-31,Sunday,16:25,WAS,10,DEN,17,Home,7,27,0,2021103110,58621,10160000-0586-211f-5863-170a4c769585,202110310den,19726.0,401326447,5713.0,7,10,170.0,-191.0,4.0,-108.0,-102.0,45.0,-116.0,104.0,0,outdoors,grass ,41.0,4.0,00-0031800,00-0031237,Taylor Heinicke,Teddy Bridgewater,Ron Rivera,Vic Fangio,John Hussey,DEN00,Empower Field at Mile High,39.743889,-105.02,2021-10-31 20:25:00+00:00,43.9,43.0,3.925,4.9,10.775,11.0,0.0,0.0,0.0,0.0,0.0,0.0,0.0,4
2021_08_NYG_KC,2021,REG,8,2021-11-01,Monday,20:15,NYG,17,KC,20,Home,3,37,0,2021110100,58624,10160000-0586-246f-2d86-fc18881f0a73,202111010kan,19729.0,401326450,5715.0,8,8,425.0,-530.0,10.5,-107.0,-103.0,53.0,-101.0,-110.0,0,outdoors,grass ,39.0,4.0,00-0035710,00-0033873,Daniel Jones,Patrick Mahomes,Joe Judge,Andy Reid,Jerome Boger,KAN00,GEHA Field at Arrowhead Stadium,39.048889,-94.483889,2021-11-02 00:15:00+00:00,40.1,39.7,3.4749999999999996,3.7,7.074999999999999,7.6,0.0,0.0,0.0,0.0,0.0,0.0,0.0,4
2021_09_MIN_BAL,2021,REG,9,2021-11-07,Sunday,13:00,MIN,31,BAL,34,Home,3,65,1,2021110700,58626,10160000-0586-263a-6126-2df0136ce50f,202111070rav,19731.0,401326452,5724.0,7,14,262.0,-305.0,7.5,-117.0,106.0,51.0,-109.0,-102.0,0,outdoors,grass,56.0,8.0,00-0029604,00-0034796,Kirk Cousins,Lamar Jackson,Mike Zimmer,John Harbaugh,Carl Cheffers,BAL00,M&T Bank Stadium,39.278056,-76.622778,2021-11-07 18:00:00+00:00,54.699999999999996,54.9,5.35,6.0,11.575,13.0,0.0,0.0,0.0,0.0,0.0,0.0,0.0,4
2021_09_NE_CAR,2021,REG,9,2021-11-07,Sunday,13:00,NE,24,CAR,6,Home,-18,30,0,2021110701,58627,10160000-0586-2710-526b-8322946486dc,202111070car,19732.0,401326453,5717.0,7,7,-176.0,157.0,-3.5,-101.0,-109.0,41.5,100.0,-111.0,0,outdoors,grass ,61.0,16.0,00-0036972,00-0034869,Mac Jones,Sam Darnold,Bill Belichick,Matt Rhule,Clete Blakeman,CAR00,Bank of America Stadium,35.225833,-80.852778,2021-11-07 18:00:00+00:00,61.3,59.5,10.674999999999999,12.8,23.375,26.2,0.0,0.0,0.0,0.0,0.0,0.0,0.0,4
2021_09_CLE_CIN,2021,REG,9,2021-11-07,Sunday,13:00,CLE,41,CIN,16,Home,-25,57,0,2021110702,58628,10160000-0586-28cc-8c76-2948ce313801,202111070cin,19733.0,401326454,5720.0,7,7,117.0,-129.0,2.5,-105.0,-105.0,47.5,-106.0,-105.0,1,outdoors,fieldturf,56.0,0.0,00-0034855,00-0036442,Baker Mayfield,Joe Burrow,Kevin Stefanski,Zac Taylor,Scott Novak,CIN00,Paul Brown Stadium,39.095,-84.516,2021-11-07 18:00:00+00:00,58.775000000000006,57.8,3.45,3.8,9.700000000000001,10.3,0.0,0.0,0.0,0.0,0.0,0.0,0.0,4
2021_09_BUF_JAX,2021,REG,9,2021-11-07,Sunday,13:00,BUF,6,JAX,9,Home,3,15,0,2021110704,58630,10160000-0586-30ad-ec8d-8a5d9f923f00,202111070jax,19735.0,401326456,5722.0,7,7,-1101.0,776.0,-14.5,-120.0,109.0,48.0,-103.0,-108.0,0,outdoors,grass ,59.0,16.0,00-0034857,00-0036971,Josh Allen,Trevor Lawrence,Sean McDermott,Urban Meyer,Land Clark,JAX00,TIAA Bank Stadium,30.323889,-81.6375,2021-11-07 18:00:00+00:00,64.35,64.7,13.175,14.6,24.375000000000004,26.8,0.0,0.0,0.0,0.0,0.0,0.0,0.0,4
2021_09_HOU_MIA,2021,REG,9,2021-11-07,Sunday,13:00,HOU,9,MIA,17,Home,8,26,0,2021110705,58631,10160000-0586-31c9-618e-bfc8cff2be31,202111070mia,19736.0,401326457,5723.0,7,7,166.0,-185.0,4.0,-112.0,101.0,45.0,-109.0,-102.0,0,outdoors,grass ,72.0,19.0,00-0028118,00-0033119,Tyrod Taylor,Jacoby Brissett,David Culley,Brian Flores,Adrian Hill,MIA00,Hard Rock Stadium,25.958056,-80.238889,2021-11-07 18:00:00+00:00,73.125,72.5,11.399999999999999,12.1,23.275,25.1,0.0,0.0,0.0,0.0,0.0,0.0,0.0,4
2021_09_LV_NYG,2021,REG,9,2021-11-07,Sunday,13:00,LV,16,NYG,23,Home,7,39,0,2021110707,58633,10160000-0586-334f-a859-0a1e5b229c95,202111070nyg,19738.0,401326459,5718.0,14,6,-152.0,137.0,-3.0,-102.0,-108.0,47.0,-108.0,-103.0,0,outdoors,fieldturf,54.0,4.0,00-0031280,00-0035710,Derek Carr,Daniel Jones,Rich Bisaccia,Joe Judge,Clay Martin,NYC01,MetLife Stadium,40.813528,-74.074361,2021-11-07 18:00:00+00:00,53.3,53.5,2.55,3.1,7.85,9.4,0.0,0.0,0.0,0.0,0.0,0.0,0.0,4
2021_09_LAC_PHI,2021,REG,9,2021-11-07,Sunday,16:05,LAC,27,PHI,24,Home,-3,51,0,2021110708,58634,10160000-0586-349c-8704-efc78e75a1c5,202111070phi,19739.0,401326460,5725.0,7,7,-106.0,-104.0,-1.0,-101.0,-110.0,49.5,-105.0,-106.0,0,outdoors,grass ,54.0,11.0,00-0036355,00-0036389,Justin Herbert,Jalen Hurts,Brandon Staley,Nick Sirianni,Jerome Boger,PHI00,Lincoln Financial Field,39.900833,-75.1675,2021-11-07 21:05:00+00:00,47.65,52.3,4.75,5.8,9.3,10.3,0.0,0.0,0.0,0.0,0.0,0.0,0.0,4
2021_09_GB_KC,2021,REG,9,2021-11-07,Sunday,16:25,GB,7,KC,13,Home,6,20,0,2021110709,58635,10160000-0586-3533-e98a-3b2504389274,202111070kan,19740.0,401326461,5727.0,10,6,275.0,-322.0,7.0,-107.0,-104.0,48.0,-102.0,-109.0,0,outdoors,grass ,51.0,12.0,00-0036264,00-0033873,Jordan Love,Patrick Mahomes,Matt LaFleur,Andy Reid,Shawn Smith,KAN00,GEHA Field at Arrowhead Stadium,39.048889,-94.483889,2021-11-07 21:25:00+00:00,64.55,65.8,13.925,14.8,27.675,29.1,0.0,0.0,0.0,0.0,0.0,0.0,0.0,4
2021_09_ARI_SF,2021,REG,9,2021-11-07,Sunday,16:25,ARI,31,SF,17,Home,-14,48,0,2021110710,58636,10160000-0586-3612-1a90-45db9784b8ab,202111070sfo,19741.0,401326462,5726.0,10,7,207.0,-235.0,5.5,-105.0,-105.0,44.5,-109.0,-102.0,1,outdoors,grass,57.0,8.0,00-0027688,00-0031345,Colt McCoy,Jimmy Garoppolo,Kliff Kingsbury,Kyle Shanahan,Brad Allen,SFO01,Levi's Stadium,37.403,-121.97,2021-11-07 21:25:00+00:00,60.6,61.4,10.424999999999999,12.7,19.35,20.6,0.0,0.0,0.0,0.0,0.0,0.0,0.0,4
2021_09_CHI_PIT,2021,REG,9,2021-11-08,Monday,20:15,CHI,27,PIT,29,Home,2,56,0,2021110800,58638,10160000-0586-3849-69aa-da11e4b10a8f,202111080pit,19743.0,401326464,5729.0,8,8,263.0,-306.0,7.0,-109.0,-101.0,40.0,-103.0,-108.0,0,outdoors,grass ,55.0,7.0,00-0036945,00-0022924,Justin Fields,Ben Roethlisberger,Matt Nagy,Mike Tomlin,Tony Corrente,PIT00,Heinz Field,40.446667,-80.015833,2021-11-09 01:15:00+00:00,50.15,51.8,7.049999999999999,7.9,13.575,14.5,0.0,0.0,0.0,0.0,0.0,0.0,0.0,4
2021_10_BAL_MIA,2021,REG,10,2021-11-11,Thursday,20:20,BAL,10,MIA,22,Home,12,32,0,2021111100,58639,10160000-0586-39a4-241f-6d7470285c47,202111110mia,19744.0,401326465,5730.0,4,4,-390.0,326.0,-8.5,-106.0,-104.0,46.5,-106.0,-105.0,0,outdoors,grass ,77.0,4.0,00-0034796,00-0033119,Lamar Jackson,Jacoby Brissett,John Harbaugh,Brian Flores,Ron Torbert,MIA00,Hard Rock Stadium,25.958056,-80.238889,2021-11-12 01:20:00+00:00,71.17500000000001,71.7,3.0999999999999996,4.0,6.425000000000001,7.4,0.675,1.6,2.7,0.0,0.0,0.0,0.675,4
2021_10_CLE_NE,2021,REG,10,2021-11-14,Sunday,13:00,CLE,7,NE,45,Home,38,52,0,2021111402,58642,10160000-0586-4216-83b9-5ebda2ac2f30,202111140nwe,19748.0,401326468,5731.0,7,7,119.0,-132.0,2.5,-104.0,-106.0,45.5,-108.0,-103.0,0,outdoors,fieldturf,48.0,6.0,00-0034855,00-0036972,Baker Mayfield,Mac Jones,Kevin Stefanski,Bill Belichick,John Hussey,BOS00,Gillette Stadium,42.091,-71.264,2021-11-14 18:00:00+00:00,48.3,49.4,5.8,6.7,15.275,17.7,0.0,0.0,0.0,0.0,0.0,0.0,0.0,4
2021_10_BUF_NYJ,2021,REG,10,2021-11-14,Sunday,13:00,BUF,45,NYJ,17,Home,-28,62,0,2021111403,58643,10160000-0586-43d2-395f-4bf27d1404ee,202111140nyj,19749.0,401326469,5736.0,7,10,-685.0,527.0,-13.0,101.0,-111.0,47.0,104.0,-116.0,1,outdoors,fieldturf,47.0,4.0,00-0034857,00-0034401,Josh Allen,Mike White,Sean McDermott,Robert Saleh,Scott Novak,NYC01,MetLife Stadium,40.813528,-74.074361,2021-11-14 18:00:00+00:00,47.074999999999996,47.3,9.525,11.0,18.175,21.0,0.0,0.0,0.0,0.0,0.0,0.0,0.0,4
2021_10_DET_PIT,2021,REG,10,2021-11-14,Sunday,13:00,DET,16,PIT,16,Home,0,32,1,2021111404,58644,10160000-0586-4425-bb77-9ad5d2181523,202111140pit,19750.0,401326470,5737.0,14,6,303.0,-359.0,9.0,-121.0,110.0,43.0,-114.0,102.0,0,outdoors,grass ,37.0,12.0,00-0033106,00-0034771,Jared Goff,Mason Rudolph,Dan Campbell,Mike Tomlin,Land Clark,PIT00,Heinz Field,40.446667,-80.015833,2021-11-14 18:00:00+00:00,37.575,39.4,8.674999999999999,12.5,21.150000000000002,27.1,0.175,0.3,0.7,0.175,0.35,0.7,0.425,4
2021_10_NO_TEN,2021,REG,10,2021-11-14,Sunday,13:00,NO,21,TEN,23,Home,2,44,0,2021111405,58645,10160000-0586-459d-5a14-86398c300fa2,202111140oti,19751.0,401326471,5734.0,7,7,133.0,-147.0,3.0,-114.0,103.0,44.0,-109.0,-102.0,0,outdoors,grass ,53.0,12.0,00-0032156,00-0029701,Trevor Siemian,Ryan Tannehill,Sean Payton,Mike Vrabel,Jerome Boger,NAS00,Nissan Stadium,36.166389,-86.771389,2021-11-14 18:00:00+00:00,55.425,55.0,11.4,12.6,22.625,23.3,0.0,0.0,0.0,0.0,0.0,0.0,0.0,4
2021_10_TB_WAS,2021,REG,10,2021-11-14,Sunday,13:00,TB,19,WAS,29,Home,10,48,0,2021111406,58646,10160000-0586-4622-f11e-15f7482640be,202111140was,19745.0,401326472,5732.0,14,14,-435.0,359.0,-10.0,106.0,-117.0,51.0,-109.0,-102.0,0,outdoors,grass ,47.0,8.0,00-0019596,00-0031800,Tom Brady,Taylor Heinicke,Bruce Arians,Ron Rivera,Brad Rogers,WAS00,FedExField,38.907778,-76.864444,2021-11-14 18:00:00+00:00,47.449999999999996,46.9,8.5,9.3,20.25,21.5,0.0,0.0,0.0,0.0,0.0,0.0,0.0,4
2021_10_PHI_DEN,2021,REG,10,2021-11-14,Sunday,16:25,PHI,30,DEN,13,Home,-17,43,0,2021111409,58649,10160000-0586-49dc-905a-b3b21334e565,202111140den,19754.0,401326475,5740.0,7,7,101.0,-111.0,1.0,-108.0,-102.0,44.5,-103.0,-108.0,0,outdoors,grass ,57.0,19.0,00-0036389,00-0031237,Jalen Hurts,Teddy Bridgewater,Nick Sirianni,Vic Fangio,Shawn Hochuli,DEN00,Empower Field at Mile High,39.743889,-105.02,2021-11-14 21:25:00+00:00,64.125,69.1,4.925,8.8,8.575000000000001,11.2,0.0,0.0,0.0,0.0,0.0,0.0,0.0,4
2021_10_SEA_GB,2021,REG,10,2021-11-14,Sunday,16:25,SEA,0,GB,17,Home,17,17,0,2021111410,58650,10160000-0586-50b4-b794-e7972c0d7575,202111140gnb,19755.0,401326476,5741.0,14,7,151.0,-168.0,3.0,104.0,-115.0,49.5,-117.0,105.0,0,outdoors,grass ,35.0,11.0,00-0029263,00-0023459,Russell Wilson,Aaron Rodgers,Pete Carroll,Matt LaFleur,Brad Allen,GNB00,Lambeau Field,44.501389,-88.062222,2021-11-14 21:25:00+00:00,35.6,37.3,9.675,11.6,20.4,25.7,0.0,0.0,0.0,0.0,0.0,0.0,0.0,4
2021_10_LA_SF,2021,REG,10,2021-11-15,Monday,20:15,LA,10,SF,31,Home,21,41,0,2021111500,58652,10160000-0586-5217-2a0e-c090ab5807aa,202111150sfo,19756.0,401326478,5743.0,8,8,-177.0,158.0,-3.5,-100.0,-110.0,50.0,-110.0,-102.0,1,outdoors,grass,59.0,0.0,00-0026498,00-0031345,Matthew Stafford,Jimmy Garoppolo,Sean McVay,Kyle Shanahan,Shawn Smith,SFO01,Levi's Stadium,37.403,-121.97,2021-11-16 01:15:00+00:00,56.05,56.8,2.9749999999999996,4.8,6.1,9.6,0.0,0.0,0.0,0.0,0.0,0.0,0.0,4
2021_11_IND_BUF,2021,REG,11,2021-11-21,Sunday,13:00,IND,41,BUF,15,Home,-26,56,0,2021112100,58654,10160000-0586-54ab-3f0e-28e043a060df,202111210buf,19758.0,401326480,5746.0,7,7,274.0,-320.0,7.5,-116.0,105.0,49.5,-111.0,100.0,0,outdoors,a_turf,49.0,12.0,00-0032950,00-0034857,Carson Wentz,Josh Allen,Frank Reich,Sean McDermott,Brad Rogers,BUF00,New Era Field,42.774,-78.787,2021-11-21 18:00:00+00:00,43.95,48.7,14.124999999999998,16.2,28.25,31.3,0.875,2.0,3.5,0.0,0.0,0.0,0.875,4
2021_11_WAS_CAR,2021,REG,11,2021-11-21,Sunday,13:00,WAS,27,CAR,21,Home,-6,48,0,2021112101,58655,10160000-0586-5543-e11e-6d1516a81464,202111210car,19759.0,401326481,5747.0,7,7,154.0,-172.0,3.5,-114.0,103.0,43.0,-108.0,-103.0,0,outdoors,grass ,54.0,0.0,00-0031800,00-0027939,Taylor Heinicke,Cam Newton,Ron Rivera,Matt Rhule,Bill Vinovich,CAR00,Bank of America Stadium,35.225833,-80.852778,2021-11-21 18:00:00+00:00,61.55,59.9,6.4,7.5,14.525,15.4,0.0,0.0,0.0,0.0,0.0,0.0,0.0,4
2021_11_BAL_CHI,2021,REG,11,2021-11-21,Sunday,13:00,BAL,16,CHI,13,Home,-3,29,0,2021112102,58656,10160000-0586-5686-c482-19c3aaa58c1a,202111210chi,19760.0,401326482,5752.0,10,13,-226.0,199.0,-5.0,-103.0,-107.0,43.0,-104.0,-107.0,0,outdoors,grass ,46.0,9.0,00-0035993,00-0036945,Tyler Huntley,Justin Fields,John Harbaugh,Matt Nagy,Shawn Smith,CHI98,Soldier Field,41.8623,-87.6167,2021-11-21 18:00:00+00:00,51.849999999999994,50.7,17.025,18.7,24.9,27.1,0.0,0.0,0.0,0.0,0.0,0.0,0.0,4
2021_11_DET_CLE,2021,REG,11,2021-11-21,Sunday,13:00,DET,10,CLE,13,Home,3,23,0,2021112103,58657,10160000-0586-5732-3027-2b4e927a93f6,202111210cle,19761.0,401326483,5750.0,7,7,465.0,-590.0,13.0,-106.0,-104.0,42.5,-103.0,-108.0,0,outdoors,grass ,42.0,7.0,00-0034177,00-0034855,Tim Boyle,Baker Mayfield,Dan Campbell,Kevin Stefanski,Clay Martin,CLE00,FirstEnergy Stadium,41.506111,-81.699444,2021-11-21 18:00:00+00:00,44.475,44.2,13.225,14.0,20.7,21.7,0.8250000000000001,1.3,3.3000000000000003,0.0,0.0,0.0,0.8250000000000001,4
2021_11_SF_JAX,2021,REG,11,2021-11-21,Sunday,13:00,SF,30,JAX,10,Home,-20,40,0,2021112104,58658,10160000-0586-5884-70ae-81f990dd7759,202111210jax,19762.0,401326484,5745.0,6,7,-281.0,243.0,-6.5,-106.0,-104.0,45.0,-103.0,-108.0,0,outdoors,grass ,68.0,17.0,00-0031345,00-0036971,Jimmy Garoppolo,Trevor Lawrence,Kyle Shanahan,Urban Meyer,Ron Torbert,JAX00,TIAA Bank Stadium,30.323889,-81.6375,2021-11-21 18:00:00+00:00,71.125,71.8,10.975000000000001,11.3,20.1,20.6,0.0,0.0,0.0,0.0,0.0,0.0,0.0,4
2021_11_MIA_NYJ,2021,REG,11,2021-11-21,Sunday,13:00,MIA,24,NYJ,17,Home,-7,41,0,2021112106,58660,10160000-0586-6026-c2c3-234d6201e014,202111210nyj,19764.0,401326486,5751.0,10,7,-181.0,162.0,-3.5,-103.0,-107.0,44.5,101.0,-112.0,1,outdoors,fieldturf,52.0,4.0,00-0036212,00-0026158,Tua Tagovailoa,Joe Flacco,Brian Flores,Robert Saleh,Alex Kemp,NYC01,MetLife Stadium,40.813528,-74.074361,2021-11-21 18:00:00+00:00,52.7,52.5,7.6,8.4,15.825,16.1,0.0,0.0,0.0,0.0,0.0,0.0,0.0,4
2021_11_NO_PHI,2021,REG,11,2021-11-21,Sunday,13:00,NO,29,PHI,40,Home,11,69,0,2021112107,58661,10160000-0586-6126-ef76-9dc348c0ac76,202111210phi,19765.0,401326487,5753.0,7,7,130.0,-144.0,2.5,106.0,-117.0,42.5,-111.0,-100.0,0,outdoors,grass ,51.0,4.0,00-0032156,00-0036389,Trevor Siemian,Jalen Hurts,Sean Payton,Nick Sirianni,Scott Novak,PHI00,Lincoln Financial Field,39.900833,-75.1675,2021-11-21 18:00:00+00:00,54.925,55.8,6.374999999999999,7.6,13.7,15.0,0.0,0.0,0.0,0.0,0.0,0.0,0.0,4
2021_11_HOU_TEN,2021,REG,11,2021-11-21,Sunday,13:00,HOU,22,TEN,13,Home,-9,35,0,2021112108,58662,10160000-0586-62fb-5c7d-eb1b756bbb1e,202111210oti,19766.0,401326488,5749.0,14,7,377.0,-462.0,10.5,-110.0,-100.0,44.5,-110.0,-101.0,1,outdoors,grass ,59.0,8.0,00-0028118,00-0029701,Tyrod Taylor,Ryan Tannehill,David Culley,Mike Vrabel,Tony Corrente,NAS00,Nissan Stadium,36.166389,-86.771389,2021-11-21 18:00:00+00:00,53.725,54.8,5.175,8.6,16.05,17.2,3.45,4.4,13.8,0.0,0.0,0.0,3.45,4
2021_11_DAL_KC,2021,REG,11,2021-11-21,Sunday,16:25,DAL,9,KC,19,Home,10,28,0,2021112110,58664,10160000-0586-6424-685a-6f568cd3007c,202111210kan,19768.0,401326490,5755.0,7,7,122.0,-134.0,2.5,-101.0,-110.0,56.0,-115.0,103.0,0,outdoors,grass ,57.0,17.0,00-0033077,00-0033873,Dak Prescott,Patrick Mahomes,Mike McCarthy,Andy Reid,John Hussey,KAN00,GEHA Field at Arrowhead Stadium,39.048889,-94.483889,2021-11-21 21:25:00+00:00,50.225,53.6,9.45,11.1,20.974999999999998,25.7,0.0,0.0,0.0,0.0,0.0,0.0,0.0,4
2021_11_ARI_SEA,2021,REG,11,2021-11-21,Sunday,16:25,ARI,23,SEA,13,Home,-10,36,0,2021112111,58665,10160000-0586-658c-0c7e-b51de943dbe4,202111210sea,19769.0,401326491,5756.0,7,7,135.0,-150.0,2.5,111.0,-122.0,46.0,-113.0,101.0,1,outdoors,fieldturf,46.0,0.0,00-0027688,00-0029263,Colt McCoy,Russell Wilson,Kliff Kingsbury,Pete Carroll,Clete Blakeman,SEA00,Lumen Field,47.5952,-122.3316,2021-11-21 21:25:00+00:00,44.300000000000004,43.5,1.525,2.3,6.275,7.4,0.0,0.0,0.0,0.0,0.0,0.0,0.0,4
2021_11_NYG_TB,2021,REG,11,2021-11-22,Monday,20:15,NYG,10,TB,30,Home,20,40,0,2021112200,58667,10160000-0586-6749-7b55-06f7a253d023,202111220tam,19771.0,401326493,5758.0,15,8,423.0,-527.0,11.5,-113.0,102.0,49.5,-102.0,-109.0,0,outdoors,grass ,68.0,6.0,00-0035710,00-0019596,Daniel Jones,Tom Brady,Joe Judge,Bruce Arians,Craig Wrolstad,TAM00,Raymond James Stadium,27.975833,-82.503333,2021-11-23 01:15:00+00:00,66.35000000000001,67.6,11.8,13.8,19.174999999999997,21.9,0.025,0.1,0.1,0.0,0.0,0.0,0.025,4
2021_12_PIT_CIN,2021,REG,12,2021-11-28,Sunday,13:00,PIT,10,CIN,41,Home,31,51,0,2021112800,58671,10160000-0586-71a7-ad69-2db8656fcc24,202111280cin,19775.0,401326497,5766.0,7,7,154.0,-172.0,3.5,-111.0,-100.0,43.5,-102.0,-110.0,1,outdoors,fieldturf,43.0,12.0,00-0022924,00-0036442,Ben Roethlisberger,Joe Burrow,Mike Tomlin,Zac Taylor,Bill Vinovich,CIN00,Paul Brown Stadium,39.095,-84.516,2021-11-28 18:00:00+00:00,42.975,43.0,12.45,13.8,25.5,27.1,0.0,0.0,0.0,0.0,0.0,0.0,0.0,4
2021_12_ATL_JAX,2021,REG,12,2021-11-28,Sunday,13:00,ATL,21,JAX,14,Home,-7,35,0,2021112803,58674,10160000-0586-748f-b4fd-44ee65f2acc4,202111280jax,19778.0,401326500,5763.0,10,7,-115.0,105.0,-1.5,-102.0,-108.0,46.0,-108.0,-103.0,0,outdoors,grass ,61.0,4.0,00-0026143,00-0036971,Matt Ryan,Trevor Lawrence,Arthur Smith,Urban Meyer,Carl Cheffers,JAX00,TIAA Bank Stadium,30.323889,-81.6375,2021-11-28 18:00:00+00:00,60.724999999999994,60.7,5.925000000000001,6.9,11.075,11.9,0.0,0.0,0.0,0.0,0.0,0.0,0.0,4
2021_12_CAR_MIA,2021,REG,12,2021-11-28,Sunday,13:00,CAR,10,MIA,33,Home,23,43,0,2021112804,58675,10160000-0586-7535-a041-6da9a089c9c4,202111280mia,19779.0,401326501,5764.0,7,7,-119.0,108.0,-1.0,-110.0,-101.0,41.0,102.0,-113.0,0,outdoors,grass ,74.0,4.0,00-0027939,00-0036212,Cam Newton,Tua Tagovailoa,Matt Rhule,Brian Flores,John Hussey,MIA00,Hard Rock Stadium,25.958056,-80.238889,2021-11-28 18:00:00+00:00,75.7,75.4,3.15,3.6,9.825000000000001,10.3,0.0,0.0,0.0,0.0,0.0,0.0,0.0,4
2021_12_TEN_NE,2021,REG,12,2021-11-28,Sunday,13:00,TEN,13,NE,36,Home,23,49,0,2021112805,58676,10160000-0586-7695-3493-146560fe88f2,202111280nwe,19780.0,401326502,5767.0,7,10,262.0,-305.0,7.5,-118.0,106.0,43.0,-103.0,-108.0,0,outdoors,fieldturf,33.0,6.0,00-0029701,00-0036972,Ryan Tannehill,Mac Jones,Mike Vrabel,Bill Belichick,Alex Kemp,BOS00,Gillette Stadium,42.091,-71.264,2021-11-28 18:00:00+00:00,37.225,38.0,4.6,6.0,13.549999999999999,15.7,0.0,0.0,0.0,0.0,0.0,0.0,0.0,4
2021_12_PHI_NYG,2021,REG,12,2021-11-28,Sunday,13:00,PHI,7,NYG,13,Home,6,20,0,2021112806,58677,10160000-0586-7761-460f-d58911fcbaf8,202111280nyg,19781.0,401326503,5762.0,7,6,-192.0,171.0,-4.0,100.0,-110.0,45.5,-107.0,-104.0,1,outdoors,fieldturf,39.0,4.0,00-0036389,00-0035710,Jalen Hurts,Daniel Jones,Nick Sirianni,Joe Judge,Ron Torbert,NYC01,MetLife Stadium,40.813528,-74.074361,2021-11-28 18:00:00+00:00,38.975,37.8,2.775,3.2,8.0,8.5,0.0,0.0,0.0,0.0,0.0,0.0,0.0,4
2021_12_LAC_DEN,2021,REG,12,2021-11-28,Sunday,16:05,LAC,13,DEN,28,Home,15,41,0,2021112807,58678,10160000-0586-7834-5cff-d927486db13b,202111280den,19782.0,401326504,5769.0,7,14,-141.0,127.0,-2.5,-114.0,103.0,47.5,-111.0,-100.0,1,outdoors,grass ,62.0,0.0,00-0036355,00-0031237,Justin Herbert,Teddy Bridgewater,Brandon Staley,Vic Fangio,Land Clark,DEN00,Empower Field at Mile High,39.743889,-105.02,2021-11-28 21:05:00+00:00,61.30000000000001,66.7,4.85,7.7,8.600000000000001,9.8,0.0,0.0,0.0,0.0,0.0,0.0,0.0,4
2021_12_LA_GB,2021,REG,12,2021-11-28,Sunday,16:25,LA,28,GB,36,Home,8,64,0,2021112808,58679,10160000-0586-79dc-48bc-1c9f56796d27,202111280gnb,19783.0,401326505,5771.0,13,7,-120.0,108.0,-2.0,-100.0,-110.0,47.0,-109.0,-102.0,0,outdoors,grass ,37.0,14.0,00-0026498,00-0023459,Matthew Stafford,Aaron Rodgers,Sean McVay,Matt LaFleur,Craig Wrolstad,GNB00,Lambeau Field,44.501389,-88.062222,2021-11-28 21:25:00+00:00,30.950000000000003,35.6,7.300000000000001,9.9,16.174999999999997,24.2,0.0,0.0,0.0,0.0,0.0,0.0,0.0,4
2021_12_MIN_SF,2021,REG,12,2021-11-28,Sunday,16:25,MIN,26,SF,34,Home,8,60,0,2021112809,58680,10160000-0586-8063-7abc-663d2a391fe5,202111280sfo,19784.0,401326506,5770.0,7,7,164.0,-183.0,3.5,-108.0,-102.0,49.0,-101.0,-110.0,0,outdoors,grass,68.0,7.0,00-0029604,00-0031345,Kirk Cousins,Jimmy Garoppolo,Mike Zimmer,Kyle Shanahan,Brad Rogers,SFO01,Levi's Stadium,37.403,-121.97,2021-11-28 21:25:00+00:00,66.47500000000001,66.0,4.6499999999999995,5.3,9.325,9.6,0.0,0.0,0.0,0.0,0.0,0.0,0.0,4
2021_12_CLE_BAL,2021,REG,12,2021-11-28,Sunday,20:20,CLE,10,BAL,16,Home,6,26,0,2021112810,58681,10160000-0586-8114-0987-cee47f496449,202111280rav,19785.0,401326507,5772.0,7,7,140.0,-156.0,3.0,-110.0,-102.0,47.0,-101.0,-110.0,1,outdoors,grass,43.0,0.0,00-0034855,00-0034796,Baker Mayfield,Lamar Jackson,Kevin Stefanski,John Harbaugh,Jerome Boger,BAL00,M&T Bank Stadium,39.278056,-76.622778,2021-11-29 01:20:00+00:00,40.875,39.3,3.275,4.8,6.65,8.9,0.025,0.1,0.1,0.0,0.0,0.0,0.025,4
2021_12_SEA_WAS,2021,REG,12,2021-11-29,Monday,20:15,SEA,15,WAS,17,Home,2,32,0,2021112900,58682,10160000-0586-82f1-2498-f710dac5ddec,202111290was,19786.0,401326508,5773.0,8,8,-128.0,116.0,-1.0,-121.0,108.0,47.0,-116.0,104.0,0,outdoors,grass ,41.0,9.0,00-0029263,00-0031800,Russell Wilson,Taylor Heinicke,Pete Carroll,Ron Rivera,Clay Martin,WAS00,FedExField,38.907778,-76.864444,2021-11-30 01:15:00+00:00,35.55,38.4,5.300000000000001,6.3,10.350000000000001,13.0,0.0,0.0,0.0,0.0,0.0,0.0,0.0,4
2021_13_ARI_CHI,2021,REG,13,2021-12-05,Sunday,13:00,ARI,33,CHI,22,Home,-11,55,0,2021120501,58685,10160000-0586-8587-0eb3-7be51ddcd530,202112050chi,19789.0,401326511,5777.0,14,10,-373.0,314.0,-7.5,-116.0,104.0,43.5,-101.0,-110.0,0,outdoors,grass ,34.0,8.0,00-0035228,00-0027973,Taysom Kyler Murray,Andy Dalton,Kliff Kingsbury,Matt Nagy,Jerome Boger,CHI98,Soldier Field,41.8623,-87.6167,2021-12-05 18:00:00+00:00,39.55,36.9,12.825,14.2,20.550000000000004,25.1,0.475,1.2,1.9,0.0,0.0,0.0,0.475,4
2021_13_LAC_CIN,2021,REG,13,2021-12-05,Sunday,13:00,LAC,41,CIN,22,Home,-19,63,0,2021120502,58686,10160000-0586-86b2-601d-93aea5d5754d,202112050cin,19790.0,401326512,5781.0,7,7,127.0,-141.0,2.5,104.0,-116.0,49.5,-101.0,-111.0,0,outdoors,fieldturf,48.0,11.0,00-0036355,00-0036442,Justin Herbert,Joe Burrow,Brandon Staley,Zac Taylor,Shawn Hochuli,CIN00,Paul Brown Stadium,39.095,-84.516,2021-12-05 18:00:00+00:00,57.875,53.6,8.350000000000001,9.2,17.6,18.3,0.0,0.0,0.0,0.0,0.0,0.0,0.0,4
2021_13_NYG_MIA,2021,REG,13,2021-12-05,Sunday,13:00,NYG,9,MIA,20,Home,11,29,0,2021120506,58690,10160000-0586-9088-68b1-b1e733dc1db9,202112050mia,19794.0,401326516,5776.0,7,7,253.0,-293.0,6.5,108.0,-120.0,40.0,100.0,-111.0,0,outdoors,grass ,80.0,11.0,00-0030520,00-0036212,Mike Glennon,Tua Tagovailoa,Joe Judge,Brian Flores,Brad Allen,MIA00,Hard Rock Stadium,25.958056,-80.238889,2021-12-05 18:00:00+00:00,80.67500000000001,81.4,7.525,8.2,16.275,17.2,0.0,0.0,0.0,0.0,0.0,0.0,0.0,4
2021_13_PHI_NYJ,2021,REG,13,2021-12-05,Sunday,13:00,PHI,33,NYJ,18,Home,-15,51,0,2021120507,58691,10160000-0586-9135-3093-1de4bc7b6eee,202112050nyj,19795.0,401326517,5779.0,7,7,-199.0,177.0,-5.0,102.0,-113.0,44.0,-102.0,-109.0,0,outdoors,fieldturf,45.0,0.0,00-0035289,00-0037013,Gardner Minshew,Zach Wilson,Nick Sirianni,Robert Saleh,Clay Martin,NYC01,MetLife Stadium,40.813528,-74.074361,2021-12-05 18:00:00+00:00,45.0,45.7,2.85,4.2,8.325,8.9,0.0,0.0,0.0,0.0,0.0,0.0,0.0,4
2021_13_BAL_PIT,2021,REG,13,2021-12-05,Sunday,16:25,BAL,19,PIT,20,Home,1,39,0,2021120510,58694,10160000-0586-94fe-773a-6cb74102e464,202112050pit,19797.0,401326520,5784.0,7,7,-195.0,174.0,-4.0,-104.0,-107.0,44.0,-109.0,-102.0,1,outdoors,grass ,50.0,7.0,00-0034796,00-0022924,Lamar Jackson,Ben Roethlisberger,John Harbaugh,Mike Tomlin,Scott Novak,PIT00,Heinz Field,40.446667,-80.015833,2021-12-05 21:25:00+00:00,50.074999999999996,49.6,10.75,11.8,20.975,21.7,0.0,0.0,0.0,0.0,0.0,0.0,0.0,4
2021_13_SF_SEA,2021,REG,13,2021-12-05,Sunday,16:25,SF,23,SEA,30,Home,7,53,0,2021120511,58695,10160000-0586-95ac-c594-656339eb7281,202112050sea,19799.0,401326521,5785.0,7,6,-138.0,125.0,-3.0,108.0,-120.0,44.5,-103.0,-108.0,1,outdoors,fieldturf,41.0,4.0,00-0031345,00-0029263,Jimmy Garoppolo,Russell Wilson,Kyle Shanahan,Pete Carroll,Alex Kemp,SEA00,Lumen Field,47.5952,-122.3316,2021-12-05 21:25:00+00:00,41.47500000000001,42.2,4.1499999999999995,4.6,9.424999999999999,9.6,0.0,0.0,0.0,0.0,0.0,0.0,0.0,4
2021_13_DEN_KC,2021,REG,13,2021-12-05,Sunday,20:20,DEN,9,KC,22,Home,13,31,0,2021120505,58689,10160000-0586-899b-0cf3-ca1988cf1362,202112050kan,19793.0,401326515,5786.0,7,14,323.0,-387.0,8.5,-106.0,-105.0,46.5,-108.0,-103.0,1,outdoors,grass ,58.0,22.0,00-0031237,00-0033873,Teddy Bridgewater,Patrick Mahomes,Vic Fangio,Andy Reid,Carl Cheffers,KAN00,GEHA Field at Arrowhead Stadium,39.048889,-94.483889,2021-12-06 01:20:00+00:00,48.925,51.7,14.6,15.5,29.3,31.3,0.0,0.0,0.0,0.0,0.0,0.0,0.0,4
2021_13_NE_BUF,2021,REG,13,2021-12-06,Monday,20:15,NE,14,BUF,10,Home,-4,24,0,2021120600,58696,10160000-0586-96a2-267a-9b4b8c140b71,202112060buf,19800.0,401326522,5787.0,8,11,132.0,-146.0,3.0,-116.0,104.0,40.0,-102.0,-109.0,1,outdoors,a_turf,36.0,27.0,00-0036972,00-0034857,Mac Jones,Josh Allen,Bill Belichick,Sean McDermott,Bill Vinovich,BUF00,New Era Field,42.774,-78.787,2021-12-07 01:15:00+00:00,34.25,35.7,23.974999999999998,26.2,49.075,52.8,0.0,0.0,0.0,0.052500000000000005,0.14,0.21000000000000002,0.07500000000000001,4
2021_14_ATL_CAR,2021,REG,14,2021-12-12,Sunday,13:00,ATL,29,CAR,21,Home,-8,50,0,2021121200,58698,10160000-0586-98bb-eb7e-c578a377c768,202112120car,19802.0,401326524,5789.0,7,14,123.0,-136.0,2.5,-104.0,-107.0,41.0,105.0,-116.0,1,outdoors,grass ,48.0,9.0,00-0026143,00-0027939,Matt Ryan,Cam Newton,Arthur Smith,Matt Rhule,Shawn Smith,CAR00,Bank of America Stadium,35.225833,-80.852778,2021-12-12 18:00:00+00:00,50.9,50.4,7.25,8.8,17.275,19.7,0.0,0.0,0.0,0.0,0.0,0.0,0.0,4
2021_14_BAL_CLE,2021,REG,14,2021-12-12,Sunday,13:00,BAL,22,CLE,24,Home,2,46,0,2021121202,58700,10160000-0587-0078-cc49-8773a5a88048,202112120cle,19804.0,401326526,5793.0,7,14,135.0,-150.0,3.0,-104.0,-107.0,44.0,-103.0,-108.0,1,outdoors,grass ,46.0,14.0,00-0034796,00-0034855,Lamar Jackson,Baker Mayfield,John Harbaugh,Kevin Stefanski,Brad Rogers,CLE00,FirstEnergy Stadium,41.506111,-81.699444,2021-12-12 18:00:00+00:00,45.65,45.3,15.625,16.6,25.275,25.7,0.0,0.0,0.0,0.0,0.0,0.0,0.0,4
2021_14_SEA_HOU,2021,REG,14,2021-12-12,Sunday,13:00,SEA,33,HOU,13,Home,-20,46,0,2021121203,58701,10160000-0587-01e7-d178-357e89693ee9,202112120htx,19805.0,401326527,5792.0,7,7,-401.0,334.0,-10.0,104.0,-116.0,40.5,105.0,-117.0,0,open,astroturf,,,00-0029263,00-0036898,Russell Wilson,Davis Mills,Pete Carroll,David Culley,Adrian Hill,HOU00,NRG Stadium,29.684722,-95.410833,2021-12-12 18:00:00+00:00,56.6,54.1,5.1,5.8,12.975,14.8,0.0,0.0,0.0,0.0,0.0,0.0,0.0,4
2021_14_LV_KC,2021,REG,14,2021-12-12,Sunday,13:00,LV,9,KC,48,Home,39,57,0,2021121204,58702,10160000-0587-025a-fbcd-06de5701c296,202112120kan,19806.0,401326528,5791.0,7,7,365.0,-444.0,10.0,-108.0,-103.0,48.0,-103.0,-108.0,1,outdoors,grass ,47.0,19.0,00-0031280,00-0033873,Derek Carr,Patrick Mahomes,Rich Bisaccia,Andy Reid,Brad Allen,KAN00,GEHA Field at Arrowhead Stadium,39.048889,-94.483889,2021-12-12 18:00:00+00:00,50.949999999999996,49.3,12.649999999999999,13.1,26.549999999999997,27.3,0.0,0.0,0.0,0.0,0.0,0.0,0.0,4
2021_14_NO_NYJ,2021,REG,14,2021-12-12,Sunday,13:00,NO,30,NYJ,9,Home,-21,39,0,2021121205,58703,10160000-0587-03fd-c537-aa87a3759648,202112120nyj,19808.0,401326529,5794.0,10,7,-194.0,173.0,-4.5,103.0,-114.0,42.0,-112.0,100.0,0,outdoors,fieldturf,46.0,13.0,00-0033357,00-0037013,Taysom Hill,Zach Wilson,Sean Payton,Robert Saleh,Land Clark,NYC01,MetLife Stadium,40.813528,-74.074361,2021-12-12 18:00:00+00:00,46.275,46.6,10.525,12.9,22.599999999999998,24.8,0.0,0.0,0.0,0.0,0.0,0.0,0.0,4
2021_14_JAX_TEN,2021,REG,14,2021-12-12,Sunday,13:00,JAX,0,TEN,20,Home,20,20,0,2021121206,58704,10160000-0587-0423-5d01-207449e4e1e7,202112120oti,19809.0,401326530,5790.0,7,14,321.0,-384.0,8.5,-108.0,-103.0,44.5,-108.0,-103.0,1,outdoors,grass ,45.0,0.0,00-0036971,00-0029701,Trevor Lawrence,Ryan Tannehill,Urban Meyer,Mike Vrabel,Bill Vinovich,NAS00,Nissan Stadium,36.166389,-86.771389,2021-12-12 18:00:00+00:00,47.10000000000001,46.2,2.65,3.1,9.325,10.5,0.0,0.0,0.0,0.0,0.0,0.0,0.0,4
2021_14_DAL_WAS,2021,REG,14,2021-12-12,Sunday,13:00,DAL,27,WAS,20,Home,-7,47,0,2021121207,58705,10160000-0587-0554-e922-4af9a77787f3,202112120was,19810.0,401326531,5795.0,10,7,-284.0,246.0,-6.5,-115.0,103.0,48.0,-108.0,-103.0,1,outdoors,grass ,48.0,17.0,00-0033077,00-0031800,Dak Prescott,Taylor Heinicke,Mike McCarthy,Ron Rivera,Alex Kemp,WAS00,FedExField,38.907778,-76.864444,2021-12-12 18:00:00+00:00,47.150000000000006,47.0,8.125,9.5,21.075000000000003,23.9,0.0,0.0,0.0,0.0,0.0,0.0,0.0,4
2021_14_DET_DEN,2021,REG,14,2021-12-12,Sunday,16:05,DET,10,DEN,38,Home,28,48,0,2021121208,58706,10160000-0587-06c4-5440-b3716d42c517,202112120den,19811.0,401326532,5796.0,7,7,495.0,-635.0,13.0,-109.0,-102.0,42.0,-106.0,-105.0,0,outdoors,grass ,63.0,8.0,00-0033106,00-0031237,Jared Goff,Teddy Bridgewater,Dan Campbell,Vic Fangio,John Hussey,DEN00,Empower Field at Mile High,39.743889,-105.02,2021-12-12 21:05:00+00:00,56.95,59.2,5.25,6.0,9.0,11.6,0.0,0.0,0.0,0.0,0.0,0.0,0.0,4
2021_14_SF_CIN,2021,REG,14,2021-12-12,Sunday,16:25,SF,26,CIN,23,Home,-3,49,1,2021121201,58699,10160000-0586-99a8-dc3e-2a5706f728e6,202112120cin,19803.0,401326525,5799.0,7,7,-130.0,117.0,-2.5,-103.0,-108.0,49.0,-103.0,-108.0,0,outdoors,fieldturf,48.0,9.0,00-0031345,00-0036442,Jimmy Garoppolo,Joe Burrow,Kyle Shanahan,Zac Taylor,Craig Wrolstad,CIN00,Paul Brown Stadium,39.095,-84.516,2021-12-12 21:25:00+00:00,41.725,46.1,6.65,8.3,14.375,18.8,0.0,0.0,0.0,0.0,0.0,0.0,0.0,4
2021_14_BUF_TB,2021,REG,14,2021-12-12,Sunday,16:25,BUF,27,TB,33,Home,6,60,1,2021121210,58708,10160000-0587-0856-cc96-862ce802696a,202112120tam,19813.0,401326534,5798.0,6,7,161.0,-181.0,3.5,-106.0,-105.0,52.5,-101.0,-110.0,0,outdoors,grass ,82.0,4.0,00-0034857,00-0019596,Josh Allen,Tom Brady,Sean McDermott,Bruce Arians,Scott Novak,TAM00,Raymond James Stadium,27.975833,-82.503333,2021-12-12 21:25:00+00:00,75.25,78.6,7.2749999999999995,8.6,13.75,16.1,0.05,0.2,0.2,0.0,0.0,0.0,0.05,4
2021_14_CHI_GB,2021,REG,14,2021-12-12,Sunday,20:20,CHI,30,GB,45,Home,15,75,0,2021121211,58709,10160000-0587-09f4-d936-fc2a4d45ab47,202112120gnb,19814.0,401326535,5800.0,7,14,498.0,-639.0,11.5,-102.0,-109.0,43.0,103.0,-114.0,1,outdoors,grass ,36.0,8.0,00-0036945,00-0023459,Justin Fields,Aaron Rodgers,Matt Nagy,Matt LaFleur,Ron Torbert,GNB00,Lambeau Field,44.501389,-88.062222,2021-12-13 01:20:00+00:00,35.925,36.1,10.825,12.1,20.3,21.7,0.0,0.0,0.0,0.0,0.0,0.0,0.0,4
2021_14_LA_ARI,2021,REG,14,2021-12-13,Monday,20:15,LA,30,ARI,23,Home,-7,53,0,2021121300,58710,10160000-0587-10b2-38e4-b1ec1e97a30b,202112130crd,19815.0,401326536,5801.0,8,8,154.0,-172.0,3.0,104.0,-116.0,51.0,-106.0,-105.0,1,open,grass ,,,00-0026498,00-0035228,Matthew Stafford,Kyler Murray,Sean McVay,Kliff Kingsbury,Carl Cheffers,PHO00,State Farm Stadium,33.528,-112.263,2021-12-14 01:15:00+00:00,61.675,65.6,3.825,4.2,6.325,7.2,0.0,0.0,0.0,0.0,0.0,0.0,0.0,4
2021_15_CAR_BUF,2021,REG,15,2021-12-19,Sunday,13:00,CAR,14,BUF,31,Home,17,45,0,2021121901,58712,10160000-0587-12cf-fe8a-74d9a688ac20,202112190buf,19817.0,401326538,5808.0,7,7,562.0,-739.0,14.0,102.0,-114.0,43.0,-107.0,-104.0,0,outdoors,a_turf,30.0,8.0,00-0027939,00-0034857,Cam Newton,Josh Allen,Matt Rhule,Sean McDermott,Clete Blakeman,BUF00,New Era Field,42.774,-78.787,2021-12-19 18:00:00+00:00,29.025,29.8,7.4,8.4,17.725,19.0,0.0,0.0,0.0,0.0,0.0,0.0,0.0,4
2021_15_HOU_JAX,2021,REG,15,2021-12-19,Sunday,13:00,HOU,30,JAX,16,Home,-14,46,0,2021121905,58719,10160000-0587-193d-1559-ec51c1fddbdc,202112190jax,19824.0,401326545,5804.0,7,7,224.0,-257.0,6.0,-111.0,-101.0,40.0,-105.0,-106.0,1,outdoors,grass,80.0,12.0,00-0036898,00-0036971,Davis Mills,Trevor Lawrence,David Culley,Darrell Bevell,Alex Kemp,JAX00,TIAA Bank Stadium,30.323889,-81.6375,2021-12-19 18:00:00+00:00,75.6,78.3,12.200000000000001,14.6,22.650000000000002,24.8,0.25,0.4,1.0,0.0,0.0,0.0,0.25,4
2021_15_NYJ_MIA,2021,REG,15,2021-12-19,Sunday,13:00,NYJ,24,MIA,31,Home,7,55,0,2021121906,58715,10160000-0587-1571-d915-996f513972ab,202112190mia,19820.0,401326541,5807.0,7,14,366.0,-445.0,10.5,-114.0,102.0,42.0,-104.0,-107.0,1,outdoors,grass,82.0,9.0,00-0037013,00-0036212,Zach Wilson,Tua Tagovailoa,Robert Saleh,Brian Flores,Ron Torbert,MIA00,Hard Rock Stadium,25.958056,-80.238889,2021-12-19 18:00:00+00:00,76.9,80.7,6.05,8.3,17.675,20.8,1.575,3.5,6.3,0.0,0.0,0.0,1.575,4
2021_15_DAL_NYG,2021,REG,15,2021-12-19,Sunday,13:00,DAL,21,NYG,6,Home,-15,27,0,2021121907,58720,10160000-0587-20a8-931d-f73db781f096,202112190nyg,19825.0,401326546,5805.0,7,7,-534.0,428.0,-11.5,-120.0,108.0,43.0,104.0,-116.0,1,outdoors,fieldturf,37.0,8.0,00-0033077,00-0030520,Dak Prescott,Mike Glennon,Mike McCarthy,Joe Judge,Jerome Boger,NYC01,MetLife Stadium,40.813528,-74.074361,2021-12-19 18:00:00+00:00,38.975,39.6,15.0,15.8,28.65,29.1,0.0,0.0,0.0,0.0,0.0,0.0,0.0,4
2021_15_TEN_PIT,2021,REG,15,2021-12-19,Sunday,13:00,TEN,13,PIT,19,Home,6,32,0,2021121909,58721,10160000-0587-218b-9192-9d586690459b,202112190pit,19826.0,401326547,5809.0,7,10,109.0,-121.0,1.0,102.0,-114.0,44.0,-105.0,-106.0,0,outdoors,grass,32.0,11.0,00-0029701,00-0022924,Ryan Tannehill,Ben Roethlisberger,Mike Vrabel,Mike Tomlin,Brad Rogers,PIT00,Heinz Field,40.446667,-80.015833,2021-12-19 18:00:00+00:00,34.625,34.7,8.35,9.0,19.025,19.9,0.0,0.0,0.0,0.0,0.0,0.0,0.0,4
2021_15_CIN_DEN,2021,REG,15,2021-12-19,Sunday,16:05,CIN,15,DEN,10,Home,-5,25,0,2021121910,58722,10160000-0587-22b9-52df-39d3a2de252c,202112190den,19827.0,401326548,5811.0,7,7,140.0,-155.0,3.0,-110.0,-101.0,45.0,-123.0,110.0,0,outdoors,grass,61.0,19.0,00-0036442,00-0031237,Joe Burrow,Teddy Bridgewater,Zac Taylor,Vic Fangio,Adrian Hill,DEN00,Empower Field at Mile High,39.743889,-105.02,2021-12-19 21:05:00+00:00,48.324999999999996,57.3,4.7749999999999995,7.7,7.875,8.9,0.0,0.0,0.0,0.0,0.0,0.0,0.0,4
2021_15_ATL_SF,2021,REG,15,2021-12-19,Sunday,16:05,ATL,13,SF,31,Home,18,44,0,2021121911,58723,10160000-0587-2335-f722-abf160161b04,202112190sfo,19828.0,401326549,5810.0,7,7,319.0,-380.0,9.5,-114.0,102.0,48.0,-106.0,-105.0,0,outdoors,grass,46.0,0.0,00-0026143,00-0031345,Matt Ryan,Jimmy Garoppolo,Arthur Smith,Kyle Shanahan,Clay Martin,SFO01,Levi's Stadium,37.403,-121.97,2021-12-19 21:05:00+00:00,54.65,55.3,7.65,9.8,15.625,17.0,0.0,0.0,0.0,0.0,0.0,0.0,0.0,4
2021_15_GB_BAL,2021,REG,15,2021-12-19,Sunday,16:25,GB,31,BAL,30,Home,-1,61,0,2021121900,58717,10160000-0587-174d-80b5-0945b422cb03,202112190rav,19822.0,401326543,5812.0,7,7,-354.0,299.0,-9.5,104.0,-116.0,45.5,-109.0,-102.0,0,outdoors,grass,43.0,11.0,00-0023459,00-0035993,Aaron Rodgers,Tyler Huntley,Matt LaFleur,John Harbaugh,Brad Allen,BAL00,M&T Bank Stadium,39.278056,-76.622778,2021-12-19 21:25:00+00:00,38.2,41.6,9.175,12.0,18.674999999999997,24.4,0.0,0.0,0.0,0.0,0.0,0.0,0.0,4
2021_15_NO_TB,2021,REG,15,2021-12-19,Sunday,20:20,NO,9,TB,0,Home,-9,9,0,2021121913,58725,10160000-0587-255d-2fb8-e234693f4405,202112190tam,19830.0,401326551,5813.0,7,7,417.0,-518.0,11.5,-101.0,-110.0,45.5,-101.0,-110.0,1,outdoors,grass,75.0,0.0,00-0033357,00-0019596,Taysom Hill,Tom Brady,Sean Payton,Bruce Arians,John Hussey,TAM00,Raymond James Stadium,27.975833,-82.503333,2021-12-20 01:20:00+00:00,70.625,71.4,5.5,10.2,11.575,18.8,0.05,0.2,0.2,0.0,0.0,0.0,0.05,4
2021_15_LV_CLE,2021,REG,15,2021-12-20,Monday,17:00,LV,16,CLE,14,Home,-2,30,0,2021122001,58713,10160000-0587-1384-eb63-fc7e2605fa4c,202112200cle,19818.0,401326539,5814.0,7,7,-147.0,131.0,-3.0,-102.0,-109.0,41.0,-100.0,-111.0,0,outdoors,grass,40.0,8.0,00-0031280,00-0033319,Derek Carr,Nick Mullens,Rich Bisaccia,Kevin Stefanski,Craig Wrolstad,CLE00,FirstEnergy Stadium,41.506111,-81.699444,2021-12-20 22:00:00+00:00,36.95,38.3,10.8,12.9,16.6,19.7,0.0,0.0,0.0,0.0,0.0,0.0,0.0,4
2021_15_MIN_CHI,2021,REG,15,2021-12-20,Monday,20:15,MIN,17,CHI,9,Home,-8,26,0,2021122000,58726,10160000-0587-26f2-fd0e-c5f4188c2118,202112200chi,19831.0,401326552,5815.0,11,8,-320.0,274.0,-7.0,-114.0,102.0,48.0,-114.0,103.0,1,outdoors,grass,37.0,8.0,00-0029604,00-0036945,Kirk Cousins,Justin Fields,Mike Zimmer,Matt Nagy,Scott Novak,CHI98,Soldier Field,41.8623,-87.6167,2021-12-21 01:15:00+00:00,31.425,33.0,7.424999999999999,7.6,10.375,11.0,0.0,0.0,0.0,0.0,0.0,0.0,0.0,4
2021_15_WAS_PHI,2021,REG,15,2021-12-21,Tuesday,19:00,WAS,17,PHI,27,Home,10,44,0,2021122100,58716,10160000-0587-1616-bba3-a032cdcaf364,202112210phi,19821.0,401326542,5816.0,7,14,380.0,-465.0,10.0,-101.0,-110.0,39.5,-110.0,-101.0,1,outdoors,grass,42.0,7.0,00-0031395,00-0036389,Garrett Gilbert,Jalen Hurts,Ron Rivera,Nick Sirianni,Tony Corrente,PHI00,Lincoln Financial Field,39.900833,-75.1675,2021-12-22 00:00:00+00:00,39.074999999999996,39.1,2.7750000000000004,3.6,5.2,6.0,0.07500000000000001,0.2,0.30000000000000004,0.0,0.0,0.0,0.07500000000000001,4
2021_16_SF_TEN,2021,REG,16,2021-12-23,Thursday,20:20,SF,17,TEN,20,Home,3,37,0,2021122300,58727,10160000-0587-2774-292b-4559b3fea716,202112230oti,19832.0,401326553,5818.0,4,4,-171.0,154.0,-3.5,108.0,-120.0,45.5,-116.0,104.0,0,outdoors,grass,48.0,7.0,00-0031345,00-0029701,Jimmy Garoppolo,Ryan Tannehill,Kyle Shanahan,Mike Vrabel,Shawn Hochuli,NAS00,Nissan Stadium,36.166389,-86.771389,2021-12-24 01:20:00+00:00,47.85,47.2,10.25,11.3,17.85,19.7,0.0,0.0,0.0,0.0,0.0,0.0,0.0,4
2021_16_CLE_GB,2021,REG,16,2021-12-25,Saturday,16:30,CLE,22,GB,24,Home,2,46,0,2021122500,58728,10160000-0587-289c-61f0-d290472603ee,202112250gnb,19834.0,401326554,5819.0,6,6,343.0,-430.0,7.5,101.0,-112.0,46.5,-100.0,-111.0,0,outdoors,grass,35.0,11.0,00-0034855,00-0023459,Baker Mayfield,Aaron Rodgers,Kevin Stefanski,Matt LaFleur,Alex Kemp,GNB00,Lambeau Field,44.501389,-88.062222,2021-12-25 21:30:00+00:00,30.475,34.1,4.775,5.4,8.275,10.1,0.0,0.0,0.0,0.0,0.0,0.0,0.0,4
2021_16_DET_ATL,2021,REG,16,2021-12-26,Sunday,13:00,DET,16,ATL,20,Home,4,36,0,2021122600,58730,10160000-0587-3016-3336-a303205432c6,202112260atl,19835.0,401326556,5821.0,7,7,309.0,-373.0,7.5,-106.0,-105.0,42.5,102.0,-113.0,0,open,fieldturf,,,00-0034177,00-0026143,Tim Boyle,Matt Ryan,Dan Campbell,Arthur Smith,Ron Torbert,ATL97,Mercedes-Benz Stadium,33.755556,-84.4,2021-12-26 18:00:00+00:00,70.95,70.0,5.05,5.6,11.25,11.4,0.025,0.1,0.1,0.0,0.0,0.0,0.025,4
2021_16_TB_CAR,2021,REG,16,2021-12-26,Sunday,13:00,TB,32,CAR,6,Home,-26,38,0,2021122601,58731,10160000-0587-3139-5262-d8b905c1d289,202112260car,19836.0,401326557,5825.0,7,7,-503.0,399.0,-11.5,105.0,-117.0,44.5,-113.0,101.0,1,outdoors,grass,73.0,8.0,00-0019596,00-0034869,Tom Brady,Sam Darnold,Bruce Arians,Matt Rhule,Brad Allen,CAR00,Bank of America Stadium,35.225833,-80.852778,2021-12-26 18:00:00+00:00,71.725,71.2,3.0,4.0,9.5,11.0,0.025,0.1,0.1,0.0,0.0,0.0,0.025,4
2021_16_BAL_CIN,2021,REG,16,2021-12-26,Sunday,13:00,BAL,21,CIN,41,Home,20,62,0,2021122602,58732,10160000-0587-3236-d7ea-a94758e72b03,202112260cin,19841.0,401326558,5823.0,7,7,306.0,-369.0,7.5,-102.0,-109.0,43.0,102.0,-114.0,1,outdoors,fieldturf,52.0,0.0,00-0026300,00-0036442,Josh Johnson,Joe Burrow,John Harbaugh,Zac Taylor,Clete Blakeman,CIN00,Paul Brown Stadium,39.095,-84.516,2021-12-26 18:00:00+00:00,52.775,51.8,1.525,2.1,6.85,7.2,0.0,0.0,0.0,0.0,0.0,0.0,0.0,4
2021_16_BUF_NE,2021,REG,16,2021-12-26,Sunday,13:00,BUF,33,NE,21,Home,-12,54,0,2021122605,58735,10160000-0587-354f-9f82-4a4ddbdfcbeb,202112260nwe,19838.0,401326561,5827.0,7,7,102.0,-114.0,1.0,-106.0,-105.0,43.5,-105.0,-106.0,1,outdoors,fieldturf,38.0,13.0,00-0034857,00-0036972,Josh Allen,Mac Jones,Sean McDermott,Bill Belichick,Shawn Smith,BOS00,Gillette Stadium,42.091,-71.264,2021-12-26 18:00:00+00:00,38.125,39.4,10.399999999999999,12.0,25.4,29.1,0.0,0.0,0.0,0.0,0.0,0.0,0.0,4
2021_16_JAX_NYJ,2021,REG,16,2021-12-26,Sunday,13:00,JAX,21,NYJ,26,Home,5,47,0,2021122606,58736,10160000-0587-36a1-4564-d94bf99b31c3,202112260nyj,19839.0,401326562,5826.0,7,7,114.0,-125.0,2.5,-111.0,100.0,42.5,106.0,-118.0,0,outdoors,fieldturf,47.0,0.0,00-0036971,00-0037013,Trevor Lawrence,Zach Wilson,Darrell Bevell,Robert Saleh,Tony Corrente,NYC01,MetLife Stadium,40.813528,-74.074361,2021-12-26 18:00:00+00:00,45.825,46.4,11.55,12.8,23.1,24.2,0.0,0.0,0.0,0.0,0.0,0.0,0.0,4
2021_16_NYG_PHI,2021,REG,16,2021-12-26,Sunday,13:00,NYG,10,PHI,34,Home,24,44,0,2021122607,58737,10160000-0587-3776-9931-235b69c230b5,202112260phi,19840.0,401326563,5828.0,7,7,416.0,-529.0,11.0,-108.0,-103.0,41.0,-105.0,-106.0,1,outdoors,grass,53.0,9.0,00-0036197,00-0036389,Jake Fromm,Jalen Hurts,Joe Judge,Nick Sirianni,Land Clark,PHI00,Lincoln Financial Field,39.900833,-75.1675,2021-12-26 18:00:00+00:00,51.9,52.7,8.625,9.7,17.625,18.6,0.0,0.0,0.0,0.0,0.0,0.0,0.0,4
2021_16_CHI_SEA,2021,REG,16,2021-12-26,Sunday,16:05,CHI,25,SEA,24,Home,-1,49,0,2021122608,58738,10160000-0587-3855-eb7a-c8aff1c1fafc,202112260sea,19842.0,401326564,5830.0,6,7,268.0,-313.0,7.0,-103.0,-108.0,41.0,-109.0,-102.0,0,outdoors,fieldturf,25.0,11.0,00-0029567,00-0029263,Nick Foles,Russell Wilson,Matt Nagy,Pete Carroll,Carl Cheffers,SEA00,Lumen Field,47.5952,-122.3316,2021-12-26 21:05:00+00:00,24.625,25.5,16.599999999999998,18.0,31.875,32.4,0.0,0.0,0.0,0.3325,0.49,1.33,0.475,4
2021_16_PIT_KC,2021,REG,16,2021-12-26,Sunday,16:25,PIT,10,KC,36,Home,26,46,0,2021122609,58739,10160000-0587-39ef-1034-e9bf0b7b5cc3,202112260kan,19843.0,401326565,5831.0,7,10,328.0,-400.0,10.5,-114.0,102.0,44.0,-103.0,-109.0,0,outdoors,grass,60.0,22.0,00-0022924,00-0033873,Ben Roethlisberger,Patrick Mahomes,Mike Tomlin,Andy Reid,Jerome Boger,KAN00,GEHA Field at Arrowhead Stadium,39.048889,-94.483889,2021-12-26 21:25:00+00:00,60.900000000000006,56.3,16.15,18.5,31.425,36.0,0.0,0.0,0.0,0.0,0.0,0.0,0.0,4
2021_17_LA_BAL,2021,REG,17,2022-01-02,Sunday,13:00,LA,20,BAL,19,Home,-1,39,0,2022010212,58755,10160000-0587-5542-bd3e-798addfa45ee,202201020rav,19860.0,401326581,5841.0,7,7,-313.0,264.0,-7.0,-110.0,-101.0,47.0,-108.0,-103.0,0,outdoors,grass,59.0,6.0,00-0026498,00-0035993,Matthew Stafford,Tyler Huntley,Sean McVay,John Harbaugh,Bill Vinovich,BAL00,M&T Bank Stadium,39.278056,-76.622778,2022-01-02 18:00:00+00:00,63.15,64.3,10.299999999999999,11.9,18.35,19.7,0.025,0.1,0.1,0.0,0.0,0.0,0.025,4
2021_17_ATL_BUF,2021,REG,17,2022-01-02,Sunday,13:00,ATL,15,BUF,29,Home,14,44,0,2022010200,58743,10160000-0587-43c0-4814-9a7376e0395c,202201020buf,19848.0,401326569,5839.0,7,7,625.0,-871.0,14.0,-101.0,-111.0,46.5,-103.0,-108.0,0,outdoors,a_turf,26.0,11.0,00-0026143,00-0034857,Matt Ryan,Josh Allen,Arthur Smith,Sean McDermott,Land Clark,BUF00,New Era Field,42.774,-78.787,2022-01-02 18:00:00+00:00,24.325000000000003,25.8,9.125,10.5,20.375,21.5,0.0,0.0,0.0,0.12250000000000001,0.21,0.49000000000000005,0.17500000000000002,4
2021_17_NYG_CHI,2021,REG,17,2022-01-02,Sunday,13:00,NYG,3,CHI,29,Home,26,32,0,2022010201,58744,10160000-0587-44c3-c52a-63c2e8163c2a,202201020chi,19849.0,401326570,5837.0,7,7,245.0,-287.0,7.0,-115.0,104.0,36.5,-102.0,-109.0,0,outdoors,grass,25.0,13.0,00-0030520,00-0027973,Mike Glennon,Andy Dalton,Joe Judge,Matt Nagy,Shawn Hochuli,CHI98,Soldier Field,41.8623,-87.6167,2022-01-02 18:00:00+00:00,23.525,22.5,14.325000000000003,16.3,22.725,23.7,0.0,0.0,0.0,0.0,0.0,0.0,0.0,4
2021_17_KC_CIN,2021,REG,17,2022-01-02,Sunday,13:00,KC,31,CIN,34,Home,3,65,0,2022010202,58745,10160000-0587-457b-7c9f-069040b3fb24,202201020cin,19856.0,401326571,5838.0,7,7,-178.0,157.0,-3.5,-103.0,-108.0,51.0,-102.0,-110.0,0,outdoors,fieldturf,33.0,13.0,00-0033873,00-0036442,Patrick Mahomes,Joe Burrow,Andy Reid,Zac Taylor,John Hussey,CIN00,Paul Brown Stadium,39.095,-84.516,2022-01-02 18:00:00+00:00,34.225,35.0,9.275,10.1,20.75,22.4,0.0,0.0,0.0,0.0,0.0,0.0,0.0,4
2021_17_JAX_NE,2021,REG,17,2022-01-02,Sunday,13:00,JAX,10,NE,50,Home,40,60,0,2022010205,58748,10160000-0587-481f-b435-c96b2a9ccfd9,202201020nwe,19857.0,401326574,5834.0,7,7,727.0,-1056.0,17.5,-109.0,-102.0,42.0,-108.0,-103.0,0,outdoors,fieldturf,46.0,4.0,00-0036971,00-0036972,Trevor Lawrence,Mac Jones,Darrell Bevell,Bill Belichick,Adrian Hill,BOS00,Gillette Stadium,42.091,-71.264,2022-01-02 18:00:00+00:00,49.25000000000001,50.1,5.85,6.5,13.125000000000002,14.5,0.05,0.1,0.2,0.0,0.0,0.0,0.05,4
2021_17_TB_NYJ,2021,REG,17,2022-01-02,Sunday,13:00,TB,28,NYJ,24,Home,-4,52,0,2022010207,58750,10160000-0587-50d6-8d09-d134bbe3f510,202201020nyj,19853.0,401326576,5840.0,7,7,-868.0,623.0,-14.5,-101.0,-110.0,48.0,-104.0,-107.0,0,outdoors,fieldturf,57.0,9.0,00-0019596,00-0037013,Tom Brady,Zach Wilson,Bruce Arians,Robert Saleh,Alex Kemp,NYC01,MetLife Stadium,40.813528,-74.074361,2022-01-02 18:00:00+00:00,53.525,55.8,10.2,11.7,18.05,19.7,0.025,0.1,0.1,0.0,0.0,0.0,0.025,4
2021_17_MIA_TEN,2021,REG,17,2022-01-02,Sunday,13:00,MIA,3,TEN,34,Home,31,37,0,2022010208,58751,10160000-0587-517a-7166-162117cc8804,202201020oti,19854.0,401326577,5842.0,6,10,151.0,-170.0,3.0,106.0,-118.0,41.0,-104.0,-107.0,0,outdoors,grass,43.0,13.0,00-0036212,00-0029701,Tua Tagovailoa,Ryan Tannehill,Brian Flores,Mike Vrabel,Shawn Smith,NAS00,Nissan Stadium,36.166389,-86.771389,2022-01-02 18:00:00+00:00,40.25,42.3,8.6,9.4,17.95,21.9,0.425,1.4,1.7,0.0175,0.07,0.07,0.45,4
2021_17_PHI_WAS,2021,REG,17,2022-01-02,Sunday,13:00,PHI,20,WAS,16,Home,-4,36,0,2022010209,58752,10160000-0587-5263-2a5a-cea2c80c7757,202201020was,19855.0,401326578,5836.0,7,7,-238.0,206.0,-6.5,103.0,-115.0,44.5,102.0,-113.0,1,outdoors,grass,62.0,4.0,00-0036389,00-0031800,Jalen Hurts,Taylor Heinicke,Nick Sirianni,Ron Rivera,Clete Blakeman,WAS00,FedExField,38.907778,-76.864444,2022-01-02 18:00:00+00:00,64.075,64.5,7.725,9.0,17.15,18.1,0.025,0.1,0.1,0.0,0.0,0.0,0.025,4
2021_17_HOU_SF,2021,REG,17,2022-01-02,Sunday,16:05,HOU,7,SF,23,Home,16,30,0,2022010211,58754,10160000-0587-543f-c0e7-21b8cc45b1a7,202201020sfo,19859.0,401326580,5844.0,7,10,463.0,-602.0,14.0,-113.0,101.0,44.0,-102.0,-109.0,0,outdoors,grass,50.0,6.0,00-0036898,00-0037012,Davis Mills,Trey Lance,David Culley,Kyle Shanahan,Carl Cheffers,SFO01,Levi's Stadium,37.403,-121.97,2022-01-02 21:05:00+00:00,57.475,58.5,7.475,9.7,15.575000000000001,16.6,0.0,0.0,0.0,0.0,0.0,0.0,0.0,4
2021_17_DET_SEA,2021,REG,17,2022-01-02,Sunday,16:25,DET,29,SEA,51,Home,22,80,0,2022010213,58756,10160000-0587-5645-a2c5-afe83747fb73,202201020sea,19861.0,401326582,5847.0,7,7,327.0,-399.0,8.5,103.0,-114.0,41.5,-111.0,-101.0,0,outdoors,fieldturf,37.0,0.0,00-0034177,00-0029263,Tim Boyle,Russell Wilson,Dan Campbell,Pete Carroll,Tony Corrente,SEA00,Lumen Field,47.5952,-122.3316,2022-01-02 21:25:00+00:00,38.225,39.0,12.750000000000002,14.6,20.625,23.0,0.25,0.6,1.0,0.56,1.54,2.24,1.0499999999999998,4
2021_17_MIN_GB,2021,REG,17,2022-01-02,Sunday,20:20,MIN,10,GB,37,Home,27,47,0,2022010214,58757,10160000-0587-572b-911e-b3857db5dd95,202201020gnb,19862.0,401326583,5848.0,7,8,525.0,-702.0,13.0,-116.0,105.0,42.0,-100.0,-111.0,1,outdoors,grass,11.0,9.0,00-0032245,00-0023459,Sean Mannion,Aaron Rodgers,Mike Zimmer,Matt LaFleur,Clay Martin,GNB00,Lambeau Field,44.501389,-88.062222,2022-01-03 01:20:00+00:00,5.925,6.0,5.949999999999999,6.9,10.975000000000001,12.3,0.0,0.0,0.0,0.0,0.0,0.0,0.0,4
2021_17_CLE_PIT,2021,REG,17,2022-01-03,Monday,20:15,CLE,14,PIT,26,Home,12,40,0,2022010300,58758,10160000-0587-5846-8525-0bbad932e8c6,202201030pit,19863.0,401326584,5849.0,9,8,-117.0,105.0,-1.0,-110.0,-101.0,43.5,-111.0,-100.0,1,outdoors,grass,25.0,12.0,00-0034855,00-0022924,Baker Mayfield,Ben Roethlisberger,Kevin Stefanski,Mike Tomlin,Brad Allen,PIT00,Heinz Field,40.446667,-80.015833,2022-01-04 01:15:00+00:00,24.200000000000003,24.4,4.6,5.4,9.3,10.3,0.0,0.0,0.0,0.0,0.0,0.0,0.0,4
2021_18_KC_DEN,2021,REG,18,2022-01-08,Saturday,16:30,KC,28,DEN,24,Home,-4,52,0,2022010800,58772,10160000-0587-7224-5e5e-c71409627e21,202201080den,19877.0,401326598,5850.0,7,7,-600.0,435.0,-11.5,-110.0,-110.0,44.5,-110.0,-110.0,1,outdoors,grass,41.0,4.0,00-0033873,00-0035704,Patrick Mahomes,Drew Lock,Andy Reid,Vic Fangio,Brad Rogers,DEN00,Empower Field at Mile High,39.743889,-105.02,2022-01-08 21:30:00+00:00,38.45,38.0,5.7250000000000005,9.7,10.2,15.7,0.0,0.0,0.0,0.0,0.0,0.0,0.0,4
2021_18_DAL_PHI,2021,REG,18,2022-01-08,Saturday,20:15,DAL,51,PHI,26,Home,-25,77,0,2022010801,58769,10160000-0587-6915-0b87-18602d47111f,202201080phi,19873.0,401326595,5851.0,7,7,-300.0,235.0,-6.5,-110.0,-110.0,46.0,-110.0,-110.0,1,outdoors,grass,31.0,8.0,00-0033077,00-0035289,Dak Prescott,Gardner Minshew,Mike McCarthy,Nick Sirianni,Ron Torbert,PHI00,Lincoln Financial Field,39.900833,-75.1675,2022-01-09 01:15:00+00:00,24.85,25.7,6.6,7.0,10.825,11.6,0.0,0.0,0.0,0.0,0.0,0.0,0.0,4
2021_18_PIT_BAL,2021,REG,18,2022-01-09,Sunday,13:00,PIT,16,BAL,13,Home,-3,29,1,2022010901,58760,10160000-0587-6034-b7ea-785eca8a8fe2,202201090rav,19865.0,401326586,5858.0,6,7,135.0,-155.0,3.0,-110.0,-110.0,41.0,-115.0,-105.0,1,outdoors,grass,36.0,0.0,00-0022924,00-0035993,Ben Roethlisberger,Tyler Huntley,Mike Tomlin,John Harbaugh,Shawn Hochuli,BAL00,M&T Bank Stadium,39.278056,-76.622778,2022-01-09 18:00:00+00:00,44.5,42.4,13.325,14.3,23.375,24.2,0.75,1.0,3.0,0.0,0.0,0.0,0.75,4
2021_18_CIN_CLE,2021,REG,18,2022-01-09,Sunday,13:00,CIN,16,CLE,21,Home,5,37,0,2022010903,58762,10160000-0587-6234-e455-6121e0a12fa1,202201090cle,19867.0,401326588,5857.0,7,6,215.0,-265.0,6.5,-110.0,-110.0,38.0,-110.0,-110.0,1,outdoors,grass,38.0,22.0,00-0032434,00-0028986,Brandon Allen,Case Keenum,Zac Taylor,Kevin Stefanski,Bill Vinovich,CLE00,FirstEnergy Stadium,41.506111,-81.699444,2022-01-09 18:00:00+00:00,36.025,36.7,21.699999999999996,22.9,34.5,35.3,0.0,0.0,0.0,0.0,0.0,0.0,0.0,4
2021_18_IND_JAX,2021,REG,18,2022-01-09,Sunday,13:00,IND,11,JAX,26,Home,15,37,0,2022010906,58765,10160000-0587-658b-01a4-eb4963a564d8,202201090jax,19870.0,401326591,5854.0,7,7,-1000.0,650.0,-14.0,-110.0,-110.0,43.0,-110.0,-110.0,1,outdoors,grass,76.0,19.0,00-0032950,00-0036971,Carson Wentz,Trevor Lawrence,Frank Reich,Darrell Bevell,Clay Martin,JAX00,TIAA Bank Stadium,30.323889,-81.6375,2022-01-09 18:00:00+00:00,75.6,75.0,7.45,8.1,15.675,19.5,0.0,0.0,0.0,0.0,0.0,0.0,0.0,4
2021_18_WAS_NYG,2021,REG,18,2022-01-09,Sunday,13:00,WAS,22,NYG,7,Home,-15,29,0,2022010909,58768,10160000-0587-68c1-522d-78acf1f52635,202201090nyg,19875.0,401326594,5852.0,7,7,-238.0,206.0,-6.0,-102.0,-109.0,36.0,-100.0,-111.0,1,outdoors,fieldturf,38.0,0.0,00-0031800,00-0036197,Taylor Heinicke,Jake Fromm,Ron Rivera,Joe Judge,Adrian Hill,NYC01,MetLife Stadium,40.813528,-74.074361,2022-01-09 18:00:00+00:00,37.2,36.1,11.524999999999999,12.6,22.9,25.7,0.325,0.6,1.3,0.0,0.0,0.0,0.325,4
2021_18_SEA_ARI,2021,REG,18,2022-01-09,Sunday,16:25,SEA,38,ARI,30,Home,-8,68,0,2022010912,58771,10160000-0587-7113-a978-455fec3cda14,202201090crd,19876.0,401326597,5861.0,7,7,190.0,-235.0,5.5,-110.0,-110.0,48.0,100.0,-120.0,1,open,grass,,,00-0029263,00-0035228,Russell Wilson,Kyler Murray,Pete Carroll,Kliff Kingsbury,Shawn Smith,PHO00,State Farm Stadium,33.528,-112.263,2022-01-09 21:25:00+00:00,70.95,71.7,6.15,8.6,14.875000000000002,17.2,0.0,0.0,0.0,0.0,0.0,0.0,0.0,4
2021_18_NYJ_BUF,2021,REG,18,2022-01-09,Sunday,16:25,NYJ,10,BUF,27,Home,17,37,0,2022010902,58761,10160000-0587-6129-08e1-f057261766a8,202201090buf,19866.0,401326587,5862.0,7,7,750.0,-1250.0,16.0,-110.0,-110.0,43.0,-110.0,-110.0,1,outdoors,a_turf,36.0,19.0,00-0037013,00-0034857,Zach Wilson,Josh Allen,Robert Saleh,Sean McDermott,John Hussey,BUF00,New Era Field,42.774,-78.787,2022-01-09 21:25:00+00:00,33.375,35.2,20.025,21.8,39.3,42.7,0.07500000000000001,0.2,0.30000000000000004,0.08750000000000001,0.14,0.35000000000000003,0.19999999999999998,4
2021_18_NE_MIA,2021,REG,18,2022-01-09,Sunday,16:25,NE,24,MIA,33,Home,9,57,0,2022010907,58766,10160000-0587-66a3-2df9-03ed8161cc2e,202201090mia,19871.0,401326592,5863.0,7,7,-250.0,200.0,-6.0,-110.0,-110.0,41.0,-110.0,-110.0,1,outdoors,grass,75.0,8.0,00-0036972,00-0036212,Mac Jones,Tua Tagovailoa,Bill Belichick,Brian Flores,Alex Kemp,MIA00,Hard Rock Stadium,25.958056,-80.238889,2022-01-09 21:25:00+00:00,71.3,73.2,6.2,7.6,12.975,17.0,0.15,0.4,0.6,0.0,0.0,0.0,0.15,4
2021_18_CAR_TB,2021,REG,18,2022-01-09,Sunday,16:25,CAR,17,TB,41,Home,24,58,0,2022010911,58770,10160000-0587-704e-6295-0c29cd0a1891,202201090tam,19874.0,401326596,5859.0,7,7,375.0,-510.0,11.0,-110.0,-110.0,43.0,-105.0,-115.0,1,outdoors,grass,80.0,4.0,00-0034869,00-0019596,Sam Darnold,Tom Brady,Matt Rhule,Bruce Arians,Tony Corrente,TAM00,Raymond James Stadium,27.975833,-82.503333,2022-01-09 21:25:00+00:00,76.32499999999999,80.4,4.550000000000001,6.1,9.100000000000001,15.9,0.0,0.0,0.0,0.0,0.0,0.0,0.0,4
2022_01_CLE_CAR,2022,REG,1,2022-09-11,Sunday,13:00,CLE,26,CAR,24,Home,-2,50,0,2022091101,58840,,202209110car,,401437651,5881.0,7,7,114.0,-125.0,2.5,-112.0,102.0,42.5,-113.0,100.0,0,outdoors,grass,,,00-0033119,00-0034855,Jacoby Brissett,Baker Mayfield,Kevin Stefanski,Matt Rhule,Brad Rogers,CAR00,Bank of America Stadium,35.225833,-80.852778,2022-09-11 17:00:00+00:00,82.675,80.7,6.525,7.0,15.5,16.6,0.025,0.1,0.1,0.0,0.0,0.0,0.025,4
2022_01_SF_CHI,2022,REG,1,2022-09-11,Sunday,13:00,SF,10,CHI,19,Home,9,29,0,2022091102,58841,,202209110chi,,401437647,5882.0,7,7,-248.0,217.0,-6.5,100.0,-111.0,38.0,-103.0,-109.0,0,outdoors,grass,,,00-0037012,00-0036945,Trey Lance,Justin Fields,Kyle Shanahan,Matt Eberflus,Clay Martin,CHI98,Soldier Field,41.8623,-87.6167,2022-09-11 17:00:00+00:00,68.42500000000001,68.5,4.95,5.8,13.275,16.1,0.575,1.0,2.3,0.0,0.0,0.0,0.575,4
2022_01_PIT_CIN,2022,REG,1,2022-09-11,Sunday,13:00,PIT,23,CIN,20,Home,-3,43,1,2022091103,58842,,202209110cin,,401437634,5883.0,7,7,264.0,-308.0,7.5,-119.0,107.0,44.5,101.0,-113.0,1,outdoors,fieldturf,,,00-0033869,00-0036442,Mitch Trubisky,Joe Burrow,Mike Tomlin,Zac Taylor,Shawn Hochuli,CIN00,Paycor Stadium,39.095,-84.516,2022-09-11 17:00:00+00:00,74.30000000000001,75.2,6.75,7.4,17.275,18.6,0.625,2.3,2.5,0.0,0.0,0.0,0.625,4
2022_01_NE_MIA,2022,REG,1,2022-09-11,Sunday,13:00,NE,7,MIA,20,Home,13,27,0,2022091106,58845,,202209110mia,,401437630,5886.0,7,7,140.0,-155.0,3.0,-104.0,-106.0,47.0,-109.0,-103.0,1,outdoors,grass,,,00-0036972,00-0036212,Mac Jones,Tua Tagovailoa,Bill Belichick,Mike McDaniel,John Hussey,MIA00,Hard Rock Stadium,25.958056,-80.238889,2022-09-11 17:00:00+00:00,88.75,91.4,7.15,7.6,17.424999999999997,18.1,1.575,4.1,6.3,0.0,0.0,0.0,1.575,4
2022_01_BAL_NYJ,2022,REG,1,2022-09-11,Sunday,13:00,BAL,24,NYJ,9,Home,-15,33,0,2022091107,58846,,202209110nyj,,401437632,5887.0,7,7,-265.0,231.0,-6.5,-103.0,-107.0,44.0,-109.0,-103.0,0,outdoors,fieldturf,,,00-0034796,00-0026158,Lamar Jackson,Joe Flacco,John Harbaugh,Robert Saleh,Craig Wrolstad,NYC01,MetLife Stadium,40.813528,-74.074361,2022-09-11 17:00:00+00:00,72.19999999999999,74.1,2.95,3.4,6.9750000000000005,7.8,0.9999999999999999,1.4,3.9999999999999996,0.0,0.0,0.0,0.9999999999999999,4
2022_01_JAX_WAS,2022,REG,1,2022-09-11,Sunday,13:00,JAX,22,WAS,28,Home,6,50,0,2022091109,58847,,202209110was,,401437646,5888.0,7,7,143.0,-159.0,3.0,-101.0,-110.0,43.5,-110.0,-102.0,0,outdoors,grass,,,00-0036971,00-0032950,Trevor Lawrence,Carson Wentz,Doug Pederson,Ron Rivera,Tra Blake,WAS00,FedExField,38.907778,-76.864444,2022-09-11 17:00:00+00:00,78.85,76.1,5.6,6.4,17.225,17.7,0.07500000000000001,0.2,0.30000000000000004,0.0,0.0,0.0,0.07500000000000001,4
2022_01_NYG_TEN,2022,REG,1,2022-09-11,Sunday,16:25,NYG,21,TEN,20,Home,-1,41,0,2022091108,58851,,202209110oti,,401437640,5892.0,7,7,209.0,-239.0,5.5,-108.0,-102.0,43.5,-101.0,-111.0,0,outdoors,grass,,,00-0035710,00-0029701,Daniel Jones,Ryan Tannehill,Brian Daboll,Mike Vrabel,Jerome Boger,NAS00,Nissan Stadium,36.166389,-86.771389,2022-09-11 20:25:00+00:00,75.375,73.1,7.25,7.9,16.925,21.0,0.275,1.0,1.1,0.0,0.0,0.0,0.275,4
2022_01_DEN_SEA,2022,REG,1,2022-09-12,Monday,20:15,DEN,16,SEA,17,Home,1,33,0,2022091200,58853,,202209120sea,,401437655,5894.0,7,7,-253.0,221.0,-6.0,-107.0,-103.0,44.0,-115.0,102.0,0,outdoors,fieldturf,,,00-0029263,00-0030565,Russell Wilson,Geno Smith,Nathaniel Hackett,Pete Carroll,Clete Blakeman,SEA00,Lumen Field,47.5952,-122.3316,2022-09-13 00:15:00+00:00,69.95,72.4,4.15,7.4,11.85,17.0,0.0,0.0,0.0,0.0,0.0,0.0,0.0,4
2022_02_LAC_KC,2022,REG,2,2022-09-15,Thursday,20:15,LAC,24,KC,27,Home,3,51,0,2022091500,58854,,202209150kan,,401434030,5895.0,4,4,167.0,-188.0,4.0,-113.0,102.0,52.5,-101.0,-111.0,1,outdoors,grass,,,00-0036355,00-0033873,Justin Herbert,Patrick Mahomes,Brandon Staley,Andy Reid,John Hussey,KAN00,GEHA Field at Arrowhead Stadium,39.048889,-94.483889,2022-09-16 00:15:00+00:00,74.7,78.8,7.425000000000001,8.8,15.375,17.7,0.0,0.0,0.0,0.0,0.0,0.0,0.0,4
2022_02_MIA_BAL,2022,REG,2,2022-09-18,Sunday,13:00,MIA,42,BAL,38,Home,-4,80,0,2022091800,58855,,202209180rav,,401437633,5896.0,7,7,148.0,-164.0,3.0,103.0,-114.0,44.0,-114.0,101.0,0,outdoors,grass,,,00-0036212,00-0034796,Tua Tagovailoa,Lamar Jackson,Mike McDaniel,John Harbaugh,Adrian Hill,BAL00,M&T Bank Stadium,39.278056,-76.622778,2022-09-18 17:00:00+00:00,82.07500000000002,80.2,5.075,5.9,12.100000000000001,13.2,0.0,0.0,0.0,0.0,0.0,0.0,0.0,4
2022_02_NYJ_CLE,2022,REG,2,2022-09-18,Sunday,13:00,NYJ,31,CLE,30,Home,-1,61,0,2022091801,58856,,202209180cle,,401437635,5897.0,7,7,207.0,-235.0,6.5,-111.0,100.0,38.5,-107.0,-105.0,0,outdoors,grass,,,00-0026158,00-0033119,Joe Flacco,Jacoby Brissett,Robert Saleh,Kevin Stefanski,Tra Blake,CLE00,FirstEnergy Stadium,41.506111,-81.699444,2022-09-18 17:00:00+00:00,80.22500000000001,80.4,12.55,13.3,20.150000000000002,20.8,0.0,0.0,0.0,0.0,0.0,0.0,0.0,4
2022_02_IND_JAX,2022,REG,2,2022-09-18,Sunday,13:00,IND,0,JAX,24,Home,24,24,0,2022091803,58858,,202209180jax,,401437639,5899.0,7,7,-157.0,142.0,-3.0,-107.0,-103.0,43.5,-104.0,-108.0,1,outdoors,grass,,,00-0026143,00-0036971,Matt Ryan,Trevor Lawrence,Frank Reich,Doug Pederson,Alex Kemp,JAX00,TIAA Bank Stadium,30.323889,-81.6375,2022-09-18 17:00:00+00:00,79.97500000000001,80.0,8.725,10.3,18.1,21.0,1.3750000000000002,4.7,5.500000000000001,0.0,0.0,0.0,1.3750000000000002,4
2022_02_CAR_NYG,2022,REG,2,2022-09-18,Sunday,13:00,CAR,16,NYG,19,Home,3,35,0,2022091805,58860,,202209180nyg,,401437645,5901.0,7,7,-114.0,103.0,-1.0,-106.0,-104.0,44.0,-102.0,-110.0,0,outdoors,fieldturf,,,00-0034855,00-0035710,Baker Mayfield,Daniel Jones,Matt Rhule,Brian Daboll,Ron Torbert,NYC01,MetLife Stadium,40.813528,-74.074361,2022-09-18 17:00:00+00:00,82.92500000000001,81.2,12.025,12.5,22.575000000000003,22.8,0.0,0.0,0.0,0.0,0.0,0.0,0.0,4
2022_02_NE_PIT,2022,REG,2,2022-09-18,Sunday,13:00,NE,17,PIT,14,Home,-3,31,0,2022091806,58861,,202209180pit,,401437636,5902.0,7,7,-150.0,135.0,-3.0,-102.0,-109.0,40.0,-101.0,-111.0,0,outdoors,grass,,,00-0036972,00-0033869,Mac Jones,Mitch Trubisky,Bill Belichick,Mike Tomlin,Land Clark,PIT00,Acrisure Stadium,40.446667,-80.015833,2022-09-18 17:00:00+00:00,80.325,79.6,10.1,10.8,22.075,23.0,0.0,0.0,0.0,0.0,0.0,0.0,0.0,4
2022_02_SEA_SF,2022,REG,2,2022-09-18,Sunday,16:05,SEA,7,SF,27,Home,20,34,0,2022091808,58863,,202209180sfo,,401437605,5904.0,6,7,318.0,-379.0,8.5,-113.0,102.0,40.0,-112.0,-100.0,1,outdoors,grass,,,00-0030565,00-0037012,Geno Smith,Trey Lance,Pete Carroll,Kyle Shanahan,Brad Rogers,SFO01,Levi's Stadium,37.403,-121.97,2022-09-18 20:05:00+00:00,70.57499999999999,69.8,18.15,19.7,32.5,33.8,0.05,0.1,0.2,0.0,0.0,0.0,0.05,4
2022_02_HOU_DEN,2022,REG,2,2022-09-18,Sunday,16:25,HOU,9,DEN,16,Home,7,25,0,2022091810,58865,,202209180den,,401437641,5906.0,7,6,391.0,-481.0,10.5,-114.0,103.0,46.0,-110.0,-102.0,0,outdoors,grass,,,00-0036898,00-0029263,Davis Mills,Russell Wilson,Lovie Smith,Nathaniel Hackett,Carl Cheffers,DEN00,Empower Field at Mile High,39.743889,-105.02,2022-09-18 20:25:00+00:00,86.94999999999999,83.2,7.050000000000001,9.1,16.275,17.9,0.0,0.0,0.0,0.0,0.0,0.0,0.0,4
2022_02_CHI_GB,2022,REG,2,2022-09-18,Sunday,20:20,CHI,10,GB,27,Home,17,37,0,2022091812,58867,,202209180gnb,,401437606,5908.0,7,7,348.0,-420.0,10.5,-111.0,100.0,42.0,-104.0,-108.0,1,outdoors,grass,,,00-0036945,00-0023459,Justin Fields,Aaron Rodgers,Matt Eberflus,Matt LaFleur,Craig Wrolstad,GNB00,Lambeau Field,44.501389,-88.062222,2022-09-19 00:20:00+00:00,71.32499999999999,72.4,6.8500000000000005,8.3,11.774999999999999,14.8,0.0,0.0,0.0,0.0,0.0,0.0,0.0,4
2022_02_TEN_BUF,2022,REG,2,2022-09-19,Monday,19:15,TEN,7,BUF,41,Home,34,48,0,2022091900,58868,,202209190buf,,401436831,5909.0,8,11,329.0,-395.0,10.0,-115.0,104.0,47.5,-108.0,-104.0,0,outdoors,a_turf,,,00-0029701,00-0034857,Ryan Tannehill,Josh Allen,Mike Vrabel,Sean McDermott,Shawn Smith,BUF00,New Era Field,42.774,-78.787,2022-09-19 23:15:00+00:00,66.92500000000001,66.9,11.05,14.8,24.175,27.7,0.025,0.1,0.1,0.0,0.0,0.0,0.025,4
2022_02_MIN_PHI,2022,REG,2,2022-09-19,Monday,20:30,MIN,7,PHI,24,Home,17,31,0,2022091901,58869,,202209190phi,,401436832,5910.0,8,8,127.0,-141.0,2.5,106.0,-117.0,49.5,-115.0,102.0,0,outdoors,grass,,,00-0029604,00-0036389,Kirk Cousins,Jalen Hurts,Kevin O'Connell,Nick Sirianni,Scott Novak,PHI00,Lincoln Financial Field,39.900833,-75.1675,2022-09-20 00:30:00+00:00,70.8,72.6,3.9500000000000006,4.9,5.925,6.7,0.0,0.0,0.0,0.0,0.0,0.0,0.0,4
2022_03_PIT_CLE,2022,REG,3,2022-09-22,Thursday,20:15,PIT,17,CLE,29,Home,12,46,0,2022092200,58870,,202209220cle,,401437735,5911.0,4,4,183.0,-206.0,4.5,-111.0,101.0,38.0,-107.0,-105.0,1,outdoors,grass,,,00-0033869,00-0033119,Mitch Trubisky,Jacoby Brissett,Mike Tomlin,Kevin Stefanski,Clay Martin,CLE00,FirstEnergy Stadium,41.506111,-81.699444,2022-09-23 00:15:00+00:00,57.8,59.5,15.75,18.2,26.6,29.8,0.0,0.0,0.0,0.0,0.0,0.0,0.0,4
2022_03_NO_CAR,2022,REG,3,2022-09-25,Sunday,13:00,NO,14,CAR,22,Home,8,36,0,2022092500,58871,,202209250car,,401437736,5912.0,7,7,-123.0,112.0,-2.0,-102.0,-109.0,41.0,-112.0,-100.0,1,outdoors,grass,,,00-0031503,00-0034855,Jameis Winston,Baker Mayfield,Dennis Allen,Matt Rhule,Carl Cheffers,CAR00,Bank of America Stadium,35.225833,-80.852778,2022-09-25 17:00:00+00:00,73.075,71.0,11.925,13.8,23.175,25.3,0.0,0.0,0.0,0.0,0.0,0.0,0.0,4
2022_03_HOU_CHI,2022,REG,3,2022-09-25,Sunday,13:00,HOU,20,CHI,23,Home,3,43,0,2022092501,58872,,202209250chi,,401437737,5913.0,7,7,141.0,-156.0,3.0,-107.0,-103.0,40.0,-107.0,-105.0,0,outdoors,grass,,,00-0036898,00-0036945,Davis Mills,Justin Fields,Lovie Smith,Matt Eberflus,Clete Blakeman,CHI98,Soldier Field,41.8623,-87.6167,2022-09-25 17:00:00+00:00,65.4,65.6,14.15,14.9,22.975,23.5,0.275,0.8,1.1,0.0,0.0,0.0,0.275,4
2022_03_KC_IND,2022,REG,3,2022-09-25,Sunday,13:00,KC,17,IND,20,Home,3,37,0,2022092502,58873,,202209250clt,,401437638,5914.0,10,7,-199.0,177.0,-4.5,103.0,-114.0,51.0,-105.0,-107.0,0,open,fieldturf,,,00-0033873,00-0026143,Patrick Mahomes,Matt Ryan,Andy Reid,Frank Reich,Shawn Smith,IND00,Lucas Oil Stadium,39.760056,-86.162806,2022-09-25 17:00:00+00:00,69.125,69.1,14.950000000000001,15.4,29.3,30.4,0.0,0.0,0.0,0.0,0.0,0.0,0.0,4
2022_03_BUF_MIA,2022,REG,3,2022-09-25,Sunday,13:00,BUF,19,MIA,21,Home,2,40,0,2022092503,58874,,202209250mia,,401437738,5915.0,6,7,-196.0,175.0,-4.0,-104.0,-106.0,54.0,-103.0,-109.0,1,outdoors,grass,,,00-0034857,00-0036212,Josh Allen,Tua Tagovailoa,Sean McDermott,Mike McDaniel,Alex Kemp,MIA00,Hard Rock Stadium,25.958056,-80.238889,2022-09-25 17:00:00+00:00,88.65,88.5,6.1000000000000005,6.3,14.7,15.7,0.0,0.0,0.0,0.0,0.0,0.0,0.0,4
2022_03_BAL_NE,2022,REG,3,2022-09-25,Sunday,13:00,BAL,37,NE,26,Home,-11,63,0,2022092505,58876,,202209250nwe,,401437631,5917.0,7,7,-143.0,129.0,-2.5,-114.0,104.0,45.5,-109.0,-103.0,0,outdoors,fieldturf,,,00-0034796,00-0036972,Lamar Jackson,Mac Jones,John Harbaugh,Bill Belichick,Bill Vinovich,BOS00,Gillette Stadium,42.091,-71.264,2022-09-25 17:00:00+00:00,65.55,66.9,8.049999999999999,10.8,20.425000000000004,25.1,0.125,0.3,0.5,0.0,0.0,0.0,0.125,4
2022_03_CIN_NYJ,2022,REG,3,2022-09-25,Sunday,13:00,CIN,27,NYJ,12,Home,-15,39,0,2022092506,58877,,202209250nyj,,401437740,5918.0,7,7,-247.0,220.0,-6.5,104.0,-115.0,46.0,-106.0,-106.0,0,outdoors,fieldturf,,,00-0036442,00-0026158,Joe Burrow,Joe Flacco,Zac Taylor,Robert Saleh,Jerome Boger,NYC01,MetLife Stadium,40.813528,-74.074361,2022-09-25 17:00:00+00:00,71.35,67.9,7.975,9.0,15.700000000000001,16.6,0.0,0.0,0.0,0.0,0.0,0.0,0.0,4
2022_03_LV_TEN,2022,REG,3,2022-09-25,Sunday,13:00,LV,22,TEN,24,Home,2,46,0,2022092507,58878,,202209250oti,,401437741,5919.0,7,6,-130.0,117.0,-1.5,-113.0,103.0,45.5,-109.0,-103.0,0,outdoors,grass,,,00-0031280,00-0029701,Derek Carr,Ryan Tannehill,Josh McDaniels,Mike Vrabel,Brad Rogers,NAS00,Nissan Stadium,36.166389,-86.771389,2022-09-25 17:00:00+00:00,72.45,71.3,9.625,14.7,25.325,27.7,1.175,3.8,4.7,0.0,0.0,0.0,1.175,4
2022_03_PHI_WAS,2022,REG,3,2022-09-25,Sunday,13:00,PHI,24,WAS,8,Home,-16,32,0,2022092508,58879,,202209250was,,401437742,5920.0,6,7,-240.0,210.0,-6.0,102.0,-112.0,47.0,-101.0,-111.0,1,outdoors,grass,,,00-0036389,00-0032950,Jalen Hurts,Carson Wentz,Nick Sirianni,Ron Rivera,Ron Torbert,WAS00,FedExField,38.907778,-76.864444,2022-09-25 17:00:00+00:00,76.85,76.1,9.275,11.4,27.450000000000003,31.1,1.3,5.2,5.2,0.0,0.0,0.0,1.3,4
2022_03_ATL_SEA,2022,REG,3,2022-09-25,Sunday,16:25,ATL,27,SEA,23,Home,-4,50,0,2022092511,58882,,202209250sea,,401437745,5923.0,7,7,-104.0,-106.0,1.0,-112.0,102.0,43.0,103.0,-115.0,0,outdoors,fieldturf,,,00-0032268,00-0030565,Marcus Mariota,Geno Smith,Arthur Smith,Pete Carroll,Tra Blake,SEA00,Lumen Field,47.5952,-122.3316,2022-09-25 20:25:00+00:00,71.675,70.1,9.675,10.7,19.95,20.8,0.0,0.0,0.0,0.0,0.0,0.0,0.0,4
2022_03_GB_TB,2022,REG,3,2022-09-25,Sunday,16:25,GB,14,TB,12,Home,-2,26,0,2022092512,58883,,202209250tam,,401437607,5924.0,7,7,112.0,-123.0,1.0,105.0,-115.0,41.5,-103.0,-109.0,0,outdoors,grass,,,00-0023459,00-0019596,Aaron Rodgers,Tom Brady,Matt LaFleur,Todd Bowles,Scott Novak,TAM00,Raymond James Stadium,27.975833,-82.503333,2022-09-25 20:25:00+00:00,81.2,81.5,7.225,7.9,14.799999999999999,16.1,0.05,0.1,0.2,0.0,0.0,0.0,0.05,4
2022_03_SF_DEN,2022,REG,3,2022-09-25,Sunday,20:20,SF,10,DEN,11,Home,1,21,0,2022092513,58884,,202209250den,,401437746,5925.0,7,7,-110.0,-101.0,-1.0,-102.0,-108.0,44.0,101.0,-114.0,0,outdoors,grass,,,00-0031345,00-0029263,Jimmy Garoppolo,Russell Wilson,Kyle Shanahan,Nathaniel Hackett,Shawn Hochuli,DEN00,Empower Field at Mile High,39.743889,-105.02,2022-09-26 00:20:00+00:00,65.45,72.4,4.575,6.4,9.95,15.7,0.0,0.0,0.0,0.0,0.0,0.0,0.0,4
2022_03_DAL_NYG,2022,REG,3,2022-09-26,Monday,20:15,DAL,23,NYG,16,Home,-7,39,0,2022092600,58885,,202209260nyg,,401437747,5926.0,8,8,109.0,-120.0,1.0,103.0,-113.0,38.5,-102.0,-110.0,1,outdoors,fieldturf,,,00-0033662,00-0035710,Cooper Rush,Daniel Jones,Mike McCarthy,Brian Daboll,Land Clark,NYC01,MetLife Stadium,40.813528,-74.074361,2022-09-27 00:15:00+00:00,64.02499999999999,64.3,7.825,9.9,15.325,17.9,0.0,0.0,0.0,0.0,0.0,0.0,0.0,4
2022_04_MIA_CIN,2022,REG,4,2022-09-29,Thursday,20:15,MIA,15,CIN,27,Home,12,42,0,2022092900,58886,,202209290cin,,401437748,5927.0,4,4,169.0,-190.0,4.0,-107.0,-103.0,48.5,-103.0,-109.0,0,outdoors,fieldturf,,,00-0036212,00-0036442,Tua Tagovailoa,Joe Burrow,Mike McDaniel,Zac Taylor,Tra Blake,CIN00,Paycor Stadium,39.095,-84.516,2022-09-30 00:15:00+00:00,54.75,57.7,7.075,7.7,13.425,14.5,0.0,0.0,0.0,0.0,0.0,0.0,0.0,4
2022_04_MIN_NO,2022,REG,4,2022-10-02,Sunday,09:30,MIN,28,NO,25,Neutral,-3,53,0,2022100200,58887,,202210020nor,,401435639,5928.0,7,7,-199.0,177.0,-4.0,-103.0,-107.0,42.0,-110.0,-102.0,0,outdoors,,,,00-0029604,00-0027973,Kirk Cousins,Andy Dalton,Kevin O'Connell,Dennis Allen,Clete Blakeman,LON02,Tottenham Stadium,51.604157,-0.0662604,2022-10-02 13:30:00+00:00,62.824999999999996,63.4,8.275,8.8,18.1,18.6,0.0,0.0,0.0,0.0,0.0,0.0,0.0,4
2022_04_CLE_ATL,2022,REG,4,2022-10-02,Sunday,13:00,CLE,20,ATL,23,Home,3,43,0,2022100201,58888,,202210020atl,,401437749,5929.0,10,7,-107.0,-103.0,-1.0,-101.0,-109.0,48.0,-100.0,-112.0,0,open,fieldturf,,,00-0033119,00-0032268,Jacoby Brissett,Marcus Mariota,Kevin Stefanski,Arthur Smith,Craig Wrolstad,ATL97,Mercedes-Benz Stadium,33.755556,-84.4,2022-10-02 17:00:00+00:00,75.125,71.0,10.600000000000001,12.2,21.225,21.9,0.0,0.0,0.0,0.0,0.0,0.0,0.0,4
2022_04_BUF_BAL,2022,REG,4,2022-10-02,Sunday,13:00,BUF,23,BAL,20,Home,-3,43,0,2022100202,58889,,202210020rav,,401437750,5930.0,7,7,-172.0,154.0,-3.0,-117.0,106.0,50.0,-103.0,-109.0,0,outdoors,grass,,,00-0034857,00-0034796,Josh Allen,Lamar Jackson,Sean McDermott,John Harbaugh,Jerome Boger,BAL00,M&T Bank Stadium,39.278056,-76.622778,2022-10-02 17:00:00+00:00,56.25,56.8,14.55,15.6,24.824999999999996,26.6,1.725,2.9,6.9,0.0,0.0,0.0,1.725,4
2022_04_TEN_IND,2022,REG,4,2022-10-02,Sunday,13:00,TEN,24,IND,17,Home,-7,41,0,2022100207,58893,,202210020clt,,401437754,5934.0,7,7,182.0,-205.0,4.5,-105.0,-105.0,43.0,-102.0,-110.0,1,open,fieldturf,,,00-0029701,00-0026143,Ryan Tannehill,Matt Ryan,Mike Vrabel,Frank Reich,Scott Novak,IND00,Lucas Oil Stadium,39.760056,-86.162806,2022-10-02 17:00:00+00:00,68.5,67.6,13.225,13.4,26.55,26.8,0.0,0.0,0.0,0.0,0.0,0.0,0.0,4
2022_04_CHI_NYG,2022,REG,4,2022-10-02,Sunday,13:00,CHI,12,NYG,20,Home,8,32,0,2022100208,58894,,202210020nyg,,401437755,5935.0,7,6,130.0,-144.0,3.0,-120.0,109.0,39.0,-103.0,-110.0,0,outdoors,fieldturf,,,00-0036945,00-0035710,Justin Fields,Daniel Jones,Matt Eberflus,Brian Daboll,Carl Cheffers,NYC01,MetLife Stadium,40.813528,-74.074361,2022-10-02 17:00:00+00:00,53.4,54.6,17.825,18.0,31.825,33.1,1.1500000000000001,1.8,4.6000000000000005,0.0,0.0,0.0,1.1500000000000001,4
2022_04_JAX_PHI,2022,REG,4,2022-10-02,Sunday,13:00,JAX,21,PHI,29,Home,8,50,0,2022100209,58895,,202210020phi,,401437756,5936.0,7,7,223.0,-256.0,6.5,-109.0,-102.0,44.0,-102.0,-111.0,0,outdoors,grass,,,00-0036971,00-0036389,Trevor Lawrence,Jalen Hurts,Doug Pederson,Nick Sirianni,Shawn Hochuli,PHI00,Lincoln Financial Field,39.900833,-75.1675,2022-10-02 17:00:00+00:00,54.85,56.4,17.5,18.2,31.775000000000002,32.7,1.7000000000000002,2.9,6.800000000000001,0.0,0.0,0.0,1.7000000000000002,4
2022_04_NYJ_PIT,2022,REG,4,2022-10-02,Sunday,13:00,NYJ,24,PIT,20,Home,-4,44,0,2022100210,58896,,202210020pit,,401437757,5937.0,7,10,145.0,-161.0,3.0,-102.0,-108.0,41.0,102.0,-115.0,0,outdoors,grass,,,00-0037013,00-0033869,Zach Wilson,Mitch Trubisky,Robert Saleh,Mike Tomlin,Brad Rogers,PIT00,Acrisure Stadium,40.446667,-80.015833,2022-10-02 17:00:00+00:00,62.15,60.2,10.475,11.9,23.15,25.5,0.0,0.0,0.0,0.0,0.0,0.0,0.0,4
2022_04_ARI_CAR,2022,REG,4,2022-10-02,Sunday,16:05,ARI,26,CAR,16,Home,-10,42,0,2022100203,58897,,202210020car,,401437758,5938.0,7,7,102.0,-113.0,1.0,-104.0,-106.0,44.0,-113.0,100.0,0,outdoors,grass,,,00-0035228,00-0034855,Kyler Murray,Baker Mayfield,Kliff Kingsbury,Matt Rhule,John Hussey,CAR00,Bank of America Stadium,35.225833,-80.852778,2022-10-02 20:05:00+00:00,64.025,65.4,11.95,14.0,24.05,27.3,0.0,0.0,0.0,0.0,0.0,0.0,0.0,4
2022_04_NE_GB,2022,REG,4,2022-10-02,Sunday,16:25,NE,24,GB,27,Home,3,51,1,2022100211,58898,,202210020gnb,,401437759,5939.0,7,7,358.0,-435.0,10.0,-120.0,109.0,40.5,-111.0,-101.0,0,outdoors,grass,,,00-0026625,00-0023459,Brian Hoyer,Aaron Rodgers,Bill Belichick,Matt LaFleur,Adrian Hill,GNB00,Lambeau Field,44.501389,-88.062222,2022-10-02 20:25:00+00:00,59.9,62.3,6.925,7.6,16.575000000000003,17.7,0.0,0.0,0.0,0.0,0.0,0.0,0.0,4
2022_04_KC_TB,2022,REG,4,2022-10-02,Sunday,20:20,KC,41,TB,31,Home,-10,72,0,2022100213,58900,,202210020tam,,401437470,5941.0,7,7,113.0,-125.0,1.0,107.0,-118.0,46.5,102.0,-115.0,0,outdoors,grass,,,00-0033873,00-0019596,Patrick Mahomes,Tom Brady,Andy Reid,Todd Bowles,Bill Vinovich,TAM00,Raymond James Stadium,27.975833,-82.503333,2022-10-03 00:20:00+00:00,69.94999999999999,72.0,5.35,6.0,8.85,9.6,0.0,0.0,0.0,0.0,0.0,0.0,0.0,4
2022_04_LA_SF,2022,REG,4,2022-10-03,Monday,20:15,LA,9,SF,24,Home,15,33,0,2022100300,58901,,202210030sfo,,401437761,5942.0,8,8,112.0,-124.0,1.0,106.0,-116.0,42.0,-109.0,-103.0,1,outdoors,grass,,,00-0026498,00-0031345,Matthew Stafford,Jimmy Garoppolo,Sean McVay,Kyle Shanahan,Brad Allen,SFO01,Levi's Stadium,37.403,-121.97,2022-10-04 00:15:00+00:00,66.72500000000001,71.0,10.424999999999999,12.1,20.575000000000003,25.7,0.0,0.0,0.0,0.0,0.0,0.0,0.0,4
2022_05_IND_DEN,2022,REG,5,2022-10-06,Thursday,20:15,IND,12,DEN,9,Home,-3,21,1,2022100600,58902,,202210060den,,401437762,5943.0,4,4,159.0,-178.0,3.5,-114.0,104.0,42.0,-106.0,-106.0,0,outdoors,grass,,,00-0026143,00-0029263,Matt Ryan,Russell Wilson,Frank Reich,Nathaniel Hackett,Brad Rogers,DEN00,Empower Field at Mile High,39.743889,-105.02,2022-10-07 00:15:00+00:00,62.3,68.5,6.1,10.3,10.75,16.1,0.0,0.0,0.0,0.0,0.0,0.0,0.0,4
2022_05_NYG_GB,2022,REG,5,2022-10-09,Sunday,09:30,NYG,27,GB,22,Neutral,-5,49,0,2022100900,58903,,202210090gnb,,401435640,5944.0,7,7,331.0,-397.0,8.5,104.0,-115.0,42.0,-110.0,-102.0,0,outdoors,,,,00-0035710,00-0023459,Daniel Jones,Aaron Rodgers,Brian Daboll,Matt LaFleur,Alex Kemp,LON02,Tottenham Stadium,51.604157,-0.0662604,2022-10-09 13:30:00+00:00,61.800000000000004,62.6,9.275,9.4,19.55,21.5,0.0,0.0,0.0,0.0,0.0,0.0,0.0,4
2022_05_PIT_BUF,2022,REG,5,2022-10-09,Sunday,13:00,PIT,3,BUF,38,Home,35,41,0,2022100901,58904,,202210090buf,,401437763,5945.0,7,7,568.0,-749.0,14.0,-108.0,-102.0,44.0,-103.0,-110.0,0,outdoors,a_turf,,,00-0038102,00-0034857,Kenny Pickett,Josh Allen,Mike Tomlin,Sean McDermott,John Hussey,BUF00,New Era Field,42.774,-78.787,2022-10-09 17:00:00+00:00,54.95,55.2,18.975,20.8,39.625,40.9,0.0,0.0,0.0,0.0,0.0,0.0,0.0,4
2022_05_LAC_CLE,2022,REG,5,2022-10-09,Sunday,13:00,LAC,30,CLE,28,Home,-2,58,0,2022100902,58905,,202210090cle,,401437764,5946.0,7,7,-114.0,103.0,-1.0,-106.0,-104.0,47.0,-114.0,102.0,0,outdoors,grass,,,00-0036355,00-0033119,Justin Herbert,Jacoby Brissett,Brandon Staley,Kevin Stefanski,Adrian Hill,CLE00,FirstEnergy Stadium,41.506111,-81.699444,2022-10-09 17:00:00+00:00,59.72500000000001,58.2,13.4,13.9,22.475,22.8,0.0,0.0,0.0,0.0,0.0,0.0,0.0,4
2022_05_HOU_JAX,2022,REG,5,2022-10-09,Sunday,13:00,HOU,13,JAX,6,Home,-7,19,0,2022100903,58906,,202210090jax,,401437765,5947.0,7,7,261.0,-304.0,7.0,-113.0,102.0,44.0,-112.0,-101.0,1,outdoors,grass,,,00-0036898,00-0036971,Davis Mills,Trevor Lawrence,Lovie Smith,Doug Pederson,Ron Torbert,JAX00,TIAA Bank Stadium,30.323889,-81.6375,2022-10-09 17:00:00+00:00,81.025,80.2,5.324999999999999,6.6,12.075,13.2,0.0,0.0,0.0,0.0,0.0,0.0,0.0,4
2022_05_DET_NE,2022,REG,5,2022-10-09,Sunday,13:00,DET,0,NE,29,Home,29,29,0,2022100905,58908,,202210090nwe,,401437767,5949.0,7,7,133.0,-148.0,3.0,-113.0,102.0,46.5,101.0,-114.0,0,outdoors,fieldturf,,,00-0033106,00-0038108,Jared Goff,Bailey Zappe,Dan Campbell,Bill Belichick,Craig Wrolstad,BOS00,Gillette Stadium,42.091,-71.264,2022-10-09 17:00:00+00:00,59.724999999999994,58.8,10.625,11.3,25.6,26.8,0.0,0.0,0.0,0.0,0.0,0.0,0.0,4
2022_05_MIA_NYJ,2022,REG,5,2022-10-09,Sunday,13:00,MIA,17,NYJ,40,Home,23,57,0,2022100907,58910,,202210090nyj,,401437769,5951.0,10,7,-162.0,146.0,-3.0,-110.0,100.0,46.0,-101.0,-111.0,1,outdoors,fieldturf,,,00-0031237,00-0037013,Teddy Bridgewater,Zach Wilson,Mike McDaniel,Robert Saleh,Clay Martin,NYC01,MetLife Stadium,40.813528,-74.074361,2022-10-09 17:00:00+00:00,60.974999999999994,59.8,11.875,12.1,22.85,23.0,0.0,0.0,0.0,0.0,0.0,0.0,0.0,4
2022_05_ATL_TB,2022,REG,5,2022-10-09,Sunday,13:00,ATL,15,TB,21,Home,6,36,0,2022100908,58911,,202210090tam,,401437770,5952.0,7,7,355.0,-430.0,10.5,-113.0,102.0,46.0,101.0,-113.0,1,outdoors,grass,,,00-0032268,00-0019596,Marcus Mariota,Tom Brady,Arthur Smith,Todd Bowles,Jerome Boger,TAM00,Raymond James Stadium,27.975833,-82.503333,2022-10-09 17:00:00+00:00,84.375,82.4,6.9,8.5,15.100000000000001,17.2,0.0,0.0,0.0,0.0,0.0,0.0,0.0,4
2022_05_TEN_WAS,2022,REG,5,2022-10-09,Sunday,13:00,TEN,21,WAS,17,Home,-4,38,0,2022100909,58912,,202210090was,,401437771,5953.0,7,7,-110.0,-100.0,-1.0,-102.0,-108.0,43.0,-106.0,-106.0,0,outdoors,grass,,,00-0029701,00-0032950,Ryan Tannehill,Carson Wentz,Mike Vrabel,Ron Rivera,Land Clark,WAS00,FedExField,38.907778,-76.864444,2022-10-09 17:00:00+00:00,61.025,60.1,7.075,7.3,18.450000000000003,18.8,0.0,0.0,0.0,0.0,0.0,0.0,0.0,4
2022_05_SF_CAR,2022,REG,5,2022-10-09,Sunday,16:05,SF,37,CAR,15,Home,-22,52,0,2022100910,58913,,202210090car,,401437772,5954.0,6,7,-234.0,206.0,-6.0,-102.0,-109.0,40.0,-104.0,-108.0,0,outdoors,grass,,,00-0031345,00-0034855,Jimmy Garoppolo,Baker Mayfield,Kyle Shanahan,Matt Rhule,Shawn Smith,CAR00,Bank of America Stadium,35.225833,-80.852778,2022-10-09 20:05:00+00:00,64.5,66.2,3.075,4.2,7.7749999999999995,9.6,0.0,0.0,0.0,0.0,0.0,0.0,0.0,4
2022_05_CIN_BAL,2022,REG,5,2022-10-09,Sunday,20:20,CIN,17,BAL,19,Home,2,36,0,2022100913,58916,,202210090rav,,401437775,5957.0,10,7,151.0,-168.0,3.0,103.0,-114.0,47.5,-104.0,-108.0,1,outdoors,grass,,,00-0036442,00-0034796,Joe Burrow,Lamar Jackson,Zac Taylor,John Harbaugh,Scott Novak,BAL00,M&T Bank Stadium,39.278056,-76.622778,2022-10-10 00:20:00+00:00,48.400000000000006,51.6,4.875,5.4,7.775,8.3,0.0,0.0,0.0,0.0,0.0,0.0,0.0,4
2022_05_LV_KC,2022,REG,5,2022-10-10,Monday,20:15,LV,29,KC,30,Home,1,59,0,2022101000,58917,,202210100kan,,401437776,5958.0,8,8,275.0,-321.0,7.5,-125.0,113.0,51.5,-109.0,-103.0,1,outdoors,grass,,,00-0031280,00-0033873,Derek Carr,Patrick Mahomes,Josh McDaniels,Andy Reid,Carl Cheffers,KAN00,GEHA Field at Arrowhead Stadium,39.048889,-94.483889,2022-10-11 00:15:00+00:00,71.075,73.9,8.674999999999999,9.1,15.65,17.4,0.0,0.0,0.0,0.0,0.0,0.0,0.0,4
2022_06_WAS_CHI,2022,REG,6,2022-10-13,Thursday,20:15,WAS,12,CHI,7,Home,-5,19,0,2022101300,58918,,202210130chi,,401437777,5959.0,4,4,-120.0,109.0,-1.0,-112.0,102.0,38.5,-105.0,-107.0,0,outdoors,grass,,,00-0032950,00-0036945,Carson Wentz,Justin Fields,Ron Rivera,Matt Eberflus,Adrian Hill,CHI98,Soldier Field,41.8623,-87.6167,2022-10-14 00:15:00+00:00,42.175,44.4,10.575,11.7,17.85,24.4,0.0,0.0,0.0,0.0,0.0,0.0,0.0,4
2022_06_SF_ATL,2022,REG,6,2022-10-16,Sunday,13:00,SF,14,ATL,28,Home,14,42,0,2022101600,58919,,202210160atl,,401437778,5960.0,7,7,-185.0,166.0,-3.5,-100.0,-110.0,46.0,-109.0,-103.0,0,open,fieldturf,,,00-0031345,00-0032268,Jimmy Garoppolo,Marcus Mariota,Kyle Shanahan,Arthur Smith,Carl Cheffers,ATL97,Mercedes-Benz Stadium,33.755556,-84.4,2022-10-16 17:00:00+00:00,78.35,77.0,7.325,7.5,15.25,15.4,0.0,0.0,0.0,0.0,0.0,0.0,0.0,4
2022_06_NE_CLE,2022,REG,6,2022-10-16,Sunday,13:00,NE,38,CLE,15,Home,-23,53,0,2022101601,58920,,202210160cle,,401437779,5961.0,7,7,127.0,-140.0,2.5,101.0,-111.0,43.0,-104.0,-108.0,0,outdoors,grass,,,00-0038108,00-0033119,Bailey Zappe,Jacoby Brissett,Bill Belichick,Kevin Stefanski,Scott Novak,CLE00,FirstEnergy Stadium,41.506111,-81.699444,2022-10-16 17:00:00+00:00,61.375,61.5,7.875,10.1,16.55,19.7,0.0,0.0,0.0,0.0,0.0,0.0,0.0,4
2022_06_NYJ_GB,2022,REG,6,2022-10-16,Sunday,13:00,NYJ,27,GB,10,Home,-17,37,0,2022101602,58921,,202210160gnb,,401437780,5962.0,7,7,305.0,-362.0,7.5,-101.0,-109.0,44.5,-101.0,-111.0,0,outdoors,grass,,,00-0037013,00-0023459,Zach Wilson,Aaron Rodgers,Robert Saleh,Matt LaFleur,Clete Blakeman,GNB00,Lambeau Field,44.501389,-88.062222,2022-10-16 17:00:00+00:00,47.925,48.9,10.5,11.7,21.375,23.9,0.375,1.2,1.5,0.0,0.0,0.0,0.375,4
2022_06_JAX_IND,2022,REG,6,2022-10-16,Sunday,13:00,JAX,27,IND,34,Home,7,61,0,2022101603,58922,,202210160clt,,401437781,5963.0,7,10,110.0,-122.0,1.0,103.0,-114.0,41.0,100.0,-113.0,1,open,fieldturf,,,00-0036971,00-0026143,Trevor Lawrence,Matt Ryan,Doug Pederson,Frank Reich,Jerome Boger,IND00,Lucas Oil Stadium,39.760056,-86.162806,2022-10-16 17:00:00+00:00,64.75,63.6,10.65,11.8,21.875,23.5,0.0,0.0,0.0,0.0,0.0,0.0,0.0,4
2022_06_MIN_MIA,2022,REG,6,2022-10-16,Sunday,13:00,MIN,24,MIA,16,Home,-8,40,0,2022101604,58923,,202210160mia,,401437782,5964.0,7,7,-175.0,157.0,-3.0,-120.0,109.0,45.0,-107.0,-105.0,0,outdoors,grass,,,00-0029604,00-0031237,Kirk Cousins,Teddy Bridgewater,Kevin O'Connell,Mike McDaniel,Brad Rogers,MIA00,Hard Rock Stadium,25.958056,-80.238889,2022-10-16 17:00:00+00:00,83.3,83.7,9.6,11.0,20.674999999999997,22.1,0.07500000000000001,0.1,0.30000000000000004,0.0,0.0,0.0,0.07500000000000001,4
2022_06_BAL_NYG,2022,REG,6,2022-10-16,Sunday,13:00,BAL,20,NYG,24,Home,4,44,0,2022101606,58925,,202210160nyg,,401437784,5966.0,7,7,-234.0,206.0,-5.5,-107.0,-103.0,46.0,-110.0,-102.0,0,outdoors,fieldturf,,,00-0034796,00-0035710,Lamar Jackson,Daniel Jones,John Harbaugh,Brian Daboll,Clay Martin,NYC01,MetLife Stadium,40.813528,-74.074361,2022-10-16 17:00:00+00:00,63.075,62.1,2.725,3.9,9.375,9.8,0.0,0.0,0.0,0.0,0.0,0.0,0.0,4
2022_06_TB_PIT,2022,REG,6,2022-10-16,Sunday,13:00,TB,18,PIT,20,Home,2,38,0,2022101607,58926,,202210160pit,,401437785,5967.0,7,7,-386.0,323.0,-10.0,103.0,-113.0,47.0,-117.0,104.0,0,outdoors,grass,,,00-0019596,00-0038102,Tom Brady,Kenny Pickett,Todd Bowles,Mike Tomlin,Shawn Smith,PIT00,Acrisure Stadium,40.446667,-80.015833,2022-10-16 17:00:00+00:00,64.125,62.2,8.925,10.0,19.7,21.3,0.0,0.0,0.0,0.0,0.0,0.0,0.0,4
2022_06_ARI_SEA,2022,REG,6,2022-10-16,Sunday,16:05,ARI,9,SEA,19,Home,10,28,0,2022101609,58928,,202210160sea,,401437787,5969.0,7,7,-136.0,123.0,-2.5,-106.0,-104.0,50.0,-102.0,-110.0,1,outdoors,fieldturf,,,00-0035228,00-0030565,Kyler Murray,Geno Smith,Kliff Kingsbury,Pete Carroll,Shawn Hochuli,SEA00,Lumen Field,47.5952,-122.3316,2022-10-16 20:05:00+00:00,80.875,79.8,7.1,7.6,14.95,15.0,0.0,0.0,0.0,0.0,0.0,0.0,0.0,4
2022_06_BUF_KC,2022,REG,6,2022-10-16,Sunday,16:25,BUF,24,KC,20,Home,-4,44,0,2022101610,58929,,202210160kan,,401437788,5970.0,7,6,-146.0,132.0,-2.5,-116.0,105.0,54.0,-105.0,-107.0,0,outdoors,grass,,,00-0034857,00-0033873,Josh Allen,Patrick Mahomes,Sean McDermott,Andy Reid,Brad Allen,KAN00,GEHA Field at Arrowhead Stadium,39.048889,-94.483889,2022-10-16 20:25:00+00:00,62.375,63.8,12.75,14.4,28.2,30.0,0.0,0.0,0.0,0.0,0.0,0.0,0.0,4
2022_06_DAL_PHI,2022,REG,6,2022-10-16,Sunday,20:20,DAL,17,PHI,26,Home,9,43,0,2022101611,58930,,202210160phi,,401437789,5971.0,7,7,252.0,-292.0,6.5,109.0,-120.0,42.5,-104.0,-108.0,1,outdoors,grass,,,00-0033662,00-0036389,Cooper Rush,Jalen Hurts,Mike McCarthy,Nick Sirianni,John Hussey,PHI00,Lincoln Financial Field,39.900833,-75.1675,2022-10-17 00:20:00+00:00,57.25,58.5,3.0,3.8,5.675000000000001,8.3,0.0,0.0,0.0,0.0,0.0,0.0,0.0,4
2022_07_NO_ARI,2022,REG,7,2022-10-20,Thursday,20:15,NO,34,ARI,42,Home,8,76,0,2022102000,58932,,202210200crd,,401437791,5973.0,4,4,126.0,-140.0,2.5,-101.0,-109.0,44.0,-114.0,101.0,0,open,grass,,,00-0027973,00-0035228,Andy Dalton,Kyler Murray,Dennis Allen,Kliff Kingsbury,Jerome Boger,PHO00,State Farm Stadium,33.528,-112.263,2022-10-21 00:15:00+00:00,80.375,85.6,4.225,5.4,7.800000000000001,8.9,0.0,0.0,0.0,0.0,0.0,0.0,0.0,4
2022_07_CLE_BAL,2022,REG,7,2022-10-23,Sunday,13:00,CLE,20,BAL,23,Home,3,43,0,2022102300,58933,,202210230rav,,401437792,5974.0,7,7,244.0,-282.0,6.5,100.0,-110.0,46.0,-100.0,-112.0,1,outdoors,grass,,,00-0033119,00-0034796,Jacoby Brissett,Lamar Jackson,Kevin Stefanski,John Harbaugh,Shawn Smith,BAL00,M&T Bank Stadium,39.278056,-76.622778,2022-10-23 17:00:00+00:00,61.425,61.3,7.15,7.9,13.5,13.6,0.35,0.7,1.4,0.0,0.0,0.0,0.35,4
2022_07_TB_CAR,2022,REG,7,2022-10-23,Sunday,13:00,TB,3,CAR,21,Home,18,24,0,2022102301,58934,,202210230car,,401437793,5975.0,7,7,-680.0,524.0,-13.0,-103.0,-107.0,39.5,-116.0,103.0,1,outdoors,grass,,,00-0019596,00-0033275,Tom Brady,Phillip Walker,Todd Bowles,Steve Wilks,Craig Wrolstad,CAR00,Bank of America Stadium,35.225833,-80.852778,2022-10-23 17:00:00+00:00,69.575,68.1,4.875,5.3,12.65,13.0,0.0,0.0,0.0,0.0,0.0,0.0,0.0,4
2022_07_ATL_CIN,2022,REG,7,2022-10-23,Sunday,13:00,ATL,17,CIN,35,Home,18,52,0,2022102302,58935,,202210230cin,,401437794,5976.0,7,7,235.0,-271.0,6.5,-100.0,-110.0,47.5,100.0,-112.0,0,outdoors,fieldturf,,,00-0032268,00-0036442,Marcus Mariota,Joe Burrow,Arthur Smith,Zac Taylor,Clete Blakeman,CIN00,Paycor Stadium,39.095,-84.516,2022-10-23 17:00:00+00:00,75.2,73.9,8.8,9.0,19.6,20.1,0.0,0.0,0.0,0.0,0.0,0.0,0.0,4
2022_07_NYG_JAX,2022,REG,7,2022-10-23,Sunday,13:00,NYG,23,JAX,17,Home,-6,40,0,2022102304,58937,,202210230jax,,401437796,5978.0,7,7,148.0,-165.0,3.0,102.0,-112.0,44.0,-105.0,-107.0,0,outdoors,grass,,,00-0035710,00-0036971,Daniel Jones,Trevor Lawrence,Brian Daboll,Doug Pederson,Tra Blake,JAX00,TIAA Bank Stadium,30.323889,-81.6375,2022-10-23 17:00:00+00:00,74.92500000000001,74.9,8.575,10.4,16.5,18.6,0.0,0.0,0.0,0.0,0.0,0.0,0.0,4
2022_07_IND_TEN,2022,REG,7,2022-10-23,Sunday,13:00,IND,10,TEN,19,Home,9,29,0,2022102305,58938,,202210230oti,,401437797,5979.0,7,14,129.0,-143.0,2.5,-102.0,-108.0,43.0,-104.0,-109.0,1,outdoors,grass,,,00-0026143,00-0029701,Matt Ryan,Ryan Tannehill,Frank Reich,Mike Vrabel,Ron Torbert,NAS00,Nissan Stadium,36.166389,-86.771389,2022-10-23 17:00:00+00:00,76.225,74.8,10.750000000000002,11.2,22.15,22.8,0.0,0.0,0.0,0.0,0.0,0.0,0.0,4
2022_07_GB_WAS,2022,REG,7,2022-10-23,Sunday,13:00,GB,21,WAS,23,Home,2,44,0,2022102306,58939,,202210230was,,401437798,5980.0,7,10,-195.0,173.0,-4.0,-102.0,-108.0,41.5,-105.0,-107.0,0,outdoors,grass,,,00-0023459,00-0031800,Aaron Rodgers,Taylor Heinicke,Matt LaFleur,Ron Rivera,Clay Martin,WAS00,FedExField,38.907778,-76.864444,2022-10-23 17:00:00+00:00,60.25,59.6,7.2,7.7,15.950000000000001,16.8,0.75,1.6,3.0,0.0,0.0,0.0,0.75,4
2022_07_NYJ_DEN,2022,REG,7,2022-10-23,Sunday,16:05,NYJ,16,DEN,9,Home,-7,25,0,2022102307,58940,,202210230den,,401437799,5981.0,7,6,-127.0,115.0,-2.0,-106.0,-104.0,37.0,-114.0,101.0,0,outdoors,grass,,,00-0037013,00-0034955,Zach Wilson,Brett Rypien,Robert Saleh,Nathaniel Hackett,Bill Vinovich,DEN00,Empower Field at Mile High,39.743889,-105.02,2022-10-23 20:05:00+00:00,60.474999999999994,65.8,13.599999999999998,19.4,28.575000000000003,34.4,0.0,0.0,0.0,0.0,0.0,0.0,0.0,4
2022_07_KC_SF,2022,REG,7,2022-10-23,Sunday,16:25,KC,44,SF,23,Home,-21,67,0,2022102310,58943,,202210230sfo,,401437802,5984.0,7,7,-106.0,-104.0,-1.0,102.0,-112.0,49.0,-114.0,101.0,0,outdoors,,,,00-0033873,00-0031345,Patrick Mahomes,Jimmy Garoppolo,Andy Reid,Kyle Shanahan,Alex Kemp,SFO01,Levi's Stadium,37.403,-121.97,2022-10-23 20:25:00+00:00,69.4,67.6,13.25,15.4,22.925,25.7,0.0,0.0,0.0,0.0,0.0,0.0,0.0,4
2022_07_PIT_MIA,2022,REG,7,2022-10-23,Sunday,20:20,PIT,10,MIA,16,Home,6,26,0,2022102311,58944,,202210230mia,,401437803,5985.0,7,7,255.0,-297.0,7.5,-119.0,108.0,44.5,-107.0,-105.0,0,outdoors,grass,,,00-0038102,00-0036212,Kenny Pickett,Tua Tagovailoa,Mike Tomlin,Mike McDaniel,Scott Novak,MIA00,Hard Rock Stadium,25.958056,-80.238889,2022-10-24 00:20:00+00:00,72.05000000000001,72.6,4.75,5.7,10.225,14.1,0.0,0.0,0.0,0.0,0.0,0.0,0.0,4
2022_07_CHI_NE,2022,REG,7,2022-10-24,Monday,20:15,CHI,33,NE,14,Home,-19,47,0,2022102400,58945,,202210240nwe,,401437804,5986.0,11,8,327.0,-392.0,9.5,-110.0,-100.0,40.0,-106.0,-106.0,0,outdoors,fieldturf,,,00-0036945,00-0036972,Justin Fields,Mac Jones,Matt Eberflus,Bill Belichick,Brad Allen,BOS00,Gillette Stadium,42.091,-71.264,2022-10-25 00:15:00+00:00,57.025000000000006,57.1,3.6999999999999997,4.2,7.950000000000001,8.9,0.0,0.0,0.0,0.0,0.0,0.0,0.0,4
2022_08_BAL_TB,2022,REG,8,2022-10-27,Thursday,20:15,BAL,27,TB,22,Home,-5,49,0,2022102700,58946,,202210270tam,,401437805,5987.0,4,4,116.0,-128.0,2.0,-104.0,-106.0,46.0,-102.0,-110.0,0,outdoors,grass,,,00-0034796,00-0019596,Lamar Jackson,Tom Brady,John Harbaugh,Todd Bowles,Carl Cheffers,TAM00,Raymond James Stadium,27.975833,-82.503333,2022-10-28 00:15:00+00:00,74.225,75.3,5.725,9.3,10.775,15.0,0.15,0.5,0.6,0.0,0.0,0.0,0.15,4
2022_08_DEN_JAX,2022,REG,8,2022-10-30,Sunday,09:30,DEN,21,JAX,17,Neutral,-4,38,0,2022103000,58947,,202210300jax,,401435641,5988.0,7,7,-103.0,-107.0,1.0,-112.0,101.0,41.0,-103.0,-109.0,0,outdoors,,,,00-0029263,00-0036971,Russell Wilson,Trevor Lawrence,Nathaniel Hackett,Doug Pederson,Adrian Hill,LON00,Wembley Stadium,51.555833,-0.279722,2022-10-30 13:30:00+00:00,58.75,58.2,11.9,12.4,24.15,25.9,0.07500000000000001,0.2,0.30000000000000004,0.0,0.0,0.0,0.07500000000000001,4
2022_08_CHI_DAL,2022,REG,8,2022-10-30,Sunday,13:00,CHI,29,DAL,49,Home,20,78,0,2022103002,58949,,202210300dal,,401437807,5990.0,6,7,355.0,-430.0,10.5,-121.0,109.0,43.0,-108.0,-104.0,0,open,matrixturf,,,00-0036945,00-0033077,Justin Fields,Dak Prescott,Matt Eberflus,Mike McCarthy,Brad Rogers,DAL00,AT&T Stadium,32.747778,-97.092778,2022-10-30 17:00:00+00:00,70.375,67.9,9.05,9.7,17.5,18.6,0.0,0.0,0.0,0.0,0.0,0.0,0.0,4
2022_08_NE_NYJ,2022,REG,8,2022-10-30,Sunday,13:00,NE,22,NYJ,17,Home,-5,39,0,2022103007,58953,,202210300nyj,,401437811,5994.0,6,7,-155.0,140.0,-3.0,-103.0,-107.0,40.0,-102.0,-110.0,1,outdoors,fieldturf,,,00-0036972,00-0037013,Mac Jones,Zach Wilson,Bill Belichick,Robert Saleh,Shawn Smith,NYC01,MetLife Stadium,40.813528,-74.074361,2022-10-30 17:00:00+00:00,60.824999999999996,59.9,2.7,4.3,8.25,8.9,0.0,0.0,0.0,0.0,0.0,0.0,0.0,4
2022_08_PIT_PHI,2022,REG,8,2022-10-30,Sunday,13:00,PIT,13,PHI,35,Home,22,48,0,2022103008,58954,,202210300phi,,401437812,5995.0,7,14,397.0,-490.0,11.0,102.0,-112.0,43.0,-110.0,-102.0,0,outdoors,grass,,,00-0038102,00-0036389,Kenny Pickett,Jalen Hurts,Mike Tomlin,Nick Sirianni,Clete Blakeman,PHI00,Lincoln Financial Field,39.900833,-75.1675,2022-10-30 17:00:00+00:00,61.425,60.4,0.525,1.1,6.3,6.9,0.0,0.0,0.0,0.0,0.0,0.0,0.0,4
2022_08_NYG_SEA,2022,REG,8,2022-10-30,Sunday,16:25,NYG,13,SEA,27,Home,14,40,0,2022103011,58958,,202210300sea,,401437816,5999.0,7,7,147.0,-164.0,3.0,-100.0,-110.0,44.5,-110.0,-102.0,0,outdoors,fieldturf,,,00-0035710,00-0030565,Daniel Jones,Geno Smith,Brian Daboll,Pete Carroll,Jerome Boger,SEA00,Lumen Field,47.5952,-122.3316,2022-10-30 20:25:00+00:00,53.650000000000006,53.6,18.025000000000002,18.8,31.15,32.4,0.675,2.0,2.7,0.0,0.0,0.0,0.675,4
2022_08_GB_BUF,2022,REG,8,2022-10-30,Sunday,20:20,GB,17,BUF,27,Home,10,44,0,2022103012,58959,,202210300buf,,401437817,6000.0,7,14,365.0,-445.0,10.5,-110.0,100.0,47.0,-104.0,-108.0,0,outdoors,a_turf,,,00-0023459,00-0034857,Aaron Rodgers,Josh Allen,Matt LaFleur,Sean McDermott,Ron Torbert,BUF00,New Era Field,42.774,-78.787,2022-10-31 00:20:00+00:00,50.775000000000006,50.0,5.625,8.6,9.925,14.8,0.0,0.0,0.0,0.0,0.0,0.0,0.0,4
2022_08_CIN_CLE,2022,REG,8,2022-10-31,Monday,20:15,CIN,13,CLE,32,Home,19,45,0,2022103100,58960,,202210310cle,,401437818,6001.0,8,8,-163.0,147.0,-3.0,-112.0,102.0,45.0,-102.0,-110.0,1,outdoors,grass,66.0,9.0,00-0036442,00-0033119,Joe Burrow,Jacoby Brissett,Zac Taylor,Kevin Stefanski,Bill Vinovich,CLE00,FirstEnergy Stadium,41.506111,-81.699444,2022-11-01 00:15:00+00:00,58.3,58.0,8.2,9.1,13.125,13.9,0.0,0.0,0.0,0.0,0.0,0.0,0.0,4
2022_09_LAC_ATL,2022,REG,9,2022-11-06,Sunday,13:00,LAC,20,ATL,17,Home,-3,37,0,2022110600,58962,,202211060atl,,401437820,6003.0,14,7,-143.0,130.0,-2.5,-114.0,103.0,49.5,-105.0,-107.0,0,open,fieldturf,,,00-0036355,00-0032268,Justin Herbert,Marcus Mariota,Brandon Staley,Arthur Smith,John Hussey,ATL97,Mercedes-Benz Stadium,33.755556,-84.4,2022-11-06 18:00:00+00:00,79.425,79.0,2.3,3.8,10.524999999999999,14.1,0.0,0.0,0.0,0.0,0.0,0.0,0.0,4
2022_09_MIA_CHI,2022,REG,9,2022-11-06,Sunday,13:00,MIA,35,CHI,32,Home,-3,67,0,2022110601,58963,,202211060chi,,401437821,6004.0,7,7,-193.0,172.0,-4.0,-103.0,-107.0,46.0,-104.0,-108.0,0,outdoors,grass,58.0,17.0,00-0036212,00-0036945,Tua Tagovailoa,Justin Fields,Mike McDaniel,Matt Eberflus,Ron Torbert,CHI98,Soldier Field,41.8623,-87.6167,2022-11-06 18:00:00+00:00,59.925,59.1,18.55,20.8,29.475,31.8,0.0,0.0,0.0,0.0,0.0,0.0,0.0,4
2022_09_CAR_CIN,2022,REG,9,2022-11-06,Sunday,13:00,CAR,21,CIN,42,Home,21,63,0,2022110602,58964,,202211060cin,,401437822,6005.0,7,6,282.0,-331.0,7.0,-100.0,-110.0,43.0,-114.0,101.0,0,outdoors,fieldturf,68.0,11.0,00-0033275,00-0036442,Phillip Walker,Joe Burrow,Steve Wilks,Zac Taylor,Alex Kemp,CIN00,Paycor Stadium,39.095,-84.516,2022-11-06 18:00:00+00:00,69.67500000000001,68.2,9.825000000000001,10.7,21.0,22.1,0.0,0.0,0.0,0.0,0.0,0.0,0.0,4
2022_09_LV_JAX,2022,REG,9,2022-11-06,Sunday,13:00,LV,20,JAX,27,Home,7,47,0,2022110604,58966,,202211060jax,,401437824,6007.0,7,7,-129.0,116.0,-2.5,-102.0,-108.0,47.5,105.0,-118.0,0,outdoors,grass,81.0,14.0,00-0031280,00-0036971,Derek Carr,Trevor Lawrence,Josh McDaniels,Doug Pederson,Bill Vinovich,JAX00,TIAA Bank Stadium,30.323889,-81.6375,2022-11-06 18:00:00+00:00,79.275,80.5,8.850000000000001,11.9,18.625,21.5,0.17500000000000002,0.4,0.7000000000000001,0.0,0.0,0.0,0.17500000000000002,4
2022_09_IND_NE,2022,REG,9,2022-11-06,Sunday,13:00,IND,3,NE,26,Home,23,29,0,2022110605,58967,,202211060nwe,,401437825,6008.0,7,7,188.0,-212.0,5.0,-115.0,104.0,40.0,-109.0,-103.0,0,outdoors,fieldturf,78.0,13.0,00-0036879,00-0036972,Sam Ehlinger,Mac Jones,Frank Reich,Bill Belichick,Clay Martin,BOS00,Gillette Stadium,42.091,-71.264,2022-11-06 18:00:00+00:00,72.25,74.7,12.350000000000001,15.0,29.400000000000002,33.3,0.0,0.0,0.0,0.0,0.0,0.0,0.0,4
2022_09_BUF_NYJ,2022,REG,9,2022-11-06,Sunday,13:00,BUF,17,NYJ,20,Home,3,37,0,2022110606,58968,,202211060nyj,,401437826,6009.0,7,7,-494.0,400.0,-11.0,103.0,-114.0,46.0,-102.0,-110.0,1,outdoors,fieldturf,69.0,17.0,00-0034857,00-0037013,Josh Allen,Zach Wilson,Sean McDermott,Robert Saleh,Land Clark,NYC01,MetLife Stadium,40.813528,-74.074361,2022-11-06 18:00:00+00:00,71.975,73.8,9.274999999999999,12.7,19.3,25.7,0.775,2.9,3.1,0.0,0.0,0.0,0.775,4
2022_09_MIN_WAS,2022,REG,9,2022-11-06,Sunday,13:00,MIN,20,WAS,17,Home,-3,37,0,2022110607,58969,,202211060was,,401437827,6010.0,7,7,-169.0,151.0,-3.0,-119.0,108.0,43.5,-106.0,-106.0,0,outdoors,grass,71.0,11.0,00-0029604,00-0031800,Kirk Cousins,Taylor Heinicke,Kevin O'Connell,Ron Rivera,Jerome Boger,WAS00,FedExField,38.907778,-76.864444,2022-11-06 18:00:00+00:00,75.35,73.9,9.825,11.9,24.424999999999997,26.2,0.025,0.1,0.1,0.0,0.0,0.0,0.025,4
2022_09_SEA_ARI,2022,REG,9,2022-11-06,Sunday,16:05,SEA,31,ARI,21,Home,-10,52,0,2022110608,58970,,202211060crd,,401437828,6011.0,7,7,116.0,-128.0,1.5,102.0,-113.0,49.5,-115.0,103.0,1,open,grass,,,00-0030565,00-0035228,Geno Smith,Kyler Murray,Pete Carroll,Kliff Kingsbury,Carl Cheffers,PHO00,State Farm Stadium,33.528,-112.263,2022-11-06 21:05:00+00:00,77.025,77.5,2.7,3.8,9.024999999999999,11.9,0.0,0.0,0.0,0.0,0.0,0.0,0.0,4
2022_09_LA_TB,2022,REG,9,2022-11-06,Sunday,16:25,LA,13,TB,16,Home,3,29,0,2022110609,58971,,202211060tam,,401437829,6012.0,7,10,142.0,-158.0,3.0,-104.0,-106.0,43.0,-108.0,-104.0,0,outdoors,grass,88.0,2.0,00-0026498,00-0019596,Matthew Stafford,Tom Brady,Sean McVay,Todd Bowles,Shawn Hochuli,TAM00,Raymond James Stadium,27.975833,-82.503333,2022-11-06 21:25:00+00:00,76.2,80.7,10.75,14.4,20.525,24.6,0.19999999999999998,0.3,0.7999999999999999,0.0,0.0,0.0,0.19999999999999998,4
2022_09_TEN_KC,2022,REG,9,2022-11-06,Sunday,20:20,TEN,17,KC,20,Home,3,37,1,2022110610,58972,,202211060kan,,401437830,6013.0,7,14,530.0,-689.0,14.0,-107.0,-103.0,45.0,-106.0,-106.0,0,outdoors,grass,54.0,7.0,00-0038128,00-0033873,Malik Willis,Patrick Mahomes,Mike Vrabel,Andy Reid,Clete Blakeman,KAN00,GEHA Field at Arrowhead Stadium,39.048889,-94.483889,2022-11-07 01:20:00+00:00,51.65,53.6,8.55,8.8,16.125,16.8,0.0,0.0,0.0,0.0,0.0,0.0,0.0,4
2022_10_ATL_CAR,2022,REG,10,2022-11-10,Thursday,20:15,ATL,15,CAR,25,Home,10,40,0,2022111000,58974,,202211100car,,401437832,6015.0,4,4,-132.0,119.0,-2.5,-103.0,-107.0,41.5,-106.0,-106.0,1,outdoors,grass,61.0,12.0,00-0032268,00-0033275,Marcus Mariota,Phillip Walker,Arthur Smith,Steve Wilks,Adrian Hill,CAR00,Bank of America Stadium,35.225833,-80.852778,2022-11-11 01:15:00+00:00,60.65,59.8,13.85,14.2,24.900000000000002,26.4,0.525,1.1,2.1,0.0,0.0,0.0,0.525,4
2022_10_SEA_TB,2022,REG,10,2022-11-13,Sunday,09:30,SEA,16,TB,21,Neutral,5,37,0,2022111300,58975,,202211130tam,,401435638,6016.0,7,7,124.0,-138.0,2.5,103.0,-114.0,45.0,-104.0,-108.0,0,outdoors,,,,00-0030565,00-0019596,Geno Smith,Tom Brady,Pete Carroll,Todd Bowles,John Hussey,GER00,Allianz Arena,48.2188,11.6247,2022-11-13 14:30:00+00:00,48.375,52.0,6.325000000000001,6.9,12.15,13.9,0.0,0.0,0.0,0.0,0.0,0.0,0.0,4
2022_10_MIN_BUF,2022,REG,10,2022-11-13,Sunday,13:00,MIN,33,BUF,30,Home,-3,63,1,2022111301,58976,,202211130buf,,401437833,6017.0,7,7,230.0,-264.0,6.5,-104.0,-106.0,47.0,-105.0,-107.0,0,outdoors,a_turf,38.0,11.0,00-0029604,00-0034857,Kirk Cousins,Josh Allen,Kevin O'Connell,Sean McDermott,Craig Wrolstad,BUF00,New Era Field,42.774,-78.787,2022-11-13 18:00:00+00:00,37.975,38.2,8.575,9.6,19.85,21.7,0.125,0.2,0.5,0.2275,0.91,0.91,0.45,4
2022_10_DET_CHI,2022,REG,10,2022-11-13,Sunday,13:00,DET,31,CHI,30,Home,-1,61,0,2022111302,58977,,202211130chi,,401437834,6018.0,7,7,143.0,-159.0,3.0,-105.0,-105.0,48.5,-114.0,101.0,1,outdoors,grass,34.0,13.0,00-0033106,00-0036945,Jared Goff,Justin Fields,Dan Campbell,Matt Eberflus,Land Clark,CHI98,Soldier Field,41.8623,-87.6167,2022-11-13 18:00:00+00:00,36.75,36.1,8.5,9.0,15.55,16.8,0.0,0.0,0.0,0.0,0.0,0.0,0.0,4
2022_10_JAX_KC,2022,REG,10,2022-11-13,Sunday,13:00,JAX,17,KC,27,Home,10,44,0,2022111303,58978,,202211130kan,,401437835,6019.0,7,7,333.0,-399.0,10.0,-120.0,109.0,51.5,-110.0,-102.0,0,outdoors,grass,33.0,7.0,00-0036971,00-0033873,Trevor Lawrence,Patrick Mahomes,Doug Pederson,Andy Reid,Brad Rogers,KAN00,GEHA Field at Arrowhead Stadium,39.048889,-94.483889,2022-11-13 18:00:00+00:00,37.074999999999996,35.5,6.025,7.4,14.825000000000001,16.1,0.0,0.0,0.0,0.0,0.0,0.0,0.0,4
2022_10_CLE_MIA,2022,REG,10,2022-11-13,Sunday,13:00,CLE,17,MIA,39,Home,22,56,0,2022111304,58979,,202211130mia,,401437836,6020.0,13,7,158.0,-177.0,3.0,112.0,-123.0,49.0,-102.0,-110.0,0,outdoors,grass,85.0,7.0,00-0033119,00-0036212,Jacoby Brissett,Tua Tagovailoa,Kevin Stefanski,Mike McDaniel,Shawn Hochuli,MIA00,Hard Rock Stadium,25.958056,-80.238889,2022-11-13 18:00:00+00:00,81.95,83.0,4.4,5.5,11.75,13.2,0.05,0.1,0.2,0.0,0.0,0.0,0.05,4
2022_10_HOU_NYG,2022,REG,10,2022-11-13,Sunday,13:00,HOU,16,NYG,24,Home,8,40,0,2022111305,58980,,202211130nyg,,401437837,6021.0,10,14,195.0,-221.0,5.5,-112.0,102.0,41.5,-109.0,-103.0,0,outdoors,fieldturf,50.0,15.0,00-0036898,00-0035710,Davis Mills,Daniel Jones,Lovie Smith,Brian Daboll,Bill Vinovich,NYC01,MetLife Stadium,40.813528,-74.074361,2022-11-13 18:00:00+00:00,52.349999999999994,52.7,14.350000000000001,16.3,27.700000000000003,30.9,0.0,0.0,0.0,0.0,0.0,0.0,0.0,4
2022_10_NO_PIT,2022,REG,10,2022-11-13,Sunday,13:00,NO,10,PIT,20,Home,10,30,0,2022111306,58981,,202211130pit,,401437838,6022.0,6,14,105.0,-116.0,1.0,-103.0,-107.0,39.5,-104.0,-109.0,0,outdoors,grass,37.0,15.0,00-0027973,00-0038102,Andy Dalton,Kenny Pickett,Dennis Allen,Mike Tomlin,Carl Cheffers,PIT00,Acrisure Stadium,40.446667,-80.015833,2022-11-13 18:00:00+00:00,39.275,39.4,12.5,13.0,26.724999999999998,27.7,0.0,0.0,0.0,0.0,0.0,0.0,0.0,4
2022_10_DEN_TEN,2022,REG,10,2022-11-13,Sunday,13:00,DEN,10,TEN,17,Home,7,27,0,2022111307,58982,,202211130oti,,401437839,6023.0,14,7,122.0,-135.0,2.5,-105.0,-105.0,40.0,-107.0,-105.0,0,outdoors,grass,36.0,9.0,00-0029263,00-0029701,Russell Wilson,Ryan Tannehill,Nathaniel Hackett,Mike Vrabel,Scott Novak,NAS00,Nissan Stadium,36.166389,-86.771389,2022-11-13 18:00:00+00:00,40.05,38.6,5.4,6.2,14.425,15.4,0.0,0.0,0.0,0.0,0.0,0.0,0.0,4
2022_10_DAL_GB,2022,REG,10,2022-11-13,Sunday,16:25,DAL,28,GB,31,Home,3,59,1,2022111309,58984,,202211130gnb,,401437131,6025.0,14,7,-199.0,177.0,-3.5,-113.0,102.0,44.5,-104.0,-108.0,0,outdoors,grass,33.0,8.0,00-0033077,00-0023459,Dak Prescott,Aaron Rodgers,Mike McCarthy,Matt LaFleur,Brad Allen,GNB00,Lambeau Field,44.501389,-88.062222,2022-11-13 21:25:00+00:00,32.875,34.5,5.3500000000000005,6.6,11.975,14.1,0.0,0.0,0.0,0.0,0.0,0.0,0.0,4
2022_10_LAC_SF,2022,REG,10,2022-11-13,Sunday,20:20,LAC,16,SF,22,Home,6,38,0,2022111311,58986,,202211130sfo,,401437842,6027.0,7,14,302.0,-357.0,8.5,-105.0,-105.0,45.5,101.0,-113.0,0,outdoors,grass,57.0,6.0,00-0036355,00-0031345,Justin Herbert,Jimmy Garoppolo,Brandon Staley,Kyle Shanahan,Shawn Smith,SFO01,Levi's Stadium,37.403,-121.97,2022-11-14 01:20:00+00:00,49.550000000000004,51.6,4.875,5.4,8.15,10.5,0.0,0.0,0.0,0.0,0.0,0.0,0.0,4
2022_10_WAS_PHI,2022,REG,10,2022-11-14,Monday,20:15,WAS,32,PHI,21,Home,-11,53,0,2022111400,58987,,202211140phi,,401437843,6028.0,8,11,405.0,-501.0,11.0,-107.0,-103.0,43.0,-103.0,-109.0,1,outdoors,grass,43.0,6.0,00-0031800,00-0036389,Taylor Heinicke,Jalen Hurts,Ron Rivera,Nick Sirianni,Alex Kemp,PHI00,Lincoln Financial Field,39.900833,-75.1675,2022-11-15 01:15:00+00:00,35.225,36.0,4.625,5.4,8.149999999999999,8.9,0.0,0.0,0.0,0.0,0.0,0.0,0.0,4
2022_11_TEN_GB,2022,REG,11,2022-11-17,Thursday,20:15,TEN,27,GB,17,Home,-10,44,0,2022111700,58988,,202211170gnb,,401437844,6029.0,4,4,153.0,-171.0,3.0,106.0,-117.0,40.5,-109.0,-103.0,0,outdoors,grass,25.0,11.0,00-0029701,00-0023459,Ryan Tannehill,Aaron Rodgers,Mike Vrabel,Matt LaFleur,Bill Vinovich,GNB00,Lambeau Field,44.501389,-88.062222,2022-11-18 01:15:00+00:00,23.55,24.7,9.625,10.5,18.049999999999997,19.9,0.0,0.0,0.0,0.0,0.0,0.0,0.0,4
2022_11_CAR_BAL,2022,REG,11,2022-11-20,Sunday,13:00,CAR,3,BAL,13,Home,10,16,0,2022112001,58990,,202211200rav,,401437846,6031.0,10,13,503.0,-647.0,13.0,-117.0,106.0,42.0,-112.0,-100.0,0,outdoors,grass,36.0,2.0,00-0033275,00-0034796,Phillip Walker,Lamar Jackson,Steve Wilks,John Harbaugh,Jerome Boger,BAL00,M&T Bank Stadium,39.278056,-76.622778,2022-11-20 18:00:00+00:00,34.525000000000006,34.7,13.5,14.7,25.950000000000003,27.7,0.0,0.0,0.0,0.0,0.0,0.0,0.0,4
2022_11_NYJ_NE,2022,REG,11,2022-11-20,Sunday,13:00,NYJ,3,NE,10,Home,7,13,0,2022112005,58994,,202211200nwe,,401437850,6035.0,14,14,163.0,-182.0,3.5,-109.0,-102.0,38.5,-103.0,-109.0,1,outdoors,fieldturf,42.0,2.0,00-0037013,00-0036972,Zach Wilson,Mac Jones,Robert Saleh,Bill Belichick,Carl Cheffers,BOS00,Gillette Stadium,42.091,-71.264,2022-11-20 18:00:00+00:00,34.125,35.8,16.35,18.5,38.599999999999994,41.2,0.0,0.0,0.0,0.0,0.0,0.0,0.0,4
2022_11_DET_NYG,2022,REG,11,2022-11-20,Sunday,13:00,DET,31,NYG,18,Home,-13,49,0,2022112007,58996,,202211200nyg,,401437852,6037.0,7,7,143.0,-159.0,3.0,-104.0,-107.0,44.0,103.0,-116.0,0,outdoors,fieldturf,35.0,21.0,00-0033106,00-0035710,Jared Goff,Daniel Jones,Dan Campbell,Brian Daboll,Brad Rogers,NYC01,MetLife Stadium,40.813528,-74.074361,2022-11-20 18:00:00+00:00,35.325,35.7,18.075,18.9,35.0,36.5,0.0,0.0,0.0,0.0,0.0,0.0,0.0,4
2022_11_LV_DEN,2022,REG,11,2022-11-20,Sunday,16:05,LV,22,DEN,16,Home,-6,38,1,2022112008,58997,,202211200den,,401437853,6038.0,7,7,131.0,-145.0,2.5,106.0,-117.0,41.5,-113.0,100.0,1,outdoors,grass,49.0,11.0,00-0031280,00-0029263,Derek Carr,Russell Wilson,Josh McDaniels,Nathaniel Hackett,Shawn Smith,DEN00,Empower Field at Mile High,39.743889,-105.02,2022-11-20 21:05:00+00:00,45.675,49.3,3.9750000000000005,6.2,8.950000000000001,12.5,0.0,0.0,0.0,0.0,0.0,0.0,0.0,4
2022_11_CIN_PIT,2022,REG,11,2022-11-20,Sunday,16:25,CIN,37,PIT,30,Home,-7,67,0,2022112011,59000,,202211200pit,,401437856,6041.0,14,7,-182.0,163.0,-3.5,101.0,-111.0,39.0,100.0,-112.0,1,outdoors,grass,27.0,12.0,00-0036442,00-0038102,Joe Burrow,Kenny Pickett,Zac Taylor,Mike Tomlin,Brad Allen,PIT00,Acrisure Stadium,40.446667,-80.015833,2022-11-20 21:25:00+00:00,25.325000000000003,28.1,6.925,9.6,16.549999999999997,22.4,0.0,0.0,0.0,0.0,0.0,0.0,0.0,4
2022_11_SF_ARI,2022,REG,11,2022-11-21,Monday,20:15,SF,38,ARI,10,Neutral,-28,48,0,2022112100,59001,,202211210crd,,401435642,6042.0,8,8,-422.0,350.0,-10.0,103.0,-113.0,43.5,-114.0,101.0,1,outdoors,,,,00-0031345,00-0027688,Jimmy Garoppolo,Colt McCoy,Kyle Shanahan,Kliff Kingsbury,Craig Wrolstad,MEX00,Azteca Stadium,19.3029794,-99.15047,2022-11-22 01:15:00+00:00,54.699999999999996,57.2,3.125,3.7,10.575,17.0,0.975,3.8,3.9,0.0,0.0,0.0,0.975,4
2022_12_DEN_CAR,2022,REG,12,2022-11-27,Sunday,13:00,DEN,10,CAR,23,Home,13,33,0,2022112700,59005,,202211270car,,401437860,6046.0,7,7,-116.0,105.0,-1.0,-109.0,-101.0,36.5,-111.0,-101.0,0,outdoors,grass,66.0,15.0,00-0029263,00-0034869,Russell Wilson,Sam Darnold,Nathaniel Hackett,Steve Wilks,Clay Martin,CAR00,Bank of America Stadium,35.225833,-80.852778,2022-11-27 18:00:00+00:00,67.275,66.6,18.424999999999997,19.3,35.475,37.4,0.07500000000000001,0.2,0.30000000000000004,0.0,0.0,0.0,0.07500000000000001,4
2022_12_TB_CLE,2022,REG,12,2022-11-27,Sunday,13:00,TB,17,CLE,23,Home,6,40,1,2022112701,59006,,202211270cle,,401437861,6047.0,14,7,-169.0,151.0,-3.0,-118.0,107.0,42.0,-103.0,-109.0,0,outdoors,grass,56.0,14.0,00-0019596,00-0033119,Tom Brady,Jacoby Brissett,Todd Bowles,Kevin Stefanski,Tra Blake,CLE00,FirstEnergy Stadium,41.506111,-81.699444,2022-11-27 18:00:00+00:00,54.95,55.7,16.174999999999997,17.9,27.95,30.2,0.5,1.5,2.0,0.0,0.0,0.0,0.5,4
2022_12_BAL_JAX,2022,REG,12,2022-11-27,Sunday,13:00,BAL,27,JAX,28,Home,1,55,0,2022112702,59007,,202211270jax,,401437862,6048.0,7,14,-164.0,147.0,-3.5,111.0,-123.0,43.0,-102.0,-111.0,0,outdoors,grass,77.0,19.0,00-0034796,00-0036971,Lamar Jackson,Trevor Lawrence,John Harbaugh,Doug Pederson,Land Clark,JAX00,TIAA Bank Stadium,30.323889,-81.6375,2022-11-27 18:00:00+00:00,78.9,78.3,15.425,16.3,27.975,34.2,0.1,0.4,0.4,0.0,0.0,0.0,0.1,4
2022_12_HOU_MIA,2022,REG,12,2022-11-27,Sunday,13:00,HOU,15,MIA,30,Home,15,45,0,2022112703,59008,,202211270mia,,401437863,6049.0,7,14,613.0,-822.0,14.0,-101.0,-109.0,47.0,-103.0,-109.0,0,outdoors,grass,84.0,13.0,00-0034577,00-0036212,Kyle Allen,Tua Tagovailoa,Lovie Smith,Mike McDaniel,Jerome Boger,MIA00,Hard Rock Stadium,25.958056,-80.238889,2022-11-27 18:00:00+00:00,82.625,83.2,6.025,8.2,16.849999999999998,18.6,0.15,0.3,0.6,0.0,0.0,0.0,0.15,4
2022_12_CHI_NYJ,2022,REG,12,2022-11-27,Sunday,13:00,CHI,10,NYJ,31,Home,21,41,0,2022112704,59009,,202211270nyj,,401437864,6050.0,7,7,315.0,-375.0,8.5,-107.0,-103.0,36.5,-103.0,-109.0,0,outdoors,fieldturf,50.0,9.0,00-0032156,00-0034401,Trevor Siemian,Mike White,Matt Eberflus,Robert Saleh,John Hussey,NYC01,MetLife Stadium,40.813528,-74.074361,2022-11-27 18:00:00+00:00,50.0,49.9,9.675,10.5,19.225,24.8,1.4,3.1,5.6,0.0,0.0,0.0,1.4,4
2022_12_CIN_TEN,2022,REG,12,2022-11-27,Sunday,13:00,CIN,20,TEN,16,Home,-4,36,0,2022112705,59010,,202211270oti,,401437865,6051.0,7,10,-105.0,-105.0,-1.0,102.0,-113.0,43.0,-118.0,105.0,0,outdoors,grass,56.0,14.0,00-0036442,00-0029701,Joe Burrow,Ryan Tannehill,Zac Taylor,Mike Vrabel,Carl Cheffers,NAS00,Nissan Stadium,36.166389,-86.771389,2022-11-27 18:00:00+00:00,55.650000000000006,55.1,16.075000000000003,17.8,31.025000000000002,32.4,0.0,0.0,0.0,0.0,0.0,0.0,0.0,4
2022_12_ATL_WAS,2022,REG,12,2022-11-27,Sunday,13:00,ATL,13,WAS,19,Home,6,32,0,2022112706,59011,,202211270was,,401437866,6052.0,7,7,163.0,-183.0,3.5,-110.0,-100.0,40.5,-114.0,101.0,0,outdoors,grass,46.0,9.0,00-0032268,00-0031800,Marcus Mariota,Taylor Heinicke,Arthur Smith,Ron Rivera,Brad Rogers,WAS00,FedExField,38.907778,-76.864444,2022-11-27 18:00:00+00:00,57.275000000000006,52.8,13.125,15.9,26.875000000000004,32.7,0.475,1.3,1.9,0.0,0.0,0.0,0.475,4
2022_12_LV_SEA,2022,REG,12,2022-11-27,Sunday,16:05,LV,40,SEA,34,Home,-6,74,1,2022112708,59013,,202211270sea,,401437868,6054.0,7,14,174.0,-196.0,4.0,-107.0,-103.0,47.5,-103.0,-109.0,0,outdoors,fieldturf,44.0,8.0,00-0031280,00-0030565,Derek Carr,Geno Smith,Josh McDaniels,Pete Carroll,Brad Allen,SEA00,Lumen Field,47.5952,-122.3316,2022-11-27 21:05:00+00:00,45.525000000000006,46.1,7.9,10.2,16.875,19.2,0.0,0.0,0.0,0.0,0.0,0.0,0.0,4
2022_12_LA_KC,2022,REG,12,2022-11-27,Sunday,16:25,LA,10,KC,26,Home,16,36,0,2022112709,59014,,202211270kan,,401437869,6055.0,7,7,768.0,-1088.0,16.5,-115.0,105.0,42.0,-108.0,-104.0,0,outdoors,grass,44.0,6.0,00-0035939,00-0033873,Bryce Perkins,Patrick Mahomes,Sean McVay,Andy Reid,Adrian Hill,KAN00,GEHA Field at Arrowhead Stadium,39.048889,-94.483889,2022-11-27 21:25:00+00:00,43.6,46.0,6.725000000000001,9.8,16.675,21.9,0.0,0.0,0.0,0.0,0.0,0.0,0.0,4
2022_12_NO_SF,2022,REG,12,2022-11-27,Sunday,16:25,NO,0,SF,13,Home,13,13,0,2022112710,59015,,202211270sfo,,401437870,6056.0,7,6,327.0,-392.0,9.5,-113.0,103.0,44.0,-116.0,103.0,0,outdoors,grass,59.0,2.0,00-0027973,00-0031345,Andy Dalton,Jimmy Garoppolo,Dennis Allen,Kyle Shanahan,Shawn Hochuli,SFO01,Levi's Stadium,37.403,-121.97,2022-11-27 21:25:00+00:00,63.6,64.0,5.675000000000001,8.5,11.7,16.6,0.0,0.0,0.0,0.0,0.0,0.0,0.0,4
2022_12_GB_PHI,2022,REG,12,2022-11-27,Sunday,20:20,GB,33,PHI,40,Home,7,73,0,2022112711,59016,,202211270phi,,401437871,6057.0,10,7,241.0,-278.0,6.5,-105.0,-105.0,46.0,-106.0,-106.0,0,outdoors,grass,62.0,24.0,00-0023459,00-0036389,Aaron Rodgers,Jalen Hurts,Matt LaFleur,Nick Sirianni,Shawn Smith,PHI00,Lincoln Financial Field,39.900833,-75.1675,2022-11-28 01:20:00+00:00,57.1,60.4,12.625,18.8,25.699999999999996,33.3,0.025,0.1,0.1,0.0,0.0,0.0,0.025,4
2022_13_BUF_NE,2022,REG,13,2022-12-01,Thursday,20:15,BUF,24,NE,10,Home,-14,34,0,2022120100,59018,,202212010nwe,,401437873,6059.0,7,7,-185.0,165.0,-3.5,-105.0,-105.0,43.5,-103.0,-109.0,1,outdoors,fieldturf,35.0,2.0,00-0034857,00-0036972,Josh Allen,Mac Jones,Sean McDermott,Bill Belichick,Shawn Hochuli,BOS00,Gillette Stadium,42.091,-71.264,2022-12-02 01:15:00+00:00,33.925000000000004,35.4,8.725000000000001,10.4,19.75,23.7,0.0,0.0,0.0,0.0,0.0,0.0,0.0,4
2022_13_DEN_BAL,2022,REG,13,2022-12-04,Sunday,13:00,DEN,9,BAL,10,Home,1,19,0,2022120401,59020,,202212040rav,,401437875,6061.0,7,7,294.0,-347.0,9.5,-124.0,112.0,40.5,100.0,-113.0,0,outdoors,grass,63.0,8.0,00-0029263,00-0034796,Russell Wilson,Lamar Jackson,Nathaniel Hackett,John Harbaugh,Alex Kemp,BAL00,M&T Bank Stadium,39.278056,-76.622778,2022-12-04 18:00:00+00:00,45.1,45.1,4.375,5.2,10.925,11.9,0.0,0.0,0.0,0.0,0.0,0.0,0.0,4
2022_13_GB_CHI,2022,REG,13,2022-12-04,Sunday,13:00,GB,28,CHI,19,Home,-9,47,0,2022120402,59021,,202212040chi,,401437876,6062.0,7,7,-182.0,163.0,-4.0,105.0,-116.0,45.0,-114.0,101.0,1,outdoors,grass,38.0,12.0,00-0023459,00-0036945,Aaron Rodgers,Justin Fields,Matt LaFleur,Matt Eberflus,Scott Novak,CHI98,Soldier Field,41.8623,-87.6167,2022-12-04 18:00:00+00:00,37.375,36.1,14.399999999999999,15.4,22.7,23.9,0.0,0.0,0.0,0.0,0.0,0.0,0.0,4
2022_13_WAS_NYG,2022,REG,13,2022-12-04,Sunday,13:00,WAS,20,NYG,20,Home,0,40,1,2022120406,59025,,202212040nyg,,401437880,6066.0,7,10,-124.0,113.0,-2.5,105.0,-116.0,40.0,-104.0,-108.0,1,outdoors,fieldturf,40.0,9.0,00-0031800,00-0035710,Taylor Heinicke,Daniel Jones,Ron Rivera,Brian Daboll,Brad Allen,NYC01,MetLife Stadium,40.813528,-74.074361,2022-12-04 18:00:00+00:00,43.25,43.8,5.9,7.4,14.399999999999999,15.7,0.0,0.0,0.0,0.0,0.0,0.0,0.0,4
2022_13_TEN_PHI,2022,REG,13,2022-12-04,Sunday,13:00,TEN,10,PHI,35,Home,25,45,0,2022120407,59026,,202212040phi,,401437881,6067.0,7,7,189.0,-213.0,5.0,-109.0,-101.0,44.5,101.0,-114.0,0,outdoors,grass,60.0,7.0,00-0029701,00-0036389,Ryan Tannehill,Jalen Hurts,Mike Vrabel,Nick Sirianni,Adrian Hill,PHI00,Lincoln Financial Field,39.900833,-75.1675,2022-12-04 18:00:00+00:00,45.4,45.7,4.824999999999999,5.6,11.7,13.0,0.0,0.0,0.0,0.0,0.0,0.0,0.0,4
2022_13_MIA_SF,2022,REG,13,2022-12-04,Sunday,16:05,MIA,17,SF,33,Home,16,50,0,2022120409,59028,,202212040sfo,,401437883,6069.0,7,7,196.0,-222.0,4.5,101.0,-111.0,46.0,-110.0,-102.0,0,outdoors,grass,38.0,6.0,00-0036212,00-0031345,Tua Tagovailoa,Jimmy Garoppolo,Mike McDaniel,Kyle Shanahan,Tra Blake,SFO01,Levi's Stadium,37.403,-121.97,2022-12-04 21:05:00+00:00,57.900000000000006,57.8,4.800000000000001,6.9,12.675,16.3,0.075,0.3,0.3,0.0,0.0,0.0,0.075,4
2022_13_KC_CIN,2022,REG,13,2022-12-04,Sunday,16:25,KC,24,CIN,27,Home,3,51,0,2022120410,59029,,202212040cin,,401437884,6070.0,7,7,-132.0,120.0,-2.5,-108.0,-102.0,53.0,-107.0,-105.0,0,outdoors,fieldturf,57.0,2.0,00-0033873,00-0036442,Patrick Mahomes,Joe Burrow,Andy Reid,Zac Taylor,John Hussey,CIN00,Paycor Stadium,39.095,-84.516,2022-12-04 21:25:00+00:00,34.275000000000006,40.7,4.975,6.0,8.375,10.7,0.0,0.0,0.0,0.0,0.0,0.0,0.0,4
2022_13_NO_TB,2022,REG,13,2022-12-05,Monday,20:15,NO,16,TB,17,Home,1,33,0,2022120500,59032,,202212050tam,,401437887,6073.0,8,8,169.0,-190.0,3.5,-105.0,-105.0,41.0,-107.0,-105.0,1,outdoors,grass,69.0,2.0,00-0027973,00-0019596,Andy Dalton,Tom Brady,Dennis Allen,Todd Bowles,Clay Martin,TAM00,Raymond James Stadium,27.975833,-82.503333,2022-12-06 01:15:00+00:00,66.2,68.5,3.625,3.9,5.824999999999999,6.9,0.0,0.0,0.0,0.0,0.0,0.0,0.0,4
2022_14_NYJ_BUF,2022,REG,14,2022-12-11,Sunday,13:00,NYJ,12,BUF,20,Home,8,32,0,2022121100,59034,,202212110buf,,401437889,6075.0,7,10,332.0,-398.0,10.0,-108.0,-102.0,43.5,-104.0,-108.0,1,outdoors,a_turf,36.0,11.0,00-0034401,00-0034857,Mike White,Josh Allen,Robert Saleh,Sean McDermott,Alex Kemp,BUF00,New Era Field,42.774,-78.787,2022-12-11 18:00:00+00:00,35.15,37.2,10.649999999999999,13.8,22.749999999999996,25.9,0.24999999999999997,0.4,0.9999999999999999,0.052500000000000005,0.14,0.21000000000000002,0.325,4
2022_14_CLE_CIN,2022,REG,14,2022-12-11,Sunday,13:00,CLE,10,CIN,23,Home,13,33,0,2022121101,59035,,202212110cin,,401437890,6076.0,7,7,181.0,-204.0,4.5,-108.0,-102.0,47.0,-108.0,-105.0,1,outdoors,fieldturf,47.0,8.0,00-0033537,00-0036442,Deshaun Watson,Joe Burrow,Kevin Stefanski,Zac Taylor,Jerome Boger,CIN00,Paycor Stadium,39.095,-84.516,2022-12-11 18:00:00+00:00,45.375,44.8,5.15,5.7,12.125,12.8,0.0,0.0,0.0,0.0,0.0,0.0,0.0,4
2022_14_PHI_NYG,2022,REG,14,2022-12-11,Sunday,13:00,PHI,48,NYG,22,Home,-26,70,0,2022121104,59038,,202212110nyg,,401437893,6079.0,7,7,-302.0,260.0,-7.5,104.0,-115.0,44.5,-109.0,-103.0,1,outdoors,fieldturf,37.0,6.0,00-0036389,00-0035710,Jalen Hurts,Daniel Jones,Nick Sirianni,Brian Daboll,Clete Blakeman,NYC01,MetLife Stadium,40.813528,-74.074361,2022-12-11 18:00:00+00:00,38.8,39.5,7.800000000000001,8.4,16.325000000000003,19.9,0.425,1.2,1.7,0.0,0.0,0.0,0.425,4
2022_14_BAL_PIT,2022,REG,14,2022-12-11,Sunday,13:00,BAL,16,PIT,14,Home,-2,30,0,2022121105,59039,,202212110pit,,401437894,6080.0,7,7,112.0,-124.0,1.5,-101.0,-109.0,37.0,-114.0,101.0,1,outdoors,grass,42.0,12.0,00-0035993,00-0038102,Tyler Huntley,Kenny Pickett,John Harbaugh,Mike Tomlin,Adrian Hill,PIT00,Acrisure Stadium,40.446667,-80.015833,2022-12-11 18:00:00+00:00,44.625,44.1,8.600000000000001,9.4,18.825,19.9,0.025,0.1,0.1,0.0,0.0,0.0,0.025,4
2022_14_JAX_TEN,2022,REG,14,2022-12-11,Sunday,13:00,JAX,36,TEN,22,Home,-14,58,0,2022121106,59040,,202212110oti,,401437895,6081.0,7,7,151.0,-169.0,3.0,106.0,-117.0,42.0,-112.0,-101.0,1,outdoors,grass,54.0,8.0,00-0036971,00-0029701,Trevor Lawrence,Ryan Tannehill,Doug Pederson,Mike Vrabel,Clay Martin,NAS00,Nissan Stadium,36.166389,-86.771389,2022-12-11 18:00:00+00:00,55.25,54.2,5.9,6.6,12.475,13.4,0.0,0.0,0.0,0.0,0.0,0.0,0.0,4
2022_14_KC_DEN,2022,REG,14,2022-12-11,Sunday,16:05,KC,34,DEN,28,Home,-6,62,0,2022121110,59044,,202212110den,,401437899,6085.0,7,7,-394.0,329.0,-8.5,-108.0,-103.0,44.5,-112.0,-100.0,1,outdoors,grass,55.0,4.0,00-0033873,00-0029263,Patrick Mahomes,Russell Wilson,Andy Reid,Nathaniel Hackett,Craig Wrolstad,DEN00,Empower Field at Mile High,39.743889,-105.02,2022-12-11 21:05:00+00:00,53.150000000000006,58.0,11.55,13.2,20.125,21.7,0.0,0.0,0.0,0.0,0.0,0.0,0.0,4
2022_14_CAR_SEA,2022,REG,14,2022-12-11,Sunday,16:25,CAR,30,SEA,24,Home,-6,54,0,2022121108,59042,,202212110sea,,401437898,6083.0,14,7,178.0,-200.0,3.5,106.0,-117.0,44.5,-109.0,-104.0,0,outdoors,fieldturf,45.0,4.0,00-0034869,00-0030565,Sam Darnold,Geno Smith,Steve Wilks,Pete Carroll,Bill Vinovich,SEA00,Lumen Field,47.5952,-122.3316,2022-12-11 21:25:00+00:00,44.849999999999994,45.3,8.850000000000001,9.4,15.675,17.2,0.0,0.0,0.0,0.0,0.0,0.0,0.0,4
2022_14_TB_SF,2022,REG,14,2022-12-11,Sunday,16:25,TB,7,SF,35,Home,28,42,0,2022121109,59043,,202212110sfo,,401437897,6084.0,6,7,175.0,-196.0,3.5,-107.0,-103.0,38.0,104.0,-117.0,0,outdoors,grass,54.0,8.0,00-0019596,00-0037834,Tom Brady,Brock Purdy,Todd Bowles,Kyle Shanahan,Brad Allen,SFO01,Levi's Stadium,37.403,-121.97,2022-12-11 21:25:00+00:00,51.650000000000006,52.3,7.35,9.0,14.875,15.4,0.17500000000000002,0.4,0.7000000000000001,0.0,0.0,0.0,0.17500000000000002,4
2022_15_SF_SEA,2022,REG,15,2022-12-15,Thursday,20:15,SF,21,SEA,13,Home,-8,34,0,2022121500,59046,,202212150sea,,401437901,6087.0,4,4,-169.0,152.0,-3.0,-115.0,104.0,43.0,-109.0,-103.0,1,outdoors,fieldturf,,,00-0037834,00-0030565,Brock Purdy,Geno Smith,Kyle Shanahan,Pete Carroll,Alex Kemp,SEA00,Lumen Field,47.5952,-122.3316,2022-12-16 01:15:00+00:00,37.2,38.9,7.675,8.9,14.149999999999999,15.2,0.0,0.0,0.0,0.0,0.0,0.0,0.0,4
2022_15_BAL_CLE,2022,REG,15,2022-12-17,Saturday,16:30,BAL,3,CLE,13,Home,10,16,0,2022121701,59048,,202212170cle,,401437903,6089.0,6,6,139.0,-155.0,2.5,113.0,-125.0,39.5,-107.0,-105.0,1,outdoors,grass,34.0,12.0,00-0035993,00-0033537,Tyler Huntley,Deshaun Watson,John Harbaugh,Kevin Stefanski,Brad Allen,CLE00,FirstEnergy Stadium,41.506111,-81.699444,2022-12-17 21:30:00+00:00,32.449999999999996,33.4,11.874999999999998,12.4,19.775,23.7,0.0,0.0,0.0,0.0,0.0,0.0,0.0,4
2022_15_MIA_BUF,2022,REG,15,2022-12-17,Saturday,20:15,MIA,29,BUF,32,Home,3,61,0,2022121702,59047,,202212170buf,,401437902,6088.0,6,6,273.0,-320.0,7.0,-104.0,-106.0,44.0,106.0,-119.0,1,outdoors,a_turf,29.0,4.0,00-0036212,00-0034857,Tua Tagovailoa,Josh Allen,Mike McDaniel,Sean McDermott,Bill Vinovich,BUF00,New Era Field,42.774,-78.787,2022-12-18 01:15:00+00:00,30.075,30.5,12.0,14.2,22.775,26.6,0.0,0.0,0.0,0.14,0.21,0.56,0.2,4
2022_15_PIT_CAR,2022,REG,15,2022-12-18,Sunday,13:00,PIT,24,CAR,16,Home,-8,40,0,2022121800,59052,,202212180car,,401437907,6093.0,7,7,130.0,-145.0,2.5,-100.0,-110.0,36.5,101.0,-114.0,0,outdoors,grass,47.0,7.0,00-0038102,00-0034869,Kenny Pickett,Sam Darnold,Mike Tomlin,Steve Wilks,Scott Novak,CAR00,Bank of America Stadium,35.225833,-80.852778,2022-12-18 18:00:00+00:00,45.6,45.7,8.0,8.3,17.15,17.4,0.0,0.0,0.0,0.0,0.0,0.0,0.0,4
2022_15_PHI_CHI,2022,REG,15,2022-12-18,Sunday,13:00,PHI,25,CHI,20,Home,-5,45,0,2022121801,59053,,202212180chi,,401437908,6094.0,7,14,-386.0,323.0,-8.5,-104.0,-106.0,48.0,-110.0,-103.0,0,outdoors,grass,17.0,17.0,00-0036389,00-0036945,Jalen Hurts,Justin Fields,Nick Sirianni,Matt Eberflus,Brad Rogers,CHI98,Soldier Field,41.8623,-87.6167,2022-12-18 18:00:00+00:00,23.5,24.1,13.325000000000001,14.6,22.450000000000003,25.1,0.0,0.0,0.0,0.0,0.0,0.0,0.0,4
2022_15_DAL_JAX,2022,REG,15,2022-12-18,Sunday,13:00,DAL,34,JAX,40,Home,6,74,1,2022121803,59055,,202212180jax,,401437910,6096.0,7,7,-188.0,168.0,-4.0,100.0,-110.0,48.5,-103.0,-110.0,0,outdoors,grass,54.0,9.0,00-0033077,00-0036971,Dak Prescott,Trevor Lawrence,Mike McCarthy,Doug Pederson,Shawn Smith,JAX00,TIAA Bank Stadium,30.323889,-81.6375,2022-12-18 18:00:00+00:00,56.275000000000006,55.0,7.35,7.4,15.049999999999999,16.6,0.0,0.0,0.0,0.0,0.0,0.0,0.0,4
2022_15_DET_NYJ,2022,REG,15,2022-12-18,Sunday,13:00,DET,20,NYJ,17,Home,-3,37,0,2022121804,59056,,202212180nyj,,401437911,6097.0,7,7,120.0,-132.0,2.0,-100.0,-110.0,44.0,-109.0,-103.0,0,outdoors,fieldturf,38.0,13.0,00-0033106,00-0037013,Jared Goff,Zach Wilson,Dan Campbell,Robert Saleh,Craig Wrolstad,NYC01,MetLife Stadium,40.813528,-74.074361,2022-12-18 18:00:00+00:00,38.724999999999994,39.0,12.075,13.5,24.75,25.1,0.0,0.0,0.0,0.0,0.0,0.0,0.0,4
2022_15_ARI_DEN,2022,REG,15,2022-12-18,Sunday,16:05,ARI,15,DEN,24,Home,9,39,0,2022121805,59057,,202212180den,,401437912,6098.0,6,7,110.0,-121.0,1.5,-104.0,-106.0,37.5,-110.0,-103.0,0,outdoors,grass,37.0,4.0,00-0027688,00-0034955,Colt McCoy,Brett Rypien,Kliff Kingsbury,Nathaniel Hackett,Jerome Boger,DEN00,Empower Field at Mile High,39.743889,-105.02,2022-12-18 21:05:00+00:00,32.45,38.8,4.975,5.5,9.174999999999999,10.5,0.0,0.0,0.0,0.0,0.0,0.0,0.0,4
2022_15_CIN_TB,2022,REG,15,2022-12-18,Sunday,16:25,CIN,34,TB,23,Home,-11,57,0,2022121807,59059,,202212180tam,,401437914,6100.0,7,7,-167.0,150.0,-3.5,108.0,-120.0,47.0,101.0,-114.0,0,outdoors,grass,66.0,6.0,00-0036442,00-0019596,Joe Burrow,Tom Brady,Zac Taylor,Todd Bowles,Adrian Hill,TAM00,Raymond James Stadium,27.975833,-82.503333,2022-12-18 21:25:00+00:00,59.8,63.9,9.05,10.6,15.225,17.2,0.0,0.0,0.0,0.0,0.0,0.0,0.0,4
2022_15_NYG_WAS,2022,REG,15,2022-12-18,Sunday,20:20,NYG,20,WAS,12,Home,-8,32,0,2022121810,59051,,202212180was,,401437906,6092.0,7,14,180.0,-203.0,4.5,-114.0,103.0,40.5,-104.0,-108.0,1,outdoors,grass,35.0,13.0,00-0035710,00-0031800,Daniel Jones,Taylor Heinicke,Brian Daboll,Ron Rivera,John Hussey,WAS00,FedExField,38.907778,-76.864444,2022-12-19 01:20:00+00:00,30.75,32.6,8.125,9.6,17.825,22.8,0.0,0.0,0.0,0.0,0.0,0.0,0.0,4
2022_15_LA_GB,2022,REG,15,2022-12-19,Monday,20:15,LA,12,GB,24,Home,12,36,0,2022121900,59061,,202212190gnb,,401437916,6102.0,11,15,301.0,-356.0,8.0,-111.0,101.0,39.5,-101.0,-111.0,0,outdoors,grass,15.0,4.0,00-0034855,00-0023459,Baker Mayfield,Aaron Rodgers,Sean McVay,Matt LaFleur,Shawn Hochuli,GNB00,Lambeau Field,44.501389,-88.062222,2022-12-20 01:15:00+00:00,14.175,11.8,4.4,6.0,7.475,8.5,0.0,0.0,0.0,0.035,0.07,0.14,0.05,4
2022_16_JAX_NYJ,2022,REG,16,2022-12-22,Thursday,20:15,JAX,19,NYJ,3,Home,-16,22,0,2022122200,59062,,202212220nyj,,401437917,6103.0,4,4,123.0,-136.0,2.5,-104.0,-106.0,36.5,-106.0,-106.0,0,outdoors,fieldturf,43.0,17.0,00-0036971,00-0037013,Trevor Lawrence,Zach Wilson,Doug Pederson,Robert Saleh,Brad Allen,NYC01,MetLife Stadium,40.813528,-74.074361,2022-12-23 01:15:00+00:00,43.7,41.4,17.925,19.6,32.65,34.7,0.6749999999999999,1.4,2.6999999999999997,0.0,0.0,0.0,0.6749999999999999,4
2022_16_ATL_BAL,2022,REG,16,2022-12-24,Saturday,13:00,ATL,9,BAL,17,Home,8,26,0,2022122400,59063,,202212240rav,,401437918,6104.0,6,7,238.0,-274.0,6.5,-108.0,-102.0,35.0,-105.0,-107.0,0,outdoors,grass,17.0,9.0,00-0038122,00-0035993,Desmond Ridder,Tyler Huntley,Arthur Smith,John Harbaugh,Bill Vinovich,BAL00,M&T Bank Stadium,39.278056,-76.622778,2022-12-24 18:00:00+00:00,19.5,19.2,15.05,15.6,27.849999999999998,28.4,0.0,0.0,0.0,0.0,0.0,0.0,0.0,4
2022_16_DET_CAR,2022,REG,16,2022-12-24,Saturday,13:00,DET,23,CAR,37,Home,14,60,0,2022122401,59064,,202212240car,,401437919,6105.0,6,6,-129.0,117.0,-2.5,101.0,-111.0,43.5,-112.0,-100.0,0,outdoors,grass,20.0,12.0,00-0033106,00-0034869,Jared Goff,Sam Darnold,Dan Campbell,Steve Wilks,Shawn Hochuli,CAR00,Bank of America Stadium,35.225833,-80.852778,2022-12-24 18:00:00+00:00,28.099999999999998,25.6,11.024999999999999,11.8,22.6,23.3,0.0,0.0,0.0,0.0,0.0,0.0,0.0,4
2022_16_BUF_CHI,2022,REG,16,2022-12-24,Saturday,13:00,BUF,35,CHI,13,Home,-22,48,0,2022122402,59065,,202212240chi,,401437920,6106.0,7,6,-360.0,304.0,-8.0,-110.0,-100.0,40.0,102.0,-115.0,0,outdoors,grass,7.0,17.0,00-0034857,00-0036945,Josh Allen,Justin Fields,Sean McDermott,Matt Eberflus,Carl Cheffers,CHI98,Soldier Field,41.8623,-87.6167,2022-12-24 18:00:00+00:00,13.4,11.3,22.15,22.9,34.6,35.8,0.0,0.0,0.0,0.0,0.0,0.0,0.0,4
2022_16_NO_CLE,2022,REG,16,2022-12-24,Saturday,13:00,NO,17,CLE,10,Home,-7,27,0,2022122403,59066,,202212240cle,,401437921,6107.0,6,7,162.0,-181.0,3.0,111.0,-123.0,32.0,-108.0,-104.0,0,outdoors,grass,6.0,27.0,00-0027973,00-0033537,Andy Dalton,Deshaun Watson,Dennis Allen,Kevin Stefanski,Brad Rogers,CLE00,FirstEnergy Stadium,41.506111,-81.699444,2022-12-24 18:00:00+00:00,7.275,6.0,26.2,27.7,42.775000000000006,44.1,0.0,0.0,0.0,0.0,0.0,0.0,0.0,4
2022_16_SEA_KC,2022,REG,16,2022-12-24,Saturday,13:00,SEA,10,KC,24,Home,14,34,0,2022122404,59067,,202212240kan,,401437922,6108.0,9,6,367.0,-447.0,10.5,-107.0,-103.0,50.5,-105.0,-107.0,0,outdoors,grass,12.0,9.0,00-0030565,00-0033873,Geno Smith,Patrick Mahomes,Pete Carroll,Andy Reid,Clete Blakeman,KAN00,GEHA Field at Arrowhead Stadium,39.048889,-94.483889,2022-12-24 18:00:00+00:00,19.475,16.9,10.15,10.4,22.924999999999997,23.9,0.0,0.0,0.0,0.0,0.0,0.0,0.0,4
2022_16_CIN_NE,2022,REG,16,2022-12-24,Saturday,13:00,CIN,22,NE,18,Home,-4,40,0,2022122406,59069,,202212240nwe,,401437924,6110.0,6,6,-151.0,136.0,-3.0,100.0,-110.0,42.0,-109.0,-103.0,0,outdoors,fieldturf,21.0,2.0,00-0036442,00-0036972,Joe Burrow,Mac Jones,Zac Taylor,Bill Belichick,Craig Wrolstad,BOS00,Gillette Stadium,42.091,-71.264,2022-12-24 18:00:00+00:00,18.450000000000003,18.8,11.175,11.6,26.675,27.3,0.0,0.0,0.0,0.0,0.0,0.0,0.0,4
2022_16_HOU_TEN,2022,REG,16,2022-12-24,Saturday,14:00,HOU,19,TEN,14,Home,-5,33,0,2022122407,59070,,202212240oti,,401437925,6111.0,6,6,153.0,-170.0,3.0,103.0,-113.0,34.0,-111.0,-101.0,1,outdoors,grass,22.0,14.0,00-0036898,00-0038128,Davis Mills,Malik Willis,Lovie Smith,Mike Vrabel,Shawn Smith,NAS00,Nissan Stadium,36.166389,-86.771389,2022-12-24 19:00:00+00:00,25.450000000000003,24.7,11.225,11.6,22.375,22.8,0.0,0.0,0.0,0.0,0.0,0.0,0.0,4
2022_16_WAS_SF,2022,REG,16,2022-12-24,Saturday,16:05,WAS,20,SF,37,Home,17,57,0,2022122408,59071,,202212240sfo,,401437926,6112.0,6,9,241.0,-279.0,6.5,-107.0,-103.0,37.5,-114.0,102.0,0,outdoors,grass,54.0,2.0,00-0031800,00-0037834,Taylor Heinicke,Brock Purdy,Ron Rivera,Kyle Shanahan,Jerome Boger,SFO01,Levi's Stadium,37.403,-121.97,2022-12-24 21:05:00+00:00,58.025,57.2,5.5,6.9,11.55,12.3,0.0,0.0,0.0,0.0,0.0,0.0,0.0,4
2022_16_LV_PIT,2022,REG,16,2022-12-24,Saturday,20:15,LV,10,PIT,13,Home,3,23,0,2022122410,59073,,202212240pit,,401437928,6114.0,6,6,127.0,-141.0,2.5,-108.0,-102.0,38.5,-110.0,-102.0,0,outdoors,grass,9.0,21.0,00-0031280,00-0038102,Derek Carr,Kenny Pickett,Josh McDaniels,Mike Tomlin,Tra Blake,PIT00,Acrisure Stadium,40.446667,-80.015833,2022-12-25 01:15:00+00:00,9.875,8.9,12.174999999999999,13.1,29.15,31.8,0.0,0.0,0.0,0.035,0.07,0.14,0.05,4
2022_16_GB_MIA,2022,REG,16,2022-12-25,Sunday,13:00,GB,26,MIA,20,Home,-6,46,0,2022122500,59074,,202212250mia,,401437929,6115.0,6,8,163.0,-182.0,3.5,-107.0,-103.0,49.0,-103.0,-109.0,0,outdoors,grass,45.0,14.0,00-0023459,00-0036212,Aaron Rodgers,Tua Tagovailoa,Matt LaFleur,Mike McDaniel,Land Clark,MIA00,Hard Rock Stadium,25.958056,-80.238889,2022-12-25 18:00:00+00:00,44.875,44.9,9.1,9.3,17.724999999999998,18.1,0.30000000000000004,0.4,1.2000000000000002,0.0,0.0,0.0,0.30000000000000004,4
2022_16_TB_ARI,2022,REG,16,2022-12-25,Sunday,20:20,TB,19,ARI,16,Home,-3,35,1,2022122502,59076,,202212250crd,,401437930,6117.0,7,7,-320.0,273.0,-7.5,102.0,-113.0,41.5,-104.0,-108.0,0,open,grass,,,00-0019596,00-0035146,Tom Brady,Trace McSorley,Todd Bowles,Kliff Kingsbury,John Hussey,PHO00,State Farm Stadium,33.528,-112.263,2022-12-26 01:20:00+00:00,60.6,68.5,3.825,5.4,5.65,7.4,0.0,0.0,0.0,0.0,0.0,0.0,0.0,4
2022_17_DAL_TEN,2022,REG,17,2022-12-29,Thursday,20:15,DAL,27,TEN,13,Home,-14,40,0,2022122900,59078,,202212290oti,,401437932,6119.0,5,5,-741.0,563.0,-14.0,-100.0,-110.0,41.0,-113.0,101.0,0,outdoors,grass,56.0,4.0,00-0033077,00-0033949,Dak Prescott,Joshua Dobbs,Mike McCarthy,Mike Vrabel,Shawn Hochuli,NAS00,Nissan Stadium,36.166389,-86.771389,2022-12-30 01:15:00+00:00,53.875,52.8,9.95,11.3,16.525,18.8,0.2,0.4,0.8,0.0,0.0,0.0,0.2,4
2022_17_DEN_KC,2022,REG,17,2023-01-01,Sunday,13:00,DEN,24,KC,27,Home,3,51,0,2023010104,59083,,202301010kan,,401437937,6124.0,7,8,544.0,-711.0,13.5,-114.0,104.0,46.0,-104.0,-108.0,1,outdoors,grass,47.0,2.0,00-0029263,00-0033873,Russell Wilson,Patrick Mahomes,Jay Rosburg,Andy Reid,Tra Blake,KAN00,GEHA Field at Arrowhead Stadium,39.048889,-94.483889,2023-01-01 18:00:00+00:00,52.575,51.1,5.675000000000001,6.9,13.425,14.8,0.0,0.0,0.0,0.0,0.0,0.0,0.0,4
2022_17_MIA_NE,2022,REG,17,2023-01-01,Sunday,13:00,MIA,21,NE,23,Home,2,44,0,2023010105,59084,,202301010nwe,,401437938,6125.0,7,8,144.0,-160.0,3.0,-106.0,-104.0,41.5,-107.0,-105.0,1,outdoors,fieldturf,53.0,2.0,00-0031237,00-0036972,Teddy Bridgewater,Mac Jones,Mike McDaniel,Bill Belichick,Brad Allen,BOS00,Gillette Stadium,42.091,-71.264,2023-01-01 18:00:00+00:00,48.699999999999996,50.4,9.350000000000001,10.5,22.65,26.2,0.0,0.0,0.0,0.0,0.0,0.0,0.0,4
2022_17_IND_NYG,2022,REG,17,2023-01-01,Sunday,13:00,IND,10,NYG,38,Home,28,48,0,2023010106,59085,,202301010nyg,,401437939,6126.0,6,8,202.0,-229.0,5.5,-105.0,-105.0,38.5,-103.0,-109.0,0,outdoors,fieldturf,52.0,14.0,00-0029567,00-0035710,Nick Foles,Daniel Jones,Jeff Saturday,Brian Daboll,Craig Wrolstad,NYC01,MetLife Stadium,40.813528,-74.074361,2023-01-01 18:00:00+00:00,51.949999999999996,52.7,8.025,10.2,17.400000000000002,19.5,0.0,0.0,0.0,0.0,0.0,0.0,0.0,4
2022_17_NO_PHI,2022,REG,17,2023-01-01,Sunday,13:00,NO,20,PHI,10,Home,-10,30,0,2023010107,59086,,202301010phi,,401437940,6127.0,8,8,198.0,-225.0,5.5,-110.0,-100.0,41.5,101.0,-113.0,0,outdoors,grass,54.0,11.0,00-0027973,00-0035289,Andy Dalton,Gardner Minshew,Dennis Allen,Nick Sirianni,Jerome Boger,PHI00,Lincoln Financial Field,39.900833,-75.1675,2023-01-01 18:00:00+00:00,55.325,55.9,6.175000000000001,7.2,13.5,14.5,0.0,0.0,0.0,0.0,0.0,0.0,0.0,4
2022_17_CAR_TB,2022,REG,17,2023-01-01,Sunday,13:00,CAR,24,TB,30,Home,6,54,0,2023010108,59087,,202301010tam,,401437941,6128.0,8,7,164.0,-184.0,3.5,-110.0,-100.0,40.5,-103.0,-109.0,1,outdoors,grass,75.0,2.0,00-0034869,00-0019596,Sam Darnold,Tom Brady,Steve Wilks,Todd Bowles,Brad Rogers,TAM00,Raymond James Stadium,27.975833,-82.503333,2023-01-01 18:00:00+00:00,75.375,74.8,4.175000000000001,4.5,10.75,11.2,0.0,0.0,0.0,0.0,0.0,0.0,0.0,4
2022_17_CLE_WAS,2022,REG,17,2023-01-01,Sunday,13:00,CLE,24,WAS,10,Home,-14,34,0,2023010109,59088,,202301010was,,401437942,6129.0,8,8,106.0,-117.0,1.0,-101.0,-110.0,41.5,-109.0,-103.0,0,outdoors,grass,59.0,9.0,00-0033537,00-0032950,Deshaun Watson,Carson Wentz,Kevin Stefanski,Ron Rivera,Bill Vinovich,WAS00,FedExField,38.907778,-76.864444,2023-01-01 18:00:00+00:00,59.150000000000006,59.1,3.6249999999999996,5.5,12.1,17.0,0.0,0.0,0.0,0.0,0.0,0.0,0.0,4
2022_17_NYJ_SEA,2022,REG,17,2023-01-01,Sunday,16:05,NYJ,6,SEA,23,Home,17,29,0,2023010111,59090,,202301010sea,,401437944,6131.0,10,8,-113.0,102.0,-1.0,-105.0,-105.0,43.0,-103.0,-109.0,0,outdoors,fieldturf,45.0,2.0,00-0034401,00-0030565,Mike White,Geno Smith,Robert Saleh,Pete Carroll,Ron Torbert,SEA00,Lumen Field,47.5952,-122.3316,2023-01-01 21:05:00+00:00,44.925000000000004,45.6,2.325,3.0,6.875,7.6,0.0,0.0,0.0,0.0,0.0,0.0,0.0,4
2022_17_MIN_GB,2022,REG,17,2023-01-01,Sunday,16:25,MIN,17,GB,41,Home,24,58,0,2023010112,59091,,202301010gnb,,401437945,6132.0,8,7,155.0,-173.0,3.0,106.0,-117.0,47.5,-103.0,-109.0,1,outdoors,grass,39.0,7.0,00-0029604,00-0023459,Kirk Cousins,Aaron Rodgers,Kevin O'Connell,Matt LaFleur,Carl Cheffers,GNB00,Lambeau Field,44.501389,-88.062222,2023-01-01 21:25:00+00:00,34.35,39.0,6.525,9.0,13.649999999999999,17.7,0.0,0.0,0.0,0.0,0.0,0.0,0.0,4
2022_17_PIT_BAL,2022,REG,17,2023-01-01,Sunday,20:20,PIT,16,BAL,13,Home,-3,29,0,2023010101,59080,,202301010rav,,401437934,6121.0,8,8,110.0,-121.0,1.0,102.0,-113.0,35.5,-105.0,-107.0,1,outdoors,grass,44.0,2.0,00-0038102,00-0035993,Kenny Pickett,Tyler Huntley,Mike Tomlin,John Harbaugh,Land Clark,BAL00,M&T Bank Stadium,39.278056,-76.622778,2023-01-02 01:20:00+00:00,43.7,44.9,5.975,6.3,8.075,8.5,0.0,0.0,0.0,0.0,0.0,0.0,0.0,4
2022_18_TEN_JAX,2022,REG,18,2023-01-07,Saturday,20:15,TEN,16,JAX,20,Home,4,36,0,2023010701,59100,,202301070jax,,401437954,6141.0,9,6,227.0,-260.0,6.0,-106.0,-104.0,39.5,-106.0,-106.0,1,outdoors,grass,56.0,4.0,00-0033949,00-0036971,Joshua Dobbs,Trevor Lawrence,Mike Vrabel,Doug Pederson,Bill Vinovich,JAX00,TIAA Bank Stadium,30.323889,-81.6375,2023-01-08 01:15:00+00:00,50.324999999999996,49.4,5.699999999999999,6.3,7.975,8.3,0.0,0.0,0.0,0.0,0.0,0.0,0.0,4
2022_18_NE_BUF,2022,REG,18,2023-01-08,Sunday,13:00,NE,23,BUF,35,Home,12,58,0,2023010801,59095,,202301080buf,,401437949,6136.0,7,6,314.0,-373.0,8.0,104.0,-115.0,44.0,-104.0,-108.0,1,outdoors,a_turf,30.0,6.0,00-0036972,00-0034857,Mac Jones,Josh Allen,Bill Belichick,Sean McDermott,Clay Martin,BUF00,New Era Field,42.774,-78.787,2023-01-08 18:00:00+00:00,32.025,32.8,5.05,6.8,13.45,15.4,0.0,0.0,0.0,0.0,0.0,0.0,0.0,4
2022_18_MIN_CHI,2022,REG,18,2023-01-08,Sunday,13:00,MIN,29,CHI,13,Home,-16,42,0,2023010802,59096,,202301080chi,,401437950,6137.0,7,7,-260.0,227.0,-6.5,-104.0,-106.0,42.5,-103.0,-109.0,1,outdoors,grass,32.0,2.0,00-0029604,00-0033958,Kirk Cousins,Nathan Peterman,Kevin O'Connell,Matt Eberflus,Brad Allen,CHI98,Soldier Field,41.8623,-87.6167,2023-01-08 18:00:00+00:00,33.550000000000004,32.3,4.074999999999999,7.1,9.0,11.9,0.0,0.0,0.0,0.0,0.0,0.0,0.0,4
2022_18_BAL_CIN,2022,REG,18,2023-01-08,Sunday,13:00,BAL,16,CIN,27,Home,11,43,0,2023010803,59097,,202301080cin,,401437951,6138.0,7,6,474.0,-603.0,11.0,105.0,-116.0,39.0,-102.0,-110.0,1,outdoors,fieldturf,38.0,7.0,00-0037175,00-0036442,Anthony Brown,Joe Burrow,John Harbaugh,Zac Taylor,Ron Torbert,CIN00,Paycor Stadium,39.095,-84.516,2023-01-08 18:00:00+00:00,38.099999999999994,38.4,4.675,5.6,10.975,11.4,0.15000000000000002,0.3,0.6000000000000001,0.0,0.0,0.0,0.15000000000000002,4
2022_18_NYJ_MIA,2022,REG,18,2023-01-08,Sunday,13:00,NYJ,6,MIA,11,Home,5,17,0,2023010807,59101,,202301080mia,,401437955,6142.0,7,7,178.0,-200.0,3.5,-103.0,-107.0,37.5,-110.0,-103.0,1,outdoors,grass,75.0,9.0,00-0026158,00-0037327,Joe Flacco,Skylar Thompson,Robert Saleh,Mike McDaniel,John Hussey,MIA00,Hard Rock Stadium,25.958056,-80.238889,2023-01-08 18:00:00+00:00,76.9,77.5,6.799999999999999,7.6,15.850000000000001,16.8,0.0,0.0,0.0,0.0,0.0,0.0,0.0,4
2022_18_CLE_PIT,2022,REG,18,2023-01-08,Sunday,13:00,CLE,14,PIT,28,Home,14,42,0,2023010810,59104,,202301080pit,,401437958,6145.0,7,7,128.0,-142.0,2.5,-101.0,-109.0,40.0,-106.0,-106.0,1,outdoors,grass,36.0,8.0,00-0033537,00-0038102,Deshaun Watson,Kenny Pickett,Kevin Stefanski,Mike Tomlin,Clete Blakeman,PIT00,Acrisure Stadium,40.446667,-80.015833,2023-01-08 18:00:00+00:00,40.05,38.4,3.7250000000000005,4.2,10.75,11.9,0.0,0.0,0.0,0.0,0.0,0.0,0.0,4
2022_18_LAC_DEN,2022,REG,18,2023-01-08,Sunday,16:25,LAC,28,DEN,31,Home,3,59,0,2023010812,59106,,202301080den,,401437960,6147.0,7,7,222.0,-254.0,6.0,-104.0,-106.0,38.5,-103.0,-110.0,1,outdoors,grass,43.0,4.0,00-0036355,00-0029263,Justin Herbert,Russell Wilson,Brandon Staley,Jay Rosburg,Shawn Hochuli,DEN00,Empower Field at Mile High,39.743889,-105.02,2023-01-08 21:25:00+00:00,36.050000000000004,38.8,7.1,7.9,9.225,9.6,0.0,0.0,0.0,0.0,0.0,0.0,0.0,4
2022_18_NYG_PHI,2022,REG,18,2023-01-08,Sunday,16:25,NYG,16,PHI,22,Home,6,38,0,2023010809,59103,,202301080phi,,401437957,6144.0,7,7,858.0,-1252.0,16.5,-103.0,-107.0,42.5,-105.0,-107.0,1,outdoors,grass,43.0,12.0,00-0033550,00-0036389,Davis Webb,Jalen Hurts,Brian Daboll,Nick Sirianni,Carl Cheffers,PHI00,Lincoln Financial Field,39.900833,-75.1675,2023-01-08 21:25:00+00:00,37.675,41.0,4.35,4.9,8.325,10.7,0.0,0.0,0.0,0.0,0.0,0.0,0.0,4
2022_18_LA_SEA,2022,REG,18,2023-01-08,Sunday,16:25,LA,16,SEA,19,Home,3,35,1,2023010814,59108,,202301080sea,,401437963,6149.0,7,7,198.0,-224.0,5.5,-112.0,102.0,41.5,-101.0,-111.0,1,outdoors,fieldturf,45.0,4.0,00-0034855,00-0030565,Baker Mayfield,Geno Smith,Sean McVay,Pete Carroll,Craig Wrolstad,SEA00,Lumen Field,47.5952,-122.3316,2023-01-08 21:25:00+00:00,46.875,46.0,14.55,17.5,26.0,30.6,0.55,1.2,2.2,0.0,0.0,0.0,0.55,4
2022_18_ARI_SF,2022,REG,18,2023-01-08,Sunday,16:25,ARI,13,SF,38,Home,25,51,0,2023010815,59109,,202301080sfo,,401437962,6150.0,7,7,753.0,-1061.0,14.0,100.0,-111.0,40.0,-107.0,-105.0,1,outdoors,grass,57.0,2.0,00-0035040,00-0037834,David Blough,Brock Purdy,Kliff Kingsbury,Kyle Shanahan,Adrian Hill,SFO01,Levi's Stadium,37.403,-121.97,2023-01-08 21:25:00+00:00,61.775000000000006,61.5,9.2,9.6,16.45,17.9,0.0,0.0,0.0,0.0,0.0,0.0,0.0,4
2022_18_DAL_WAS,2022,REG,18,2023-01-08,Sunday,16:25,DAL,6,WAS,26,Home,20,32,0,2023010811,59105,,202301080was,,401437959,6146.0,10,7,-320.0,274.0,-7.5,-100.0,-110.0,40.5,-104.0,-108.0,1,outdoors,grass,42.0,7.0,00-0033077,00-0037077,Dak Prescott,Sam Howell,Mike McCarthy,Ron Rivera,Tra Blake,WAS00,FedExField,38.907778,-76.864444,2023-01-08 21:25:00+00:00,41.05,42.3,5.55,6.8,11.175,12.1,0.0,0.0,0.0,0.0,0.0,0.0,0.0,4
2022_18_DET_GB,2022,REG,18,2023-01-08,Sunday,20:20,DET,20,GB,16,Home,-4,36,0,2023010804,59098,,202301080gnb,,401437952,6139.0,7,7,237.0,-273.0,5.5,-110.0,-100.0,49.0,-113.0,101.0,1,outdoors,grass,21.0,4.0,00-0033106,00-0023459,Jared Goff,Aaron Rodgers,Dan Campbell,Matt LaFleur,Brad Rogers,GNB00,Lambeau Field,44.501389,-88.062222,2023-01-09 01:20:00+00:00,22.650000000000002,23.0,9.6,9.9,17.375,18.1,0.0,0.0,0.0,0.0,0.0,0.0,0.0,4
2023_01_DET_KC,2023,REG,1,2023-09-07,Thursday,20:20,DET,21,KC,20,Home,-1,41,0,2023090700,59173,,202309070kan,,401547353,,7,7,164.0,-198.0,4.0,-110.0,-110.0,53.0,-110.0,-110.0,0,outdoors,,,,00-0033106,00-0033873,Jared Goff,Patrick Mahomes,Dan Campbell,Andy Reid,John Hussey,KAN00,GEHA Field at Arrowhead Stadium,39.048889,-94.483889,2023-09-08 00:20:00+00:00,73.65,77.8,6.5,7.0,12.7,13.6,0.0,0.0,0.0,0.0,0.0,0.0,0.0,4
2023_01_HOU_BAL,2023,REG,1,2023-09-10,Sunday,13:00,HOU,9,BAL,25,Home,16,34,0,2023091001,59175,,202309100rav,,401547396,,7,7,380.0,-500.0,9.5,-110.0,-110.0,43.5,-110.0,-110.0,0,outdoors,,,,00-0039163,00-0034796,C.J. Stroud,Lamar Jackson,DeMeco Ryans,John Harbaugh,Tra Blake,BAL00,M&T Bank Stadium,39.278056,-76.622778,2023-09-10 17:00:00+00:00,75.625,72.4,3.075,4.0,12.125,14.3,0.425,0.8,1.7,0.0,0.0,0.0,0.425,4
2023_01_CIN_CLE,2023,REG,1,2023-09-10,Sunday,13:00,CIN,3,CLE,24,Home,21,27,0,2023091002,59176,,202309100cle,,401547397,,7,7,-112.0,-108.0,-1.0,-105.0,-115.0,46.5,-110.0,-110.0,1,outdoors,,,,00-0036442,00-0033537,Joe Burrow,Deshaun Watson,Zac Taylor,Kevin Stefanski,Clete Blakeman,CLE00,FirstEnergy Stadium,41.506111,-81.699444,2023-09-10 17:00:00+00:00,68.0,68.4,8.825,10.5,12.399999999999999,14.3,0.0,0.0,0.0,0.0,0.0,0.0,0.0,4
2023_01_SF_PIT,2023,REG,1,2023-09-10,Sunday,13:00,SF,30,PIT,7,Home,-23,37,0,2023091006,59180,,202309100pit,,401547405,,7,7,-120.0,100.0,-1.5,-108.0,-112.0,41.5,-110.0,-110.0,0,outdoors,,,,00-0037834,00-0038102,Brock Purdy,Kenny Pickett,Kyle Shanahan,Mike Tomlin,Alex Kemp,PIT00,Acrisure Stadium,40.446667,-80.015833,2023-09-10 17:00:00+00:00,73.675,71.3,4.95,5.6,13.325,14.1,0.05,0.1,0.2,0.0,0.0,0.0,0.05,4
2023_01_ARI_WAS,2023,REG,1,2023-09-10,Sunday,13:00,ARI,16,WAS,20,Home,4,36,0,2023091007,59181,,202309100was,,401547406,,7,7,270.0,-340.0,7.0,-108.0,-112.0,38.0,-110.0,-110.0,0,outdoors,,,,00-0033949,00-0037077,Joshua Dobbs,Sam Howell,Jonathan Gannon,Ron Rivera,Alan Eck,WAS00,FedExField,38.907778,-76.864444,2023-09-10 17:00:00+00:00,75.22500000000001,71.9,1.5750000000000002,3.1,10.0,12.3,0.24999999999999997,0.6,0.9999999999999999,0.0,0.0,0.0,0.24999999999999997,4
2023_01_GB_CHI,2023,REG,1,2023-09-10,Sunday,16:25,GB,38,CHI,20,Home,-18,58,0,2023091008,59182,,202309100chi,,401547407,,7,7,-102.0,-118.0,1.0,-110.0,-110.0,41.0,-112.0,-108.0,1,outdoors,,,,00-0036264,00-0036945,Jordan Love,Justin Fields,Matt LaFleur,Matt Eberflus,Craig Wrolstad,CHI98,Soldier Field,41.8623,-87.6167,2023-09-10 20:25:00+00:00,73.55,73.7,8.925,9.3,16.1,16.6,0.0,0.0,0.0,0.0,0.0,0.0,0.0,4
2023_01_LV_DEN,2023,REG,1,2023-09-10,Sunday,16:25,LV,17,DEN,16,Home,-1,33,0,2023091009,59183,,202309100den,,401547400,,7,7,136.0,-162.0,3.0,-105.0,-115.0,43.0,-110.0,-110.0,1,outdoors,,,,00-0031345,00-0029263,Jimmy Garoppolo,Russell Wilson,Josh McDaniels,Sean Payton,Bill Vinovich,DEN00,Empower Field at Mile High,39.743889,-105.02,2023-09-10 20:25:00+00:00,67.0,70.0,8.6,13.2,19.3,22.8,0.375,0.8,1.5,0.0,0.0,0.0,0.375,4
2023_01_PHI_NE,2023,REG,1,2023-09-10,Sunday,16:25,PHI,25,NE,20,Home,-5,45,0,2023091011,59185,,202309100nwe,,401547402,,7,7,-185.0,154.0,-3.5,-110.0,-110.0,44.5,-112.0,-108.0,0,outdoors,,,,00-0036389,00-0036972,Jalen Hurts,Mac Jones,Nick Sirianni,Bill Belichick,Shawn Hochuli,BOS00,Gillette Stadium,42.091,-71.264,2023-09-10 20:25:00+00:00,71.45,72.9,2.9,4.1,8.774999999999999,9.2,0.775,2.2,3.1,0.0,0.0,0.0,0.775,4
2023_01_LA_SEA,2023,REG,1,2023-09-10,Sunday,16:25,LA,30,SEA,13,Home,-17,43,0,2023091012,59186,,202309100sea,,401547408,,7,7,180.0,-218.0,4.5,-110.0,-110.0,45.0,-110.0,-110.0,1,outdoors,,,,00-0026498,00-0030565,Matthew Stafford,Geno Smith,Sean McVay,Pete Carroll,Shawn Smith,SEA00,Lumen Field,47.5952,-122.3316,2023-09-10 20:25:00+00:00,78.075,74.6,9.0,9.6,17.224999999999998,17.7,0.0,0.0,0.0,0.0,0.0,0.0,0.0,4
2023_01_DAL_NYG,2023,REG,1,2023-09-10,Sunday,20:20,DAL,40,NYG,0,Home,-40,40,0,2023091013,59187,,202309100nyg,,401547409,,7,7,-170.0,142.0,-3.5,100.0,-120.0,44.5,-110.0,-110.0,1,outdoors,,,,00-0033077,00-0035710,Dak Prescott,Daniel Jones,Mike McCarthy,Brian Daboll,Adrian Hill,NYC01,MetLife Stadium,40.813528,-74.074361,2023-09-11 00:20:00+00:00,69.225,70.7,2.9,4.2,9.625,13.2,3.3999999999999995,9.6,13.599999999999998,0.0,0.0,0.0,3.3999999999999995,4
2023_01_BUF_NYJ,2023,REG,1,2023-09-11,Monday,20:15,BUF,16,NYJ,22,Home,6,38,1,2023091100,59188,,202309110nyj,,401547352,,7,7,-135.0,114.0,-2.5,-110.0,-110.0,44.5,-110.0,-110.0,1,outdoors,,,,00-0034857,00-0023459,Josh Allen,Aaron Rodgers,Sean McDermott,Robert Saleh,Carl Cheffers,NYC01,MetLife Stadium,40.813528,-74.074361,2023-09-12 00:15:00+00:00,71.175,72.5,2.6999999999999997,4.1,6.775,11.4,1.025,4.0,4.1,0.0,0.0,0.0,1.025,4
2023_02_MIN_PHI,2023,REG,2,2023-09-14,Thursday,20:15,MIN,28,PHI,34,Home,6,62,0,2023091400,59189,,202309140phi,,401547410,,4,4,195.0,-238.0,6.0,-110.0,-110.0,49.0,-110.0,-110.0,0,outdoors,,,,00-0029604,00-0036389,Kirk Cousins,Jalen Hurts,Kevin O'Connell,Nick Sirianni,Clay Martin,PHI00,Lincoln Financial Field,39.900833,-75.1675,2023-09-15 00:15:00+00:00,65.975,67.9,9.774999999999999,10.3,16.174999999999997,18.1,0.0,0.0,0.0,0.0,0.0,0.0,0.0,4
2023_02_GB_ATL,2023,REG,2,2023-09-17,Sunday,13:00,GB,24,ATL,25,Home,1,49,0,2023091700,59190,,202309170atl,,401547417,,7,7,124.0,-148.0,3.0,-115.0,-105.0,40.5,-110.0,-110.0,0,open,,,,00-0036264,00-0038122,Jordan Love,Desmond Ridder,Matt LaFleur,Arthur Smith,Tra Blake,ATL97,Mercedes-Benz Stadium,33.755556,-84.4,2023-09-17 17:00:00+00:00,77.15,75.9,10.65,11.7,20.924999999999997,22.4,0.07500000000000001,0.2,0.30000000000000004,0.0,0.0,0.0,0.07500000000000001,4
2023_02_LV_BUF,2023,REG,2,2023-09-17,Sunday,13:00,LV,10,BUF,38,Home,28,48,0,2023091701,59191,,202309170buf,,401547411,,7,6,280.0,-355.0,7.5,-110.0,-110.0,47.0,-110.0,-110.0,0,outdoors,,,,00-0031345,00-0034857,Jimmy Garoppolo,Josh Allen,Josh McDaniels,Sean McDermott,Craig Wrolstad,BUF00,New Era Field,42.774,-78.787,2023-09-17 17:00:00+00:00,71.575,71.0,2.3499999999999996,4.2,9.325,11.4,0.0,0.0,0.0,0.0,0.0,0.0,0.0,4
2023_02_BAL_CIN,2023,REG,2,2023-09-17,Sunday,13:00,BAL,27,CIN,24,Home,-3,51,0,2023091702,59192,,202309170cin,,401547412,,7,7,145.0,-175.0,3.5,-118.0,-102.0,45.5,-110.0,-110.0,1,outdoors,,,,00-0034796,00-0036442,Lamar Jackson,Joe Burrow,John Harbaugh,Zac Taylor,Shawn Hochuli,CIN00,Paycor Stadium,39.095,-84.516,2023-09-17 17:00:00+00:00,74.15,73.2,4.125,4.8,12.475,13.0,0.0,0.0,0.0,0.0,0.0,0.0,0.0,4
2023_02_IND_HOU,2023,REG,2,2023-09-17,Sunday,13:00,IND,31,HOU,20,Home,-11,51,0,2023091704,59194,,202309170htx,,401547419,,7,7,-110.0,-110.0,-1.0,-105.0,-115.0,40.0,-110.0,-110.0,1,open,,,,00-0039164,00-0039163,Anthony Richardson,C.J. Stroud,Shane Steichen,DeMeco Ryans,Carl Cheffers,HOU00,NRG Stadium,29.684722,-95.410833,2023-09-17 17:00:00+00:00,88.075,86.5,6.925000000000001,8.6,15.875,17.0,0.0,0.0,0.0,0.0,0.0,0.0,0.0,4
2023_02_KC_JAX,2023,REG,2,2023-09-17,Sunday,13:00,KC,17,JAX,9,Home,-8,26,0,2023091705,59195,,202309170jax,,401547413,,10,7,-170.0,142.0,-3.5,-102.0,-118.0,50.5,-110.0,-110.0,0,outdoors,,,,00-0033873,00-0036971,Patrick Mahomes,Trevor Lawrence,Andy Reid,Doug Pederson,Adrian Hill,JAX00,TIAA Bank Stadium,30.323889,-81.6375,2023-09-17 17:00:00+00:00,82.9,85.1,6.475,9.4,17.174999999999997,20.4,3.9499999999999997,10.2,15.799999999999999,0.0,0.0,0.0,3.9499999999999997,4
2023_02_CHI_TB,2023,REG,2,2023-09-17,Sunday,13:00,CHI,17,TB,27,Home,10,44,0,2023091706,59196,,202309170tam,,401547420,,7,7,114.0,-135.0,2.5,-110.0,-110.0,41.0,-110.0,-110.0,0,outdoors,,,,00-0036945,00-0034855,Justin Fields,Baker Mayfield,Matt Eberflus,Todd Bowles,Bill Vinovich,TAM00,Raymond James Stadium,27.975833,-82.503333,2023-09-17 17:00:00+00:00,92.15,91.7,10.025,12.0,21.55,24.2,0.025,0.1,0.1,0.0,0.0,0.0,0.025,4
2023_02_LAC_TEN,2023,REG,2,2023-09-17,Sunday,13:00,LAC,24,TEN,27,Home,3,51,1,2023091707,59197,,202309170oti,,401547414,,7,7,-142.0,120.0,-2.5,-118.0,-102.0,45.5,-110.0,-110.0,0,outdoors,,,,00-0036355,00-0029701,Justin Herbert,Ryan Tannehill,Brandon Staley,Mike Vrabel,Alan Eck,NAS00,Nissan Stadium,36.166389,-86.771389,2023-09-17 17:00:00+00:00,74.325,72.7,6.2749999999999995,7.4,16.450000000000003,18.1,0.0,0.0,0.0,0.0,0.0,0.0,0.0,4
2023_02_NYJ_DAL,2023,REG,2,2023-09-17,Sunday,16:25,NYJ,10,DAL,30,Home,20,40,0,2023091710,59200,,202309170dal,,401547415,,6,7,300.0,-380.0,8.5,-110.0,-110.0,38.5,-110.0,-110.0,0,open,,,,00-0037013,00-0033077,Zach Wilson,Dak Prescott,Robert Saleh,Mike McCarthy,Clete Blakeman,DAL00,AT&T Stadium,32.747778,-97.092778,2023-09-17 20:25:00+00:00,86.475,86.3,4.5,4.7,11.75,12.8,0.0,0.0,0.0,0.0,0.0,0.0,0.0,4
2023_02_WAS_DEN,2023,REG,2,2023-09-17,Sunday,16:25,WAS,35,DEN,33,Home,-2,68,0,2023091711,59201,,202309170den,,401547416,,7,7,164.0,-198.0,4.0,-110.0,-110.0,38.5,-110.0,-110.0,0,outdoors,,,,00-0037077,00-0029263,Sam Howell,Russell Wilson,Ron Rivera,Sean Payton,Brad Rogers,DEN00,Empower Field at Mile High,39.743889,-105.02,2023-09-17 20:25:00+00:00,79.9,79.2,4.7,6.5,11.85,13.4,0.0,0.0,0.0,0.0,0.0,0.0,0.0,4
2023_02_MIA_NE,2023,REG,2,2023-09-17,Sunday,20:20,MIA,24,NE,17,Home,-7,41,0,2023091712,59202,,202309170nwe,,401547423,,7,7,-130.0,110.0,-2.0,-112.0,-108.0,46.5,-112.0,-108.0,1,outdoors,,,,00-0036212,00-0036972,Tua Tagovailoa,Mac Jones,Mike McDaniel,Bill Belichick,Shawn Smith,BOS00,Gillette Stadium,42.091,-71.264,2023-09-18 00:20:00+00:00,62.75000000000001,64.9,6.575000000000001,6.9,12.2,13.2,0.0,0.0,0.0,0.0,0.0,0.0,0.0,4
2023_02_NO_CAR,2023,REG,2,2023-09-18,Monday,19:15,NO,20,CAR,17,Home,-3,37,0,2023091800,59203,,202309180car,,401547425,,8,8,-175.0,145.0,-3.0,-118.0,-102.0,39.5,-108.0,-112.0,1,outdoors,,,,00-0031280,00-0039150,Derek Carr,Bryce Young,Dennis Allen,Frank Reich,Scott Novak,CAR00,Bank of America Stadium,35.225833,-80.852778,2023-09-18 23:15:00+00:00,70.95,74.9,2.7,3.7,4.8,6.5,0.0,0.0,0.0,0.0,0.0,0.0,0.0,4
2023_02_CLE_PIT,2023,REG,2,2023-09-18,Monday,20:15,CLE,22,PIT,26,Home,4,48,0,2023091801,59204,,202309180pit,,401547424,,8,8,-148.0,124.0,-2.5,-115.0,-105.0,39.0,-110.0,-110.0,1,outdoors,,,,00-0033537,00-0038102,Deshaun Watson,Kenny Pickett,Kevin Stefanski,Mike Tomlin,Ron Torbert,PIT00,Acrisure Stadium,40.446667,-80.015833,2023-09-19 00:15:00+00:00,59.05,61.5,6.65,7.4,13.875,15.9,0.0,0.0,0.0,0.0,0.0,0.0,0.0,4
2023_03_NYG_SF,2023,REG,3,2023-09-21,Thursday,20:15,NYG,12,SF,30,Home,18,42,0,2023092100,59205,,202309210sfo,,401547426,,4,4,400.0,-535.0,10.5,-105.0,-115.0,43.5,-108.0,-112.0,0,outdoors,grass,77.0,13.0,00-0035710,00-0037834,Daniel Jones,Brock Purdy,Brian Daboll,Kyle Shanahan,Shawn Hochuli,SFO01,Levi's Stadium,37.403,-121.97,2023-09-22 00:15:00+00:00,71.675,76.6,9.075000000000001,10.7,18.775000000000002,21.7,0.0,0.0,0.0,0.0,0.0,0.0,0.0,4
2023_03_IND_BAL,2023,REG,3,2023-09-24,Sunday,13:00,IND,22,BAL,19,Home,-3,41,1,2023092400,59206,,202309240rav,,401547427,,7,7,300.0,-380.0,7.5,-110.0,-110.0,43.5,-110.0,-110.0,0,outdoors,grass,68.0,3.0,00-0035289,00-0034796,Gardner Minshew,Lamar Jackson,Shane Steichen,John Harbaugh,Clete Blakeman,BAL00,M&T Bank Stadium,39.278056,-76.622778,2023-09-24 17:00:00+00:00,65.95,65.4,3.7,6.1,9.775,13.4,0.47500000000000003,1.0,1.9000000000000001,0.0,0.0,0.0,0.47500000000000003,4
2023_03_TEN_CLE,2023,REG,3,2023-09-24,Sunday,13:00,TEN,3,CLE,27,Home,24,30,0,2023092401,59207,,202309240cle,,401547428,,7,6,154.0,-185.0,3.5,-110.0,-110.0,38.0,-110.0,-110.0,0,outdoors,grass,68.0,5.0,00-0029701,00-0033537,Ryan Tannehill,Deshaun Watson,Mike Vrabel,Kevin Stefanski,Craig Wrolstad,CLE00,FirstEnergy Stadium,41.506111,-81.699444,2023-09-24 17:00:00+00:00,62.775000000000006,62.6,14.1,15.1,19.375,20.4,0.0,0.0,0.0,0.0,0.0,0.0,0.0,4
2023_03_NO_GB,2023,REG,3,2023-09-24,Sunday,13:00,NO,17,GB,18,Home,1,35,0,2023092403,59209,,202309240gnb,,401547434,,6,7,-125.0,105.0,-1.5,-110.0,-110.0,41.5,-110.0,-110.0,0,outdoors,grass,68.0,10.0,00-0031280,00-0036264,Derek Carr,Jordan Love,Dennis Allen,Matt LaFleur,Brad Rogers,GNB00,Lambeau Field,44.501389,-88.062222,2023-09-24 17:00:00+00:00,70.325,69.8,9.875,10.6,21.75,22.4,0.0,0.0,0.0,0.0,0.0,0.0,0.0,4
2023_03_HOU_JAX,2023,REG,3,2023-09-24,Sunday,13:00,HOU,37,JAX,17,Home,-20,54,0,2023092404,59210,,202309240jax,,401547435,,7,7,300.0,-380.0,7.5,-110.0,-110.0,43.5,-110.0,-110.0,1,outdoors,grass,84.0,6.0,00-0039163,00-0036971,C.J. Stroud,Trevor Lawrence,DeMeco Ryans,Doug Pederson,Scott Novak,JAX00,TIAA Bank Stadium,30.323889,-81.6375,2023-09-24 17:00:00+00:00,87.1,85.8,7.125,8.5,15.55,17.7,0.0,0.0,0.0,0.0,0.0,0.0,0.0,4
2023_03_DEN_MIA,2023,REG,3,2023-09-24,Sunday,13:00,DEN,20,MIA,70,Home,50,90,0,2023092405,59211,,202309240mia,,401547429,,7,7,205.0,-250.0,6.0,-110.0,-110.0,47.5,-110.0,-110.0,0,outdoors,grass,86.0,5.0,00-0029263,00-0036212,Russell Wilson,Tua Tagovailoa,Sean Payton,Mike McDaniel,Clay Martin,MIA00,Hard Rock Stadium,25.958056,-80.238889,2023-09-24 17:00:00+00:00,85.22500000000001,86.0,3.8249999999999997,4.6,12.8,13.4,0.625,2.2,2.5,0.0,0.0,0.0,0.625,4
2023_03_NE_NYJ,2023,REG,3,2023-09-24,Sunday,13:00,NE,15,NYJ,10,Home,-5,25,0,2023092407,59213,,202309240nyj,,401547430,,7,7,-142.0,120.0,-2.5,-112.0,-108.0,35.5,-110.0,-110.0,1,outdoors,fieldturf,64.0,14.0,00-0036972,00-0037013,Mac Jones,Zach Wilson,Bill Belichick,Robert Saleh,Bill Vinovich,NYC01,MetLife Stadium,40.813528,-74.074361,2023-09-24 17:00:00+00:00,64.6,65.3,18.75,20.6,36.175,38.9,0.95,2.1,3.8,0.0,0.0,0.0,0.95,4
2023_03_BUF_WAS,2023,REG,3,2023-09-24,Sunday,13:00,BUF,37,WAS,3,Home,-34,40,0,2023092408,59214,,202309240was,,401547431,,7,7,-245.0,200.0,-5.5,-115.0,-105.0,44.0,-108.0,-112.0,0,outdoors,grass,65.0,1.0,00-0034857,00-0037077,Josh Allen,Sam Howell,Sean McDermott,Ron Rivera,Land Clark,WAS00,FedExField,38.907778,-76.864444,2023-09-24 17:00:00+00:00,67.0,66.0,1.875,2.6,7.5,8.3,0.17500000000000002,0.4,0.7000000000000001,0.0,0.0,0.0,0.17500000000000002,4
2023_03_CAR_SEA,2023,REG,3,2023-09-24,Sunday,16:05,CAR,27,SEA,37,Home,10,64,0,2023092409,59215,,202309240sea,,401547432,,6,7,185.0,-225.0,5.0,-110.0,-110.0,42.5,-110.0,-110.0,0,outdoors,fieldturf,61.0,2.0,00-0027973,00-0030565,Andy Dalton,Geno Smith,Frank Reich,Pete Carroll,Ron Torbert,SEA00,Lumen Field,47.5952,-122.3316,2023-09-24 20:05:00+00:00,62.574999999999996,60.4,1.4,2.6,7.75,8.5,0.025,0.1,0.1,0.0,0.0,0.0,0.025,4
2023_03_DAL_ARI,2023,REG,3,2023-09-24,Sunday,16:25,DAL,16,ARI,28,Home,12,44,0,2023092410,59216,,202309240crd,,401547437,,7,7,-650.0,470.0,-11.5,-110.0,-110.0,43.5,-110.0,-110.0,0,open,grass,,,00-0033077,00-0033949,Dak Prescott,Joshua Dobbs,Mike McCarthy,Jonathan Gannon,Alex Kemp,PHO00,State Farm Stadium,33.528,-112.263,2023-09-24 20:25:00+00:00,97.07499999999999,95.7,3.9749999999999996,4.7,11.975000000000001,12.8,0.0,0.0,0.0,0.0,0.0,0.0,0.0,4
2023_03_CHI_KC,2023,REG,3,2023-09-24,Sunday,16:25,CHI,10,KC,41,Home,31,51,0,2023092411,59217,,202309240kan,,401547438,,7,7,525.0,-750.0,13.0,-110.0,-110.0,48.0,-110.0,-110.0,0,outdoors,grass,,,00-0036945,00-0033873,Justin Fields,Patrick Mahomes,Matt Eberflus,Andy Reid,Alan Eck,KAN00,GEHA Field at Arrowhead Stadium,39.048889,-94.483889,2023-09-24 20:25:00+00:00,79.15,79.6,4.275,5.6,12.299999999999999,13.9,0.0,0.0,0.0,0.0,0.0,0.0,0.0,4
2023_03_PHI_TB,2023,REG,3,2023-09-25,Monday,19:15,PHI,25,TB,11,Home,-14,36,0,2023092500,59219,,202309250tam,,401547440,,11,8,-258.0,210.0,-6.0,-110.0,-110.0,44.0,-108.0,-112.0,0,outdoors,grass,90.0,4.0,00-0036389,00-0034855,Jalen Hurts,Baker Mayfield,Nick Sirianni,Todd Bowles,Adrian Hill,TAM00,Raymond James Stadium,27.975833,-82.503333,2023-09-25 23:15:00+00:00,77.8,79.3,5.05,6.4,10.899999999999999,12.3,0.125,0.5,0.5,0.0,0.0,0.0,0.125,4
2023_03_LA_CIN,2023,REG,3,2023-09-25,Monday,20:15,LA,16,CIN,19,Home,3,35,0,2023092501,59220,,202309250cin,,401547441,,8,8,136.0,-162.0,3.0,100.0,-120.0,45.5,-108.0,-112.0,0,outdoors,fieldturf,74.0,7.0,00-0026498,00-0036442,Matthew Stafford,Joe Burrow,Sean McVay,Zac Taylor,John Hussey,CIN00,Paycor Stadium,39.095,-84.516,2023-09-26 00:15:00+00:00,65.7,68.5,5.775,6.1,11.375,14.1,0.0,0.0,0.0,0.0,0.0,0.0,0.0,4
2023_04_DET_GB,2023,REG,4,2023-09-28,Thursday,20:15,DET,34,GB,20,Home,-14,54,0,2023092800,59221,,202309280gnb,,401547442,,4,4,-142.0,120.0,-2.5,-118.0,-102.0,45.0,-110.0,-110.0,1,outdoors,grass,64.0,8.0,00-0033106,00-0036264,Jared Goff,Jordan Love,Dan Campbell,Matt LaFleur,Alan Eck,GNB00,Lambeau Field,44.501389,-88.062222,2023-09-29 00:15:00+00:00,59.775000000000006,62.3,4.0,4.8,8.3,9.2,0.0,0.0,0.0,0.0,0.0,0.0,0.0,4
2023_04_ATL_JAX,2023,REG,4,2023-10-01,Sunday,09:30,ATL,7,JAX,23,Neutral,16,30,0,2023100100,59222,,202310010jax,,401547227,,7,7,154.0,-185.0,3.5,-110.0,-110.0,42.5,-112.0,-108.0,0,outdoors,,,,00-0038122,00-0036971,Desmond Ridder,Trevor Lawrence,Arthur Smith,Doug Pederson,Craig Wrolstad,LON00,Wembley Stadium,51.555833,-0.279722,2023-10-01 13:30:00+00:00,70.625,70.2,10.600000000000001,11.6,22.525,24.6,0.0,0.0,0.0,0.0,0.0,0.0,0.0,4
2023_04_MIA_BUF,2023,REG,4,2023-10-01,Sunday,13:00,MIA,20,BUF,48,Home,28,68,0,2023100101,59223,,202310010buf,,401547443,,7,7,120.0,-142.0,2.5,100.0,-120.0,53.0,-110.0,-110.0,1,outdoors,a_turf,70.0,2.0,00-0036212,00-0034857,Tua Tagovailoa,Josh Allen,Mike McDaniel,Sean McDermott,Adrian Hill,BUF00,New Era Field,42.774,-78.787,2023-10-01 17:00:00+00:00,71.32499999999999,70.8,5.425,5.8,13.925,14.3,0.0,0.0,0.0,0.0,0.0,0.0,0.0,4
2023_04_MIN_CAR,2023,REG,4,2023-10-01,Sunday,13:00,MIN,21,CAR,13,Home,-8,34,0,2023100102,59224,,202310010car,,401547448,,7,7,-225.0,185.0,-4.5,-112.0,-108.0,46.5,-110.0,-110.0,0,outdoors,grass,78.0,7.0,00-0029604,00-0039150,Kirk Cousins,Bryce Young,Kevin O'Connell,Frank Reich,Tra Blake,CAR00,Bank of America Stadium,35.225833,-80.852778,2023-10-01 17:00:00+00:00,79.125,78.7,7.6000000000000005,8.5,16.975,18.3,0.0,0.0,0.0,0.0,0.0,0.0,0.0,4
2023_04_DEN_CHI,2023,REG,4,2023-10-01,Sunday,13:00,DEN,31,CHI,28,Home,-3,59,0,2023100103,59225,,202310010chi,,401547444,,7,7,-162.0,136.0,-3.0,-112.0,-108.0,47.0,-110.0,-110.0,0,outdoors,grass,80.0,2.0,00-0029263,00-0036945,Russell Wilson,Justin Fields,Sean Payton,Matt Eberflus,Carl Cheffers,CHI98,Soldier Field,41.8623,-87.6167,2023-10-01 17:00:00+00:00,76.125,75.3,5.925,7.2,12.1,13.9,0.0,0.0,0.0,0.0,0.0,0.0,0.0,4
2023_04_BAL_CLE,2023,REG,4,2023-10-01,Sunday,13:00,BAL,28,CLE,3,Home,-25,31,0,2023100104,59226,,202310010cle,,401547445,,7,7,-135.0,114.0,-2.0,-110.0,-110.0,38.5,-110.0,-110.0,1,outdoors,grass,71.0,7.0,00-0034796,00-0038583,Lamar Jackson,Dorian Thompson-Robinson,John Harbaugh,Kevin Stefanski,Brad Allen,CLE00,FirstEnergy Stadium,41.506111,-81.699444,2023-10-01 17:00:00+00:00,68.6,68.1,8.325,9.2,12.650000000000002,13.6,0.0,0.0,0.0,0.0,0.0,0.0,0.0,4
2023_04_PIT_HOU,2023,REG,4,2023-10-01,Sunday,13:00,PIT,6,HOU,30,Home,24,36,0,2023100105,59227,,202310010htx,,401547446,,7,7,-162.0,136.0,-3.0,-110.0,-110.0,41.5,-110.0,-110.0,0,open,astroturf,,,00-0038102,00-0039163,Kenny Pickett,C.J. Stroud,Mike Tomlin,DeMeco Ryans,Bill Vinovich,HOU00,NRG Stadium,29.684722,-95.410833,2023-10-01 17:00:00+00:00,93.35,91.9,14.925,15.5,27.424999999999997,28.0,0.0,0.0,0.0,0.0,0.0,0.0,0.0,4
2023_04_LA_IND,2023,REG,4,2023-10-01,Sunday,13:00,LA,29,IND,23,Home,-6,52,1,2023100106,59228,,202310010clt,,401547449,,6,7,-115.0,-105.0,-1.0,-110.0,-110.0,44.5,-110.0,-110.0,0,open,fieldturf,,,00-0026498,00-0039164,Matthew Stafford,Anthony Richardson,Sean McVay,Shane Steichen,Land Clark,IND00,Lucas Oil Stadium,39.760056,-86.162806,2023-10-01 17:00:00+00:00,80.375,79.1,4.825,5.9,12.525,13.6,0.0,0.0,0.0,0.0,0.0,0.0,0.0,4
2023_04_WAS_PHI,2023,REG,4,2023-10-01,Sunday,13:00,WAS,31,PHI,34,Home,3,65,1,2023100108,59230,,202310010phi,,401547451,,7,6,350.0,-455.0,9.5,-110.0,-110.0,43.0,-110.0,-110.0,1,outdoors,grass,,,00-0037077,00-0036389,Sam Howell,Jalen Hurts,Ron Rivera,Nick Sirianni,Ron Torbert,PHI00,Lincoln Financial Field,39.900833,-75.1675,2023-10-01 17:00:00+00:00,78.825,77.3,8.325,9.0,17.475,17.7,0.0,0.0,0.0,0.0,0.0,0.0,0.0,4
2023_04_CIN_TEN,2023,REG,4,2023-10-01,Sunday,13:00,CIN,3,TEN,27,Home,24,30,0,2023100109,59231,,202310010oti,,401547452,,6,7,-162.0,136.0,-2.5,-120.0,100.0,41.5,-108.0,-112.0,0,outdoors,grass,82.0,4.0,00-0036442,00-0029701,Joe Burrow,Ryan Tannehill,Zac Taylor,Mike Vrabel,Shawn Smith,NAS00,Nissan Stadium,36.166389,-86.771389,2023-10-01 17:00:00+00:00,83.95,82.2,3.45,3.9,10.5,10.7,0.0,0.0,0.0,0.0,0.0,0.0,0.0,4
2023_04_ARI_SF,2023,REG,4,2023-10-01,Sunday,16:25,ARI,16,SF,35,Home,19,51,0,2023100112,59234,,202310010sfo,,401547454,,7,10,700.0,-1100.0,15.0,-108.0,-112.0,44.0,-105.0,-115.0,1,outdoors,grass,75.0,9.0,00-0033949,00-0037834,Joshua Dobbs,Brock Purdy,Jonathan Gannon,Kyle Shanahan,Clete Blakeman,SFO01,Levi's Stadium,37.403,-121.97,2023-10-01 20:25:00+00:00,72.65,71.3,8.55,9.8,17.025,18.6,0.0,0.0,0.0,0.0,0.0,0.0,0.0,4
2023_04_KC_NYJ,2023,REG,4,2023-10-01,Sunday,20:20,KC,23,NYJ,20,Home,-3,43,0,2023100113,59235,,202310010nyj,,401547455,,7,7,-485.0,370.0,-9.5,-110.0,-110.0,41.5,-105.0,-115.0,0,outdoors,fieldturf,69.0,5.0,00-0033873,00-0037013,Patrick Mahomes,Zach Wilson,Andy Reid,Robert Saleh,Alex Kemp,NYC01,MetLife Stadium,40.813528,-74.074361,2023-10-02 00:20:00+00:00,65.775,67.8,6.7,7.0,12.4,14.5,0.0,0.0,0.0,0.0,0.0,0.0,0.0,4
2023_04_SEA_NYG,2023,REG,4,2023-10-02,Monday,20:15,SEA,24,NYG,3,Home,-21,27,0,2023100200,59236,,202310020nyg,,401547456,,8,11,-142.0,120.0,-2.5,-115.0,-105.0,46.5,-115.0,-105.0,0,outdoors,fieldturf,67.0,8.0,00-0030565,00-0035710,Geno Smith,Daniel Jones,Pete Carroll,Brian Daboll,Brad Rogers,NYC01,MetLife Stadium,40.813528,-74.074361,2023-10-03 00:15:00+00:00,62.15,64.2,3.875,4.5,5.4,6.0,0.0,0.0,0.0,0.0,0.0,0.0,0.0,4
2023_05_CHI_WAS,2023,REG,5,2023-10-05,Thursday,20:15,CHI,40,WAS,20,Home,-20,60,0,2023100500,59237,,202310050was,,401547457,,4,4,210.0,-258.0,6.0,-110.0,-110.0,45.5,-112.0,-108.0,0,outdoors,grass,70.0,1.0,00-0036945,00-0037077,Justin Fields,Sam Howell,Matt Eberflus,Ron Rivera,Scott Novak,WAS00,FedExField,38.907778,-76.864444,2023-10-06 00:15:00+00:00,68.125,68.8,4.925,5.9,9.825,11.4,0.025,0.1,0.1,0.0,0.0,0.0,0.025,4
2023_05_JAX_BUF,2023,REG,5,2023-10-08,Sunday,09:30,JAX,25,BUF,20,Neutral,-5,45,0,2023100800,59238,,202310080buf,,401547228,,7,7,205.0,-250.0,5.5,-110.0,-110.0,48.5,-108.0,-112.0,0,outdoors,,,,00-0036971,00-0034857,Trevor Lawrence,Josh Allen,Doug Pederson,Sean McDermott,Shawn Smith,LON02,Tottenham Stadium,51.604157,-0.0662604,2023-10-08 13:30:00+00:00,71.35,71.2,5.5,6.0,12.475,13.2,0.0,0.0,0.0,0.0,0.0,0.0,0.0,4
2023_05_HOU_ATL,2023,REG,5,2023-10-08,Sunday,13:00,HOU,19,ATL,21,Home,2,40,0,2023100801,59239,,202310080atl,,401547463,,7,7,120.0,-142.0,2.5,-110.0,-110.0,42.0,-110.0,-110.0,0,open,fieldturf,,,00-0039163,00-0038122,C.J. Stroud,Desmond Ridder,DeMeco Ryans,Arthur Smith,Shawn Hochuli,ATL97,Mercedes-Benz Stadium,33.755556,-84.4,2023-10-08 17:00:00+00:00,64.475,63.0,9.725,10.1,20.4,21.0,0.0,0.0,0.0,0.0,0.0,0.0,0.0,4
2023_05_TEN_IND,2023,REG,5,2023-10-08,Sunday,13:00,TEN,16,IND,23,Home,7,39,0,2023100803,59241,,202310080clt,,401547458,,7,7,-142.0,120.0,-2.5,-110.0,-110.0,43.5,-110.0,-110.0,1,open,fieldturf,,,00-0029701,00-0039164,Ryan Tannehill,Anthony Richardson,Mike Vrabel,Shane Steichen,Brad Rogers,IND00,Lucas Oil Stadium,39.760056,-86.162806,2023-10-08 17:00:00+00:00,53.625,52.2,10.425,10.9,21.2,22.4,0.0,0.0,0.0,0.0,0.0,0.0,0.0,4
2023_05_NYG_MIA,2023,REG,5,2023-10-08,Sunday,13:00,NYG,16,MIA,31,Home,15,47,0,2023100804,59242,,202310080mia,,401547465,,6,7,525.0,-750.0,12.5,-110.0,-110.0,47.5,-108.0,-112.0,0,outdoors,grass,88.0,8.0,00-0035710,00-0036212,Daniel Jones,Tua Tagovailoa,Brian Daboll,Mike McDaniel,Ron Torbert,MIA00,Hard Rock Stadium,25.958056,-80.238889,2023-10-08 17:00:00+00:00,81.80000000000001,86.3,4.874999999999999,9.7,17.075,21.7,5.199999999999999,10.7,20.799999999999997,0.0,0.0,0.0,5.199999999999999,4
2023_05_NO_NE,2023,REG,5,2023-10-08,Sunday,13:00,NO,34,NE,0,Home,-34,34,0,2023100805,59243,,202310080nwe,,401547459,,7,7,114.0,-135.0,2.5,-110.0,-110.0,38.5,-110.0,-110.0,0,outdoors,fieldturf,61.0,10.0,00-0031280,00-0036972,Derek Carr,Mac Jones,Dennis Allen,Bill Belichick,Alex Kemp,BOS00,Gillette Stadium,42.091,-71.264,2023-10-08 17:00:00+00:00,63.050000000000004,62.2,10.95,11.4,26.325000000000003,27.1,0.0,0.0,0.0,0.0,0.0,0.0,0.0,4
2023_05_BAL_PIT,2023,REG,5,2023-10-08,Sunday,13:00,BAL,10,PIT,17,Home,7,27,0,2023100806,59244,,202310080pit,,401547460,,7,7,-230.0,190.0,-4.5,-112.0,-108.0,38.5,-110.0,-110.0,1,outdoors,grass,53.0,13.0,00-0034796,00-0038102,Lamar Jackson,Kenny Pickett,John Harbaugh,Mike Tomlin,Carl Cheffers,PIT00,Acrisure Stadium,40.446667,-80.015833,2023-10-08 17:00:00+00:00,54.825,53.6,15.55,16.3,32.5,34.0,0.0,0.0,0.0,0.0,0.0,0.0,0.0,4
2023_05_NYJ_DEN,2023,REG,5,2023-10-08,Sunday,16:25,NYJ,31,DEN,21,Home,-10,52,0,2023100809,59247,,202310080den,,401547461,,7,7,114.0,-135.0,2.5,-110.0,-110.0,42.5,-110.0,-110.0,0,outdoors,grass,73.0,9.0,00-0037013,00-0029263,Zach Wilson,Russell Wilson,Robert Saleh,Sean Payton,John Hussey,DEN00,Empower Field at Mile High,39.743889,-105.02,2023-10-08 20:25:00+00:00,75.8,76.1,6.725,7.0,15.075,15.4,0.0,0.0,0.0,0.0,0.0,0.0,0.0,4
2023_05_DAL_SF,2023,REG,5,2023-10-08,Sunday,20:20,DAL,10,SF,42,Home,32,52,0,2023100811,59249,,202310080sfo,,401547354,,7,7,150.0,-180.0,3.5,-115.0,-105.0,45.0,-105.0,-115.0,0,outdoors,grass,78.0,10.0,00-0033077,00-0037834,Dak Prescott,Brock Purdy,Mike McCarthy,Kyle Shanahan,Alan Eck,SFO01,Levi's Stadium,37.403,-121.97,2023-10-09 00:20:00+00:00,70.8,78.6,9.7,12.1,19.775,23.7,0.0,0.0,0.0,0.0,0.0,0.0,0.0,4
2023_06_DEN_KC,2023,REG,6,2023-10-12,Thursday,20:15,DEN,8,KC,19,Home,11,27,0,2023101200,59251,,202310120kan,,401547469,,4,4,470.0,-650.0,10.5,-108.0,-112.0,47.5,-112.0,-108.0,1,outdoors,grass,,,00-0029263,00-0033873,Russell Wilson,Patrick Mahomes,Sean Payton,Andy Reid,Shawn Hochuli,KAN00,GEHA Field at Arrowhead Stadium,39.048889,-94.483889,2023-10-13 00:15:00+00:00,67.125,69.4,14.625,16.6,28.775,31.8,0.0,0.0,0.0,0.0,0.0,0.0,0.0,4
2023_06_BAL_TEN,2023,REG,6,2023-10-15,Sunday,09:30,BAL,24,TEN,16,Neutral,-8,40,0,2023101500,59252,,202310150oti,,401547229,,7,7,-250.0,205.0,-5.5,-112.0,-108.0,42.5,-110.0,-110.0,0,outdoors,,,,00-0034796,00-0029701,Lamar Jackson,Ryan Tannehill,John Harbaugh,Mike Vrabel,Bill Vinovich,LON02,Tottenham Stadium,51.604157,-0.0662604,2023-10-15 13:30:00+00:00,49.775000000000006,49.8,6.45,7.3,16.0,18.1,0.0,0.0,0.0,0.0,0.0,0.0,0.0,4
2023_06_MIN_CHI,2023,REG,6,2023-10-15,Sunday,13:00,MIN,19,CHI,13,Home,-6,32,0,2023101502,59254,,202310150chi,,401547475,,7,10,-166.0,140.0,-3.0,-115.0,-105.0,44.5,-112.0,-108.0,1,outdoors,grass,53.0,16.0,00-0029604,00-0036945,Kirk Cousins,Justin Fields,Kevin O'Connell,Matt Eberflus,Brad Allen,CHI98,Soldier Field,41.8623,-87.6167,2023-10-15 17:00:00+00:00,54.55,53.0,15.100000000000001,16.8,25.099999999999998,26.2,0.0,0.0,0.0,0.0,0.0,0.0,0.0,4
2023_06_SEA_CIN,2023,REG,6,2023-10-15,Sunday,13:00,SEA,13,CIN,17,Home,4,30,0,2023101503,59255,,202310150cin,,401547471,,13,7,130.0,-155.0,3.0,-112.0,-108.0,45.5,-108.0,-112.0,0,outdoors,fieldturf,57.0,15.0,00-0030565,00-0036442,Geno Smith,Joe Burrow,Pete Carroll,Zac Taylor,Adrian Hill,CIN00,Paycor Stadium,39.095,-84.516,2023-10-15 17:00:00+00:00,57.099999999999994,56.8,10.95,12.0,23.25,24.8,0.0,0.0,0.0,0.0,0.0,0.0,0.0,4
2023_06_SF_CLE,2023,REG,6,2023-10-15,Sunday,13:00,SF,17,CLE,19,Home,2,36,0,2023101504,59256,,202310150cle,,401547476,,7,14,-470.0,360.0,-9.5,-115.0,-105.0,36.0,-110.0,-110.0,0,outdoors,grass,53.0,15.0,00-0037834,00-0033275,Brock Purdy,Phillip Walker,Kyle Shanahan,Kevin Stefanski,John Hussey,CLE00,FirstEnergy Stadium,41.506111,-81.699444,2023-10-15 17:00:00+00:00,52.39999999999999,52.3,17.4,19.9,23.900000000000002,26.2,0.24999999999999997,0.6,0.9999999999999999,0.0,0.0,0.0,0.24999999999999997,4
2023_06_IND_JAX,2023,REG,6,2023-10-15,Sunday,13:00,IND,20,JAX,37,Home,17,57,0,2023101506,59258,,202310150jax,,401547472,,7,7,170.0,-205.0,4.0,-110.0,-110.0,44.0,-110.0,-110.0,1,outdoors,grass,,,00-0035289,00-0036971,Gardner Minshew,Trevor Lawrence,Shane Steichen,Doug Pederson,Alex Kemp,JAX00,TIAA Bank Stadium,30.323889,-81.6375,2023-10-15 17:00:00+00:00,71.85000000000001,70.4,10.1,11.3,19.974999999999998,21.3,0.0,0.0,0.0,0.0,0.0,0.0,0.0,4
2023_06_CAR_MIA,2023,REG,6,2023-10-15,Sunday,13:00,CAR,21,MIA,42,Home,21,63,0,2023101507,59259,,202310150mia,,401547473,,7,7,700.0,-1100.0,14.0,-110.0,-110.0,47.5,-112.0,-108.0,0,outdoors,grass,87.0,12.0,00-0039150,00-0036212,Bryce Young,Tua Tagovailoa,Frank Reich,Mike McDaniel,Craig Wrolstad,MIA00,Hard Rock Stadium,25.958056,-80.238889,2023-10-15 17:00:00+00:00,86.64999999999999,85.9,10.274999999999999,10.7,20.025,21.0,0.0,0.0,0.0,0.0,0.0,0.0,0.0,4
2023_06_PHI_NYJ,2023,REG,6,2023-10-15,Sunday,16:25,PHI,14,NYJ,20,Home,6,34,0,2023101511,59263,,202310150nyj,,401547480,,7,7,-305.0,245.0,-6.5,-115.0,-105.0,43.0,-105.0,-115.0,0,outdoors,fieldturf,59.0,11.0,00-0036389,00-0037013,Jalen Hurts,Zach Wilson,Nick Sirianni,Robert Saleh,Scott Novak,NYC01,MetLife Stadium,40.813528,-74.074361,2023-10-15 20:25:00+00:00,57.55,60.4,11.450000000000001,14.6,24.549999999999997,28.9,0.0,0.0,0.0,0.0,0.0,0.0,0.0,4
2023_06_DET_TB,2023,REG,6,2023-10-15,Sunday,16:25,DET,20,TB,6,Home,-14,26,0,2023101508,59260,,202310150tam,,401547478,,7,14,-162.0,136.0,-3.0,-115.0,-105.0,43.5,-112.0,-108.0,0,outdoors,grass,77.0,13.0,00-0033106,00-0034855,Jared Goff,Baker Mayfield,Dan Campbell,Todd Bowles,Clay Martin,TAM00,Raymond James Stadium,27.975833,-82.503333,2023-10-15 20:25:00+00:00,72.475,74.7,13.475000000000001,14.5,25.65,26.8,0.0,0.0,0.0,0.0,0.0,0.0,0.0,4
2023_06_NYG_BUF,2023,REG,6,2023-10-15,Sunday,20:20,NYG,9,BUF,14,Home,5,23,0,2023101512,59264,,202310150buf,,401547481,,7,7,750.0,-1200.0,15.5,-110.0,-110.0,43.5,-110.0,-110.0,0,outdoors,a_turf,46.0,7.0,00-0028118,00-0034857,Tyrod Taylor,Josh Allen,Brian Daboll,Sean McDermott,Tra Blake,BUF00,New Era Field,42.774,-78.787,2023-10-16 00:20:00+00:00,46.224999999999994,46.0,7.075,7.8,14.325000000000001,16.6,0.025,0.1,0.1,0.0,0.0,0.0,0.025,4
2023_07_DET_BAL,2023,REG,7,2023-10-22,Sunday,13:00,DET,6,BAL,38,Home,32,44,0,2023102200,59267,,202310220rav,,401547489,,7,7,136.0,-162.0,3.0,-105.0,-115.0,43.5,-108.0,-112.0,0,outdoors,grass,62.0,16.0,00-0033106,00-0034796,Jared Goff,Lamar Jackson,Dan Campbell,John Harbaugh,Brad Rogers,BAL00,M&T Bank Stadium,39.278056,-76.622778,2023-10-22 17:00:00+00:00,59.525,59.7,15.525000000000002,16.4,30.575000000000003,31.5,0.0,0.0,0.0,0.0,0.0,0.0,0.0,4
2023_07_LV_CHI,2023,REG,7,2023-10-22,Sunday,13:00,LV,12,CHI,30,Home,18,42,0,2023102201,59268,,202310220chi,,401547490,,7,7,-142.0,120.0,-2.5,-110.0,-110.0,38.5,-110.0,-110.0,0,outdoors,grass,52.0,8.0,00-0026625,00-0038416,Brian Hoyer,Tyson Bagent,Josh McDaniels,Matt Eberflus,Clay Martin,CHI98,Soldier Field,41.8623,-87.6167,2023-10-22 17:00:00+00:00,51.9,51.8,7.8,8.5,15.299999999999999,16.3,0.0,0.0,0.0,0.0,0.0,0.0,0.0,4
2023_07_CLE_IND,2023,REG,7,2023-10-22,Sunday,13:00,CLE,39,IND,38,Home,-1,77,0,2023102202,59269,,202310220clt,,401547484,,7,7,-180.0,150.0,-3.5,-108.0,-112.0,40.0,-110.0,-110.0,0,open,fieldturf,,,00-0033537,00-0035289,Deshaun Watson,Gardner Minshew,Kevin Stefanski,Shane Steichen,Shawn Smith,IND00,Lucas Oil Stadium,39.760056,-86.162806,2023-10-22 17:00:00+00:00,54.224999999999994,52.6,5.4,6.6,14.425,15.9,0.0,0.0,0.0,0.0,0.0,0.0,0.0,4
2023_07_BUF_NE,2023,REG,7,2023-10-22,Sunday,13:00,BUF,25,NE,29,Home,4,54,0,2023102203,59270,,202310220nwe,,401547485,,7,7,-395.0,310.0,-7.5,-110.0,-110.0,41.0,-110.0,-110.0,1,outdoors,fieldturf,55.0,13.0,00-0034857,00-0036972,Josh Allen,Mac Jones,Sean McDermott,Bill Belichick,Clete Blakeman,BOS00,Gillette Stadium,42.091,-71.264,2023-10-22 17:00:00+00:00,55.925000000000004,57.2,12.875,13.2,30.099999999999998,30.4,0.0,0.0,0.0,0.0,0.0,0.0,0.0,4
2023_07_WAS_NYG,2023,REG,7,2023-10-22,Sunday,13:00,WAS,7,NYG,14,Home,7,21,0,2023102204,59271,,202310220nyg,,401547486,,7,7,-162.0,136.0,-3.0,-108.0,-112.0,37.0,-112.0,-108.0,1,outdoors,fieldturf,54.0,14.0,00-0037077,00-0028118,Sam Howell,Tyrod Taylor,Ron Rivera,Brian Daboll,John Hussey,NYC01,MetLife Stadium,40.813528,-74.074361,2023-10-22 17:00:00+00:00,55.175,56.2,15.649999999999999,16.5,29.700000000000003,30.9,0.0,0.0,0.0,0.0,0.0,0.0,0.0,4
2023_07_ATL_TB,2023,REG,7,2023-10-22,Sunday,13:00,ATL,16,TB,13,Home,-3,29,0,2023102205,59272,,202310220tam,,401547491,,7,7,124.0,-148.0,3.0,-115.0,-105.0,37.5,-115.0,-105.0,1,outdoors,grass,79.0,3.0,00-0038122,00-0034855,Desmond Ridder,Baker Mayfield,Arthur Smith,Todd Bowles,Ron Torbert,TAM00,Raymond James Stadium,27.975833,-82.503333,2023-10-22 17:00:00+00:00,82.3,80.2,1.6500000000000001,2.5,9.450000000000001,10.3,0.0,0.0,0.0,0.0,0.0,0.0,0.0,4
2023_07_ARI_SEA,2023,REG,7,2023-10-22,Sunday,16:05,ARI,10,SEA,20,Home,10,30,0,2023102207,59274,,202310220sea,,401547493,,7,7,350.0,-455.0,9.5,-112.0,-108.0,43.5,-110.0,-110.0,1,outdoors,fieldturf,56.0,5.0,00-0033949,00-0030565,Joshua Dobbs,Geno Smith,Jonathan Gannon,Pete Carroll,Scott Novak,SEA00,Lumen Field,47.5952,-122.3316,2023-10-22 20:05:00+00:00,56.55,55.2,7.2,8.3,15.1,16.1,0.0,0.0,0.0,0.0,0.0,0.0,0.0,4
2023_07_GB_DEN,2023,REG,7,2023-10-22,Sunday,16:25,GB,17,DEN,19,Home,2,36,0,2023102208,59275,,202310220den,,401547487,,13,10,-102.0,-118.0,1.5,-112.0,-108.0,44.0,-110.0,-110.0,0,outdoors,grass,72.0,9.0,00-0036264,00-0029263,Jordan Love,Russell Wilson,Matt LaFleur,Sean Payton,Alex Kemp,DEN00,Empower Field at Mile High,39.743889,-105.02,2023-10-22 20:25:00+00:00,74.1,73.9,6.225,7.0,14.55,16.1,0.0,0.0,0.0,0.0,0.0,0.0,0.0,4
2023_07_LAC_KC,2023,REG,7,2023-10-22,Sunday,16:25,LAC,17,KC,31,Home,14,48,0,2023102209,59276,,202310220kan,,401547488,,6,10,215.0,-265.0,5.5,-105.0,-115.0,48.5,-108.0,-112.0,1,outdoors,grass,72.0,10.0,00-0036355,00-0033873,Justin Herbert,Patrick Mahomes,Brandon Staley,Andy Reid,Tra Blake,KAN00,GEHA Field at Arrowhead Stadium,39.048889,-94.483889,2023-10-22 20:25:00+00:00,68.80000000000001,69.4,9.675,10.1,20.700000000000003,21.3,0.0,0.0,0.0,0.0,0.0,0.0,0.0,4
2023_07_MIA_PHI,2023,REG,7,2023-10-22,Sunday,20:20,MIA,17,PHI,31,Home,14,48,0,2023102210,59277,,202310220phi,,401547494,,7,7,130.0,-155.0,3.0,-112.0,-108.0,52.0,-110.0,-110.0,0,outdoors,grass,55.0,17.0,00-0036212,00-0036389,Tua Tagovailoa,Jalen Hurts,Mike McDaniel,Nick Sirianni,Brad Allen,PHI00,Lincoln Financial Field,39.900833,-75.1675,2023-10-23 00:20:00+00:00,52.625,52.6,10.524999999999999,11.6,19.675,20.8,0.0,0.0,0.0,0.0,0.0,0.0,0.0,4
2023_08_TB_BUF,2023,REG,8,2023-10-26,Thursday,20:15,TB,18,BUF,24,Home,6,42,0,2023102600,59279,,202310260buf,,401547496,,4,4,370.0,-485.0,10.0,-112.0,-108.0,43.0,-110.0,-110.0,0,outdoors,a_turf,66.0,10.0,00-0034855,00-0034857,Baker Mayfield,Josh Allen,Todd Bowles,Sean McDermott,Scott Novak,BUF00,New Era Field,42.774,-78.787,2023-10-27 00:15:00+00:00,65.975,66.0,13.175,13.7,24.375,25.7,0.0,0.0,0.0,0.0,0.0,0.0,0.0,4
2023_08_HOU_CAR,2023,REG,8,2023-10-29,Sunday,13:00,HOU,13,CAR,15,Home,2,28,0,2023102900,59280,,202310290car,,401547504,,14,14,-162.0,136.0,-3.0,-118.0,-102.0,43.0,-110.0,-110.0,0,outdoors,grass,77.0,14.0,00-0039163,00-0039150,C.J. Stroud,Bryce Young,DeMeco Ryans,Frank Reich,John Hussey,CAR00,Bank of America Stadium,35.225833,-80.852778,2023-10-29 17:00:00+00:00,79.325,77.7,10.775,12.0,22.775,24.2,0.0,0.0,0.0,0.0,0.0,0.0,0.0,4
2023_08_MIN_GB,2023,REG,8,2023-10-29,Sunday,13:00,MIN,24,GB,10,Home,-14,34,0,2023102902,59282,,202310290gnb,,401547506,,6,7,-112.0,-108.0,-1.0,-108.0,-112.0,41.5,-108.0,-112.0,1,outdoors,grass,39.0,8.0,00-0029604,00-0036264,Kirk Cousins,Jordan Love,Kevin O'Connell,Matt LaFleur,Shawn Hochuli,GNB00,Lambeau Field,44.501389,-88.062222,2023-10-29 17:00:00+00:00,39.775000000000006,40.1,5.9,6.6,14.0,14.5,0.0,0.0,0.0,0.0,0.0,0.0,0.0,4
2023_08_NE_MIA,2023,REG,8,2023-10-29,Sunday,13:00,NE,17,MIA,31,Home,14,48,0,2023102904,59284,,202310290mia,,401547497,,7,7,300.0,-380.0,7.5,-110.0,-110.0,46.5,-110.0,-110.0,1,outdoors,grass,83.0,17.0,00-0036972,00-0036212,Mac Jones,Tua Tagovailoa,Bill Belichick,Mike McDaniel,Land Clark,MIA00,Hard Rock Stadium,25.958056,-80.238889,2023-10-29 17:00:00+00:00,82.95,83.7,14.4,15.0,28.4,29.1,0.1,0.2,0.4,0.0,0.0,0.0,0.1,4
2023_08_NYJ_NYG,2023,REG,8,2023-10-29,Sunday,13:00,NYJ,13,NYG,10,Home,-3,23,1,2023102905,59285,,202310290nyg,,401547498,,14,7,-162.0,136.0,-3.0,-115.0,-105.0,35.0,-112.0,-108.0,0,outdoors,fieldturf,52.0,6.0,00-0037013,00-0028118,Zach Wilson,Tyrod Taylor,Robert Saleh,Brian Daboll,Shawn Smith,NYC01,MetLife Stadium,40.813528,-74.074361,2023-10-29 17:00:00+00:00,55.1,54.9,11.049999999999999,11.7,22.1,23.7,0.775,2.9,3.1,0.0,0.0,0.0,0.775,4
2023_08_JAX_PIT,2023,REG,8,2023-10-29,Sunday,13:00,JAX,20,PIT,10,Home,-10,30,0,2023102906,59286,,202310290pit,,401547499,,10,7,-135.0,114.0,-2.5,-110.0,-110.0,41.0,-110.0,-110.0,0,outdoors,grass,58.0,2.0,00-0036971,00-0038102,Trevor Lawrence,Kenny Pickett,Doug Pederson,Mike Tomlin,Alan Eck,PIT00,Acrisure Stadium,40.446667,-80.015833,2023-10-29 17:00:00+00:00,55.824999999999996,55.1,4.6,6.2,10.675,14.3,0.575,0.8,2.3,0.0,0.0,0.0,0.575,4
2023_08_ATL_TEN,2023,REG,8,2023-10-29,Sunday,13:00,ATL,23,TEN,28,Home,5,51,0,2023102907,59287,,202310290oti,,401547500,,7,14,-130.0,110.0,-2.5,-110.0,-110.0,35.0,-110.0,-110.0,0,outdoors,grass,77.0,7.0,00-0038122,00-0039152,Desmond Ridder,Will Levis,Arthur Smith,Mike Vrabel,Clay Martin,NAS00,Nissan Stadium,36.166389,-86.771389,2023-10-29 17:00:00+00:00,75.125,72.7,7.775,9.6,17.1,19.0,0.07500000000000001,0.2,0.30000000000000004,0.0,0.0,0.0,0.07500000000000001,4
2023_08_PHI_WAS,2023,REG,8,2023-10-29,Sunday,13:00,PHI,38,WAS,31,Home,-7,69,0,2023102908,59288,,202310290was,,401547508,,7,7,-305.0,245.0,-7.0,-110.0,-110.0,42.5,-110.0,-110.0,1,outdoors,grass,69.0,4.0,00-0036389,00-0037077,Jalen Hurts,Sam Howell,Nick Sirianni,Ron Rivera,Carl Cheffers,WAS00,FedExField,38.907778,-76.864444,2023-10-29 17:00:00+00:00,76.425,76.0,3.425,6.3,11.075,15.4,0.0,0.0,0.0,0.0,0.0,0.0,0.0,4
2023_08_CLE_SEA,2023,REG,8,2023-10-29,Sunday,16:05,CLE,20,SEA,24,Home,4,44,0,2023102909,59289,,202310290sea,,401547509,,7,7,164.0,-198.0,4.0,-110.0,-110.0,39.5,-112.0,-108.0,0,outdoors,fieldturf,47.0,3.0,00-0033275,00-0030565,Phillip Walker,Geno Smith,Kevin Stefanski,Pete Carroll,Bill Vinovich,SEA00,Lumen Field,47.5952,-122.3316,2023-10-29 20:05:00+00:00,50.8,49.0,7.225,8.3,14.424999999999999,15.4,0.0,0.0,0.0,0.0,0.0,0.0,0.0,4
2023_08_KC_DEN,2023,REG,8,2023-10-29,Sunday,16:25,KC,9,DEN,24,Home,15,33,0,2023102911,59291,,202310290den,,401547502,,7,7,-340.0,270.0,-7.0,-102.0,-118.0,45.5,-110.0,-110.0,1,outdoors,grass,26.0,7.0,00-0033873,00-0029263,Patrick Mahomes,Russell Wilson,Andy Reid,Sean Payton,Brad Allen,DEN00,Empower Field at Mile High,39.743889,-105.02,2023-10-29 20:25:00+00:00,20.875,21.5,2.35,3.5,5.05,6.5,0.0,0.0,0.0,0.0,0.0,0.0,0.0,4
2023_08_CIN_SF,2023,REG,8,2023-10-29,Sunday,16:25,CIN,31,SF,17,Home,-14,48,0,2023102912,59292,,202310290sfo,,401547503,,14,6,170.0,-205.0,4.0,-105.0,-115.0,44.0,-110.0,-110.0,0,outdoors,grass,74.0,10.0,00-0036442,00-0037834,Joe Burrow,Brock Purdy,Zac Taylor,Kyle Shanahan,Ron Torbert,SFO01,Levi's Stadium,37.403,-121.97,2023-10-29 20:25:00+00:00,72.75,70.5,7.25,7.3,15.0,15.2,0.0,0.0,0.0,0.0,0.0,0.0,0.0,4
2023_09_TEN_PIT,2023,REG,9,2023-11-02,Thursday,20:15,TEN,16,PIT,20,Home,4,36,0,2023110200,59295,,202311020pit,,401547512,,4,4,145.0,-175.0,3.5,-120.0,100.0,37.0,-108.0,-112.0,0,outdoors,grass,40.0,5.0,00-0039152,00-0038102,Will Levis,Kenny Pickett,Mike Vrabel,Mike Tomlin,John Hussey,PIT00,Acrisure Stadium,40.446667,-80.015833,2023-11-03 00:15:00+00:00,37.975,37.9,6.175,6.5,11.799999999999999,13.0,0.0,0.0,0.0,0.0,0.0,0.0,0.0,4
2023_09_MIA_KC,2023,REG,9,2023-11-05,Sunday,09:30,MIA,14,KC,21,Neutral,7,35,0,2023110500,59296,,202311050kan,,401547230,,7,7,-105.0,-115.0,1.0,-112.0,-108.0,51.0,-108.0,-112.0,0,outdoors,grass,,,00-0036212,00-0033873,Tua Tagovailoa,Patrick Mahomes,Mike McDaniel,Andy Reid,Clay Martin,FRA00,Deutsche Bank Park,50.0686,8.6455,2023-11-05 14:30:00+00:00,52.150000000000006,53.9,14.475,15.1,28.625,32.7,0.125,0.4,0.5,0.0,0.0,0.0,0.125,4
2023_09_MIN_ATL,2023,REG,9,2023-11-05,Sunday,13:00,MIN,31,ATL,28,Home,-3,59,0,2023110501,59297,,202311050atl,,401547518,,7,7,160.0,-192.0,3.5,-108.0,-112.0,38.5,-112.0,-108.0,0,open,fieldturf,,,00-0038598,00-0031800,Jaren Hall,Taylor Heinicke,Kevin O'Connell,Arthur Smith,Shawn Smith,ATL97,Mercedes-Benz Stadium,33.755556,-84.4,2023-11-05 18:00:00+00:00,71.275,71.3,9.725,10.6,19.7,20.6,0.0,0.0,0.0,0.0,0.0,0.0,0.0,4
2023_09_SEA_BAL,2023,REG,9,2023-11-05,Sunday,13:00,SEA,3,BAL,37,Home,34,40,0,2023110502,59298,,202311050rav,,401547513,,7,7,220.0,-270.0,6.0,-110.0,-110.0,44.5,-112.0,-108.0,0,outdoors,grass,70.0,6.0,00-0030565,00-0034796,Geno Smith,Lamar Jackson,Pete Carroll,John Harbaugh,Shawn Hochuli,BAL00,M&T Bank Stadium,39.278056,-76.622778,2023-11-05 18:00:00+00:00,69.42500000000001,71.0,8.35,8.6,16.95,17.4,0.0,0.0,0.0,0.0,0.0,0.0,0.0,4
2023_09_ARI_CLE,2023,REG,9,2023-11-05,Sunday,13:00,ARI,0,CLE,27,Home,27,27,0,2023110503,59299,,202311050cle,,401547514,,7,7,525.0,-750.0,13.0,-112.0,-108.0,38.0,-110.0,-110.0,0,outdoors,grass,56.0,7.0,00-0038582,00-0033537,Clayton Tune,Deshaun Watson,Jonathan Gannon,Kevin Stefanski,Carl Cheffers,CLE00,FirstEnergy Stadium,41.506111,-81.699444,2023-11-05 18:00:00+00:00,50.175,51.0,6.275,6.9,9.700000000000001,10.1,0.0,0.0,0.0,0.0,0.0,0.0,0.0,4
2023_09_LA_GB,2023,REG,9,2023-11-05,Sunday,13:00,LA,3,GB,20,Home,17,23,0,2023110504,59300,,202311050gnb,,401547519,,7,7,160.0,-198.0,3.5,-108.0,-112.0,38.0,-112.0,-108.0,0,outdoors,grass,51.0,8.0,00-0034955,00-0036264,Brett Rypien,Jordan Love,Sean McVay,Matt LaFleur,Clete Blakeman,GNB00,Lambeau Field,44.501389,-88.062222,2023-11-05 18:00:00+00:00,49.175,48.7,3.7250000000000005,3.8,8.774999999999999,9.6,0.15,0.3,0.6,0.0,0.0,0.0,0.15,4
2023_09_WAS_NE,2023,REG,9,2023-11-05,Sunday,13:00,WAS,20,NE,17,Home,-3,37,0,2023110506,59302,,202311050nwe,,401547520,,7,7,130.0,-155.0,2.5,100.0,-120.0,40.5,-110.0,-110.0,0,outdoors,fieldturf,62.0,6.0,00-0037077,00-0036972,Sam Howell,Mac Jones,Ron Rivera,Bill Belichick,Adrian Hill,BOS00,Gillette Stadium,42.091,-71.264,2023-11-05 18:00:00+00:00,58.975,60.8,6.2250000000000005,6.9,15.7,16.3,0.0,0.0,0.0,0.0,0.0,0.0,0.0,4
2023_09_IND_CAR,2023,REG,9,2023-11-05,Sunday,16:05,IND,27,CAR,13,Home,-14,40,0,2023110508,59304,,202311050car,,401547517,,7,7,-130.0,110.0,-1.5,-108.0,-112.0,45.0,-110.0,-110.0,0,outdoors,grass,75.0,2.0,00-0035289,00-0039150,Gardner Minshew,Bryce Young,Shane Steichen,Frank Reich,Bill Vinovich,CAR00,Bank of America Stadium,35.225833,-80.852778,2023-11-05 21:05:00+00:00,62.475,70.7,4.7,6.4,6.925,8.3,0.0,0.0,0.0,0.0,0.0,0.0,0.0,4
2023_09_DAL_PHI,2023,REG,9,2023-11-05,Sunday,16:25,DAL,23,PHI,28,Home,5,51,0,2023110510,59306,,202311050phi,,401547522,,7,7,145.0,-175.0,3.5,-118.0,-102.0,46.5,-110.0,-110.0,1,outdoors,grass,64.0,6.0,00-0033077,00-0036389,Dak Prescott,Jalen Hurts,Mike McCarthy,Nick Sirianni,Tra Blake,PHI00,Lincoln Financial Field,39.900833,-75.1675,2023-11-05 21:25:00+00:00,58.375,64.9,6.95,7.3,12.875,15.0,0.0,0.0,0.0,0.0,0.0,0.0,0.0,4
2023_09_BUF_CIN,2023,REG,9,2023-11-05,Sunday,20:20,BUF,18,CIN,24,Home,6,42,0,2023110511,59307,,202311050cin,,401547523,,10,7,105.0,-125.0,1.5,-108.0,-112.0,51.0,-110.0,-110.0,0,outdoors,fieldturf,51.0,5.0,00-0034857,00-0036442,Josh Allen,Joe Burrow,Sean McDermott,Zac Taylor,Alex Kemp,CIN00,Paycor Stadium,39.095,-84.516,2023-11-06 01:20:00+00:00,47.125,49.2,4.675000000000001,5.7,7.325,8.7,0.0,0.0,0.0,0.0,0.0,0.0,0.0,4
2023_09_LAC_NYJ,2023,REG,9,2023-11-06,Monday,20:15,LAC,27,NYJ,6,Home,-21,33,0,2023110600,59308,,202311060nyj,,401547524,,8,8,-170.0,142.0,-3.0,-118.0,-102.0,41.0,-110.0,-110.0,0,outdoors,fieldturf,48.0,4.0,00-0036355,00-0037013,Justin Herbert,Zach Wilson,Brandon Staley,Robert Saleh,Craig Wrolstad,NYC01,MetLife Stadium,40.813528,-74.074361,2023-11-07 01:15:00+00:00,49.575,47.9,7.550000000000001,8.3,13.150000000000002,14.8,0.0,0.0,0.0,0.0,0.0,0.0,0.0,4
2023_10_CAR_CHI,2023,REG,10,2023-11-09,Thursday,20:15,CAR,13,CHI,16,Home,3,29,0,2023110900,59309,,202311090chi,,401547525,,4,4,150.0,-180.0,3.0,100.0,-120.0,38.0,-105.0,-115.0,0,outdoors,grass,51.0,8.0,00-0039150,00-0038416,Bryce Young,Tyson Bagent,Frank Reich,Matt Eberflus,Clete Blakeman,CHI98,Soldier Field,41.8623,-87.6167,2023-11-10 01:15:00+00:00,44.35000000000001,45.2,10.225,11.1,14.2,15.0,0.0,0.0,0.0,0.0,0.0,0.0,0.0,4
2023_10_IND_NE,2023,REG,10,2023-11-12,Sunday,09:30,IND,10,NE,6,Neutral,-4,16,0,2023111200,59310,,202311120nwe,,401547231,,7,7,-118.0,-102.0,-1.0,-110.0,-110.0,42.0,-110.0,-110.0,0,outdoors,grass,,,00-0035289,00-0036972,Gardner Minshew,Mac Jones,Shane Steichen,Bill Belichick,Tra Blake,FRA00,Deutsche Bank Park,50.0686,8.6455,2023-11-12 14:30:00+00:00,44.8,47.6,3.6000000000000005,4.3,6.824999999999999,9.4,0.0,0.0,0.0,0.0,0.0,0.0,0.0,4
2023_10_CLE_BAL,2023,REG,10,2023-11-12,Sunday,13:00,CLE,33,BAL,31,Home,-2,64,0,2023111201,59311,,202311120rav,,401547531,,7,7,210.0,-258.0,6.0,-112.0,-108.0,38.5,-108.0,-112.0,1,outdoors,grass,49.0,4.0,00-0033537,00-0034796,Deshaun Watson,Lamar Jackson,Kevin Stefanski,John Harbaugh,Land Clark,BAL00,M&T Bank Stadium,39.278056,-76.622778,2023-11-12 18:00:00+00:00,50.199999999999996,49.2,3.925,4.7,10.85,12.3,0.0,0.0,0.0,0.0,0.0,0.0,0.0,4
2023_10_HOU_CIN,2023,REG,10,2023-11-12,Sunday,13:00,HOU,30,CIN,27,Home,-3,57,0,2023111202,59312,,202311120cin,,401547526,,7,7,205.0,-250.0,5.5,-110.0,-110.0,46.0,-110.0,-110.0,0,outdoors,fieldturf,56.0,6.0,00-0039163,00-0036442,C.J. Stroud,Joe Burrow,DeMeco Ryans,Zac Taylor,Carl Cheffers,CIN00,Paycor Stadium,39.095,-84.516,2023-11-12 18:00:00+00:00,53.8,53.1,4.8,6.1,13.649999999999999,17.2,0.0,0.0,0.0,0.0,0.0,0.0,0.0,4
2023_10_SF_JAX,2023,REG,10,2023-11-12,Sunday,13:00,SF,34,JAX,3,Home,-31,37,0,2023111203,59313,,202311120jax,,401547532,,14,14,-170.0,142.0,-3.0,-112.0,-108.0,44.5,-112.0,-108.0,0,outdoors,grass,59.0,11.0,00-0037834,00-0036971,Brock Purdy,Trevor Lawrence,Kyle Shanahan,Doug Pederson,Brad Allen,JAX00,TIAA Bank Stadium,30.323889,-81.6375,2023-11-12 18:00:00+00:00,65.825,66.7,10.5,12.7,19.875,22.6,0.0,0.0,0.0,0.0,0.0,0.0,0.0,4
2023_10_GB_PIT,2023,REG,10,2023-11-12,Sunday,13:00,GB,19,PIT,23,Home,4,42,0,2023111205,59315,,202311120pit,,401547527,,7,10,140.0,-166.0,3.0,100.0,-120.0,38.5,-112.0,-108.0,0,outdoors,grass,50.0,5.0,00-0036264,00-0038102,Jordan Love,Kenny Pickett,Matt LaFleur,Mike Tomlin,Scott Novak,PIT00,Acrisure Stadium,40.446667,-80.015833,2023-11-12 18:00:00+00:00,50.074999999999996,49.7,3.0999999999999996,3.7,10.05,11.0,0.0,0.0,0.0,0.0,0.0,0.0,0.0,4
2023_10_TEN_TB,2023,REG,10,2023-11-12,Sunday,13:00,TEN,6,TB,20,Home,14,26,0,2023111206,59316,,202311120tam,,401547528,,10,7,120.0,-142.0,2.5,-105.0,-115.0,39.5,-110.0,-110.0,0,outdoors,grass,85.0,6.0,00-0039152,00-0034855,Will Levis,Baker Mayfield,Mike Vrabel,Todd Bowles,Alan Eck,TAM00,Raymond James Stadium,27.975833,-82.503333,2023-11-12 18:00:00+00:00,84.325,86.0,7.85,11.0,17.075,21.3,0.19999999999999998,0.5,0.7999999999999999,0.0,0.0,0.0,0.19999999999999998,4
2023_10_WAS_SEA,2023,REG,10,2023-11-12,Sunday,16:25,WAS,26,SEA,29,Home,3,55,0,2023111210,59320,,202311120sea,,401547535,,7,7,220.0,-270.0,6.0,-110.0,-110.0,44.0,-112.0,-108.0,0,outdoors,fieldturf,52.0,4.0,00-0037077,00-0030565,Sam Howell,Geno Smith,Ron Rivera,Pete Carroll,Alex Kemp,SEA00,Lumen Field,47.5952,-122.3316,2023-11-12 21:25:00+00:00,51.925,53.9,4.125,5.6,8.299999999999999,8.9,0.6000000000000001,1.3,2.4000000000000004,0.0,0.0,0.0,0.6000000000000001,4
2023_10_DEN_BUF,2023,REG,10,2023-11-13,Monday,20:15,DEN,24,BUF,22,Home,-2,46,0,2023111300,59322,,202311130buf,,401547537,,15,8,310.0,-395.0,7.5,-112.0,-108.0,47.5,-112.0,-108.0,0,outdoors,a_turf,49.0,10.0,00-0029263,00-0034857,Russell Wilson,Josh Allen,Sean Payton,Sean McDermott,Bill Vinovich,BUF00,New Era Field,42.774,-78.787,2023-11-14 01:15:00+00:00,45.25,46.9,10.049999999999999,11.6,20.25,23.3,0.05,0.2,0.2,0.0,0.0,0.0,0.05,4
2023_11_CIN_BAL,2023,REG,11,2023-11-16,Thursday,20:15,CIN,20,BAL,34,Home,14,54,0,2023111600,59323,,202311160rav,,401547538,,4,4,170.0,-205.0,4.0,-112.0,-108.0,46.5,-112.0,-108.0,1,outdoors,grass,56.0,1.0,00-0036442,00-0034796,Joe Burrow,Lamar Jackson,Zac Taylor,John Harbaugh,Adrian Hill,BAL00,M&T Bank Stadium,39.278056,-76.622778,2023-11-17 01:15:00+00:00,47.025,47.9,5.075,5.4,7.675000000000001,8.3,0.0,0.0,0.0,0.0,0.0,0.0,0.0,4
2023_11_DAL_CAR,2023,REG,11,2023-11-19,Sunday,13:00,DAL,33,CAR,10,Home,-23,43,0,2023111900,59324,,202311190car,,401547545,,7,10,-650.0,470.0,-11.0,-110.0,-110.0,43.0,-108.0,-112.0,0,outdoors,grass,65.0,2.0,00-0033077,00-0039150,Dak Prescott,Bryce Young,Mike McCarthy,Frank Reich,Clay Martin,CAR00,Bank of America Stadium,35.225833,-80.852778,2023-11-19 18:00:00+00:00,62.14999999999999,61.3,2.975,3.4,11.075000000000001,13.0,0.0,0.0,0.0,0.0,0.0,0.0,0.0,4
2023_11_PIT_CLE,2023,REG,11,2023-11-19,Sunday,13:00,PIT,10,CLE,13,Home,3,23,0,2023111901,59325,,202311190cle,,401547539,,7,7,120.0,-142.0,2.5,-105.0,-115.0,34.0,-108.0,-112.0,1,outdoors,grass,48.0,11.0,00-0038102,00-0038583,Kenny Pickett,Dorian Thompson-Robinson,Mike Tomlin,Kevin Stefanski,Shawn Hochuli,CLE00,FirstEnergy Stadium,41.506111,-81.699444,2023-11-19 18:00:00+00:00,46.175,45.9,9.05,11.7,14.275,17.2,0.0,0.0,0.0,0.0,0.0,0.0,0.0,4
2023_11_LAC_GB,2023,REG,11,2023-11-19,Sunday,13:00,LAC,20,GB,23,Home,3,43,0,2023111903,59327,,202311190gnb,,401547547,,7,7,-162.0,136.0,-3.0,-110.0,-110.0,44.0,-108.0,-112.0,0,outdoors,grass,45.0,5.0,00-0036355,00-0036264,Justin Herbert,Jordan Love,Brandon Staley,Matt LaFleur,John Hussey,GNB00,Lambeau Field,44.501389,-88.062222,2023-11-19 18:00:00+00:00,42.7,42.5,4.199999999999999,4.6,11.850000000000001,12.3,0.0,0.0,0.0,0.0,0.0,0.0,0.0,4
2023_11_TEN_JAX,2023,REG,11,2023-11-19,Sunday,13:00,TEN,14,JAX,34,Home,20,48,0,2023111905,59329,,202311190jax,,401547541,,7,7,235.0,-290.0,6.5,-105.0,-115.0,40.0,-110.0,-110.0,1,outdoors,grass,75.0,3.0,00-0039152,00-0036971,Will Levis,Trevor Lawrence,Mike Vrabel,Doug Pederson,Brad Rogers,JAX00,TIAA Bank Stadium,30.323889,-81.6375,2023-11-19 18:00:00+00:00,73.52499999999999,74.1,6.625,6.8,13.775,14.3,0.0,0.0,0.0,0.0,0.0,0.0,0.0,4
2023_11_LV_MIA,2023,REG,11,2023-11-19,Sunday,13:00,LV,13,MIA,20,Home,7,33,0,2023111906,59330,,202311190mia,,401547542,,7,14,700.0,-1100.0,14.0,-110.0,-110.0,44.5,-110.0,-110.0,0,outdoors,grass,82.0,7.0,00-0038579,00-0036212,Aidan O'Connell,Tua Tagovailoa,Antonio Pierce,Mike McDaniel,Bill Vinovich,MIA00,Hard Rock Stadium,25.958056,-80.238889,2023-11-19 18:00:00+00:00,79.42500000000001,79.9,7.725,8.1,16.1,17.0,0.025,0.1,0.1,0.0,0.0,0.0,0.025,4
2023_11_NYG_WAS,2023,REG,11,2023-11-19,Sunday,13:00,NYG,31,WAS,19,Home,-12,50,0,2023111907,59331,,202311190was,,401547548,,7,7,310.0,-395.0,7.5,-110.0,-110.0,39.0,-110.0,-110.0,1,outdoors,grass,56.0,7.0,00-0038476,00-0037077,Tommy DeVito,Sam Howell,Brian Daboll,Ron Rivera,Brad Allen,WAS00,FedExField,38.907778,-76.864444,2023-11-19 18:00:00+00:00,56.375,55.9,6.475,7.0,17.125,17.7,0.0,0.0,0.0,0.0,0.0,0.0,0.0,4
2023_11_TB_SF,2023,REG,11,2023-11-19,Sunday,16:05,TB,14,SF,27,Home,13,41,0,2023111908,59332,,202311190sfo,,401547549,,7,7,625.0,-950.0,13.5,-110.0,-110.0,41.5,-108.0,-112.0,0,outdoors,grass,65.0,10.0,00-0034855,00-0037834,Baker Mayfield,Brock Purdy,Todd Bowles,Kyle Shanahan,Craig Wrolstad,SFO01,Levi's Stadium,37.403,-121.97,2023-11-19 21:05:00+00:00,60.6,61.3,10.225,11.0,18.025,18.3,0.0,0.0,0.0,0.0,0.0,0.0,0.0,4
2023_11_NYJ_BUF,2023,REG,11,2023-11-19,Sunday,16:25,NYJ,6,BUF,32,Home,26,38,0,2023111909,59333,,202311190buf,,401547543,,7,6,310.0,-395.0,8.0,-108.0,-112.0,39.5,-112.0,-108.0,1,outdoors,a_turf,40.0,9.0,00-0037013,00-0034857,Zach Wilson,Josh Allen,Robert Saleh,Sean McDermott,Alan Eck,BUF00,New Era Field,42.774,-78.787,2023-11-19 21:25:00+00:00,38.525,42.1,7.175000000000001,9.7,16.650000000000002,22.8,0.0,0.0,0.0,0.0,0.0,0.0,0.0,4
2023_11_MIN_DEN,2023,REG,11,2023-11-19,Sunday,20:20,MIN,20,DEN,21,Home,1,41,0,2023111911,59335,,202311190den,,401547550,,7,6,120.0,-142.0,2.5,-102.0,-118.0,43.5,-115.0,-105.0,0,outdoors,grass,53.0,3.0,00-0033949,00-0029263,Joshua Dobbs,Russell Wilson,Kevin O'Connell,Sean Payton,Ron Torbert,DEN00,Empower Field at Mile High,39.743889,-105.02,2023-11-20 01:20:00+00:00,43.175000000000004,46.3,7.1,12.4,15.2,20.8,0.15,0.3,0.6,0.0,0.0,0.0,0.15,4
2023_11_PHI_KC,2023,REG,11,2023-11-20,Monday,20:15,PHI,21,KC,17,Home,-4,38,0,2023112000,59336,,202311200kan,,401547345,,15,15,124.0,-148.0,2.5,100.0,-120.0,46.0,-108.0,-112.0,0,outdoors,grass,45.0,12.0,00-0036389,00-0033873,Jalen Hurts,Patrick Mahomes,Nick Sirianni,Andy Reid,Shawn Smith,KAN00,GEHA Field at Arrowhead Stadium,39.048889,-94.483889,2023-11-21 01:15:00+00:00,43.15,43.5,10.149999999999999,10.8,20.15,21.5,0.44999999999999996,0.6,1.7999999999999998,0.0,0.0,0.0,0.44999999999999996,4
2023_12_SF_SEA,2023,REG,12,2023-11-23,Thursday,20:20,SF,31,SEA,13,Home,-18,44,0,2023112302,59339,,202311230sea,,401547553,,4,4,-355.0,280.0,-7.0,-112.0,-108.0,43.5,-115.0,-105.0,1,outdoors,fieldturf,39.0,4.0,00-0037834,00-0030565,Brock Purdy,Geno Smith,Kyle Shanahan,Pete Carroll,Tra Blake,SEA00,Lumen Field,47.5952,-122.3316,2023-11-24 01:20:00+00:00,43.675,44.4,9.975,11.5,18.575,19.9,0.0,0.0,0.0,0.0,0.0,0.0,0.0,4
2023_12_MIA_NYJ,2023,REG,12,2023-11-24,Friday,15:00,MIA,34,NYJ,13,Home,-21,47,0,2023112400,59340,,202311240nyj,,401547242,,5,5,-500.0,380.0,-9.5,-120.0,100.0,40.0,-110.0,-110.0,1,outdoors,fieldturf,48.0,11.0,00-0036212,00-0034177,Tua Tagovailoa,Tim Boyle,Mike McDaniel,Robert Saleh,John Hussey,NYC01,MetLife Stadium,40.813528,-74.074361,2023-11-24 20:00:00+00:00,43.375,47.1,11.225,12.4,20.875,21.5,0.0,0.0,0.0,0.0,0.0,0.0,0.0,4
2023_12_PIT_CIN,2023,REG,12,2023-11-26,Sunday,13:00,PIT,16,CIN,10,Home,-6,26,0,2023112601,59342,,202311260cin,,401547554,,7,10,-135.0,114.0,-2.0,-112.0,-108.0,36.0,-108.0,-112.0,1,outdoors,fieldturf,48.0,9.0,00-0038102,00-0035100,Kenny Pickett,Jake Browning,Mike Tomlin,Zac Taylor,Brad Rogers,CIN00,Paycor Stadium,39.095,-84.516,2023-11-26 18:00:00+00:00,45.675,45.5,10.625,11.3,21.549999999999997,24.2,0.65,1.1,2.6,0.0,0.0,0.0,0.65,4
2023_12_NE_NYG,2023,REG,12,2023-11-26,Sunday,13:00,NE,7,NYG,10,Home,3,17,0,2023112604,59345,,202311260nyg,,401547560,,14,7,-218.0,180.0,-4.5,-108.0,-112.0,36.5,-105.0,-115.0,0,outdoors,fieldturf,43.0,6.0,00-0036972,00-0038476,Mac Jones,Tommy DeVito,Bill Belichick,Brian Daboll,Scott Novak,NYC01,MetLife Stadium,40.813528,-74.074361,2023-11-26 18:00:00+00:00,48.525000000000006,48.9,8.925,11.5,17.9,21.5,0.025,0.1,0.1,0.0,0.0,0.0,0.025,4
2023_12_CAR_TEN,2023,REG,12,2023-11-26,Sunday,13:00,CAR,10,TEN,17,Home,7,27,0,2023112605,59346,,202311260oti,,401547561,,7,7,145.0,-175.0,3.5,-112.0,-105.0,36.0,-112.0,-108.0,0,outdoors,grass,51.0,13.0,00-0039150,00-0039152,Bryce Young,Will Levis,Frank Reich,Mike Vrabel,Ron Torbert,NAS00,Nissan Stadium,36.166389,-86.771389,2023-11-26 18:00:00+00:00,52.37500000000001,52.3,10.05,13.6,20.85,23.7,0.05,0.1,0.2,0.0,0.0,0.0,0.05,4
2023_12_CLE_DEN,2023,REG,12,2023-11-26,Sunday,16:05,CLE,12,DEN,29,Home,17,41,0,2023112607,59348,,202311260den,,401547563,,7,7,105.0,-125.0,1.5,-110.0,-110.0,37.5,-110.0,-110.0,0,outdoors,grass,40.0,5.0,00-0038583,00-0029263,Dorian Thompson-Robinson,Russell Wilson,Kevin Stefanski,Sean Payton,Adrian Hill,DEN00,Empower Field at Mile High,39.743889,-105.02,2023-11-26 21:05:00+00:00,34.699999999999996,38.6,4.05,4.7,8.5,11.6,0.0,0.0,0.0,0.0,0.0,0.0,0.0,4
2023_12_BUF_PHI,2023,REG,12,2023-11-26,Sunday,16:25,BUF,34,PHI,37,Home,3,71,1,2023112609,59350,,202311260phi,,401547558,,7,6,124.0,-148.0,2.5,-105.0,-115.0,49.0,-108.0,-112.0,0,outdoors,grass,47.0,6.0,00-0034857,00-0036389,Josh Allen,Jalen Hurts,Sean McDermott,Nick Sirianni,Shawn Hochuli,PHI00,Lincoln Financial Field,39.900833,-75.1675,2023-11-26 21:25:00+00:00,48.1,47.1,6.35,6.8,11.4,12.5,0.4,1.0,1.6,0.0,0.0,0.0,0.4,4
2023_13_LAC_NE,2023,REG,13,2023-12-03,Sunday,13:00,LAC,6,NE,0,Home,-6,6,0,2023120300,59354,,202312030nwe,,401547567,,7,7,-225.0,185.0,-4.5,-110.0,-110.0,38.5,-108.0,-112.0,0,outdoors,fieldturf,44.0,8.0,00-0036355,00-0038108,Justin Herbert,Bailey Zappe,Brandon Staley,Bill Belichick,Bill Vinovich,BOS00,Gillette Stadium,42.091,-71.264,2023-12-03 18:00:00+00:00,43.050000000000004,43.2,10.125,10.5,21.8,21.9,1.275,2.1,5.1,0.0,0.0,0.0,1.275,4
2023_13_ATL_NYJ,2023,REG,13,2023-12-03,Sunday,13:00,ATL,13,NYJ,8,Home,-5,21,0,2023120302,59356,,202312030nyj,,401547573,,7,9,-125.0,105.0,-2.0,-108.0,-112.0,33.0,-110.0,-110.0,0,outdoors,fieldturf,50.0,8.0,00-0038122,00-0034177,Desmond Ridder,Tim Boyle,Arthur Smith,Robert Saleh,Ron Torbert,NYC01,MetLife Stadium,40.813528,-74.074361,2023-12-03 18:00:00+00:00,49.449999999999996,49.9,10.475,11.5,19.575000000000003,20.6,0.3,0.4,1.2,0.0,0.0,0.0,0.3,4
2023_13_ARI_PIT,2023,REG,13,2023-12-03,Sunday,13:00,ARI,24,PIT,10,Home,-14,34,0,2023120303,59357,,202312030pit,,401547568,,7,7,230.0,-285.0,6.0,-105.0,-115.0,41.0,-112.0,-108.0,0,outdoors,grass,56.0,12.0,00-0035228,00-0038102,Kyler Murray,Kenny Pickett,Jonathan Gannon,Mike Tomlin,Land Clark,PIT00,Acrisure Stadium,40.446667,-80.015833,2023-12-03 18:00:00+00:00,55.325,59.3,11.05,12.8,26.675,30.2,0.75,2.6,3.0,0.0,0.0,0.0,0.75,4
2023_13_IND_TEN,2023,REG,13,2023-12-03,Sunday,13:00,IND,31,TEN,28,Home,-3,59,1,2023120305,59359,,202312030oti,,401547570,,7,7,-122.0,102.0,-1.5,-110.0,-110.0,42.0,-108.0,-112.0,1,outdoors,grass,53.0,13.0,00-0035289,00-0039152,Gardner Minshew,Will Levis,Shane Steichen,Mike Vrabel,Craig Wrolstad,NAS00,Nissan Stadium,36.166389,-86.771389,2023-12-03 18:00:00+00:00,59.125,59.4,8.65,10.4,19.7,24.2,0.0,0.0,0.0,0.0,0.0,0.0,0.0,4
2023_13_MIA_WAS,2023,REG,13,2023-12-03,Sunday,13:00,MIA,45,WAS,15,Home,-30,60,0,2023120306,59360,,202312030was,,401547574,,9,10,-455.0,350.0,-8.5,-112.0,-108.0,50.0,-110.0,-110.0,0,outdoors,grass,53.0,2.0,00-0036212,00-0037077,Tua Tagovailoa,Sam Howell,Mike McDaniel,Ron Rivera,Tra Blake,WAS00,FedExField,38.907778,-76.864444,2023-12-03 18:00:00+00:00,59.375,58.6,4.775,6.5,13.25,15.0,0.0,0.0,0.0,0.0,0.0,0.0,0.0,4
2023_13_CAR_TB,2023,REG,13,2023-12-03,Sunday,16:05,CAR,18,TB,21,Home,3,39,0,2023120304,59358,,202312030tam,,401547569,,7,7,164.0,-198.0,4.0,-110.0,-110.0,37.0,-110.0,-110.0,1,outdoors,grass,81.0,8.0,00-0039150,00-0034855,Bryce Young,Baker Mayfield,Chris Tabor,Todd Bowles,Brad Rogers,TAM00,Raymond James Stadium,27.975833,-82.503333,2023-12-03 21:05:00+00:00,72.325,73.8,5.8500000000000005,10.1,14.374999999999998,22.6,0.15,0.6,0.6,0.0,0.0,0.0,0.15,4
2023_13_SF_PHI,2023,REG,13,2023-12-03,Sunday,16:25,SF,42,PHI,19,Home,-23,61,0,2023120309,59363,,202312030phi,,401547276,,10,7,-148.0,124.0,-3.0,-105.0,-115.0,46.5,-108.0,-112.0,0,outdoors,grass,52.0,44.0,00-0037834,00-0036389,Brock Purdy,Jalen Hurts,Kyle Shanahan,Nick Sirianni,Alex Kemp,PHI00,Lincoln Financial Field,39.900833,-75.1675,2023-12-03 21:25:00+00:00,52.125,52.8,2.45,3.5,5.925000000000001,8.7,0.0,0.0,0.0,0.0,0.0,0.0,0.0,4
2023_13_KC_GB,2023,REG,13,2023-12-03,Sunday,20:20,KC,19,GB,27,Home,8,46,0,2023120310,59364,,202312030gnb,,401547576,,7,10,-265.0,215.0,-5.5,-118.0,-102.0,43.5,-105.0,-115.0,0,outdoors,grass,31.0,9.0,00-0033873,00-0036264,Patrick Mahomes,Jordan Love,Andy Reid,Matt LaFleur,Brad Allen,GNB00,Lambeau Field,44.501389,-88.062222,2023-12-04 01:20:00+00:00,29.849999999999998,30.3,5.4,7.2,10.875,13.0,0.0,0.0,0.0,0.0,0.0,0.0,0.0,4
2023_13_CIN_JAX,2023,REG,13,2023-12-04,Monday,20:15,CIN,34,JAX,31,Home,-3,65,1,2023120400,59365,,202312040jax,,401547577,,8,8,410.0,-550.0,10.0,-105.0,-115.0,41.0,-105.0,-115.0,0,outdoors,grass,61.0,4.0,00-0035100,00-0036971,Jake Browning,Trevor Lawrence,Zac Taylor,Doug Pederson,Scott Novak,JAX00,TIAA Bank Stadium,30.323889,-81.6375,2023-12-05 01:15:00+00:00,59.97500000000001,62.2,6.2250000000000005,6.5,10.7,11.0,0.0,0.0,0.0,0.0,0.0,0.0,0.0,4
2023_14_NE_PIT,2023,REG,14,2023-12-07,Thursday,20:15,NE,21,PIT,18,Home,-3,39,0,2023120700,59366,,202312070pit,,401547578,,4,4,220.0,-270.0,6.0,-118.0,-102.0,30.0,-105.0,-115.0,0,outdoors,grass,42.0,5.0,00-0038108,00-0033869,Bailey Zappe,Mitchell Trubisky,Bill Belichick,Mike Tomlin,Clay Martin,PIT00,Acrisure Stadium,40.446667,-80.015833,2023-12-08 01:15:00+00:00,37.525000000000006,39.0,4.975,5.2,8.7,8.7,0.0,0.0,0.0,0.0,0.0,0.0,0.0,4
2023_14_LA_BAL,2023,REG,14,2023-12-10,Sunday,13:00,LA,31,BAL,37,Home,6,68,1,2023121001,59368,,202312100rav,,401547585,,7,14,285.0,-360.0,7.5,-115.0,-105.0,42.0,-110.0,-110.0,0,outdoors,grass,57.0,5.0,00-0026498,00-0034796,Matthew Stafford,Lamar Jackson,Sean McVay,John Harbaugh,Scott Novak,BAL00,M&T Bank Stadium,39.278056,-76.622778,2023-12-10 18:00:00+00:00,57.60000000000001,57.7,5.3999999999999995,8.0,14.425,17.4,2.225,4.9,8.9,0.0,0.0,0.0,2.225,4
2023_14_DET_CHI,2023,REG,14,2023-12-10,Sunday,13:00,DET,13,CHI,28,Home,15,41,0,2023121002,59369,,202312100chi,,401547586,,7,13,-170.0,142.0,-3.0,-120.0,100.0,44.5,-110.0,-110.0,1,outdoors,grass,36.0,12.0,00-0033106,00-0036945,Jared Goff,Justin Fields,Dan Campbell,Matt Eberflus,Tra Blake,CHI98,Soldier Field,41.8623,-87.6167,2023-12-10 18:00:00+00:00,35.5,35.7,10.425,11.3,16.849999999999998,17.9,0.0,0.0,0.0,0.0,0.0,0.0,0.0,4
2023_14_IND_CIN,2023,REG,14,2023-12-10,Sunday,13:00,IND,14,CIN,34,Home,20,48,0,2023121003,59370,,202312100cin,,401547580,,7,6,124.0,-148.0,3.0,-118.0,-102.0,45.0,-110.0,-110.0,0,outdoors,fieldturf,40.0,9.0,00-0035289,00-0035100,Gardner Minshew,Jake Browning,Shane Steichen,Zac Taylor,Shawn Hochuli,CIN00,Paycor Stadium,39.095,-84.516,2023-12-10 18:00:00+00:00,38.925,39.7,10.024999999999999,10.4,20.975,21.9,0.0,0.0,0.0,0.0,0.0,0.0,0.0,4
2023_14_JAX_CLE,2023,REG,14,2023-12-10,Sunday,13:00,JAX,27,CLE,31,Home,4,58,0,2023121004,59371,,202312100cle,,401547581,,6,7,120.0,-142.0,2.5,-108.0,-112.0,37.5,-110.0,-110.0,0,outdoors,grass,39.0,11.0,00-0036971,00-0026158,Trevor Lawrence,Joe Flacco,Doug Pederson,Kevin Stefanski,Ron Torbert,CLE00,FirstEnergy Stadium,41.506111,-81.699444,2023-12-10 18:00:00+00:00,39.125,38.8,12.45,15.4,17.0,20.4,0.025,0.1,0.1,0.0,0.0,0.0,0.025,4
2023_14_HOU_NYJ,2023,REG,14,2023-12-10,Sunday,13:00,HOU,6,NYJ,30,Home,24,36,0,2023121006,59373,,202312100nyj,,401547582,,7,7,-175.0,145.0,-3.5,-108.0,-112.0,33.5,-110.0,-110.0,0,outdoors,fieldturf,58.0,7.0,00-0039163,00-0037013,C.J. Stroud,Zach Wilson,DeMeco Ryans,Robert Saleh,Brad Allen,NYC01,MetLife Stadium,40.813528,-74.074361,2023-12-10 18:00:00+00:00,59.474999999999994,61.8,11.024999999999999,12.1,22.325,26.6,3.3,6.3,13.2,0.0,0.0,0.0,3.3,4
2023_14_SEA_SF,2023,REG,14,2023-12-10,Sunday,16:05,SEA,16,SF,28,Home,12,44,0,2023121008,59375,,202312100sfo,,401547589,,10,7,650.0,-1000.0,14.5,-110.0,-110.0,44.5,-110.0,-110.0,1,outdoors,grass,63.0,5.0,00-0035704,00-0037834,Drew Lock,Brock Purdy,Pete Carroll,Kyle Shanahan,Brad Rogers,SFO01,Levi's Stadium,37.403,-121.97,2023-12-10 21:05:00+00:00,56.50000000000001,55.2,4.3,5.8,9.625,10.3,0.0,0.0,0.0,0.0,0.0,0.0,0.0,4
2023_14_BUF_KC,2023,REG,14,2023-12-10,Sunday,16:25,BUF,20,KC,17,Home,-3,37,0,2023121009,59376,,202312100kan,,401547583,,14,7,105.0,-125.0,2.0,-110.0,-110.0,49.5,-110.0,-110.0,0,outdoors,grass,45.0,5.0,00-0034857,00-0033873,Josh Allen,Patrick Mahomes,Sean McDermott,Andy Reid,Carl Cheffers,KAN00,GEHA Field at Arrowhead Stadium,39.048889,-94.483889,2023-12-10 21:25:00+00:00,40.725,43.3,5.5,6.9,12.625,16.6,0.0,0.0,0.0,0.0,0.0,0.0,0.0,4
2023_14_TEN_MIA,2023,REG,14,2023-12-11,Monday,20:15,TEN,28,MIA,27,Home,-1,55,0,2023121100,59379,,202312110mia,,401547592,,8,8,625.0,-950.0,14.0,-110.0,-110.0,45.0,-110.0,-112.0,0,outdoors,grass,64.0,9.0,00-0039152,00-0036212,Will Levis,Tua Tagovailoa,Mike Vrabel,Mike McDaniel,Adrian Hill,MIA00,Hard Rock Stadium,25.958056,-80.238889,2023-12-12 01:15:00+00:00,60.225,60.5,11.375,11.9,19.825,20.1,0.0,0.0,0.0,0.0,0.0,0.0,0.0,4
2023_14_GB_NYG,2023,REG,14,2023-12-11,Monday,20:15,GB,22,NYG,24,Home,2,46,0,2023121101,59380,,202312110nyg,,401547591,,8,15,-265.0,215.0,-6.0,-112.0,-108.0,37.5,-110.0,-110.0,0,outdoors,fieldturf,39.0,14.0,00-0036264,00-0038476,Jordan Love,Tommy DeVito,Matt LaFleur,Brian Daboll,Land Clark,NYC01,MetLife Stadium,40.813528,-74.074361,2023-12-12 01:15:00+00:00,37.4,38.9,9.825,11.5,19.975,24.6,0.0,0.0,0.0,0.0,0.0,0.0,0.0,4
2023_15_MIN_CIN,2023,REG,15,2023-12-16,Saturday,13:00,MIN,24,CIN,27,Home,3,51,1,2023121600,59383,,202312160cin,,401547604,,6,6,145.0,-175.0,3.0,-105.0,-115.0,41.5,-110.0,-110.0,0,outdoors,fieldturf,53.0,5.0,00-0033319,00-0035100,Nick Mullens,Jake Browning,Kevin O'Connell,Zac Taylor,Bill Vinovich,CIN00,Paycor Stadium,39.095,-84.516,2023-12-16 18:00:00+00:00,53.825,53.1,5.725,6.5,13.424999999999999,15.2,0.0,0.0,0.0,0.0,0.0,0.0,0.0,4
2023_15_ATL_CAR,2023,REG,15,2023-12-17,Sunday,13:00,ATL,7,CAR,9,Home,2,16,0,2023121709,59382,,202312170car,,401547603,,7,7,-155.0,130.0,-3.0,-102.0,-118.0,32.0,-110.0,-110.0,1,outdoors,grass,47.0,11.0,00-0038122,00-0039150,Desmond Ridder,Bryce Young,Arthur Smith,Chris Tabor,Land Clark,CAR00,Bank of America Stadium,35.225833,-80.852778,2023-12-17 18:00:00+00:00,48.075,48.0,17.299999999999997,18.6,30.15,33.1,4.949999999999999,5.5,19.799999999999997,0.0,0.0,0.0,4.949999999999999,4
2023_15_CHI_CLE,2023,REG,15,2023-12-17,Sunday,13:00,CHI,17,CLE,20,Home,3,37,0,2023121710,59384,,202312170cle,,401547605,,7,7,124.0,-148.0,3.0,-120.0,100.0,38.0,-110.0,-110.0,0,outdoors,grass,45.0,15.0,00-0036945,00-0026158,Justin Fields,Joe Flacco,Matt Eberflus,Kevin Stefanski,Brad Allen,CLE00,FirstEnergy Stadium,41.506111,-81.699444,2023-12-17 18:00:00+00:00,44.65,44.2,15.124999999999998,17.9,21.474999999999998,25.5,0.45000000000000007,1.3,1.8000000000000003,0.0,0.0,0.0,0.45000000000000007,4
2023_15_TB_GB,2023,REG,15,2023-12-17,Sunday,13:00,TB,34,GB,20,Home,-14,54,0,2023121700,59387,,202312170gnb,,401547598,,7,6,180.0,-218.0,4.0,-110.0,-110.0,41.5,-110.0,-110.0,0,outdoors,grass,42.0,8.0,00-0034855,00-0036264,Baker Mayfield,Jordan Love,Todd Bowles,Matt LaFleur,Tra Blake,GNB00,Lambeau Field,44.501389,-88.062222,2023-12-17 18:00:00+00:00,39.275,38.9,10.3,10.5,20.025,21.7,0.05,0.2,0.2,0.0,0.0,0.0,0.05,4
2023_15_NYJ_MIA,2023,REG,15,2023-12-17,Sunday,13:00,NYJ,0,MIA,30,Home,30,30,0,2023121701,59388,,202312170mia,,401547594,,7,6,275.0,-345.0,7.5,-115.0,-105.0,36.0,-110.0,-110.0,1,outdoors,grass,76.0,15.0,00-0037013,00-0036212,Zach Wilson,Tua Tagovailoa,Robert Saleh,Mike McDaniel,Brad Rogers,MIA00,Hard Rock Stadium,25.958056,-80.238889,2023-12-17 18:00:00+00:00,76.075,77.3,17.0,17.9,32.474999999999994,33.6,0.0,0.0,0.0,0.0,0.0,0.0,0.0,4
2023_15_KC_NE,2023,REG,15,2023-12-17,Sunday,13:00,KC,27,NE,17,Home,-10,44,0,2023121711,59396,,202312170nwe,,401547608,,7,10,-485.0,370.0,-10.0,-112.0,-108.0,39.5,-110.0,-110.0,0,outdoors,fieldturf,53.0,7.0,00-0033873,00-0038108,Patrick Mahomes,Bailey Zappe,Andy Reid,Bill Belichick,Shawn Hochuli,BOS00,Gillette Stadium,42.091,-71.264,2023-12-17 18:00:00+00:00,50.525,50.8,8.05,9.1,18.075,18.8,0.0,0.0,0.0,0.0,0.0,0.0,0.0,4
2023_15_HOU_TEN,2023,REG,15,2023-12-17,Sunday,13:00,HOU,19,TEN,16,Home,-3,35,1,2023121703,59390,,202312170oti,,401547595,,7,6,142.0,-170.0,3.0,100.0,-120.0,38.0,-108.0,-112.0,1,outdoors,grass,48.0,9.0,00-0028986,00-0039152,Case Keenum,Will Levis,DeMeco Ryans,Mike Vrabel,Clete Blakeman,NAS00,Nissan Stadium,36.166389,-86.771389,2023-12-17 18:00:00+00:00,51.225,50.8,6.525,7.0,14.1,14.8,0.0,0.0,0.0,0.0,0.0,0.0,0.0,4
2023_15_SF_ARI,2023,REG,15,2023-12-17,Sunday,16:05,SF,45,ARI,29,Home,-16,74,0,2023121704,59391,,202312170crd,,401547596,,7,14,-750.0,525.0,-12.5,-110.0,-110.0,48.0,-110.0,-110.0,1,open,grass,,,00-0037834,00-0035228,Brock Purdy,Kyler Murray,Kyle Shanahan,Jonathan Gannon,Scott Novak,PHO00,State Farm Stadium,33.528,-112.263,2023-12-17 21:05:00+00:00,73.85000000000001,74.2,3.325,3.8,7.8,8.7,0.0,0.0,0.0,0.0,0.0,0.0,0.0,4
2023_15_DAL_BUF,2023,REG,15,2023-12-17,Sunday,16:25,DAL,10,BUF,31,Home,21,41,0,2023121706,59393,,202312170buf,,401547600,,7,7,114.0,-135.0,2.0,-108.0,-112.0,49.5,-110.0,-110.0,0,outdoors,a_turf,48.0,9.0,00-0033077,00-0034857,Dak Prescott,Josh Allen,Mike McCarthy,Sean McDermott,Craig Wrolstad,BUF00,New Era Field,42.774,-78.787,2023-12-17 21:25:00+00:00,48.3,48.8,10.024999999999999,11.2,18.5,20.1,0.675,1.4,2.7,0.0,0.0,0.0,0.675,4
2023_15_BAL_JAX,2023,REG,15,2023-12-17,Sunday,20:20,BAL,23,JAX,7,Home,-16,30,0,2023121708,59395,,202312170jax,,401547602,,7,7,-225.0,185.0,-4.0,-110.0,-110.0,42.5,-108.0,-112.0,0,outdoors,grass,58.0,13.0,00-0034796,00-0036971,Lamar Jackson,Trevor Lawrence,John Harbaugh,Doug Pederson,Shawn Smith,JAX00,TIAA Bank Stadium,30.323889,-81.6375,2023-12-18 01:20:00+00:00,57.8,58.0,14.3,15.2,25.4,26.4,0.0,0.0,0.0,0.0,0.0,0.0,0.0,4
2023_15_PHI_SEA,2023,REG,15,2023-12-18,Monday,20:15,PHI,17,SEA,20,Home,3,37,0,2023121801,59394,,202312180sea,,401547601,,8,8,-238.0,195.0,-5.0,-120.0,100.0,46.0,-112.0,-108.0,0,outdoors,fieldturf,46.0,2.0,00-0036389,00-0035704,Jalen Hurts,Drew Lock,Nick Sirianni,Pete Carroll,Clay Martin,SEA00,Lumen Field,47.5952,-122.3316,2023-12-19 01:15:00+00:00,46.4,47.3,4.6,6.9,9.524999999999999,11.9,0.19999999999999998,0.6,0.7999999999999999,0.0,0.0,0.0,0.19999999999999998,4
2023_16_CIN_PIT,2023,REG,16,2023-12-23,Saturday,16:30,CIN,11,PIT,34,Home,23,45,0,2023122300,59398,,202312230pit,,401547610,,7,7,-155.0,130.0,-3.0,-105.0,-115.0,39.5,-110.0,-110.0,1,outdoors,grass,49.0,5.0,00-0035100,00-0034771,Jake Browning,Mason Rudolph,Zac Taylor,Mike Tomlin,Craig Wrolstad,PIT00,Acrisure Stadium,40.446667,-80.015833,2023-12-23 21:30:00+00:00,44.1,45.9,5.325,5.8,10.675,11.6,0.275,0.8,1.1,0.0,0.0,0.0,0.275,4
2023_16_GB_CAR,2023,REG,16,2023-12-24,Sunday,13:00,GB,33,CAR,30,Home,-3,63,0,2023122403,59401,,202312240car,,401547617,,7,7,-198.0,164.0,-3.5,-112.0,-108.0,39.5,-110.0,-110.0,0,outdoors,grass,67.0,1.0,00-0036264,00-0039150,Jordan Love,Bryce Young,Matt LaFleur,Chris Tabor,Alex Kemp,CAR00,Bank of America Stadium,35.225833,-80.852778,2023-12-24 18:00:00+00:00,61.525000000000006,60.8,4.1,5.1,10.05,10.5,0.0,0.0,0.0,0.0,0.0,0.0,0.0,4
2023_16_WAS_NYJ,2023,REG,16,2023-12-24,Sunday,13:00,WAS,28,NYJ,30,Home,2,58,0,2023122406,59404,,202312240nyj,,401547613,,7,7,140.0,-166.0,3.0,-108.0,-112.0,36.5,-110.0,-110.0,0,outdoors,fieldturf,45.0,2.0,00-0037077,00-0032156,Sam Howell,Trevor Siemian,Ron Rivera,Robert Saleh,Clay Martin,NYC01,MetLife Stadium,40.813528,-74.074361,2023-12-24 18:00:00+00:00,46.25,45.8,1.75,2.2,5.925,6.7,0.0,0.0,0.0,0.0,0.0,0.0,0.0,4
2023_16_SEA_TEN,2023,REG,16,2023-12-24,Sunday,13:00,SEA,20,TEN,17,Home,-3,37,0,2023122407,59405,,202312240oti,,401547614,,6,7,-166.0,140.0,-3.0,-110.0,-110.0,42.0,-108.0,-112.0,0,outdoors,grass,61.0,4.0,00-0030565,00-0029701,Geno Smith,Ryan Tannehill,Pete Carroll,Mike Vrabel,Shawn Smith,NAS00,Nissan Stadium,36.166389,-86.771389,2023-12-24 18:00:00+00:00,65.25,64.6,8.95,10.1,17.900000000000002,19.0,0.0,0.0,0.0,0.0,0.0,0.0,0.0,4
2023_16_JAX_TB,2023,REG,16,2023-12-24,Sunday,16:05,JAX,12,TB,30,Home,18,42,0,2023122408,59406,,202312240tam,,401547615,,7,7,-125.0,105.0,-2.0,-110.0,-110.0,43.0,-108.0,-112.0,0,outdoors,grass,72.0,11.0,00-0036971,00-0034855,Trevor Lawrence,Baker Mayfield,Doug Pederson,Todd Bowles,Brad Allen,TAM00,Raymond James Stadium,27.975833,-82.503333,2023-12-24 21:05:00+00:00,70.42500000000001,72.5,12.524999999999999,12.9,21.85,24.8,0.0,0.0,0.0,0.0,0.0,0.0,0.0,4
2023_16_ARI_CHI,2023,REG,16,2023-12-24,Sunday,16:25,ARI,16,CHI,27,Home,11,43,0,2023122409,59407,,202312240chi,,401547619,,7,7,180.0,-218.0,4.5,-110.0,-110.0,42.0,-105.0,-115.0,0,outdoors,grass,52.0,4.0,00-0035228,00-0036945,Kyler Murray,Justin Fields,Jonathan Gannon,Matt Eberflus,John Hussey,CHI98,Soldier Field,41.8623,-87.6167,2023-12-24 21:25:00+00:00,51.400000000000006,53.4,11.75,12.9,16.9,17.7,0.0,0.0,0.0,0.0,0.0,0.0,0.0,4
2023_16_DAL_MIA,2023,REG,16,2023-12-24,Sunday,16:25,DAL,20,MIA,22,Home,2,42,0,2023122410,59408,,202312240mia,,401547620,,7,7,102.0,-122.0,1.5,-110.0,-110.0,48.5,100.0,-120.0,0,outdoors,grass,75.0,15.0,00-0033077,00-0036212,Dak Prescott,Tua Tagovailoa,Mike McCarthy,Mike McDaniel,Shawn Hochuli,MIA00,Hard Rock Stadium,25.958056,-80.238889,2023-12-24 21:25:00+00:00,71.725,73.3,10.274999999999999,11.2,19.925,24.6,0.0,0.0,0.0,0.0,0.0,0.0,0.0,4
2023_16_NE_DEN,2023,REG,16,2023-12-24,Sunday,20:15,NE,26,DEN,23,Home,-3,49,0,2023122411,59409,,202312240den,,401547621,,7,8,270.0,-340.0,7.0,-110.0,-110.0,37.5,-110.0,-110.0,0,outdoors,grass,28.0,9.0,00-0038108,00-0029263,Bailey Zappe,Russell Wilson,Bill Belichick,Sean Payton,Carl Cheffers,DEN00,Empower Field at Mile High,39.743889,-105.02,2023-12-25 01:15:00+00:00,23.2,25.4,3.35,4.3,6.0,7.6,0.0,0.0,0.0,0.0,0.0,0.0,0.0,4
2023_16_LV_KC,2023,REG,16,2023-12-25,Monday,13:00,LV,20,KC,14,Home,-6,34,0,2023122500,59410,,202312250kan,,401547351,,11,8,440.0,-600.0,11.0,-102.0,-118.0,40.5,-110.0,-110.0,1,outdoors,grass,38.0,11.0,00-0038579,00-0033873,Aidan O'Connell,Patrick Mahomes,Antonio Pierce,Andy Reid,Clete Blakeman,KAN00,GEHA Field at Arrowhead Stadium,39.048889,-94.483889,2023-12-25 18:00:00+00:00,37.349999999999994,37.5,12.8,13.2,26.35,27.1,0.0,0.0,0.0,0.0,0.0,0.0,0.0,4
2023_16_NYG_PHI,2023,REG,16,2023-12-25,Monday,16:30,NYG,25,PHI,33,Home,8,58,0,2023122501,59411,,202312250phi,,401547241,,8,7,600.0,-900.0,14.0,-112.0,-108.0,41.0,-108.0,-112.0,1,outdoors,grass,51.0,5.0,00-0038476,00-0036389,Tommy DeVito,Jalen Hurts,Brian Daboll,Nick Sirianni,Ron Torbert,PHI00,Lincoln Financial Field,39.900833,-75.1675,2023-12-25 21:30:00+00:00,47.65,50.5,3.4499999999999997,4.1,7.05,10.3,0.0,0.0,0.0,0.0,0.0,0.0,0.0,4
2023_16_BAL_SF,2023,REG,16,2023-12-25,Monday,20:15,BAL,33,SF,19,Home,-14,52,0,2023122502,59412,,202312250sfo,,401547622,,8,8,275.0,-345.0,6.5,-105.0,-115.0,47.5,-112.0,-108.0,0,outdoors,grass,56.0,8.0,00-0034796,00-0037834,Lamar Jackson,Brock Purdy,John Harbaugh,Kyle Shanahan,Bill Vinovich,SFO01,Levi's Stadium,37.403,-121.97,2023-12-26 01:15:00+00:00,50.0,52.3,4.725,5.6,7.6499999999999995,8.9,0.0,0.0,0.0,0.0,0.0,0.0,0.0,4
2023_17_NYJ_CLE,2023,REG,17,2023-12-28,Thursday,20:15,NYJ,20,CLE,37,Home,17,57,0,2023122800,59413,,202312280cle,,401547623,,4,4,270.0,-345.0,6.5,-105.0,-115.0,33.5,-110.0,-110.0,0,outdoors,grass,47.0,6.0,00-0032156,00-0026158,Trevor Siemian,Joe Flacco,Robert Saleh,Kevin Stefanski,Alex Kemp,CLE00,FirstEnergy Stadium,41.506111,-81.699444,2023-12-29 01:15:00+00:00,41.85,42.7,9.8,10.3,11.974999999999998,12.8,0.0,0.0,0.0,0.0,0.0,0.0,0.0,4
2023_17_MIA_BAL,2023,REG,17,2023-12-31,Sunday,13:00,MIA,19,BAL,56,Home,37,75,0,2023123101,59415,,202312310rav,,401547625,,7,6,150.0,-180.0,3.0,100.0,-120.0,47.0,-108.0,-112.0,0,outdoors,grass,50.0,7.0,00-0036212,00-0034796,Tua Tagovailoa,Lamar Jackson,Mike McDaniel,John Harbaugh,Clete Blakeman,BAL00,M&T Bank Stadium,39.278056,-76.622778,2023-12-31 18:00:00+00:00,46.95,46.9,7.85,9.2,17.250000000000004,18.8,0.0,0.0,0.0,0.0,0.0,0.0,0.0,4
2023_17_NE_BUF,2023,REG,17,2023-12-31,Sunday,13:00,NE,21,BUF,27,Home,6,48,0,2023123102,59416,,202312310buf,,401547626,,7,8,750.0,-1200.0,15.0,-110.0,-110.0,40.0,-108.0,-112.0,1,outdoors,a_turf,35.0,4.0,00-0038108,00-0034857,Bailey Zappe,Josh Allen,Bill Belichick,Sean McDermott,Alan Eck,BUF00,New Era Field,42.774,-78.787,2023-12-31 18:00:00+00:00,37.575,36.9,6.125,8.3,15.175,18.1,0.0,0.0,0.0,0.0,0.0,0.0,0.0,4
2023_17_ATL_CHI,2023,REG,17,2023-12-31,Sunday,13:00,ATL,17,CHI,37,Home,20,54,0,2023123103,59417,,202312310chi,,401547627,,7,7,130.0,-155.0,3.0,-115.0,-105.0,39.0,-110.0,-110.0,0,outdoors,grass,32.0,5.0,00-0031800,00-0036945,Taylor Heinicke,Justin Fields,Arthur Smith,Matt Eberflus,Adrian Hill,CHI98,Soldier Field,41.8623,-87.6167,2023-12-31 18:00:00+00:00,33.25,32.9,12.2,12.5,18.200000000000003,18.3,0.0,0.0,0.0,0.07,0.07,0.28,0.1,4
2023_17_CAR_JAX,2023,REG,17,2023-12-31,Sunday,13:00,CAR,0,JAX,26,Home,26,26,0,2023123106,59420,,202312310jax,,401547629,,7,7,160.0,-192.0,3.5,-110.0,-110.0,38.0,-110.0,-110.0,0,outdoors,grass,56.0,8.0,00-0039150,00-0033936,Bryce Young,C.J. Beathard,Chris Tabor,Doug Pederson,Carl Cheffers,JAX00,TIAA Bank Stadium,30.323889,-81.6375,2023-12-31 18:00:00+00:00,57.150000000000006,55.7,6.125,6.8,13.3,13.6,0.0,0.0,0.0,0.0,0.0,0.0,0.0,4
2023_17_LA_NYG,2023,REG,17,2023-12-31,Sunday,13:00,LA,26,NYG,25,Home,-1,51,0,2023123107,59421,,202312310nyg,,401547632,,10,6,-298.0,240.0,-6.0,-112.0,-108.0,43.5,-108.0,-112.0,0,outdoors,fieldturf,41.0,10.0,00-0026498,00-0028118,Matthew Stafford,Tyrod Taylor,Sean McVay,Brian Daboll,Tra Blake,NYC01,MetLife Stadium,40.813528,-74.074361,2023-12-31 18:00:00+00:00,43.099999999999994,43.0,8.525,9.5,17.9,18.6,0.0,0.0,0.0,0.0,0.0,0.0,0.0,4
2023_17_ARI_PHI,2023,REG,17,2023-12-31,Sunday,13:00,ARI,35,PHI,31,Home,-4,66,0,2023123108,59422,,202312310phi,,401547633,,7,6,525.0,-750.0,12.0,-110.0,-110.0,48.0,-110.0,-110.0,0,outdoors,grass,45.0,9.0,00-0035228,00-0036389,Kyler Murray,Jalen Hurts,Jonathan Gannon,Nick Sirianni,Bill Vinovich,PHI00,Lincoln Financial Field,39.900833,-75.1675,2023-12-31 18:00:00+00:00,45.8,45.1,7.675,9.2,17.675,19.9,0.0,0.0,0.0,0.0,0.0,0.0,0.0,4
2023_17_NO_TB,2023,REG,17,2023-12-31,Sunday,13:00,NO,23,TB,13,Home,-10,36,0,2023123109,59423,,202312310tam,,401547634,,10,7,124.0,-148.0,2.5,100.0,-120.0,42.5,-112.0,-108.0,1,outdoors,grass,66.0,5.0,00-0031280,00-0034855,Derek Carr,Baker Mayfield,Dennis Allen,Todd Bowles,Land Clark,TAM00,Raymond James Stadium,27.975833,-82.503333,2023-12-31 18:00:00+00:00,65.075,64.0,4.75,6.2,11.5,12.5,0.0,0.0,0.0,0.0,0.0,0.0,0.0,4
2023_17_SF_WAS,2023,REG,17,2023-12-31,Sunday,13:00,SF,27,WAS,10,Home,-17,37,0,2023123110,59424,,202312310was,,401547635,,6,7,-1050.0,675.0,-14.0,-115.0,-105.0,49.0,-112.0,-108.0,0,outdoors,grass,48.0,7.0,00-0037834,00-0037077,Brock Purdy,Sam Howell,Kyle Shanahan,Ron Rivera,Ron Torbert,WAS00,FedExField,38.907778,-76.864444,2023-12-31 18:00:00+00:00,47.275000000000006,47.3,6.275,7.7,16.975,18.6,0.0,0.0,0.0,0.0,0.0,0.0,0.0,4
2023_17_PIT_SEA,2023,REG,17,2023-12-31,Sunday,16:05,PIT,30,SEA,23,Home,-7,53,0,2023123111,59425,,202312310sea,,401547636,,8,7,185.0,-225.0,4.5,-110.0,-110.0,40.5,-108.0,-112.0,0,outdoors,fieldturf,47.0,4.0,00-0034771,00-0030565,Mason Rudolph,Geno Smith,Mike Tomlin,Pete Carroll,Shawn Hochuli,SEA00,Lumen Field,47.5952,-122.3316,2023-12-31 21:05:00+00:00,45.824999999999996,45.3,2.5250000000000004,3.0,7.824999999999999,11.2,0.0,0.0,0.0,0.0,0.0,0.0,0.0,4
2023_17_LAC_DEN,2023,REG,17,2023-12-31,Sunday,16:25,LAC,9,DEN,16,Home,7,25,0,2023123112,59426,,202312310den,,401547630,,8,7,164.0,-198.0,3.5,-108.0,-112.0,39.5,-110.0,-110.0,1,outdoors,grass,41.0,6.0,00-0035282,00-0035264,Easton Stick,Jarrett Stidham,Giff Smith,Sean Payton,Craig Wrolstad,DEN00,Empower Field at Mile High,39.743889,-105.02,2023-12-31 21:25:00+00:00,37.925,39.5,2.675,3.1,6.824999999999999,9.4,0.0,0.0,0.0,0.0,0.0,0.0,0.0,4
2023_17_CIN_KC,2023,REG,17,2023-12-31,Sunday,16:25,CIN,17,KC,25,Home,8,42,0,2023123113,59427,,202312310kan,,401547235,,8,6,275.0,-345.0,7.5,-115.0,-105.0,46.0,-112.0,-108.0,0,outdoors,grass,36.0,12.0,00-0035100,00-0033873,Jake Browning,Patrick Mahomes,Zac Taylor,Andy Reid,John Hussey,KAN00,GEHA Field at Arrowhead Stadium,39.048889,-94.483889,2023-12-31 21:25:00+00:00,34.7,36.5,8.175,10.0,18.674999999999997,21.7,0.0,0.0,0.0,0.0,0.0,0.0,0.0,4
2023_18_PIT_BAL,2023,REG,18,2024-01-06,Saturday,16:30,PIT,17,BAL,10,Home,-7,27,0,2024010600,59430,,202401060rav,,401547639,,6,6,-155.0,130.0,-3.0,-105.0,-115.0,34.0,-110.0,-110.0,1,outdoors,grass,38.0,15.0,00-0034771,00-0035993,Mason Rudolph,Tyler Huntley,Mike Tomlin,John Harbaugh,Brad Allen,BAL00,M&T Bank Stadium,39.278056,-76.622778,2024-01-06 21:30:00+00:00,40.125,37.3,16.375,19.6,31.925000000000004,34.9,2.55,5.0,10.2,0.035,0.14,0.14,2.6,4
2023_18_TB_CAR,2023,REG,18,2024-01-07,Sunday,13:00,TB,9,CAR,0,Home,-9,9,0,2024010705,59431,,202401070car,,401547640,,7,7,-245.0,200.0,-5.0,-105.0,-115.0,36.5,-110.0,-110.0,1,outdoors,grass,54.0,19.0,00-0034855,00-0039150,Baker Mayfield,Bryce Young,Todd Bowles,Chris Tabor,Clete Blakeman,CAR00,Bank of America Stadium,35.225833,-80.852778,2024-01-07 18:00:00+00:00,52.1,52.1,13.774999999999999,14.5,27.4,29.8,0.0,0.0,0.0,0.0,0.0,0.0,0.0,4
2023_18_CLE_CIN,2023,REG,18,2024-01-07,Sunday,13:00,CLE,14,CIN,31,Home,17,45,0,2024010701,59432,,202401070cin,,401547641,,10,7,285.0,-360.0,7.5,-115.0,-105.0,37.0,-112.0,-108.0,1,outdoors,fieldturf,38.0,12.0,00-0032436,00-0035100,Jeff Driskel,Jake Browning,Kevin Stefanski,Zac Taylor,Alan Eck,CIN00,Paycor Stadium,39.095,-84.516,2024-01-07 18:00:00+00:00,37.724999999999994,37.3,13.850000000000001,15.9,29.475,31.1,0.025,0.1,0.1,0.0,0.0,0.0,0.025,4
2023_18_NYJ_NE,2023,REG,18,2024-01-07,Sunday,13:00,NYJ,17,NE,3,Home,-14,20,0,2024010704,59439,,202401070nwe,,401547648,,10,7,120.0,-142.0,2.5,-112.0,-108.0,28.5,-110.0,-110.0,1,outdoors,fieldturf,33.0,14.0,00-0032156,00-0038108,Trevor Siemian,Bailey Zappe,Robert Saleh,Bill Belichick,Land Clark,BOS00,Gillette Stadium,42.091,-71.264,2024-01-07 18:00:00+00:00,29.749999999999996,33.4,13.599999999999998,15.2,29.025000000000002,32.7,0.125,0.2,0.5,1.68,2.45,6.72,2.525,4
2023_18_JAX_TEN,2023,REG,18,2024-01-07,Sunday,13:00,JAX,20,TEN,28,Home,8,48,0,2024010702,59443,,202401070oti,,401547652,,7,7,-185.0,154.0,-3.5,-102.0,-118.0,41.5,-112.0,-108.0,1,outdoors,grass,41.0,11.0,00-0036971,00-0029701,Trevor Lawrence,Ryan Tannehill,Doug Pederson,Mike Vrabel,Tra Blake,NAS00,Nissan Stadium,36.166389,-86.771389,2024-01-07 18:00:00+00:00,45.275000000000006,44.0,10.350000000000001,11.9,20.975,22.8,0.025,0.1,0.1,0.0,0.0,0.0,0.025,4
2023_18_CHI_GB,2023,REG,18,2024-01-07,Sunday,16:25,CHI,9,GB,17,Home,8,26,0,2024010706,59434,,202401070gnb,,401547643,,7,7,124.0,-148.0,2.5,-102.0,-118.0,45.5,-108.0,-112.0,1,outdoors,grass,34.0,7.0,00-0036945,00-0036264,Justin Fields,Jordan Love,Matt Eberflus,Matt LaFleur,Carl Cheffers,GNB00,Lambeau Field,44.501389,-88.062222,2024-01-07 21:25:00+00:00,33.9,36.2,6.325,7.6,13.924999999999999,19.7,0.0,0.0,0.0,0.0,0.0,0.0,0.0,4
2023_18_PHI_NYG,2023,REG,18,2024-01-07,Sunday,16:25,PHI,10,NYG,27,Home,17,37,0,2024010711,59441,,202401070nyg,,401547650,,7,7,-238.0,190.0,-4.5,-112.0,-108.0,43.0,-105.0,-115.0,1,outdoors,fieldturf,36.0,12.0,00-0036389,00-0028118,Jalen Hurts,Tyrod Taylor,Nick Sirianni,Brian Daboll,Craig Wrolstad,NYC01,MetLife Stadium,40.813528,-74.074361,2024-01-07 21:25:00+00:00,34.175000000000004,36.2,7.449999999999999,7.9,13.75,15.0,0.0,0.0,0.0,0.0,0.0,0.0,0.0,4
2023_18_LA_SF,2023,REG,18,2024-01-07,Sunday,16:25,LA,21,SF,20,Home,-1,41,0,2024010710,59442,,202401070sfo,,401547651,,7,7,200.0,-245.0,5.5,-108.0,-112.0,40.0,-108.0,-112.0,1,outdoors,grass,52.0,11.0,00-0032950,00-0034869,Carson Wentz,Sam Darnold,Sean McVay,Kyle Shanahan,Clay Martin,SFO01,Levi's Stadium,37.403,-121.97,2024-01-07 21:25:00+00:00,50.675,50.5,7.525,8.3,14.549999999999999,15.2,0.0,0.0,0.0,0.0,0.0,0.0,0.0,4
2023_18_DAL_WAS,2023,REG,18,2024-01-07,Sunday,16:25,DAL,38,WAS,10,Home,-28,48,0,2024010707,59444,,202401070was,,401547653,,8,7,-850.0,575.0,-13.0,-115.0,-105.0,47.5,-110.0,-110.0,1,outdoors,grass,48.0,13.0,00-0033077,00-0037077,Dak Prescott,Sam Howell,Mike McCarthy,Ron Rivera,Shawn Smith,WAS00,FedExField,38.907778,-76.864444,2024-01-07 21:25:00+00:00,43.75,46.4,11.075000000000001,12.3,27.174999999999997,35.8,0.0,0.0,0.0,0.0,0.0,0.0,0.0,4
2023_18_BUF_MIA,2023,REG,18,2024-01-07,Sunday,20:20,BUF,21,MIA,14,Home,-7,35,0,2024010713,59438,,202401070mia,,401547647,,7,7,-155.0,130.0,-2.5,-125.0,105.0,47.5,-110.0,-110.0,1,outdoors,grass,63.0,6.0,00-0034857,00-0036212,Josh Allen,Tua Tagovailoa,Sean McDermott,Mike McDaniel,Alex Kemp,MIA00,Hard Rock Stadium,25.958056,-80.238889,2024-01-08 01:20:00+00:00,59.875,60.9,7.25,8.4,12.3,13.9,0.0,0.0,0.0,0.0,0.0,0.0,0.0,4
2024_01_BAL_KC,2024,REG,1,2024-09-05,Thursday,20:20,BAL,20,KC,27,Home,7,47,0,2024090500,59508,,202409050kan,,401671789,6449.0,7,7,124.0,-148.0,3.0,-118.0,-102.0,46.0,-110.0,-110.0,0,outdoors,grass,67.0,8.0,00-0034796,00-0033873,Lamar Jackson,Patrick Mahomes,John Harbaugh,Andy Reid,Shawn Hochuli,KAN00,GEHA Field at Arrowhead Stadium,39.048889,-94.483889,2024-09-06 00:20:00+00:00,77.47500000000001,82.1,7.050000000000001,9.6,14.05,18.6,0.0,0.0,0.0,0.0,0.0,0.0,0.0,4
2024_01_GB_PHI,2024,REG,1,2024-09-06,Friday,20:15,GB,29,PHI,34,Neutral,5,63,0,2024090600,59509,,202409060phi,,401671805,6450.0,7,7,110.0,-130.0,2.0,-110.0,-110.0,49.5,-112.0,-108.0,0,outdoors,,,,00-0036264,00-0036389,Jordan Love,Jalen Hurts,Matt LaFleur,Nick Sirianni,Ron Torbert,SAO00,Arena Corinthians,-23.5453,-46.4742,2024-09-07 00:15:00+00:00,62.125,62.5,5.425,6.7,10.225,11.9,0.0,0.0,0.0,0.0,0.0,0.0,0.0,4
2024_01_ARI_BUF,2024,REG,1,2024-09-08,Sunday,13:00,ARI,28,BUF,34,Home,6,62,0,2024090801,59511,,202409080buf,,401671617,6452.0,7,7,250.0,-310.0,6.5,-105.0,-115.0,46.0,-112.0,-108.0,0,outdoors,a_turf,61.0,20.0,00-0035228,00-0034857,Kyler Murray,Josh Allen,Jonathan Gannon,Sean McDermott,Tra Blake,BUF00,New Era Field,42.774,-78.787,2024-09-08 17:00:00+00:00,58.824999999999996,58.8,19.225,20.6,39.15,40.7,0.15000000000000002,0.4,0.6000000000000001,0.0,0.0,0.0,0.15000000000000002,4
2024_01_TEN_CHI,2024,REG,1,2024-09-08,Sunday,13:00,TEN,17,CHI,24,Home,7,41,0,2024090802,59512,,202409080chi,,401671719,6453.0,7,7,164.0,-198.0,4.0,-108.0,-112.0,43.0,-110.0,-110.0,0,outdoors,grass,67.0,8.0,00-0039152,00-0039918,Will Levis,Caleb Williams,Brian Callahan,Matt Eberflus,Shawn Smith,CHI98,Soldier Field,41.8623,-87.6167,2024-09-08 17:00:00+00:00,71.025,68.6,9.575,10.3,18.5,19.2,0.0,0.0,0.0,0.0,0.0,0.0,0.0,4
2024_01_NE_CIN,2024,REG,1,2024-09-08,Sunday,13:00,NE,16,CIN,10,Home,-6,26,0,2024090803,59513,,202409080cin,,401671628,6454.0,7,7,295.0,-375.0,8.0,-110.0,-110.0,40.5,-112.0,-108.0,0,outdoors,fieldturf,66.0,5.0,00-0033119,00-0036442,Jacoby Brissett,Joe Burrow,Jerod Mayo,Zac Taylor,Land Clark,CIN00,Paycor Stadium,39.095,-84.516,2024-09-08 17:00:00+00:00,67.85,65.1,1.7000000000000002,1.8,9.625,10.1,0.0,0.0,0.0,0.0,0.0,0.0,0.0,4
2024_01_JAX_MIA,2024,REG,1,2024-09-08,Sunday,13:00,JAX,17,MIA,20,Home,3,37,0,2024090805,59515,,202409080mia,,401671849,6456.0,7,7,150.0,-180.0,3.5,-110.0,-110.0,49.5,-112.0,-108.0,0,outdoors,grass,91.0,10.0,00-0036971,00-0036212,Trevor Lawrence,Tua Tagovailoa,Doug Pederson,Mike McDaniel,Craig Wrolstad,MIA00,Hard Rock Stadium,25.958056,-80.238889,2024-09-08 17:00:00+00:00,89.325,89.5,9.775,10.1,20.425,20.8,0.0,0.0,0.0,0.0,0.0,0.0,0.0,4
2024_01_MIN_NYG,2024,REG,1,2024-09-08,Sunday,13:00,MIN,28,NYG,6,Home,-22,34,0,2024090807,59517,,202409080nyg,,401671712,6458.0,7,7,-115.0,-105.0,-1.0,-108.0,-112.0,42.5,-108.0,-112.0,0,outdoors,fieldturf,64.0,10.0,00-0034869,00-0035710,Sam Darnold,Daniel Jones,Kevin O'Connell,Brian Daboll,Alex Kemp,NYC01,MetLife Stadium,40.813528,-74.074361,2024-09-08 17:00:00+00:00,69.30000000000001,67.2,11.850000000000001,12.5,24.35,25.1,0.0,0.0,0.0,0.0,0.0,0.0,0.0,4
2024_01_DEN_SEA,2024,REG,1,2024-09-08,Sunday,16:05,DEN,20,SEA,26,Home,6,46,0,2024090809,59519,,202409080sea,,401671664,6460.0,7,7,225.0,-278.0,6.5,-110.0,-110.0,42.0,-108.0,-112.0,0,outdoors,fieldturf,65.0,7.0,00-0039732,00-0030565,Bo Nix,Geno Smith,Sean Payton,Mike Macdonald,Brad Allen,SEA00,Lumen Field,47.5952,-122.3316,2024-09-08 20:05:00+00:00,76.75,73.5,7.1,7.2,15.675,16.8,0.0,0.0,0.0,0.0,0.0,0.0,0.0,4
2024_01_DAL_CLE,2024,REG,1,2024-09-08,Sunday,16:25,DAL,33,CLE,17,Home,-16,50,0,2024090810,59520,,202409080cle,,401671761,6461.0,7,7,110.0,-130.0,2.5,-112.0,-108.0,42.0,-108.0,-112.0,0,outdoors,grass,69.0,17.0,00-0033077,00-0033537,Dak Prescott,Deshaun Watson,Mike McCarthy,Kevin Stefanski,Clete Blakeman,CLE00,FirstEnergy Stadium,41.506111,-81.699444,2024-09-08 20:25:00+00:00,64.875,63.6,13.675,14.8,18.55,19.2,0.0,0.0,0.0,0.0,0.0,0.0,0.0,4
2024_01_WAS_TB,2024,REG,1,2024-09-08,Sunday,16:25,WAS,20,TB,37,Home,17,57,0,2024090811,59521,,202409080tam,,401671770,6462.0,7,7,164.0,-198.0,4.0,-112.0,-108.0,42.0,-110.0,-110.0,0,outdoors,grass,93.0,6.0,00-0039910,00-0034855,Jayden Daniels,Baker Mayfield,Dan Quinn,Todd Bowles,Bill Vinovich,TAM00,Raymond James Stadium,27.975833,-82.503333,2024-09-08 20:25:00+00:00,80.525,82.6,5.55,8.8,14.575000000000001,16.3,0.3,0.6,1.2,0.0,0.0,0.0,0.3,4
2024_01_NYJ_SF,2024,REG,1,2024-09-09,Monday,20:15,NYJ,19,SF,32,Home,13,51,0,2024090900,59523,,202409090sfo,,401671696,6464.0,7,7,150.0,-180.0,3.5,-115.0,-105.0,43.0,-108.0,-112.0,0,outdoors,grass,76.0,10.0,00-0023459,00-0037834,Aaron Rodgers,Brock Purdy,Robert Saleh,Kyle Shanahan,Carl Cheffers,SFO01,Levi's Stadium,37.403,-121.97,2024-09-10 00:15:00+00:00,68.60000000000001,74.1,11.575,14.4,21.974999999999998,26.2,0.0,0.0,0.0,0.0,0.0,0.0,0.0,4
2024_02_BUF_MIA,2024,REG,2,2024-09-12,Thursday,20:15,BUF,31,MIA,10,Home,-21,41,0,2024091200,59524,,202409120mia,,401671807,6465.0,4,4,114.0,-135.0,2.5,-110.0,-110.0,48.5,-105.0,-115.0,1,outdoors,grass,86.0,3.0,00-0034857,00-0036212,Josh Allen,Tua Tagovailoa,Sean McDermott,Mike McDaniel,Bill Vinovich,MIA00,Hard Rock Stadium,25.958056,-80.238889,2024-09-13 00:15:00+00:00,79.55,80.8,3.125,4.9,7.825,10.3,0.0,0.0,0.0,0.0,0.0,0.0,0.0,4
2024_02_LV_BAL,2024,REG,2,2024-09-15,Sunday,13:00,LV,26,BAL,23,Home,-3,49,0,2024091500,59525,,202409150rav,,401671624,6466.0,7,10,350.0,-455.0,9.0,-112.0,-108.0,41.0,-108.0,-112.0,0,outdoors,grass,76.0,10.0,00-0035289,00-0034796,Gardner Minshew,Lamar Jackson,Antonio Pierce,John Harbaugh,Tra Blake,BAL00,M&T Bank Stadium,39.278056,-76.622778,2024-09-15 17:00:00+00:00,79.825,77.5,9.825,10.9,20.575000000000003,21.9,0.0,0.0,0.0,0.0,0.0,0.0,0.0,4
2024_02_LAC_CAR,2024,REG,2,2024-09-15,Sunday,13:00,LAC,26,CAR,3,Home,-23,29,0,2024091501,59526,,202409150car,,401671652,6467.0,7,7,-225.0,185.0,-5.0,-110.0,-110.0,39.0,-112.0,-108.0,0,outdoors,grass,78.0,13.0,00-0036355,00-0039150,Justin Herbert,Bryce Young,Jim Harbaugh,Dave Canales,Brad Rogers,CAR00,Bank of America Stadium,35.225833,-80.852778,2024-09-15 17:00:00+00:00,81.1,80.6,14.95,16.1,30.525,31.8,0.07500000000000001,0.1,0.30000000000000004,0.0,0.0,0.0,0.07500000000000001,4
2024_02_IND_GB,2024,REG,2,2024-09-15,Sunday,13:00,IND,10,GB,16,Home,6,26,0,2024091504,59529,,202409150gnb,,401671723,6470.0,7,9,-142.0,120.0,-3.0,-102.0,-118.0,41.5,-110.0,-110.0,0,outdoors,grass,85.0,7.0,00-0039164,00-0038128,Anthony Richardson,Malik Willis,Shane Steichen,Matt LaFleur,Shawn Hochuli,GNB00,Lambeau Field,44.501389,-88.062222,2024-09-15 17:00:00+00:00,84.95,83.6,5.525,6.6,12.8,14.1,0.0,0.0,0.0,0.0,0.0,0.0,0.0,4
2024_02_CLE_JAX,2024,REG,2,2024-09-15,Sunday,13:00,CLE,18,JAX,13,Home,-5,31,0,2024091505,59530,,202409150jax,,401671635,6471.0,7,7,142.0,-170.0,3.0,100.0,-120.0,41.5,-108.0,-112.0,0,outdoors,grass,80.0,12.0,00-0033537,00-0036971,Deshaun Watson,Trevor Lawrence,Kevin Stefanski,Doug Pederson,Adrian Hill,JAX00,TIAA Bank Stadium,30.323889,-81.6375,2024-09-15 17:00:00+00:00,79.5,80.7,13.025,14.5,25.325,27.3,0.05,0.1,0.2,0.0,0.0,0.0,0.05,4
2024_02_SEA_NE,2024,REG,2,2024-09-15,Sunday,13:00,SEA,23,NE,20,Home,-3,43,1,2024091507,59532,,202409150nwe,,401671702,6473.0,7,7,-170.0,142.0,-3.5,-102.0,-118.0,39.0,-110.0,-110.0,0,outdoors,fieldturf,77.0,5.0,00-0030565,00-0033119,Geno Smith,Jacoby Brissett,Mike Macdonald,Jerod Mayo,Carl Cheffers,BOS00,Gillette Stadium,42.091,-71.264,2024-09-15 17:00:00+00:00,77.17499999999998,76.8,5.1499999999999995,6.2,14.75,15.9,0.0,0.0,0.0,0.0,0.0,0.0,0.0,4
2024_02_NYJ_TEN,2024,REG,2,2024-09-15,Sunday,13:00,NYJ,24,TEN,17,Home,-7,41,0,2024091508,59533,,202409150oti,,401671636,6474.0,6,7,-180.0,150.0,-3.5,-112.0,-108.0,41.5,-112.0,-108.0,0,outdoors,grass,80.0,13.0,00-0023459,00-0039152,Aaron Rodgers,Will Levis,Robert Saleh,Brian Callahan,Alan Eck,NAS00,Nissan Stadium,36.166389,-86.771389,2024-09-15 17:00:00+00:00,83.575,81.6,7.85,8.4,18.325,19.2,0.07500000000000001,0.2,0.30000000000000004,0.0,0.0,0.0,0.07500000000000001,4
2024_02_NYG_WAS,2024,REG,2,2024-09-15,Sunday,13:00,NYG,18,WAS,21,Home,3,39,0,2024091509,59534,,202409150was,,401671716,6475.0,7,7,105.0,-125.0,1.5,-108.0,-112.0,42.5,-105.0,-115.0,1,outdoors,grass,82.0,11.0,00-0035710,00-0039910,Daniel Jones,Jayden Daniels,Brian Daboll,Dan Quinn,Scott Novak,WAS00,FedExField,38.907778,-76.864444,2024-09-15 17:00:00+00:00,80.5,78.4,8.325,10.1,20.975,23.5,0.0,0.0,0.0,0.0,0.0,0.0,0.0,4
2024_02_PIT_DEN,2024,REG,2,2024-09-15,Sunday,16:25,PIT,13,DEN,6,Home,-7,19,0,2024091511,59536,,202409150den,,401671668,6477.0,7,7,-155.0,130.0,-3.0,-102.0,-118.0,36.5,-112.0,-108.0,0,outdoors,grass,83.0,4.0,00-0036945,00-0039732,Justin Fields,Bo Nix,Mike Tomlin,Sean Payton,Clete Blakeman,DEN00,Empower Field at Mile High,39.743889,-105.02,2024-09-15 20:25:00+00:00,83.85000000000001,86.0,7.625,13.9,19.675,24.6,0.0,0.0,0.0,0.0,0.0,0.0,0.0,4
2024_02_CIN_KC,2024,REG,2,2024-09-15,Sunday,16:25,CIN,25,KC,26,Home,1,51,0,2024091512,59537,,202409150kan,,401671670,6478.0,7,10,235.0,-290.0,6.5,-105.0,-115.0,47.5,-108.0,-112.0,0,outdoors,grass,89.0,8.0,00-0036442,00-0033873,Joe Burrow,Patrick Mahomes,Zac Taylor,Andy Reid,Alex Kemp,KAN00,GEHA Field at Arrowhead Stadium,39.048889,-94.483889,2024-09-15 20:25:00+00:00,84.275,84.7,6.2,7.8,16.025,16.8,0.075,0.3,0.3,0.0,0.0,0.0,0.075,4
2024_02_ATL_PHI,2024,REG,2,2024-09-16,Monday,20:15,ATL,22,PHI,21,Home,-1,43,0,2024091600,59539,,202409160phi,,401671691,6480.0,8,10,215.0,-265.0,5.5,-105.0,-115.0,46.5,-110.0,-110.0,0,outdoors,grass,71.0,9.0,00-0029604,00-0036389,Kirk Cousins,Jalen Hurts,Raheem Morris,Nick Sirianni,Craig Wrolstad,PHI00,Lincoln Financial Field,39.900833,-75.1675,2024-09-17 00:15:00+00:00,67.2,70.5,6.550000000000001,8.7,11.674999999999999,15.9,0.0,0.0,0.0,0.0,0.0,0.0,0.0,4
2024_03_NE_NYJ,2024,REG,3,2024-09-19,Thursday,20:15,NE,3,NYJ,24,Home,21,27,0,2024091900,59540,,202409190nyj,,401671808,6481.0,4,4,230.0,-285.0,6.5,-110.0,-110.0,39.0,-108.0,-112.0,1,outdoors,fieldturf,75.0,5.0,00-0033119,00-0023459,Jacoby Brissett,Aaron Rodgers,Jerod Mayo,Robert Saleh,John Hussey,NYC01,MetLife Stadium,40.813528,-74.074361,2024-09-20 00:15:00+00:00,71.175,73.7,5.525,6.7,10.125,11.2,0.0,0.0,0.0,0.0,0.0,0.0,0.0,4
2024_03_NYG_CLE,2024,REG,3,2024-09-22,Sunday,13:00,NYG,21,CLE,15,Home,-6,36,0,2024092200,59541,,202409220cle,,401671855,6482.0,7,7,220.0,-270.0,6.5,-112.0,-108.0,38.0,-108.0,-112.0,0,outdoors,grass,76.0,4.0,00-0035710,00-0033537,Daniel Jones,Deshaun Watson,Brian Daboll,Kevin Stefanski,Craig Wrolstad,CLE00,FirstEnergy Stadium,41.506111,-81.699444,2024-09-22 17:00:00+00:00,78.725,79.5,4.1,6.6,6.1,8.7,0.0,0.0,0.0,0.0,0.0,0.0,0.0,4
2024_03_LAC_PIT,2024,REG,3,2024-09-22,Sunday,13:00,LAC,10,PIT,20,Home,10,30,0,2024092204,59545,,202409220pit,,401671632,6486.0,7,7,124.0,-148.0,3.0,-118.0,-102.0,36.0,-115.0,-105.0,0,outdoors,grass,72.0,2.0,00-0036355,00-0036945,Justin Herbert,Justin Fields,Jim Harbaugh,Mike Tomlin,Alex Kemp,PIT00,Acrisure Stadium,40.446667,-80.015833,2024-09-22 17:00:00+00:00,79.45,77.9,3.05,3.7,10.950000000000001,11.9,0.0,0.0,0.0,0.0,0.0,0.0,0.0,4
2024_03_DEN_TB,2024,REG,3,2024-09-22,Sunday,13:00,DEN,26,TB,7,Home,-19,33,0,2024092205,59546,,202409220tam,,401671741,6487.0,7,7,200.0,-245.0,6.0,-112.0,-108.0,40.5,-108.0,-112.0,0,outdoors,grass,85.0,6.0,00-0039732,00-0034855,Bo Nix,Baker Mayfield,Sean Payton,Todd Bowles,Alan Eck,TAM00,Raymond James Stadium,27.975833,-82.503333,2024-09-22 17:00:00+00:00,86.6,85.5,4.975,5.3,12.7,13.0,0.0,0.0,0.0,0.0,0.0,0.0,0.0,4
2024_03_GB_TEN,2024,REG,3,2024-09-22,Sunday,13:00,GB,30,TEN,14,Home,-16,44,0,2024092206,59547,,202409220oti,,401671823,6488.0,7,7,136.0,-162.0,3.0,-112.0,-108.0,37.0,-108.0,-112.0,0,outdoors,grass,87.0,7.0,00-0038128,00-0039152,Malik Willis,Will Levis,Matt LaFleur,Brian Callahan,Clay Martin,NAS00,Nissan Stadium,36.166389,-86.771389,2024-09-22 17:00:00+00:00,76.8,77.8,4.425,9.6,14.924999999999999,20.6,2.2,6.9,8.8,0.0,0.0,0.0,2.2,4
2024_03_MIA_SEA,2024,REG,3,2024-09-22,Sunday,16:05,MIA,3,SEA,24,Home,21,27,0,2024092208,59549,,202409220sea,,401671662,6490.0,10,7,170.0,-205.0,4.0,-110.0,-110.0,41.5,-110.0,-110.0,0,outdoors,fieldturf,64.0,2.0,00-0037327,00-0030565,Skylar Thompson,Geno Smith,Mike McDaniel,Mike Macdonald,Land Clark,SEA00,Lumen Field,47.5952,-122.3316,2024-09-22 20:05:00+00:00,65.82499999999999,64.1,1.525,2.0,7.975,8.9,0.0,0.0,0.0,0.0,0.0,0.0,0.0,4
2024_03_JAX_BUF,2024,REG,3,2024-09-23,Monday,19:30,JAX,10,BUF,47,Home,37,57,0,2024092300,59554,,202409230buf,,401671682,6495.0,8,11,180.0,-218.0,4.0,-108.0,-112.0,46.5,-110.0,-110.0,0,outdoors,a_turf,68.0,5.0,00-0036971,00-0034857,Trevor Lawrence,Josh Allen,Doug Pederson,Sean McDermott,Shawn Smith,BUF00,New Era Field,42.774,-78.787,2024-09-23 23:30:00+00:00,67.82499999999999,69.8,3.45,7.4,7.7,12.5,0.05,0.1,0.2,0.0,0.0,0.0,0.05,4
2024_03_WAS_CIN,2024,REG,3,2024-09-23,Monday,20:15,WAS,38,CIN,33,Home,-5,71,0,2024092301,59555,,202409230cin,,401671490,6496.0,8,8,280.0,-355.0,7.5,-115.0,-105.0,46.0,-112.0,-108.0,0,outdoors,fieldturf,69.0,5.0,00-0039910,00-0036442,Jayden Daniels,Joe Burrow,Dan Quinn,Zac Taylor,Brad Allen,CIN00,Paycor Stadium,39.095,-84.516,2024-09-24 00:15:00+00:00,70.75,75.9,2.975,3.4,6.025,7.4,0.1,0.3,0.4,0.0,0.0,0.0,0.1,4
2024_04_DAL_NYG,2024,REG,4,2024-09-26,Thursday,20:15,DAL,20,NYG,15,Home,-5,35,0,2024092600,59556,,202409260nyg,,401671812,6497.0,4,4,-250.0,205.0,-5.5,-115.0,-105.0,45.0,-112.0,-108.0,1,outdoors,fieldturf,74.0,3.0,00-0033077,00-0035710,Dak Prescott,Daniel Jones,Mike McCarthy,Brian Daboll,Clay Martin,NYC01,MetLife Stadium,40.813528,-74.074361,2024-09-27 00:15:00+00:00,70.25,70.7,3.8500000000000005,5.5,6.1,9.2,0.0,0.0,0.0,0.0,0.0,0.0,0.0,4
2024_04_CIN_CAR,2024,REG,4,2024-09-29,Sunday,13:00,CIN,34,CAR,24,Home,-10,58,0,2024092901,59558,,202409290car,,401671745,6499.0,6,7,-205.0,170.0,-4.5,-112.0,-108.0,47.0,-108.0,-112.0,0,outdoors,grass,78.0,6.0,00-0036442,00-0027973,Joe Burrow,Andy Dalton,Zac Taylor,Dave Canales,Adrian Hill,CAR00,Bank of America Stadium,35.225833,-80.852778,2024-09-29 17:00:00+00:00,78.55,78.2,6.35,8.1,17.4,18.6,0.05,0.2,0.2,0.0,0.0,0.0,0.05,4
2024_04_LA_CHI,2024,REG,4,2024-09-29,Sunday,13:00,LA,18,CHI,24,Home,6,42,0,2024092902,59559,,202409290chi,,401671871,6500.0,7,7,136.0,-162.0,3.0,-112.0,-108.0,40.0,-105.0,-115.0,0,outdoors,grass,70.0,16.0,00-0026498,00-0039918,Matthew Stafford,Caleb Williams,Sean McVay,Matt Eberflus,Brad Rogers,CHI98,Soldier Field,41.8623,-87.6167,2024-09-29 17:00:00+00:00,67.725,66.0,16.8,17.5,26.275,27.5,0.025,0.1,0.1,0.0,0.0,0.0,0.025,4
2024_04_MIN_GB,2024,REG,4,2024-09-29,Sunday,13:00,MIN,31,GB,29,Home,-2,60,0,2024092903,59560,,202409290gnb,,401671643,6501.0,7,7,114.0,-135.0,2.5,-102.0,-118.0,44.0,-112.0,-108.0,1,outdoors,grass,71.0,15.0,00-0034869,00-0036264,Sam Darnold,Jordan Love,Kevin O'Connell,Matt LaFleur,Bill Vinovich,GNB00,Lambeau Field,44.501389,-88.062222,2024-09-29 17:00:00+00:00,70.47500000000001,69.4,12.125,12.9,25.525,26.2,0.0,0.0,0.0,0.0,0.0,0.0,0.0,4
2024_04_DEN_NYJ,2024,REG,4,2024-09-29,Sunday,13:00,DEN,10,NYJ,9,Home,-1,19,0,2024092906,59563,,202409290nyj,,401671622,6504.0,7,10,330.0,-425.0,7.5,-108.0,-112.0,39.5,-112.0,-108.0,0,outdoors,fieldturf,67.0,8.0,00-0039732,00-0023459,Bo Nix,Aaron Rodgers,Sean Payton,Robert Saleh,Ron Torbert,NYC01,MetLife Stadium,40.813528,-74.074361,2024-09-29 17:00:00+00:00,64.32499999999999,64.2,10.0,10.3,19.4,20.6,0.07500000000000001,0.2,0.30000000000000004,0.0,0.0,0.0,0.07500000000000001,4
2024_04_PHI_TB,2024,REG,4,2024-09-29,Sunday,13:00,PHI,16,TB,33,Home,17,49,0,2024092907,59564,,202409290tam,,401671740,6505.0,7,7,-115.0,-105.0,-1.0,-110.0,-110.0,42.0,-108.0,-112.0,0,outdoors,grass,88.0,9.0,00-0036389,00-0034855,Jalen Hurts,Baker Mayfield,Nick Sirianni,Todd Bowles,Carl Cheffers,TAM00,Raymond James Stadium,27.975833,-82.503333,2024-09-29 17:00:00+00:00,86.275,86.4,7.825,9.0,18.450000000000003,20.1,0.0,0.0,0.0,0.0,0.0,0.0,0.0,4
2024_04_NE_SF,2024,REG,4,2024-09-29,Sunday,16:05,NE,13,SF,30,Home,17,43,0,2024092909,59566,,202409290sfo,,401671758,6507.0,10,7,410.0,-550.0,10.5,-112.0,-108.0,41.5,-110.0,-110.0,0,outdoors,grass,71.0,5.0,00-0033119,00-0037834,Jacoby Brissett,Brock Purdy,Jerod Mayo,Kyle Shanahan,Scott Novak,SFO01,Levi's Stadium,37.403,-121.97,2024-09-29 20:05:00+00:00,78.1,75.3,8.15,10.1,17.0,19.2,0.0,0.0,0.0,0.0,0.0,0.0,0.0,4
2024_04_BUF_BAL,2024,REG,4,2024-09-29,Sunday,20:20,BUF,10,BAL,35,Home,25,45,0,2024092912,59569,,202409290rav,,401671783,6510.0,6,7,114.0,-135.0,2.5,-108.0,-112.0,46.5,-110.0,-110.0,0,outdoors,grass,68.0,8.0,00-0034857,00-0034796,Josh Allen,Lamar Jackson,Sean McDermott,John Harbaugh,Alan Eck,BAL00,M&T Bank Stadium,39.278056,-76.622778,2024-09-30 00:20:00+00:00,65.55,66.4,9.45,10.1,17.1,18.1,0.17500000000000002,0.2,0.7000000000000001,0.0,0.0,0.0,0.17500000000000002,4
2024_04_TEN_MIA,2024,REG,4,2024-09-30,Monday,19:30,TEN,31,MIA,12,Home,-19,43,0,2024093000,59570,,202409300mia,,401671683,6511.0,8,8,114.0,-135.0,2.5,-108.0,-112.0,37.0,-110.0,-110.0,0,outdoors,grass,86.0,9.0,00-0039152,00-0035993,Will Levis,Tyler Huntley,Brian Callahan,Mike McDaniel,Clete Blakeman,MIA00,Hard Rock Stadium,25.958056,-80.238889,2024-09-30 23:30:00+00:00,80.775,82.9,3.975,4.2,8.275,13.4,0.0,0.0,0.0,0.0,0.0,0.0,0.0,4
2024_05_NYJ_MIN,2024,REG,5,2024-10-06,Sunday,09:30,NYJ,17,MIN,23,Neutral,6,40,0,2024100600,59573,,202410060min,,401671804,6514.0,7,7,120.0,-142.0,2.5,-105.0,-115.0,42.0,-112.0,-108.0,0,outdoors,grass,59.0,8.0,00-0023459,00-0034869,Aaron Rodgers,Sam Darnold,Robert Saleh,Kevin O'Connell,Scott Novak,LON02,Tottenham Stadium,51.604157,-0.0662604,2024-10-06 13:30:00+00:00,58.5,59.1,11.05,12.5,24.375000000000004,25.3,0.0,0.0,0.0,0.0,0.0,0.0,0.0,4
2024_05_CAR_CHI,2024,REG,5,2024-10-06,Sunday,13:00,CAR,10,CHI,36,Home,26,46,0,2024100601,59574,,202410060chi,,401671872,6515.0,7,7,164.0,-198.0,4.0,-108.0,-112.0,40.0,-108.0,-112.0,0,outdoors,grass,74.0,7.0,00-0027973,00-0039918,Andy Dalton,Caleb Williams,Dave Canales,Matt Eberflus,Tra Blake,CHI98,Soldier Field,41.8623,-87.6167,2024-10-06 17:00:00+00:00,72.575,72.5,18.875,19.7,29.800000000000004,30.6,0.0,0.0,0.0,0.0,0.0,0.0,0.0,4
2024_05_BAL_CIN,2024,REG,5,2024-10-06,Sunday,13:00,BAL,41,CIN,38,Home,-3,79,1,2024100602,59575,,202410060cin,,401671626,6516.0,7,7,-148.0,124.0,-2.5,-118.0,-102.0,48.5,-112.0,-108.0,1,outdoors,fieldturf,81.0,10.0,00-0034796,00-0036442,Lamar Jackson,Joe Burrow,John Harbaugh,Zac Taylor,Bill Vinovich,CIN00,Paycor Stadium,39.095,-84.516,2024-10-06 17:00:00+00:00,81.8,79.9,11.675,11.8,24.5,24.6,0.0,0.0,0.0,0.0,0.0,0.0,0.0,4
2024_05_IND_JAX,2024,REG,5,2024-10-06,Sunday,13:00,IND,34,JAX,37,Home,3,71,0,2024100604,59577,,202410060jax,,401671633,6518.0,7,7,154.0,-185.0,3.5,-110.0,-110.0,45.0,-110.0,-110.0,1,outdoors,grass,74.0,4.0,00-0026158,00-0036971,Joe Flacco,Trevor Lawrence,Shane Steichen,Doug Pederson,Carl Cheffers,JAX00,TIAA Bank Stadium,30.323889,-81.6375,2024-10-06 17:00:00+00:00,74.95,74.1,10.375,11.8,21.375,22.6,0.95,2.0,3.8,0.0,0.0,0.0,0.95,4
2024_05_MIA_NE,2024,REG,5,2024-10-06,Sunday,13:00,MIA,15,NE,10,Home,-5,25,0,2024100605,59578,,202410060nwe,,401671700,6519.0,6,7,-130.0,110.0,-2.0,-112.0,-108.0,37.0,-108.0,-112.0,1,outdoors,fieldturf,65.0,2.0,00-0035993,00-0033119,Tyler Huntley,Jacoby Brissett,Mike McDaniel,Jerod Mayo,Adrian Hill,BOS00,Gillette Stadium,42.091,-71.264,2024-10-06 17:00:00+00:00,64.525,63.8,1.45,2.0,8.525,10.5,0.0,0.0,0.0,0.0,0.0,0.0,0.0,4
2024_05_CLE_WAS,2024,REG,5,2024-10-06,Sunday,13:00,CLE,13,WAS,34,Home,21,47,0,2024100606,59579,,202410060was,,401671718,6520.0,7,7,130.0,-155.0,3.0,-112.0,-108.0,44.0,-112.0,-108.0,0,outdoors,grass,73.0,5.0,00-0033537,00-0039910,Deshaun Watson,Jayden Daniels,Kevin Stefanski,Dan Quinn,Alan Eck,WAS00,FedExField,38.907778,-76.864444,2024-10-06 17:00:00+00:00,74.92500000000001,73.9,5.325,5.7,14.525,15.0,0.0,0.0,0.0,0.0,0.0,0.0,0.0,4
2024_05_LV_DEN,2024,REG,5,2024-10-06,Sunday,16:05,LV,18,DEN,34,Home,16,52,0,2024100607,59580,,202410060den,,401671747,6521.0,7,7,130.0,-155.0,3.0,-112.0,-108.0,36.0,-108.0,-112.0,1,outdoors,grass,73.0,7.0,00-0035289,00-0039732,Gardner Minshew,Bo Nix,Antonio Pierce,Sean Payton,Craig Wrolstad,DEN00,Empower Field at Mile High,39.743889,-105.02,2024-10-06 20:05:00+00:00,72.80000000000001,72.5,10.05,11.5,20.825,22.1,0.0,0.0,0.0,0.0,0.0,0.0,0.0,4
2024_05_ARI_SF,2024,REG,5,2024-10-06,Sunday,16:05,ARI,24,SF,23,Home,-1,47,0,2024100608,59581,,202410060sfo,,401671756,6522.0,7,7,260.0,-325.0,7.0,-105.0,-115.0,48.5,-108.0,-112.0,1,outdoors,grass,89.0,3.0,00-0035228,00-0037834,Kyler Murray,Brock Purdy,Jonathan Gannon,Kyle Shanahan,Land Clark,SFO01,Levi's Stadium,37.403,-121.97,2024-10-06 20:05:00+00:00,102.75,100.5,8.975,10.9,17.05,18.8,0.0,0.0,0.0,0.0,0.0,0.0,0.0,4
2024_05_NYG_SEA,2024,REG,5,2024-10-06,Sunday,16:25,NYG,29,SEA,20,Home,-9,49,0,2024100610,59583,,202410060sea,,401671680,6524.0,10,6,250.0,-310.0,7.0,-112.0,-108.0,42.5,-110.0,-110.0,0,outdoors,fieldturf,61.0,3.0,00-0035710,00-0030565,Daniel Jones,Geno Smith,Brian Daboll,Mike Macdonald,Shawn Smith,SEA00,Lumen Field,47.5952,-122.3316,2024-10-06 20:25:00+00:00,63.475,59.8,4.5,5.3,10.95,11.2,0.0,0.0,0.0,0.0,0.0,0.0,0.0,4
2024_05_DAL_PIT,2024,REG,5,2024-10-06,Sunday,20:20,DAL,20,PIT,17,Home,-3,37,0,2024100611,59584,,202410060pit,,401671784,6525.0,10,7,114.0,-135.0,2.5,-108.0,-112.0,43.5,-108.0,-112.0,0,outdoors,grass,67.0,6.0,00-0033077,00-0036945,Dak Prescott,Justin Fields,Mike McCarthy,Mike Tomlin,Shawn Hochuli,PIT00,Acrisure Stadium,40.446667,-80.015833,2024-10-07 00:20:00+00:00,65.7,65.7,8.075,10.7,20.125,23.7,5.625,10.0,22.5,0.0,0.0,0.0,5.625,4
2024_05_NO_KC,2024,REG,5,2024-10-07,Monday,20:15,NO,13,KC,26,Home,13,39,0,2024100700,59585,,202410070kan,,401671687,6526.0,8,8,190.0,-230.0,5.5,-112.0,-108.0,43.0,-110.0,-110.0,0,outdoors,grass,70.0,1.0,00-0031280,00-0033873,Derek Carr,Patrick Mahomes,Dennis Allen,Andy Reid,Brad Rogers,KAN00,GEHA Field at Arrowhead Stadium,39.048889,-94.483889,2024-10-08 00:15:00+00:00,60.4,62.2,4.925,6.0,7.825,8.7,0.0,0.0,0.0,0.0,0.0,0.0,0.0,4
2024_06_SF_SEA,2024,REG,6,2024-10-10,Thursday,20:15,SF,36,SEA,24,Home,-12,60,0,2024101000,59586,,202410100sea,,401671819,6527.0,4,4,-198.0,164.0,-3.5,-118.0,-102.0,49.0,-110.0,-110.0,1,outdoors,fieldturf,59.0,10.0,00-0037834,00-0030565,Brock Purdy,Geno Smith,Kyle Shanahan,Mike Macdonald,Craig Wrolstad,SEA00,Lumen Field,47.5952,-122.3316,2024-10-11 00:15:00+00:00,53.525000000000006,56.4,9.75,12.5,18.9,21.7,0.0,0.0,0.0,0.0,0.0,0.0,0.0,4
2024_06_JAX_CHI,2024,REG,6,2024-10-13,Sunday,09:30,JAX,16,CHI,35,Neutral,19,51,0,2024101300,59587,,202410130chi,,401671802,6528.0,7,7,-120.0,100.0,-1.5,-108.0,-112.0,44.5,-108.0,-112.0,0,outdoors,grass,54.0,3.0,00-0036971,00-0039918,Trevor Lawrence,Caleb Williams,Doug Pederson,Matt Eberflus,Brad Allen,LON02,Tottenham Stadium,51.604157,-0.0662604,2024-10-13 13:30:00+00:00,50.575,50.9,2.0,2.4,7.2,10.5,0.0,0.0,0.0,0.0,0.0,0.0,0.0,4
2024_06_WAS_BAL,2024,REG,6,2024-10-13,Sunday,13:00,WAS,23,BAL,30,Home,7,53,0,2024101301,59588,,202410130rav,,401671625,6529.0,7,7,230.0,-285.0,6.5,-108.0,-112.0,51.5,-110.0,-110.0,0,outdoors,grass,75.0,8.0,00-0039910,00-0034796,Jayden Daniels,Lamar Jackson,Dan Quinn,John Harbaugh,Land Clark,BAL00,M&T Bank Stadium,39.278056,-76.622778,2024-10-13 17:00:00+00:00,77.9,76.1,10.95,12.3,21.174999999999997,23.0,0.0,0.0,0.0,0.0,0.0,0.0,0.0,4
2024_06_ARI_GB,2024,REG,6,2024-10-13,Sunday,13:00,ARI,13,GB,34,Home,21,47,0,2024101302,59589,,202410130gnb,,401671722,6530.0,7,7,195.0,-238.0,5.5,-110.0,-110.0,47.0,-110.0,-110.0,0,outdoors,grass,50.0,4.0,00-0035228,00-0036264,Kyler Murray,Jordan Love,Jonathan Gannon,Matt LaFleur,Alex Kemp,GNB00,Lambeau Field,44.501389,-88.062222,2024-10-13 17:00:00+00:00,51.1,51.6,8.3,9.3,17.6,21.9,0.8,1.7,3.2,0.0,0.0,0.0,0.8,4
2024_06_HOU_NE,2024,REG,6,2024-10-13,Sunday,13:00,HOU,41,NE,21,Home,-20,62,0,2024101303,59590,,202410130nwe,,401671619,6531.0,7,7,-265.0,215.0,-6.5,-108.0,-112.0,38.5,-112.0,-108.0,0,outdoors,fieldturf,53.0,5.0,00-0039163,00-0039851,C.J. Stroud,Drake Maye,DeMeco Ryans,Jerod Mayo,Ron Torbert,BOS00,Gillette Stadium,42.091,-71.264,2024-10-13 17:00:00+00:00,51.400000000000006,50.8,6.425000000000001,7.5,15.325000000000001,17.9,0.0,0.0,0.0,0.0,0.0,0.0,0.0,4
2024_06_CLE_PHI,2024,REG,6,2024-10-13,Sunday,13:00,CLE,16,PHI,20,Home,4,36,0,2024101305,59592,,202410130phi,,401671714,6533.0,7,14,330.0,-425.0,8.0,-108.0,-112.0,42.0,-110.0,-110.0,0,outdoors,grass,82.0,10.0,00-0033537,00-0036389,Deshaun Watson,Jalen Hurts,Kevin Stefanski,Nick Sirianni,Shawn Hochuli,PHI00,Lincoln Financial Field,39.900833,-75.1675,2024-10-13 17:00:00+00:00,79.1,77.4,12.024999999999999,14.7,23.150000000000002,26.8,0.0,0.0,0.0,0.0,0.0,0.0,0.0,4
2024_06_IND_TEN,2024,REG,6,2024-10-13,Sunday,13:00,IND,20,TEN,17,Home,-3,37,0,2024101306,59593,,202410130oti,,401671820,6534.0,7,13,114.0,-135.0,2.5,-110.0,-110.0,42.0,-112.0,-108.0,1,outdoors,grass,80.0,12.0,00-0026158,00-0039152,Joe Flacco,Will Levis,Shane Steichen,Brian Callahan,Brad Rogers,NAS00,Nissan Stadium,36.166389,-86.771389,2024-10-13 17:00:00+00:00,83.05000000000001,80.9,10.175,10.7,19.975,20.6,0.0,0.0,0.0,0.0,0.0,0.0,0.0,4
2024_06_LAC_DEN,2024,REG,6,2024-10-13,Sunday,16:05,LAC,23,DEN,16,Home,-7,39,0,2024101307,59594,,202410130den,,401671655,6535.0,14,7,-155.0,130.0,-3.0,-105.0,-115.0,37.0,-108.0,-112.0,1,outdoors,grass,65.0,7.0,00-0036355,00-0039732,Justin Herbert,Bo Nix,Jim Harbaugh,Sean Payton,Tra Blake,DEN00,Empower Field at Mile High,39.743889,-105.02,2024-10-13 20:05:00+00:00,66.9,66.7,7.525,7.9,16.825,17.0,0.0,0.0,0.0,0.0,0.0,0.0,0.0,4
2024_06_ATL_CAR,2024,REG,6,2024-10-13,Sunday,16:25,ATL,38,CAR,20,Home,-18,58,0,2024101309,59596,,202410130car,,401671769,6537.0,10,7,-258.0,210.0,-6.0,-112.0,-108.0,45.5,-110.0,-110.0,1,outdoors,grass,79.0,9.0,00-0029604,00-0027973,Kirk Cousins,Andy Dalton,Raheem Morris,Dave Canales,Clay Martin,CAR00,Bank of America Stadium,35.225833,-80.852778,2024-10-13 20:25:00+00:00,75.5,78.5,8.875,9.6,17.125,18.6,0.0,0.0,0.0,0.0,0.0,0.0,0.0,4
2024_06_CIN_NYG,2024,REG,6,2024-10-13,Sunday,20:20,CIN,17,NYG,7,Home,-10,24,0,2024101311,59598,,202410130nyg,,401671791,6539.0,7,7,-230.0,190.0,-4.5,-112.0,-108.0,46.0,-102.0,-118.0,0,outdoors,fieldturf,63.0,2.0,00-0036442,00-0035710,Joe Burrow,Daniel Jones,Zac Taylor,Brian Daboll,Carl Cheffers,NYC01,MetLife Stadium,40.813528,-74.074361,2024-10-14 00:20:00+00:00,63.375,68.8,4.6,8.7,8.55,17.0,0.0,0.0,0.0,0.0,0.0,0.0,0.0,4
2024_06_BUF_NYJ,2024,REG,6,2024-10-14,Monday,20:15,BUF,23,NYJ,20,Home,-3,43,0,2024101400,59599,,202410140nyj,,401671684,6540.0,8,8,-122.0,102.0,-1.0,-112.0,-108.0,42.0,-110.0,-110.0,1,outdoors,fieldturf,49.0,14.0,00-0034857,00-0023459,Josh Allen,Aaron Rodgers,Sean McDermott,Robert Saleh,Adrian Hill,NYC01,MetLife Stadium,40.813528,-74.074361,2024-10-15 00:15:00+00:00,48.375,49.2,14.575,16.1,28.575,30.6,0.0,0.0,0.0,0.0,0.0,0.0,0.0,4
2024_07_NE_JAX,2024,REG,7,2024-10-20,Sunday,09:30,NE,16,JAX,32,Neutral,16,48,0,2024102000,59601,,202410200jax,,401671801,6542.0,7,7,240.0,-298.0,6.5,-105.0,-115.0,42.0,-108.0,-112.0,0,outdoors,grass,63.0,12.0,00-0039851,00-0036971,Drake Maye,Trevor Lawrence,Jerod Mayo,Doug Pederson,Brad Rogers,LON00,Wembley Stadium,51.555833,-0.279722,2024-10-20 13:30:00+00:00,61.825,62.2,18.0,19.4,34.800000000000004,38.5,0.275,0.7,1.1,0.0,0.0,0.0,0.275,4
2024_07_TEN_BUF,2024,REG,7,2024-10-20,Sunday,13:00,TEN,10,BUF,34,Home,24,44,0,2024102002,59603,,202410200buf,,401671616,6544.0,7,6,400.0,-535.0,9.5,-110.0,-110.0,41.0,-108.0,-112.0,0,outdoors,a_turf,66.0,12.0,00-0034771,00-0034857,Mason Rudolph,Josh Allen,Brian Callahan,Sean McDermott,John Hussey,BUF00,New Era Field,42.774,-78.787,2024-10-20 17:00:00+00:00,64.22500000000001,64.0,12.325000000000001,12.8,25.275000000000002,25.9,0.0,0.0,0.0,0.0,0.0,0.0,0.0,4
2024_07_CIN_CLE,2024,REG,7,2024-10-20,Sunday,13:00,CIN,21,CLE,14,Home,-7,35,0,2024102003,59604,,202410200cle,,401671853,6545.0,7,7,-230.0,190.0,-5.5,-110.0,-110.0,42.0,-112.0,-108.0,1,outdoors,grass,62.0,8.0,00-0036442,00-0033537,Joe Burrow,Deshaun Watson,Zac Taylor,Kevin Stefanski,Ron Torbert,CLE00,FirstEnergy Stadium,41.506111,-81.699444,2024-10-20 17:00:00+00:00,64.95,62.9,7.875,8.6,9.725,10.5,0.0,0.0,0.0,0.0,0.0,0.0,0.0,4
2024_07_HOU_GB,2024,REG,7,2024-10-20,Sunday,13:00,HOU,22,GB,24,Home,2,46,0,2024102004,59605,,202410200gnb,,401671644,6546.0,7,7,142.0,-170.0,3.0,100.0,-120.0,48.0,-108.0,-112.0,0,outdoors,grass,72.0,3.0,00-0039163,00-0036264,C.J. Stroud,Jordan Love,DeMeco Ryans,Matt LaFleur,Scott Novak,GNB00,Lambeau Field,44.501389,-88.062222,2024-10-20 17:00:00+00:00,73.75,70.8,11.95,12.8,23.45,24.2,0.0,0.0,0.0,0.0,0.0,0.0,0.0,4
2024_07_PHI_NYG,2024,REG,7,2024-10-20,Sunday,13:00,PHI,28,NYG,3,Home,-25,31,0,2024102007,59608,,202410200nyg,,401671710,6549.0,7,7,-166.0,140.0,-3.0,-120.0,100.0,42.0,-110.0,-110.0,1,outdoors,fieldturf,71.0,4.0,00-0036389,00-0035710,Jalen Hurts,Daniel Jones,Nick Sirianni,Brian Daboll,Tra Blake,NYC01,MetLife Stadium,40.813528,-74.074361,2024-10-20 17:00:00+00:00,73.625,71.4,4.4,5.4,10.899999999999999,11.4,0.0,0.0,0.0,0.0,0.0,0.0,0.0,4
2024_07_CAR_WAS,2024,REG,7,2024-10-20,Sunday,16:05,CAR,7,WAS,40,Home,33,47,0,2024102009,59610,,202410200was,,401671640,6551.0,7,7,400.0,-535.0,10.0,100.0,-120.0,51.0,-110.0,-110.0,0,outdoors,grass,76.0,2.0,00-0027973,00-0039910,Andy Dalton,Jayden Daniels,Dave Canales,Dan Quinn,Carl Cheffers,WAS00,FedExField,38.907778,-76.864444,2024-10-20 20:05:00+00:00,66.475,71.2,3.375,3.9,8.4,10.3,0.0,0.0,0.0,0.0,0.0,0.0,0.0,4
2024_07_KC_SF,2024,REG,7,2024-10-20,Sunday,16:25,KC,28,SF,18,Home,-10,46,0,2024102010,59611,,202410200sfo,,401671777,6552.0,13,10,120.0,-142.0,2.5,-105.0,-115.0,47.5,-110.0,-110.0,0,outdoors,grass,78.0,3.0,00-0033873,00-0037834,Patrick Mahomes,Brock Purdy,Andy Reid,Kyle Shanahan,Alan Eck,SFO01,Levi's Stadium,37.403,-121.97,2024-10-20 20:25:00+00:00,83.275,81.6,6.575,11.5,13.7,19.9,0.0,0.0,0.0,0.0,0.0,0.0,0.0,4
2024_07_NYJ_PIT,2024,REG,7,2024-10-20,Sunday,20:20,NYJ,15,PIT,37,Home,22,52,0,2024102011,59612,,202410200pit,,401671785,6553.0,6,7,-166.0,140.0,-3.0,-108.0,-112.0,40.0,-110.0,-110.0,0,outdoors,grass,60.0,4.0,00-0023459,00-0029263,Aaron Rodgers,Russell Wilson,Robert Saleh,Mike Tomlin,Shawn Smith,PIT00,Acrisure Stadium,40.446667,-80.015833,2024-10-21 00:20:00+00:00,54.75,56.3,5.35,5.8,9.05,9.8,0.0,0.0,0.0,0.0,0.0,0.0,0.0,4
2024_07_BAL_TB,2024,REG,7,2024-10-21,Monday,20:15,BAL,41,TB,31,Home,-10,72,0,2024102100,59613,,202410210tam,,401671695,6554.0,8,8,-225.0,185.0,-4.5,-110.0,-110.0,51.0,-110.0,-110.0,0,outdoors,grass,80.0,8.0,00-0034796,00-0034855,Lamar Jackson,Baker Mayfield,John Harbaugh,Todd Bowles,Alex Kemp,TAM00,Raymond James Stadium,27.975833,-82.503333,2024-10-22 00:15:00+00:00,74.25,75.7,11.825,13.4,19.525,22.8,0.0,0.0,0.0,0.0,0.0,0.0,0.0,4
2024_08_PHI_CIN,2024,REG,8,2024-10-27,Sunday,13:00,PHI,37,CIN,17,Home,-20,54,0,2024102710,59626,,202410270cin,,401671667,6567.0,7,7,124.0,-148.0,2.5,100.0,-120.0,47.5,-108.0,-112.0,0,outdoors,fieldturf,59.0,6.0,00-0036389,00-0036442,Jalen Hurts,Joe Burrow,Nick Sirianni,Zac Taylor,John Hussey,CIN00,Paycor Stadium,39.095,-84.516,2024-10-27 17:00:00+00:00,58.125,56.4,3.375,3.8,11.5,12.3,0.0,0.0,0.0,0.0,0.0,0.0,0.0,4
2024_08_BAL_CLE,2024,REG,8,2024-10-27,Sunday,13:00,BAL,24,CLE,29,Home,5,53,0,2024102700,59616,,202410270cle,,401671852,6557.0,6,7,-380.0,300.0,-7.5,-110.0,-110.0,44.5,-105.0,-115.0,1,outdoors,grass,52.0,4.0,00-0034796,00-0031503,Lamar Jackson,Jameis Winston,John Harbaugh,Kevin Stefanski,Shawn Smith,CLE00,FirstEnergy Stadium,41.506111,-81.699444,2024-10-27 17:00:00+00:00,53.7,52.9,2.4,3.2,6.775,11.0,0.0,0.0,0.0,0.0,0.0,0.0,0.0,4
2024_08_GB_JAX,2024,REG,8,2024-10-27,Sunday,13:00,GB,30,JAX,27,Home,-3,57,0,2024102703,59619,,202410270jax,,401671707,6560.0,7,7,-192.0,160.0,-3.5,-115.0,-105.0,49.0,-112.0,-108.0,0,outdoors,grass,84.0,4.0,00-0036264,00-0036971,Jordan Love,Trevor Lawrence,Matt LaFleur,Doug Pederson,Land Clark,JAX00,TIAA Bank Stadium,30.323889,-81.6375,2024-10-27 17:00:00+00:00,81.575,80.1,1.675,2.7,7.7749999999999995,9.4,0.0,0.0,0.0,0.0,0.0,0.0,0.0,4
2024_08_ARI_MIA,2024,REG,8,2024-10-27,Sunday,13:00,ARI,28,MIA,27,Home,-1,55,0,2024102704,59620,,202410270mia,,401671850,6561.0,6,7,164.0,-198.0,4.0,-108.0,-112.0,46.5,-110.0,-110.0,0,outdoors,grass,82.0,14.0,00-0035228,00-0034177,Kyler Murray,Tim Boyle,Jonathan Gannon,Mike McDaniel,Clay Martin,MIA00,Hard Rock Stadium,25.958056,-80.238889,2024-10-27 17:00:00+00:00,81.05000000000001,81.4,12.25,13.0,23.65,24.8,0.0,0.0,0.0,0.0,0.0,0.0,0.0,4
2024_08_NYJ_NE,2024,REG,8,2024-10-27,Sunday,13:00,NYJ,22,NE,25,Home,3,47,0,2024102705,59621,,202410270nwe,,401671618,6562.0,7,7,-305.0,245.0,-7.0,-110.0,-110.0,41.0,-110.0,-110.0,1,outdoors,fieldturf,53.0,8.0,00-0023459,00-0039851,Aaron Rodgers,Drake Maye,Robert Saleh,Jerod Mayo,Craig Wrolstad,BOS00,Gillette Stadium,42.091,-71.264,2024-10-27 17:00:00+00:00,52.375,51.8,9.1,9.7,21.975,23.0,0.0,0.0,0.0,0.0,0.0,0.0,0.0,4
2024_08_ATL_TB,2024,REG,8,2024-10-27,Sunday,13:00,ATL,31,TB,26,Home,-5,57,0,2024102706,59622,,202410270tam,,401671739,6563.0,7,6,-122.0,102.0,-1.5,-110.0,-110.0,47.0,-108.0,-112.0,1,outdoors,grass,79.0,6.0,00-0029604,00-0034855,Kirk Cousins,Baker Mayfield,Raheem Morris,Todd Bowles,Shawn Hochuli,TAM00,Raymond James Stadium,27.975833,-82.503333,2024-10-27 17:00:00+00:00,81.2,80.2,6.875,7.4,14.325,14.8,0.0,0.0,0.0,0.0,0.0,0.0,0.0,4
2024_08_BUF_SEA,2024,REG,8,2024-10-27,Sunday,16:05,BUF,31,SEA,10,Home,-21,41,0,2024102709,59625,,202410270sea,,401671760,6566.0,7,7,-170.0,142.0,-3.0,-120.0,100.0,45.5,-105.0,-115.0,0,outdoors,fieldturf,55.0,14.0,00-0034857,00-0030565,Josh Allen,Geno Smith,Sean McDermott,Mike Macdonald,Ron Torbert,SEA00,Lumen Field,47.5952,-122.3316,2024-10-27 20:05:00+00:00,54.824999999999996,55.5,15.575000000000001,17.7,29.75,30.9,0.2,0.4,0.8,0.0,0.0,0.0,0.2,4
2024_08_CAR_DEN,2024,REG,8,2024-10-27,Sunday,16:25,CAR,14,DEN,28,Home,14,42,0,2024102711,59627,,202410270den,,401671600,6568.0,7,10,525.0,-750.0,13.0,-110.0,-110.0,40.5,-112.0,-108.0,0,outdoors,grass,76.0,4.0,00-0039150,00-0039732,Bryce Young,Bo Nix,Dave Canales,Sean Payton,Alex Kemp,DEN00,Empower Field at Mile High,39.743889,-105.02,2024-10-27 20:25:00+00:00,76.85,77.8,5.85,7.6,12.125,14.3,0.0,0.0,0.0,0.0,0.0,0.0,0.0,4
2024_08_CHI_WAS,2024,REG,8,2024-10-27,Sunday,16:25,CHI,15,WAS,18,Home,3,33,0,2024102707,59623,,202410270was,,401671599,6564.0,14,7,102.0,-122.0,1.5,-110.0,-110.0,46.5,-108.0,-112.0,0,outdoors,grass,58.0,2.0,00-0039918,00-0039910,Caleb Williams,Jayden Daniels,Matt Eberflus,Dan Quinn,Clete Blakeman,WAS00,FedExField,38.907778,-76.864444,2024-10-27 20:25:00+00:00,53.175000000000004,57.1,2.275,2.8,5.825000000000001,8.3,0.0,0.0,0.0,0.0,0.0,0.0,0.0,4
2024_08_DAL_SF,2024,REG,8,2024-10-27,Sunday,20:20,DAL,24,SF,30,Home,6,54,0,2024102713,59629,,202410270sfo,,401671795,6570.0,14,7,195.0,-238.0,5.5,-105.0,-115.0,48.0,-110.0,-110.0,0,outdoors,grass,69.0,9.0,00-0033077,00-0037834,Dak Prescott,Brock Purdy,Mike McCarthy,Kyle Shanahan,Bill Vinovich,SFO01,Levi's Stadium,37.403,-121.97,2024-10-28 00:20:00+00:00,65.27499999999999,68.3,8.8,11.2,16.275,19.5,0.0,0.0,0.0,0.0,0.0,0.0,0.0,4
2024_08_NYG_PIT,2024,REG,8,2024-10-28,Monday,20:15,NYG,18,PIT,26,Home,8,44,0,2024102800,59630,,202410280pit,,401671685,6571.0,8,8,220.0,-270.0,6.0,-105.0,-115.0,37.5,-110.0,-110.0,0,outdoors,grass,54.0,7.0,00-0035710,00-0029263,Daniel Jones,Russell Wilson,Brian Daboll,Mike Tomlin,Scott Novak,PIT00,Acrisure Stadium,40.446667,-80.015833,2024-10-29 00:15:00+00:00,50.550000000000004,52.3,5.075,5.4,8.8,8.9,0.0,0.0,0.0,0.0,0.0,0.0,0.0,4
2024_09_HOU_NYJ,2024,REG,9,2024-10-31,Thursday,20:15,HOU,13,NYJ,21,Home,8,34,0,2024103100,59631,,202410310nyj,,401671809,6572.0,4,4,124.0,-148.0,2.5,100.0,-120.0,43.5,-105.0,-115.0,0,outdoors,fieldturf,71.0,8.0,00-0039163,00-0023459,C.J. Stroud,Aaron Rodgers,DeMeco Ryans,Robert Saleh,Shawn Hochuli,NYC01,MetLife Stadium,40.813528,-74.074361,2024-11-01 00:15:00+00:00,71.875,73.2,12.55,13.2,21.9,23.0,0.0,0.0,0.0,0.0,0.0,0.0,0.0,4
2024_09_DEN_BAL,2024,REG,9,2024-11-03,Sunday,13:00,DEN,10,BAL,41,Home,31,51,0,2024110301,59633,,202411030rav,,401671623,6574.0,7,7,330.0,-440.0,9.0,-115.0,-105.0,46.5,-110.0,-110.0,0,outdoors,grass,57.0,3.0,00-0039732,00-0034796,Bo Nix,Lamar Jackson,Sean Payton,John Harbaugh,Adrian Hill,BAL00,M&T Bank Stadium,39.278056,-76.622778,2024-11-03 18:00:00+00:00,56.449999999999996,56.8,4.225,5.6,10.9,11.6,0.0,0.0,0.0,0.0,0.0,0.0,0.0,4
2024_09_MIA_BUF,2024,REG,9,2024-11-03,Sunday,13:00,MIA,27,BUF,30,Home,3,57,0,2024110302,59634,,202411030buf,,401671493,6575.0,7,7,230.0,-285.0,6.5,-110.0,-110.0,49.0,-108.0,-112.0,1,outdoors,a_turf,54.0,9.0,00-0036212,00-0034857,Tua Tagovailoa,Josh Allen,Mike McDaniel,Sean McDermott,Tra Blake,BUF00,New Era Field,42.774,-78.787,2024-11-03 18:00:00+00:00,55.525000000000006,55.1,6.675000000000001,7.5,15.0,15.7,0.0,0.0,0.0,0.0,0.0,0.0,0.0,4
2024_09_NO_CAR,2024,REG,9,2024-11-03,Sunday,13:00,NO,22,CAR,23,Home,1,45,0,2024110303,59635,,202411030car,,401671650,6576.0,7,7,-345.0,275.0,-7.0,-118.0,-102.0,43.5,-108.0,-112.0,1,outdoors,grass,66.0,7.0,00-0031280,00-0039150,Derek Carr,Bryce Young,Dennis Allen,Dave Canales,Ron Torbert,CAR00,Bank of America Stadium,35.225833,-80.852778,2024-11-03 18:00:00+00:00,66.6,65.8,7.2250000000000005,7.4,16.325,17.2,0.0,0.0,0.0,0.0,0.0,0.0,0.0,4
2024_09_LV_CIN,2024,REG,9,2024-11-03,Sunday,13:00,LV,24,CIN,41,Home,17,65,0,2024110304,59636,,202411030cin,,401671704,6577.0,7,7,320.0,-410.0,8.0,-110.0,-110.0,45.0,-108.0,-112.0,0,outdoors,fieldturf,67.0,7.0,00-0035289,00-0036442,Gardner Minshew,Joe Burrow,Antonio Pierce,Zac Taylor,Brad Rogers,CIN00,Paycor Stadium,39.095,-84.516,2024-11-03 18:00:00+00:00,68.625,66.0,6.5,7.1,15.325000000000001,16.8,0.0,0.0,0.0,0.0,0.0,0.0,0.0,4
2024_09_LAC_CLE,2024,REG,9,2024-11-03,Sunday,13:00,LAC,27,CLE,10,Home,-17,37,0,2024110305,59637,,202411030cle,,401671629,6578.0,7,7,-130.0,110.0,-2.0,-110.0,-110.0,42.5,-108.0,-112.0,0,outdoors,grass,57.0,10.0,00-0036355,00-0031503,Justin Herbert,Jameis Winston,Jim Harbaugh,Kevin Stefanski,Bill Vinovich,CLE00,FirstEnergy Stadium,41.506111,-81.699444,2024-11-03 18:00:00+00:00,60.75,59.4,9.125,9.7,11.85,12.3,0.0,0.0,0.0,0.0,0.0,0.0,0.0,4
2024_09_WAS_NYG,2024,REG,9,2024-11-03,Sunday,13:00,WAS,27,NYG,22,Home,-5,49,0,2024110307,59639,,202411030nyg,,401671711,6580.0,7,6,-218.0,180.0,-4.5,-108.0,-112.0,44.5,-110.0,-110.0,1,outdoors,fieldturf,52.0,6.0,00-0032268,00-0035710,Marcus Mariota,Daniel Jones,Dan Quinn,Brian Daboll,Brad Allen,NYC01,MetLife Stadium,40.813528,-74.074361,2024-11-03 18:00:00+00:00,54.724999999999994,54.3,6.050000000000001,6.9,13.95,14.3,0.0,0.0,0.0,0.0,0.0,0.0,0.0,4
2024_09_NE_TEN,2024,REG,9,2024-11-03,Sunday,13:00,NE,17,TEN,20,Home,3,37,1,2024110308,59640,,202411030oti,,401671822,6581.0,7,7,136.0,-162.0,3.0,-105.0,-115.0,38.5,-110.0,-110.0,0,outdoors,grass,75.0,10.0,00-0039851,00-0034771,Drake Maye,Mason Rudolph,Jerod Mayo,Brian Callahan,Alex Kemp,NAS00,Nissan Stadium,36.166389,-86.771389,2024-11-03 18:00:00+00:00,78.2,77.9,12.3,14.4,25.9,28.0,0.0,0.0,0.0,0.0,0.0,0.0,0.0,4
2024_09_JAX_PHI,2024,REG,9,2024-11-03,Sunday,16:05,JAX,23,PHI,28,Home,5,51,0,2024110312,59644,,202411030phi,,401671797,6585.0,7,7,270.0,-340.0,7.5,-112.0,-108.0,46.0,-110.0,-110.0,0,outdoors,grass,57.0,6.0,00-0036971,00-0036389,Trevor Lawrence,Jalen Hurts,Doug Pederson,Nick Sirianni,Alan Eck,PHI00,Lincoln Financial Field,39.900833,-75.1675,2024-11-03 21:05:00+00:00,51.525,56.1,4.375,4.9,8.4,9.6,0.0,0.0,0.0,0.0,0.0,0.0,0.0,4
2024_09_DET_GB,2024,REG,9,2024-11-03,Sunday,16:25,DET,24,GB,14,Home,-10,38,0,2024110310,59642,,202411030gnb,,401671767,6583.0,7,7,-155.0,130.0,-2.5,-120.0,100.0,47.5,-108.0,-112.0,1,outdoors,grass,50.0,15.0,00-0033106,00-0036264,Jared Goff,Jordan Love,Dan Campbell,Matt LaFleur,Clete Blakeman,GNB00,Lambeau Field,44.501389,-88.062222,2024-11-03 21:25:00+00:00,49.725,49.6,14.375,16.8,26.475,29.5,1.475,2.1,5.9,0.0,0.0,0.0,1.475,4
2024_09_LA_SEA,2024,REG,9,2024-11-03,Sunday,16:25,LA,26,SEA,20,Home,-6,46,1,2024110311,59643,,202411030sea,,401671776,6584.0,10,7,-125.0,105.0,-1.5,-112.0,-108.0,48.5,-110.0,-110.0,1,outdoors,fieldturf,52.0,4.0,00-0026498,00-0030565,Matthew Stafford,Geno Smith,Sean McVay,Mike Macdonald,Clay Martin,SEA00,Lumen Field,47.5952,-122.3316,2024-11-03 21:25:00+00:00,52.075,52.1,2.975,3.2,9.625,11.9,0.025,0.1,0.1,0.0,0.0,0.0,0.025,4
2024_09_TB_KC,2024,REG,9,2024-11-04,Monday,20:15,TB,24,KC,30,Home,6,54,1,2024110400,59645,,202411040kan,,401671688,6586.0,8,8,330.0,-425.0,9.0,-110.0,-110.0,45.5,-108.0,-112.0,0,outdoors,grass,63.0,6.0,00-0034855,00-0033873,Baker Mayfield,Patrick Mahomes,Todd Bowles,Andy Reid,John Hussey,KAN00,GEHA Field at Arrowhead Stadium,39.048889,-94.483889,2024-11-05 01:15:00+00:00,61.650000000000006,62.3,5.575,9.7,13.525000000000002,18.1,0.32499999999999996,0.6,1.2999999999999998,0.0,0.0,0.0,0.32499999999999996,4
2024_10_CIN_BAL,2024,REG,10,2024-11-07,Thursday,20:15,CIN,34,BAL,35,Home,1,69,0,2024110700,59646,,202411070rav,,401671810,6587.0,4,4,220.0,-270.0,6.0,-108.0,-112.0,53.0,-108.0,-112.0,1,outdoors,grass,69.0,6.0,00-0036442,00-0034796,Joe Burrow,Lamar Jackson,Zac Taylor,John Harbaugh,Clete Blakeman,BAL00,M&T Bank Stadium,39.278056,-76.622778,2024-11-08 01:15:00+00:00,59.349999999999994,61.8,5.525,6.8,10.375,11.6,0.0,0.0,0.0,0.0,0.0,0.0,0.0,4
2024_10_NYG_CAR,2024,REG,10,2024-11-10,Sunday,09:30,NYG,17,CAR,20,Neutral,3,37,1,2024111000,59647,,202411100car,,401671803,6588.0,7,7,-298.0,240.0,-6.5,-118.0,-102.0,40.5,-115.0,-105.0,0,outdoors,,,,00-0035710,00-0027973,Daniel Jones,Andy Dalton,Brian Daboll,Dave Canales,Shawn Hochuli,GER00,Allianz Arena,48.2188,11.6247,2024-11-10 14:30:00+00:00,39.925,41.3,2.575,3.5,5.550000000000001,6.3,0.0,0.0,0.0,0.0,0.0,0.0,0.0,4
2024_10_NE_CHI,2024,REG,10,2024-11-10,Sunday,13:00,NE,19,CHI,3,Home,-16,22,0,2024111001,59648,,202411100chi,,401671873,6589.0,7,7,260.0,-325.0,6.5,-110.0,-110.0,37.5,-112.0,-108.0,0,outdoors,grass,60.0,6.0,00-0039851,00-0039918,Drake Maye,Caleb Williams,Jerod Mayo,Matt Eberflus,Land Clark,CHI98,Soldier Field,41.8623,-87.6167,2024-11-10 18:00:00+00:00,60.15,61.4,22.625,24.2,33.475,36.0,0.07500000000000001,0.1,0.30000000000000004,0.0,0.0,0.0,0.07500000000000001,4
2024_10_MIN_JAX,2024,REG,10,2024-11-10,Sunday,13:00,MIN,12,JAX,7,Home,-5,19,0,2024111003,59650,,202411100jax,,401671708,6591.0,7,7,-345.0,280.0,-7.0,-120.0,100.0,42.5,-108.0,-112.0,0,outdoors,grass,79.0,7.0,00-0034869,00-0036972,Sam Darnold,Mac Jones,Kevin O'Connell,Doug Pederson,Adrian Hill,JAX00,TIAA Bank Stadium,30.323889,-81.6375,2024-11-10 18:00:00+00:00,76.32500000000002,77.9,12.475,13.4,23.375,25.1,0.3,0.6,1.2,0.0,0.0,0.0,0.3,4
2024_10_DEN_KC,2024,REG,10,2024-11-10,Sunday,13:00,DEN,14,KC,16,Home,2,30,0,2024111004,59651,,202411100kan,,401671637,6592.0,7,6,300.0,-380.0,7.5,-115.0,-105.0,42.5,-110.0,-110.0,1,outdoors,grass,57.0,12.0,00-0039732,00-0033873,Bo Nix,Patrick Mahomes,Sean Payton,Andy Reid,Brad Allen,KAN00,GEHA Field at Arrowhead Stadium,39.048889,-94.483889,2024-11-10 18:00:00+00:00,58.25,57.0,8.575000000000001,9.3,19.9,20.8,0.0,0.0,0.0,0.0,0.0,0.0,0.0,4
2024_10_SF_TB,2024,REG,10,2024-11-10,Sunday,13:00,SF,23,TB,20,Home,-3,43,0,2024111006,59653,,202411100tam,,401671742,6594.0,14,6,-298.0,240.0,-6.5,-118.0,-102.0,50.5,-112.0,-108.0,0,outdoors,grass,85.0,9.0,00-0037834,00-0034855,Brock Purdy,Baker Mayfield,Kyle Shanahan,Todd Bowles,Shawn Smith,TAM00,Raymond James Stadium,27.975833,-82.503333,2024-11-10 18:00:00+00:00,84.82499999999999,84.7,8.425,9.5,18.075000000000003,20.8,0.0,0.0,0.0,0.0,0.0,0.0,0.0,4
2024_10_PIT_WAS,2024,REG,10,2024-11-10,Sunday,13:00,PIT,28,WAS,27,Home,-1,55,0,2024111007,59654,,202411100was,,401671641,6595.0,13,7,102.0,-122.0,1.5,-110.0,-110.0,45.0,-108.0,-112.0,0,outdoors,grass,57.0,9.0,00-0029263,00-0032268,Russell Wilson,Marcus Mariota,Mike Tomlin,Dan Quinn,Brad Rogers,WAS00,FedExField,38.907778,-76.864444,2024-11-10 18:00:00+00:00,56.825,56.2,8.275,9.5,18.95,20.1,0.0,0.0,0.0,0.0,0.0,0.0,0.0,4
2024_11_WAS_PHI,2024,REG,11,2024-11-14,Thursday,20:15,WAS,18,PHI,26,Home,8,44,0,2024111400,59660,,202411140phi,,401671813,6601.0,4,4,190.0,-230.0,4.5,-110.0,-110.0,49.5,-110.0,-110.0,1,outdoors,grass,46.0,9.0,00-0032268,00-0036389,Marcus Mariota,Jalen Hurts,Dan Quinn,Nick Sirianni,Adrian Hill,PHI00,Lincoln Financial Field,39.900833,-75.1675,2024-11-15 01:15:00+00:00,44.050000000000004,44.6,6.525,7.1,14.35,15.0,0.0,0.0,0.0,0.0,0.0,0.0,0.0,4
2024_11_GB_CHI,2024,REG,11,2024-11-17,Sunday,13:00,GB,20,CHI,19,Home,-1,39,0,2024111700,59661,,202411170chi,,401671869,6602.0,14,7,-265.0,215.0,-6.0,-115.0,-105.0,41.0,-108.0,-112.0,1,outdoors,grass,54.0,5.0,00-0036264,00-0039918,Jordan Love,Caleb Williams,Matt LaFleur,Matt Eberflus,Bill Vinovich,CHI98,Soldier Field,41.8623,-87.6167,2024-11-17 18:00:00+00:00,57.574999999999996,55.7,6.9750000000000005,7.4,17.375,18.1,0.0,0.0,0.0,0.0,0.0,0.0,0.0,4
2024_11_LV_MIA,2024,REG,11,2024-11-17,Sunday,13:00,LV,19,MIA,34,Home,15,53,0,2024111702,59663,,202411170mia,,401671851,6604.0,14,6,330.0,-425.0,8.0,-105.0,-115.0,43.5,-112.0,-108.0,0,outdoors,grass,80.0,16.0,00-0035289,00-0036212,Gardner Minshew,Tua Tagovailoa,Antonio Pierce,Mike McDaniel,John Hussey,MIA00,Hard Rock Stadium,25.958056,-80.238889,2024-11-17 18:00:00+00:00,80.3,82.0,8.325,10.0,21.7,23.7,0.0,0.0,0.0,0.0,0.0,0.0,0.0,4
2024_11_LA_NE,2024,REG,11,2024-11-17,Sunday,13:00,LA,28,NE,22,Home,-6,50,0,2024111703,59664,,202411170nwe,,401671701,6605.0,6,7,-198.0,164.0,-4.0,-108.0,-112.0,42.5,-112.0,-108.0,0,outdoors,fieldturf,59.0,9.0,00-0026498,00-0039851,Matthew Stafford,Drake Maye,Sean McVay,Jerod Mayo,Shawn Smith,BOS00,Gillette Stadium,42.091,-71.264,2024-11-17 18:00:00+00:00,58.325,59.2,7.425000000000001,8.3,17.75,19.5,0.0,0.0,0.0,0.0,0.0,0.0,0.0,4
2024_11_IND_NYJ,2024,REG,11,2024-11-17,Sunday,13:00,IND,28,NYJ,27,Home,-1,55,0,2024111711,59672,,202411170nyj,,401671782,6613.0,7,7,170.0,-205.0,4.0,-110.0,-110.0,43.0,-110.0,-110.0,0,outdoors,fieldturf,62.0,4.0,00-0026158,00-0023459,Joe Flacco,Aaron Rodgers,Shane Steichen,Robert Saleh,Tra Blake,NYC01,MetLife Stadium,40.813528,-74.074361,2024-11-17 18:00:00+00:00,63.449999999999996,63.3,3.55,4.4,11.225,11.6,0.0,0.0,0.0,0.0,0.0,0.0,0.0,4
2024_11_BAL_PIT,2024,REG,11,2024-11-17,Sunday,13:00,BAL,16,PIT,18,Home,2,34,0,2024111705,59666,,202411170pit,,401671630,6607.0,10,7,-175.0,145.0,-3.0,-120.0,100.0,48.0,-108.0,-112.0,1,outdoors,grass,52.0,5.0,00-0034796,00-0029263,Lamar Jackson,Russell Wilson,John Harbaugh,Mike Tomlin,Clay Martin,PIT00,Acrisure Stadium,40.446667,-80.015833,2024-11-17 18:00:00+00:00,52.525000000000006,51.0,4.85,5.7,12.975,13.6,0.0,0.0,0.0,0.0,0.0,0.0,0.0,4
2024_11_MIN_TEN,2024,REG,11,2024-11-17,Sunday,13:00,MIN,23,TEN,13,Home,-10,36,0,2024111706,59667,,202411170oti,,401671824,6608.0,7,7,-290.0,235.0,-6.0,-118.0,-102.0,40.0,-110.0,-110.0,0,outdoors,grass,66.0,7.0,00-0034869,00-0034771,Sam Darnold,Mason Rudolph,Kevin O'Connell,Brian Callahan,Clete Blakeman,NAS00,Nissan Stadium,36.166389,-86.771389,2024-11-17 18:00:00+00:00,67.30000000000001,65.9,7.000000000000001,7.4,15.875,16.3,0.0,0.0,0.0,0.0,0.0,0.0,0.0,4
2024_11_ATL_DEN,2024,REG,11,2024-11-17,Sunday,16:05,ATL,6,DEN,38,Home,32,44,0,2024111707,59668,,202411170den,,401671748,6609.0,7,7,114.0,-135.0,2.0,-108.0,-112.0,44.5,-112.0,-108.0,0,outdoors,grass,55.0,9.0,00-0029604,00-0039732,Kirk Cousins,Bo Nix,Raheem Morris,Sean Payton,Alan Eck,DEN00,Empower Field at Mile High,39.743889,-105.02,2024-11-17 21:05:00+00:00,46.75,49.3,3.3000000000000003,5.1,8.9,13.2,0.0,0.0,0.0,0.0,0.0,0.0,0.0,4
2024_11_SEA_SF,2024,REG,11,2024-11-17,Sunday,16:05,SEA,20,SF,17,Home,-3,37,0,2024111708,59669,,202411170sfo,,401671757,6610.0,14,7,215.0,-265.0,6.0,-110.0,-110.0,49.0,-112.0,-108.0,1,outdoors,grass,59.0,4.0,00-0030565,00-0037834,Geno Smith,Brock Purdy,Mike Macdonald,Kyle Shanahan,Brad Rogers,SFO01,Levi's Stadium,37.403,-121.97,2024-11-17 21:05:00+00:00,56.375,56.7,1.6249999999999998,3.0,6.15,8.1,0.05,0.2,0.2,0.0,0.0,0.0,0.05,4
2024_11_KC_BUF,2024,REG,11,2024-11-17,Sunday,16:25,KC,21,BUF,30,Home,9,51,0,2024111709,59670,,202411170buf,,401671665,6611.0,7,7,120.0,-142.0,2.5,-108.0,-112.0,46.5,-108.0,-112.0,0,outdoors,a_turf,50.0,3.0,00-0033873,00-0034857,Patrick Mahomes,Josh Allen,Andy Reid,Sean McDermott,Land Clark,BUF00,New Era Field,42.774,-78.787,2024-11-17 21:25:00+00:00,48.72500000000001,50.5,5.449999999999999,9.1,10.85,15.9,0.0,0.0,0.0,0.0,0.0,0.0,0.0,4
2024_12_PIT_CLE,2024,REG,12,2024-11-21,Thursday,20:15,PIT,19,CLE,24,Home,5,43,0,2024112100,59674,,202411210cle,,401671875,6615.0,4,4,-205.0,170.0,-3.5,-115.0,-105.0,36.5,-108.0,-112.0,1,outdoors,grass,36.0,13.0,00-0029263,00-0031503,Russell Wilson,Jameis Winston,Mike Tomlin,Kevin Stefanski,Brad Allen,CLE00,FirstEnergy Stadium,41.506111,-81.699444,2024-11-22 01:15:00+00:00,35.849999999999994,35.7,14.45,15.6,22.174999999999997,23.0,0.15,0.5,0.6,0.385,0.56,1.54,0.7,4
2024_12_KC_CAR,2024,REG,12,2024-11-24,Sunday,13:00,KC,30,CAR,27,Home,-3,57,0,2024112400,59675,,202411240car,,401671651,6616.0,7,14,-700.0,500.0,-11.0,-112.0,-108.0,43.0,-110.0,-110.0,0,outdoors,grass,61.0,5.0,00-0033873,00-0027973,Patrick Mahomes,Andy Dalton,Andy Reid,Dave Canales,Shawn Smith,CAR00,Bank of America Stadium,35.225833,-80.852778,2024-11-24 18:00:00+00:00,60.575,59.5,3.8,4.7,10.85,11.0,0.0,0.0,0.0,0.0,0.0,0.0,0.0,4
2024_12_MIN_CHI,2024,REG,12,2024-11-24,Sunday,13:00,MIN,30,CHI,27,Home,-3,57,1,2024112401,59676,,202411240chi,,401671870,6617.0,7,7,-175.0,145.0,-3.0,-120.0,100.0,39.5,-108.0,-112.0,1,outdoors,grass,47.0,5.0,00-0034869,00-0039918,Sam Darnold,Caleb Williams,Kevin O'Connell,Matt Eberflus,Clay Martin,CHI98,Soldier Field,41.8623,-87.6167,2024-11-24 18:00:00+00:00,47.275,45.1,6.025,6.5,15.299999999999999,15.4,0.0,0.0,0.0,0.0,0.0,0.0,0.0,4
2024_12_NE_MIA,2024,REG,12,2024-11-24,Sunday,13:00,NE,15,MIA,34,Home,19,49,0,2024112404,59679,,202411240mia,,401671847,6620.0,7,7,285.0,-360.0,7.5,-115.0,-105.0,46.0,-108.0,-112.0,1,outdoors,grass,77.0,6.0,00-0039851,00-0036212,Drake Maye,Tua Tagovailoa,Jerod Mayo,Mike McDaniel,Alan Eck,MIA00,Hard Rock Stadium,25.958056,-80.238889,2024-11-24 18:00:00+00:00,75.82499999999999,75.8,4.85,5.5,14.125,14.5,0.0,0.0,0.0,0.0,0.0,0.0,0.0,4
2024_12_TB_NYG,2024,REG,12,2024-11-24,Sunday,13:00,TB,30,NYG,7,Home,-23,37,0,2024112405,59680,,202411240nyg,,401671638,6621.0,14,14,-298.0,240.0,-6.5,-108.0,-112.0,40.5,-110.0,-110.0,0,outdoors,fieldturf,50.0,13.0,00-0034855,00-0038476,Baker Mayfield,Tommy DeVito,Todd Bowles,Brian Daboll,Adrian Hill,NYC01,MetLife Stadium,40.813528,-74.074361,2024-11-24 18:00:00+00:00,50.475,50.5,11.474999999999998,13.9,31.125,35.3,0.0,0.0,0.0,0.0,0.0,0.0,0.0,4
2024_12_DAL_WAS,2024,REG,12,2024-11-24,Sunday,13:00,DAL,34,WAS,26,Home,-8,60,0,2024112406,59681,,202411240was,,401671715,6622.0,6,10,455.0,-625.0,10.5,-112.0,-108.0,45.0,-110.0,-110.0,1,outdoors,grass,55.0,5.0,00-0033662,00-0032268,Cooper Rush,Marcus Mariota,Mike McCarthy,Dan Quinn,Tra Blake,WAS00,FedExField,38.907778,-76.864444,2024-11-24 18:00:00+00:00,54.125,54.0,6.300000000000001,7.4,16.625,19.9,0.0,0.0,0.0,0.0,0.0,0.0,0.0,4
2024_12_SF_GB,2024,REG,12,2024-11-24,Sunday,16:25,SF,10,GB,38,Home,28,48,0,2024112408,59683,,202411240gnb,,401671768,6624.0,7,7,235.0,-290.0,6.5,-112.0,-108.0,44.5,-108.0,-112.0,0,outdoors,grass,43.0,11.0,00-0032434,00-0036264,Brandon Allen,Jordan Love,Kyle Shanahan,Matt LaFleur,Craig Wrolstad,GNB00,Lambeau Field,44.501389,-88.062222,2024-11-24 21:25:00+00:00,40.75,41.6,9.325,9.9,20.375,23.5,0.0,0.0,0.0,0.0,0.0,0.0,0.0,4
2024_12_ARI_SEA,2024,REG,12,2024-11-24,Sunday,16:25,ARI,6,SEA,16,Home,10,22,0,2024112409,59684,,202411240sea,,401671775,6625.0,14,7,-115.0,-105.0,-1.0,-110.0,-110.0,46.5,-108.0,-112.0,1,outdoors,fieldturf,45.0,5.0,00-0035228,00-0030565,Kyler Murray,Geno Smith,Jonathan Gannon,Mike Macdonald,Scott Novak,SEA00,Lumen Field,47.5952,-122.3316,2024-11-24 21:25:00+00:00,45.975,45.9,5.450000000000001,5.9,10.75,12.1,0.07500000000000001,0.2,0.30000000000000004,0.0,0.0,0.0,0.07500000000000001,4
2024_13_MIA_GB,2024,REG,13,2024-11-28,Thursday,20:20,MIA,17,GB,30,Home,13,47,0,2024112802,59689,,202411280gnb,,401671798,6630.0,4,4,145.0,-175.0,3.5,-115.0,-105.0,47.5,-110.0,-110.0,0,outdoors,grass,27.0,10.0,00-0036212,00-0036264,Tua Tagovailoa,Jordan Love,Mike McDaniel,Matt LaFleur,Shawn Smith,GNB00,Lambeau Field,44.501389,-88.062222,2024-11-29 01:20:00+00:00,26.15,26.5,9.3,9.8,20.15,21.7,0.0,0.0,0.0,0.035,0.07,0.14,0.05,4
2024_13_LV_KC,2024,REG,13,2024-11-29,Friday,15:00,LV,17,KC,19,Home,2,36,0,2024112900,59690,,202411290kan,,401671806,6631.0,5,5,550.0,-800.0,13.5,-108.0,-112.0,42.0,-108.0,-112.0,1,outdoors,grass,37.0,5.0,00-0035289,00-0033873,Gardner Minshew,Patrick Mahomes,Antonio Pierce,Andy Reid,Clay Martin,KAN00,GEHA Field at Arrowhead Stadium,39.048889,-94.483889,2024-11-29 20:00:00+00:00,33.175000000000004,34.7,2.025,3.2,7.475,10.7,0.0,0.0,0.0,0.0,0.0,0.0,0.0,4
2024_13_PIT_CIN,2024,REG,13,2024-12-01,Sunday,13:00,PIT,44,CIN,38,Home,-6,82,0,2024120101,59692,,202412010cin,,401671627,6633.0,10,14,130.0,-155.0,3.0,-110.0,-110.0,46.0,-108.0,-112.0,1,outdoors,fieldturf,32.0,9.0,00-0029263,00-0036442,Russell Wilson,Joe Burrow,Mike Tomlin,Zac Taylor,Shawn Hochuli,CIN00,Paycor Stadium,39.095,-84.516,2024-12-01 18:00:00+00:00,31.15,30.7,7.425,7.5,19.125,19.7,0.0,0.0,0.0,0.0,0.0,0.0,0.0,4
2024_13_HOU_JAX,2024,REG,13,2024-12-01,Sunday,13:00,HOU,23,JAX,20,Home,-3,43,0,2024120102,59693,,202412010jax,,401671705,6634.0,7,14,-192.0,160.0,-3.5,-110.0,-110.0,44.5,-108.0,-112.0,1,outdoors,grass,,,00-0039163,00-0036971,C.J. Stroud,Trevor Lawrence,DeMeco Ryans,Doug Pederson,Land Clark,JAX00,TIAA Bank Stadium,30.323889,-81.6375,2024-12-01 18:00:00+00:00,58.075,56.8,4.2,5.0,12.175,14.3,0.0,0.0,0.0,0.0,0.0,0.0,0.0,4
2024_13_IND_NE,2024,REG,13,2024-12-01,Sunday,13:00,IND,25,NE,24,Home,-1,49,0,2024120104,59695,,202412010nwe,,401671620,6636.0,7,7,-135.0,114.0,-2.5,-115.0,-105.0,41.5,-110.0,-110.0,0,outdoors,fieldturf,36.0,9.0,00-0026158,00-0039851,Joe Flacco,Drake Maye,Shane Steichen,Jerod Mayo,Adrian Hill,BOS00,Gillette Stadium,42.091,-71.264,2024-12-01 18:00:00+00:00,34.675,35.6,9.35,10.1,21.799999999999997,22.4,0.0,0.0,0.0,0.0,0.0,0.0,0.0,4
2024_13_SEA_NYJ,2024,REG,13,2024-12-01,Sunday,13:00,SEA,26,NYJ,21,Home,-5,47,0,2024120105,59696,,202412010nyj,,401671703,6637.0,7,14,-105.0,-115.0,1.0,-110.0,-110.0,41.5,-110.0,-110.0,0,outdoors,fieldturf,37.0,12.0,00-0030565,00-0023459,Geno Smith,Aaron Rodgers,Mike Macdonald,Robert Saleh,Carl Cheffers,NYC01,MetLife Stadium,40.813528,-74.074361,2024-12-01 18:00:00+00:00,35.974999999999994,36.5,9.9,11.2,25.825000000000003,28.4,0.0,0.0,0.0,0.0,0.0,0.0,0.0,4
2024_13_TEN_WAS,2024,REG,13,2024-12-01,Sunday,13:00,TEN,19,WAS,42,Home,23,61,0,2024120106,59697,,202412010was,,401671743,6638.0,7,7,205.0,-250.0,6.0,-112.0,-108.0,45.0,-108.0,-112.0,0,outdoors,grass,42.0,6.0,00-0034771,00-0032268,Mason Rudolph,Marcus Mariota,Brian Callahan,Dan Quinn,Ron Torbert,WAS00,FedExField,38.907778,-76.864444,2024-12-01 18:00:00+00:00,40.900000000000006,42.1,7.425000000000001,9.9,19.150000000000002,21.7,0.0,0.0,0.0,0.0,0.0,0.0,0.0,4
2024_13_TB_CAR,2024,REG,13,2024-12-01,Sunday,16:05,TB,26,CAR,23,Home,-3,49,1,2024120107,59698,,202412010car,,401671752,6639.0,7,7,-290.0,235.0,-6.5,-115.0,-105.0,46.0,-110.0,-110.0,1,outdoors,grass,51.0,7.0,00-0034855,00-0027973,Baker Mayfield,Andy Dalton,Todd Bowles,Dave Canales,Tra Blake,CAR00,Bank of America Stadium,35.225833,-80.852778,2024-12-01 21:05:00+00:00,39.4,46.9,4.45,4.8,9.350000000000001,15.2,0.0,0.0,0.0,0.0,0.0,0.0,0.0,4
2024_13_PHI_BAL,2024,REG,13,2024-12-01,Sunday,16:25,PHI,24,BAL,19,Home,-5,43,0,2024120109,59700,,202412010rav,,401671666,6641.0,7,6,136.0,-162.0,3.0,-110.0,-110.0,50.0,-110.0,-110.0,0,outdoors,grass,41.0,7.0,00-0036389,00-0034796,Jalen Hurts,Lamar Jackson,Nick Sirianni,John Harbaugh,Craig Wrolstad,BAL00,M&T Bank Stadium,39.278056,-76.622778,2024-12-01 21:25:00+00:00,34.0,37.9,4.375,5.1,11.025,15.9,0.0,0.0,0.0,0.0,0.0,0.0,0.0,4
2024_13_SF_BUF,2024,REG,13,2024-12-01,Sunday,20:20,SF,10,BUF,35,Home,25,45,0,2024120110,59701,,202412010buf,,401671781,6642.0,7,14,270.0,-340.0,6.5,-102.0,-118.0,45.0,-110.0,-110.0,0,outdoors,a_turf,28.0,11.0,00-0037834,00-0034857,Brock Purdy,Josh Allen,Kyle Shanahan,Sean McDermott,Alex Kemp,BUF00,New Era Field,42.774,-78.787,2024-12-02 01:20:00+00:00,29.200000000000003,29.8,9.55,10.3,18.45,20.1,0.0,0.0,0.0,0.08750000000000001,0.14,0.35000000000000003,0.125,4
2024_13_CLE_DEN,2024,REG,13,2024-12-02,Monday,20:15,CLE,32,DEN,41,Home,9,73,0,2024120200,59702,,202412020den,,401671686,6643.0,11,8,235.0,-290.0,6.5,-108.0,-112.0,41.5,-110.0,-110.0,0,outdoors,grass,48.0,4.0,00-0031503,00-0039732,Jameis Winston,Bo Nix,Kevin Stefanski,Sean Payton,John Hussey,DEN00,Empower Field at Mile High,39.743889,-105.02,2024-12-03 01:15:00+00:00,32.025,33.5,1.05,1.9,2.45,2.9,0.0,0.0,0.0,0.0,0.0,0.0,0.0,4
2024_14_NYJ_MIA,2024,REG,14,2024-12-08,Sunday,13:00,NYJ,26,MIA,32,Home,6,58,1,2024120800,59704,,202412080mia,,401671848,6645.0,7,10,240.0,-298.0,6.5,-108.0,-112.0,45.0,-112.0,-108.0,1,outdoors,grass,77.0,12.0,00-0023459,00-0036212,Aaron Rodgers,Tua Tagovailoa,Robert Saleh,Mike McDaniel,Shawn Hochuli,MIA00,Hard Rock Stadium,25.958056,-80.238889,2024-12-08 18:00:00+00:00,76.0,76.1,7.025,7.2,18.975,19.7,0.0,0.0,0.0,0.0,0.0,0.0,0.0,4
2024_14_NO_NYG,2024,REG,14,2024-12-08,Sunday,13:00,NO,14,NYG,11,Home,-3,25,0,2024120802,59706,,202412080nyg,,401671601,6647.0,7,10,-245.0,200.0,-5.5,-115.0,-105.0,41.0,-110.0,-110.0,0,outdoors,fieldturf,54.0,13.0,00-0031280,00-0038476,Derek Carr,Tommy DeVito,Dennis Allen,Brian Daboll,Clete Blakeman,NYC01,MetLife Stadium,40.813528,-74.074361,2024-12-08 18:00:00+00:00,50.72500000000001,52.1,10.200000000000001,12.6,25.6,29.1,0.0,0.0,0.0,0.0,0.0,0.0,0.0,4
2024_14_CAR_PHI,2024,REG,14,2024-12-08,Sunday,13:00,CAR,16,PHI,22,Home,6,38,0,2024120803,59707,,202412080phi,,401671713,6648.0,7,7,625.0,-950.0,14.0,-112.0,-108.0,44.5,-112.0,-108.0,0,outdoors,grass,55.0,16.0,00-0027973,00-0036389,Andy Dalton,Jalen Hurts,Dave Canales,Nick Sirianni,Carl Cheffers,PHI00,Lincoln Financial Field,39.900833,-75.1675,2024-12-08 18:00:00+00:00,54.975,56.1,12.475000000000001,15.2,29.825000000000003,34.4,0.0,0.0,0.0,0.0,0.0,0.0,0.0,4
2024_14_CLE_PIT,2024,REG,14,2024-12-08,Sunday,13:00,CLE,14,PIT,27,Home,13,41,0,2024120804,59708,,202412080pit,,401671631,6649.0,6,7,210.0,-258.0,6.0,-112.0,-108.0,43.0,-110.0,-110.0,1,outdoors,grass,49.0,12.0,00-0031503,00-0029263,Jameis Winston,Russell Wilson,Kevin Stefanski,Mike Tomlin,Land Clark,PIT00,Acrisure Stadium,40.446667,-80.015833,2024-12-08 18:00:00+00:00,49.1,49.0,8.725,10.5,22.5,24.8,0.0,0.0,0.0,0.0,0.0,0.0,0.0,4
2024_14_LV_TB,2024,REG,14,2024-12-08,Sunday,13:00,LV,13,TB,28,Home,15,41,0,2024120805,59709,,202412080tam,,401671654,6650.0,9,7,260.0,-325.0,7.0,-115.0,-105.0,47.0,-112.0,-108.0,0,outdoors,grass,71.0,4.0,00-0035289,00-0034855,Gardner Minshew,Baker Mayfield,Antonio Pierce,Todd Bowles,Alan Eck,TAM00,Raymond James Stadium,27.975833,-82.503333,2024-12-08 18:00:00+00:00,70.925,70.0,2.425,3.8,10.425,13.0,0.0,0.0,0.0,0.0,0.0,0.0,0.0,4
2024_14_JAX_TEN,2024,REG,14,2024-12-08,Sunday,13:00,JAX,10,TEN,6,Home,-4,16,0,2024120806,59710,,202412080oti,,401671821,6651.0,7,7,142.0,-170.0,3.0,-105.0,-115.0,40.0,-108.0,-112.0,1,outdoors,grass,53.0,9.0,00-0036972,00-0034771,Mac Jones,Mason Rudolph,Doug Pederson,Brian Callahan,Tra Blake,NAS00,Nissan Stadium,36.166389,-86.771389,2024-12-08 18:00:00+00:00,51.45,50.6,5.9,6.6,13.2,14.1,0.0,0.0,0.0,0.0,0.0,0.0,0.0,4
2024_14_CHI_SF,2024,REG,14,2024-12-08,Sunday,16:25,CHI,13,SF,38,Home,25,51,0,2024120809,59713,,202412080sfo,,401671774,6654.0,10,7,136.0,-162.0,3.0,-110.0,-110.0,43.5,-108.0,-112.0,0,outdoors,grass,65.0,4.0,00-0039918,00-0037834,Caleb Williams,Brock Purdy,Matt Eberflus,Kyle Shanahan,Ron Torbert,SFO01,Levi's Stadium,37.403,-121.97,2024-12-08 21:25:00+00:00,66.15,67.6,5.175000000000001,5.5,13.525,13.9,0.0,0.0,0.0,0.0,0.0,0.0,0.0,4
2024_14_LAC_KC,2024,REG,14,2024-12-08,Sunday,20:20,LAC,17,KC,19,Home,2,36,0,2024120810,59714,,202412080kan,,401671788,6655.0,7,9,195.0,-238.0,5.0,-115.0,-105.0,43.5,-110.0,-110.0,1,outdoors,grass,50.0,10.0,00-0036355,00-0033873,Justin Herbert,Patrick Mahomes,Jim Harbaugh,Andy Reid,Bill Vinovich,KAN00,GEHA Field at Arrowhead Stadium,39.048889,-94.483889,2024-12-09 01:20:00+00:00,47.900000000000006,48.5,9.799999999999999,10.5,19.725,21.0,0.15000000000000002,0.4,0.6000000000000001,0.0,0.0,0.0,0.15000000000000002,4
2024_15_LA_SF,2024,REG,15,2024-12-12,Thursday,20:15,LA,12,SF,6,Home,-6,18,0,2024121200,59716,,202412120sfo,,401671818,6657.0,4,4,130.0,-155.0,3.0,-118.0,-102.0,48.5,-110.0,-110.0,1,outdoors,grass,53.0,4.0,00-0026498,00-0037834,Matthew Stafford,Brock Purdy,Sean McVay,Kyle Shanahan,Clay Martin,SFO01,Levi's Stadium,37.403,-121.97,2024-12-13 01:15:00+00:00,52.15,53.0,2.5749999999999997,4.1,8.375,9.4,0.375,0.6,1.5,0.0,0.0,0.0,0.375,4
2024_15_DAL_CAR,2024,REG,15,2024-12-15,Sunday,13:00,DAL,30,CAR,14,Home,-16,44,0,2024121500,59717,,202412150car,,401671731,6658.0,6,7,120.0,-142.0,2.5,100.0,-120.0,42.0,-112.0,-108.0,0,outdoors,grass,45.0,7.0,00-0033662,00-0039150,Cooper Rush,Bryce Young,Mike McCarthy,Dave Canales,Bill Vinovich,CAR00,Bank of America Stadium,35.225833,-80.852778,2024-12-15 18:00:00+00:00,44.675,45.5,6.45,7.0,15.3,17.2,0.175,0.6,0.7,0.0,0.0,0.0,0.175,4
2024_15_KC_CLE,2024,REG,15,2024-12-15,Sunday,13:00,KC,21,CLE,7,Home,-14,28,0,2024121501,59718,,202412150cle,,401671854,6659.0,7,7,-230.0,190.0,-4.5,-110.0,-110.0,41.5,-112.0,-108.0,0,outdoors,grass,40.0,18.0,00-0033873,00-0031503,Patrick Mahomes,Jameis Winston,Andy Reid,Kevin Stefanski,Tra Blake,CLE00,FirstEnergy Stadium,41.506111,-81.699444,2024-12-15 18:00:00+00:00,40.275000000000006,40.3,15.3,17.2,22.1,25.1,0.7250000000000001,1.8,2.9000000000000004,0.0,0.0,0.0,0.7250000000000001,4
2024_15_NYJ_JAX,2024,REG,15,2024-12-15,Sunday,13:00,NYJ,32,JAX,25,Home,-7,57,0,2024121503,59720,,202412150jax,,401671706,6661.0,7,7,-175.0,145.0,-3.5,-102.0,-118.0,41.5,-112.0,-108.0,0,outdoors,grass,,,00-0023459,00-0036972,Aaron Rodgers,Mac Jones,Robert Saleh,Doug Pederson,Brad Rogers,JAX00,TIAA Bank Stadium,30.323889,-81.6375,2024-12-15 18:00:00+00:00,70.22500000000001,71.2,9.45,10.4,21.475,22.8,0.125,0.3,0.5,0.0,0.0,0.0,0.125,4
2024_15_BAL_NYG,2024,REG,15,2024-12-15,Sunday,13:00,BAL,35,NYG,14,Home,-21,49,0,2024121505,59722,,202412150nyg,,401671639,6663.0,14,7,-1800.0,1000.0,-16.5,-112.0,-108.0,43.5,-112.0,-108.0,0,outdoors,fieldturf,36.0,6.0,00-0034796,00-0038476,Lamar Jackson,Tommy DeVito,John Harbaugh,Brian Daboll,Brad Allen,NYC01,MetLife Stadium,40.813528,-74.074361,2024-12-15 18:00:00+00:00,36.474999999999994,37.3,4.575,5.1,12.25,14.5,0.0,0.0,0.0,0.0,0.0,0.0,0.0,4
2024_15_CIN_TEN,2024,REG,15,2024-12-15,Sunday,13:00,CIN,37,TEN,27,Home,-10,64,0,2024121506,59723,,202412150oti,,401671825,6664.0,6,7,-250.0,205.0,-6.0,-110.0,-110.0,46.5,-112.0,-108.0,0,outdoors,grass,52.0,12.0,00-0036442,00-0039152,Joe Burrow,Will Levis,Zac Taylor,Brian Callahan,Craig Wrolstad,NAS00,Nissan Stadium,36.166389,-86.771389,2024-12-15 18:00:00+00:00,55.0,56.0,10.825000000000001,13.6,25.725,30.4,0.15,0.5,0.6,0.0,0.0,0.0,0.15,4
2024_15_IND_DEN,2024,REG,15,2024-12-15,Sunday,16:25,IND,13,DEN,31,Home,18,44,0,2024121508,59725,,202412150den,,401671669,6666.0,14,13,195.0,-238.0,4.5,-105.0,-115.0,43.5,-108.0,-112.0,0,outdoors,grass,55.0,15.0,00-0039164,00-0039732,Anthony Richardson,Bo Nix,Shane Steichen,Sean Payton,Carl Cheffers,DEN00,Empower Field at Mile High,39.743889,-105.02,2024-12-15 21:25:00+00:00,46.5,51.1,3.325,5.2,9.825000000000001,13.2,0.0,0.0,0.0,0.0,0.0,0.0,0.0,4
2024_15_PIT_PHI,2024,REG,15,2024-12-15,Sunday,16:25,PIT,13,PHI,27,Home,14,40,0,2024121511,59728,,202412150phi,,401671766,6669.0,7,7,215.0,-265.0,5.5,-110.0,-110.0,43.0,-110.0,-110.0,0,outdoors,grass,37.0,5.0,00-0029263,00-0036389,Russell Wilson,Jalen Hurts,Mike Tomlin,Nick Sirianni,Alan Eck,PHI00,Lincoln Financial Field,39.900833,-75.1675,2024-12-15 21:25:00+00:00,36.35,36.9,5.15,5.6,10.325,10.7,0.0,0.0,0.0,0.0,0.0,0.0,0.0,4
2024_15_GB_SEA,2024,REG,15,2024-12-15,Sunday,20:20,GB,30,SEA,13,Home,-17,43,0,2024121512,59729,,202412150sea,,401671796,6670.0,10,7,-162.0,136.0,-3.0,-110.0,-110.0,48.0,-110.0,-110.0,0,outdoors,fieldturf,43.0,3.0,00-0036264,00-0030565,Jordan Love,Geno Smith,Matt LaFleur,Mike Macdonald,Clete Blakeman,SEA00,Lumen Field,47.5952,-122.3316,2024-12-16 01:20:00+00:00,42.62500000000001,43.7,2.9749999999999996,4.1,6.924999999999999,8.7,0.0,0.0,0.0,0.0,0.0,0.0,0.0,4
2024_16_HOU_KC,2024,REG,16,2024-12-21,Saturday,13:00,HOU,19,KC,27,Home,8,46,0,2024122100,59733,,202412210kan,,401671780,6674.0,6,6,150.0,-180.0,3.5,-120.0,100.0,42.5,-108.0,-112.0,0,outdoors,grass,30.0,5.0,00-0039163,00-0033873,C.J. Stroud,Patrick Mahomes,DeMeco Ryans,Andy Reid,Carl Cheffers,KAN00,GEHA Field at Arrowhead Stadium,39.048889,-94.483889,2024-12-21 18:00:00+00:00,33.25,31.2,2.7,3.5,9.875,10.5,0.0,0.0,0.0,0.0,0.0,0.0,0.0,4
2024_16_PIT_BAL,2024,REG,16,2024-12-21,Saturday,16:30,PIT,17,BAL,34,Home,17,51,0,2024122101,59734,,202412210rav,,401671778,6675.0,6,6,275.0,-345.0,7.0,-115.0,-105.0,44.5,-112.0,-108.0,1,outdoors,grass,35.0,15.0,00-0029263,00-0034796,Russell Wilson,Lamar Jackson,Mike Tomlin,John Harbaugh,Bill Vinovich,BAL00,M&T Bank Stadium,39.278056,-76.622778,2024-12-21 21:30:00+00:00,30.025000000000002,32.1,10.774999999999999,11.2,27.375,34.7,0.0,0.0,0.0,0.0,0.0,0.0,0.0,4
2024_16_ARI_CAR,2024,REG,16,2024-12-22,Sunday,13:00,ARI,30,CAR,36,Home,6,66,1,2024122204,59737,,202412220car,,401671732,6678.0,7,7,-245.0,200.0,-5.5,-110.0,-110.0,47.0,-110.0,-110.0,0,outdoors,grass,37.0,10.0,00-0035228,00-0039150,Kyler Murray,Bryce Young,Jonathan Gannon,Dave Canales,Adrian Hill,CAR00,Bank of America Stadium,35.225833,-80.852778,2024-12-22 18:00:00+00:00,37.95,37.2,3.3,3.8,11.9,13.4,0.0,0.0,0.0,0.0,0.0,0.0,0.0,4
2024_16_DET_CHI,2024,REG,16,2024-12-22,Sunday,13:00,DET,34,CHI,17,Home,-17,51,0,2024122205,59738,,202412220chi,,401671868,6679.0,7,6,-340.0,270.0,-7.0,-110.0,-110.0,47.5,-110.0,-110.0,1,outdoors,grass,29.0,7.0,00-0033106,00-0039918,Jared Goff,Caleb Williams,Dan Campbell,Matt Eberflus,Clete Blakeman,CHI98,Soldier Field,41.8623,-87.6167,2024-12-22 18:00:00+00:00,30.25,28.1,7.874999999999999,8.7,18.224999999999998,19.7,0.0,0.0,0.0,0.0,0.0,0.0,0.0,4
2024_16_CLE_CIN,2024,REG,16,2024-12-22,Sunday,13:00,CLE,6,CIN,24,Home,18,30,0,2024122214,59732,,202412220cin,,401671811,6673.0,7,7,425.0,-575.0,10.0,-108.0,-112.0,46.5,-112.0,-108.0,1,outdoors,fieldturf,33.0,6.0,00-0031503,00-0036442,Jameis Winston,Joe Burrow,Kevin Stefanski,Zac Taylor,Brad Rogers,CIN00,Paycor Stadium,39.095,-84.516,2024-12-22 18:00:00+00:00,31.7,31.3,2.675,3.0,10.075,11.0,0.0,0.0,0.0,0.0,0.0,0.0,0.0,4
2024_16_LA_NYJ,2024,REG,16,2024-12-22,Sunday,13:00,LA,19,NYJ,9,Home,-10,28,0,2024122207,59740,,202412220nyj,,401671621,6681.0,10,7,-162.0,136.0,-3.0,-105.0,-115.0,47.0,-110.0,-110.0,0,outdoors,fieldturf,23.0,8.0,00-0026498,00-0023459,Matthew Stafford,Aaron Rodgers,Sean McVay,Robert Saleh,Ron Torbert,NYC01,MetLife Stadium,40.813528,-74.074361,2024-12-22 18:00:00+00:00,18.225,17.7,6.625,8.1,18.2,19.5,0.0,0.0,0.0,0.0,0.0,0.0,0.0,4
2024_16_PHI_WAS,2024,REG,16,2024-12-22,Sunday,13:00,PHI,33,WAS,36,Home,3,69,0,2024122208,59741,,202412220was,,401671717,6682.0,7,7,-218.0,180.0,-4.0,-115.0,-105.0,47.0,-110.0,-110.0,1,outdoors,grass,32.0,8.0,00-0036389,00-0039910,Jalen Hurts,Jayden Daniels,Nick Sirianni,Dan Quinn,Shawn Smith,WAS00,FedExField,38.907778,-76.864444,2024-12-22 18:00:00+00:00,30.025,30.4,6.4,7.6,17.625,20.1,0.0,0.0,0.0,0.0,0.0,0.0,0.0,4
2024_16_MIN_SEA,2024,REG,16,2024-12-22,Sunday,16:05,MIN,27,SEA,24,Home,-3,51,0,2024122210,59743,,202412220sea,,401671759,6684.0,6,7,-148.0,124.0,-2.5,-115.0,-105.0,43.0,-115.0,-105.0,0,outdoors,fieldturf,48.0,5.0,00-0034869,00-0030565,Sam Darnold,Geno Smith,Kevin O'Connell,Mike Macdonald,Craig Wrolstad,SEA00,Lumen Field,47.5952,-122.3316,2024-12-22 21:05:00+00:00,47.974999999999994,46.9,11.25,14.3,24.025,27.1,0.8,2.1,3.2,0.0,0.0,0.0,0.8,4
2024_16_NE_BUF,2024,REG,16,2024-12-22,Sunday,16:25,NE,21,BUF,24,Home,3,45,0,2024122203,59736,,202412220buf,,401671494,6677.0,7,7,700.0,-1100.0,14.0,-110.0,-110.0,48.0,-110.0,-110.0,1,outdoors,a_turf,14.0,2.0,00-0039851,00-0034857,Drake Maye,Josh Allen,Jerod Mayo,Sean McDermott,Brad Allen,BUF00,New Era Field,42.774,-78.787,2024-12-22 21:25:00+00:00,6.9,9.7,3.475,4.1,6.5,7.6,0.0,0.0,0.0,0.0,0.0,0.0,0.0,4
2024_16_SF_MIA,2024,REG,16,2024-12-22,Sunday,16:25,SF,17,MIA,29,Home,12,46,0,2024122212,59745,,202412220mia,,401671874,6686.0,10,7,-125.0,105.0,-2.0,-108.0,-112.0,44.0,-108.0,-112.0,0,outdoors,grass,73.0,12.0,00-0037834,00-0036212,Brock Purdy,Tua Tagovailoa,Kyle Shanahan,Mike McDaniel,Scott Novak,MIA00,Hard Rock Stadium,25.958056,-80.238889,2024-12-22 21:25:00+00:00,70.125,73.5,4.0,4.3,10.025,12.8,0.0,0.0,0.0,0.0,0.0,0.0,0.0,4
2024_16_NO_GB,2024,REG,16,2024-12-23,Monday,20:15,NO,0,GB,34,Home,34,34,0,2024122300,59747,,202412230gnb,,401671692,6688.0,8,8,625.0,-950.0,14.0,-105.0,-115.0,44.0,-110.0,-110.0,0,outdoors,grass,34.0,12.0,00-0038998,00-0036264,Jake Haener,Jordan Love,Dennis Allen,Matt LaFleur,Alex Kemp,GNB00,Lambeau Field,44.501389,-88.062222,2024-12-24 01:15:00+00:00,31.825000000000003,32.2,7.824999999999999,8.4,14.625,15.7,0.0,0.0,0.0,0.0,0.0,0.0,0.0,4
2024_17_KC_PIT,2024,REG,17,2024-12-25,Wednesday,13:00,KC,29,PIT,10,Home,-19,39,0,2024122500,59748,,202412250pit,,401671799,6689.0,4,4,-162.0,136.0,-3.0,-105.0,-115.0,43.5,-110.0,-110.0,0,outdoors,grass,39.0,2.0,00-0033873,00-0029263,Patrick Mahomes,Russell Wilson,Andy Reid,Mike Tomlin,Craig Wrolstad,PIT00,Acrisure Stadium,40.446667,-80.015833,2024-12-25 18:00:00+00:00,37.5,37.6,2.425,2.9,7.175000000000001,8.3,0.0,0.0,0.0,0.0,0.0,0.0,0.0,4
2024_17_SEA_CHI,2024,REG,17,2024-12-26,Thursday,20:15,SEA,6,CHI,3,Home,-3,9,0,2024122600,59750,,202412260chi,,401671876,6691.0,4,4,-192.0,160.0,-3.5,-118.0,-102.0,43.5,-112.0,-108.0,0,outdoors,grass,47.0,5.0,00-0030565,00-0039918,Geno Smith,Caleb Williams,Mike Macdonald,Matt Eberflus,Scott Novak,CHI98,Soldier Field,41.8623,-87.6167,2024-12-27 01:15:00+00:00,43.3,43.4,8.899999999999999,9.1,16.175,16.8,0.25,0.5,1.0,0.0,0.0,0.0,0.25,4
2024_17_LAC_NE,2024,REG,17,2024-12-28,Saturday,13:00,LAC,40,NE,7,Home,-33,47,0,2024122800,59753,,202412280nwe,,401671832,6694.0,9,6,-305.0,245.0,-6.0,-118.0,-102.0,42.0,-108.0,-112.0,0,outdoors,fieldturf,40.0,4.0,00-0036355,00-0039851,Justin Herbert,Drake Maye,Jim Harbaugh,Jerod Mayo,John Hussey,BOS00,Gillette Stadium,42.091,-71.264,2024-12-28 18:00:00+00:00,40.075,39.0,6.549999999999999,7.1,12.725,13.6,0.05,0.1,0.2,0.0,0.0,0.0,0.05,4
2024_17_DEN_CIN,2024,REG,17,2024-12-28,Saturday,16:30,DEN,24,CIN,30,Home,6,54,1,2024122801,59751,,202412280cin,,401671835,6692.0,9,6,145.0,-175.0,3.5,-115.0,-105.0,50.5,-110.0,-110.0,0,outdoors,fieldturf,60.0,8.0,00-0039732,00-0036442,Bo Nix,Joe Burrow,Sean Payton,Zac Taylor,Adrian Hill,CIN00,Paycor Stadium,39.095,-84.516,2024-12-28 21:30:00+00:00,57.7,60.6,5.1,5.7,12.25,14.3,0.0,0.0,0.0,0.0,0.0,0.0,0.0,4
2024_17_NYJ_BUF,2024,REG,17,2024-12-29,Sunday,13:00,NYJ,14,BUF,40,Home,26,54,0,2024122905,59756,,202412290buf,,401671495,6697.0,7,7,390.0,-520.0,10.0,-105.0,-115.0,44.5,-112.0,-108.0,1,outdoors,a_turf,54.0,15.0,00-0023459,00-0034857,Aaron Rodgers,Josh Allen,Robert Saleh,Sean McDermott,Clete Blakeman,BUF00,New Era Field,42.774,-78.787,2024-12-29 18:00:00+00:00,56.775000000000006,55.3,20.25,21.7,39.1,40.7,0.25,0.6,1.0,0.0,0.0,0.0,0.25,4
2024_17_TEN_JAX,2024,REG,17,2024-12-29,Sunday,13:00,TEN,13,JAX,20,Home,7,33,0,2024122906,59757,,202412290jax,,401671634,6698.0,7,7,-108.0,-112.0,-1.0,-105.0,-115.0,38.0,-110.0,-110.0,1,outdoors,grass,72.0,16.0,00-0034771,00-0036972,Mason Rudolph,Mac Jones,Brian Callahan,Doug Pederson,Shawn Smith,JAX00,TIAA Bank Stadium,30.323889,-81.6375,2024-12-29 18:00:00+00:00,72.375,70.2,7.475,9.6,18.025000000000002,20.8,0.07500000000000001,0.1,0.30000000000000004,0.0,0.0,0.0,0.07500000000000001,4
2024_17_IND_NYG,2024,REG,17,2024-12-29,Sunday,13:00,IND,33,NYG,45,Home,12,78,0,2024122903,59754,,202412290nyg,,401671846,6695.0,7,7,-410.0,320.0,-7.5,-112.0,-108.0,40.5,-112.0,-108.0,0,outdoors,fieldturf,54.0,0.0,00-0026158,00-0038476,Joe Flacco,Tommy DeVito,Shane Steichen,Brian Daboll,Bill Vinovich,NYC01,MetLife Stadium,40.813528,-74.074361,2024-12-29 18:00:00+00:00,58.675,59.8,8.625,11.1,19.7,26.4,0.0,0.0,0.0,0.0,0.0,0.0,0.0,4
2024_17_DAL_PHI,2024,REG,17,2024-12-29,Sunday,13:00,DAL,7,PHI,41,Home,34,48,0,2024122910,59761,,202412290phi,,401671765,6702.0,7,7,260.0,-325.0,7.5,-112.0,-108.0,37.5,-108.0,-112.0,1,outdoors,grass,62.0,10.0,00-0033662,00-0036389,Cooper Rush,Jalen Hurts,Mike McCarthy,Nick Sirianni,Brad Allen,PHI00,Lincoln Financial Field,39.900833,-75.1675,2024-12-29 18:00:00+00:00,63.47500000000001,64.7,12.075,13.7,26.574999999999996,30.4,0.0,0.0,0.0,0.0,0.0,0.0,0.0,4
2024_17_CAR_TB,2024,REG,17,2024-12-29,Sunday,13:00,CAR,14,TB,48,Home,34,62,0,2024122909,59760,,202412290tam,,401671653,6701.0,7,7,380.0,-500.0,9.5,-105.0,-115.0,47.5,-108.0,-112.0,1,outdoors,grass,76.0,8.0,00-0039150,00-0034855,Bryce Young,Baker Mayfield,Dave Canales,Todd Bowles,Clay Martin,TAM00,Raymond James Stadium,27.975833,-82.503333,2024-12-29 18:00:00+00:00,73.67499999999998,75.6,10.200000000000001,12.4,24.400000000000002,27.1,0.15,0.3,0.6,0.0,0.0,0.0,0.15,4
2024_17_MIA_CLE,2024,REG,17,2024-12-29,Sunday,16:05,MIA,20,CLE,3,Home,-17,23,0,2024122911,59762,,202412290cle,,401671877,6703.0,7,7,-170.0,142.0,-3.0,-115.0,-105.0,32.5,-112.0,-108.0,0,outdoors,grass,54.0,15.0,00-0035993,00-0031503,Tyler Huntley,Jameis Winston,Mike McDaniel,Kevin Stefanski,Ron Torbert,CLE00,FirstEnergy Stadium,41.506111,-81.699444,2024-12-29 21:05:00+00:00,50.125,50.5,15.45,16.7,21.65,25.3,0.875,2.5,3.5,0.0,0.0,0.0,0.875,4
2024_17_ATL_WAS,2024,REG,17,2024-12-29,Sunday,20:20,ATL,24,WAS,30,Home,6,54,1,2024122904,59755,,202412290was,,401671842,6696.0,7,7,160.0,-192.0,3.5,-115.0,-105.0,46.5,-110.0,-110.0,0,outdoors,grass,58.0,10.0,00-0039917,00-0039910,Michael Penix Jr.,Jayden Daniels,Raheem Morris,Dan Quinn,Alex Kemp,WAS00,FedExField,38.907778,-76.864444,2024-12-30 01:20:00+00:00,59.074999999999996,59.8,14.125,14.6,28.8,31.1,0.35000000000000003,0.6,1.4000000000000001,0.0,0.0,0.0,0.35000000000000003,4
2024_17_DET_SF,2024,REG,17,2024-12-30,Monday,20:15,DET,40,SF,34,Home,-6,74,0,2024123000,59763,,202412300sfo,,401671698,6704.0,8,8,-230.0,190.0,-4.0,-112.0,-108.0,50.5,-110.0,-110.0,0,outdoors,grass,,,00-0033106,00-0037834,Jared Goff,Brock Purdy,Dan Campbell,Kyle Shanahan,Shawn Hochuli,SFO01,Levi's Stadium,37.403,-121.97,2024-12-31 01:15:00+00:00,50.0,52.7,2.5749999999999997,3.3,6.325,9.2,0.0,0.0,0.0,0.0,0.0,0.0,0.0,4
2024_18_CLE_BAL,2024,REG,18,2025-01-04,Saturday,16:30,CLE,10,BAL,35,Home,25,45,0,2025010400,59766,,202501040rav,,401671834,6707.0,6,10,1200.0,-2400.0,19.5,-105.0,-115.0,42.5,-108.0,-112.0,1,outdoors,grass,31.0,16.0,00-0038108,00-0034796,Bailey Zappe,Lamar Jackson,Kevin Stefanski,John Harbaugh,Scott Novak,BAL00,M&T Bank Stadium,39.278056,-76.622778,2025-01-04 21:30:00+00:00,27.375,28.4,11.349999999999998,14.7,30.149999999999995,37.4,0.0,0.0,0.0,0.0,0.0,0.0,0.0,4
2024_18_CIN_PIT,2024,REG,18,2025-01-04,Saturday,20:00,CIN,19,PIT,17,Home,-2,36,0,2025010401,59777,,202501040pit,,401671836,6718.0,7,10,-148.0,124.0,-2.5,-118.0,-102.0,48.5,-112.0,-108.0,1,outdoors,grass,19.0,10.0,00-0036442,00-0029263,Joe Burrow,Russell Wilson,Zac Taylor,Mike Tomlin,John Hussey,PIT00,Acrisure Stadium,40.446667,-80.015833,2025-01-05 01:00:00+00:00,17.65,18.9,9.549999999999999,10.3,21.4,22.1,0.0,0.0,0.0,0.0,0.0,0.0,0.0,4
2024_18_CHI_GB,2024,REG,18,2025-01-05,Sunday,13:00,CHI,24,GB,22,Home,-2,46,0,2025010506,59770,,202501050gnb,,401671844,6711.0,10,7,320.0,-410.0,10.0,-115.0,-105.0,41.5,-108.0,-112.0,1,outdoors,grass,16.0,13.0,00-0039918,00-0036264,Caleb Williams,Jordan Love,Matt Eberflus,Matt LaFleur,Clay Martin,GNB00,Lambeau Field,44.501389,-88.062222,2025-01-05 18:00:00+00:00,18.05,17.8,8.275,8.8,20.375,21.3,0.0,0.0,0.0,0.0,0.0,0.0,0.0,4
2024_18_BUF_NE,2024,REG,18,2025-01-05,Sunday,13:00,BUF,16,NE,23,Home,7,39,0,2025010510,59774,,202501050nwe,,401671831,6715.0,7,8,-166.0,140.0,-3.0,-112.0,-108.0,36.5,-108.0,-112.0,1,outdoors,fieldturf,33.0,14.0,00-0033869,00-0039398,Mitchell Trubisky,Joe Milton III,Sean McDermott,Jerod Mayo,Alan Eck,BOS00,Gillette Stadium,42.091,-71.264,2025-01-05 18:00:00+00:00,30.200000000000003,30.8,15.1,16.6,34.625,38.0,0.0,0.0,0.0,0.0,0.0,0.0,0.0,4
2024_18_NYG_PHI,2024,REG,18,2025-01-05,Sunday,13:00,NYG,13,PHI,20,Home,7,33,0,2025010512,59776,,202501050phi,,401671841,6717.0,7,7,130.0,-155.0,3.0,-110.0,-110.0,36.5,-118.0,-102.0,1,outdoors,grass,31.0,19.0,00-0035704,00-0038400,Drew Lock,Tanner McKee,Brian Daboll,Nick Sirianni,Ron Torbert,PHI00,Lincoln Financial Field,39.900833,-75.1675,2025-01-05 18:00:00+00:00,31.0,31.3,11.225000000000001,12.1,26.7,27.7,0.0,0.0,0.0,0.0,0.0,0.0,0.0,4
2024_18_NO_TB,2024,REG,18,2025-01-05,Sunday,13:00,NO,19,TB,27,Home,8,46,0,2025010514,59778,,202501050tam,,401671828,6719.0,7,7,675.0,-1050.0,14.5,-102.0,-118.0,44.5,-112.0,-108.0,1,outdoors,grass,68.0,6.0,00-0039376,00-0034855,Spencer Rattler,Baker Mayfield,Dennis Allen,Todd Bowles,Adrian Hill,TAM00,Raymond James Stadium,27.975833,-82.503333,2025-01-05 18:00:00+00:00,69.175,67.3,6.449999999999999,6.8,16.5,17.0,0.0,0.0,0.0,0.0,0.0,0.0,0.0,4
2024_18_HOU_TEN,2024,REG,18,2025-01-05,Sunday,13:00,HOU,23,TEN,14,Home,-9,37,0,2025010515,59779,,202501050oti,,401671826,6720.0,11,7,120.0,-142.0,2.5,-108.0,-112.0,36.5,-108.0,-112.0,1,outdoors,grass,35.0,10.0,00-0036898,00-0034771,Davis Mills,Mason Rudolph,DeMeco Ryans,Brian Callahan,Brad Allen,NAS00,Nissan Stadium,36.166389,-86.771389,2025-01-05 18:00:00+00:00,46.65,40.9,9.5,11.8,18.225,23.3,0.15,0.5,0.6,0.0,0.0,0.0,0.15,4
2024_18_KC_DEN,2024,REG,18,2025-01-05,Sunday,16:25,KC,0,DEN,38,Home,38,38,0,2025010504,59768,,202501050den,,401671838,6709.0,11,8,370.0,-485.0,10.5,-115.0,-105.0,40.5,-115.0,-105.0,1,outdoors,grass,28.0,5.0,00-0032950,00-0039732,Carson Wentz,Bo Nix,Andy Reid,Sean Payton,Shawn Hochuli,DEN00,Empower Field at Mile High,39.743889,-105.02,2025-01-05 21:25:00+00:00,28.1,28.1,1.6,1.9,7.375,8.7,0.0,0.0,0.0,0.0,0.0,0.0,0.0,4
2024_18_MIA_NYJ,2024,REG,18,2025-01-05,Sunday,16:25,MIA,20,NYJ,32,Home,12,52,0,2025010511,59775,,202501050nyj,,401671833,6716.0,7,7,102.0,-122.0,1.5,-110.0,-110.0,39.5,-112.0,-108.0,1,outdoors,fieldturf,34.0,10.0,00-0036212,00-0023459,Tua Tagovailoa,Aaron Rodgers,Mike McDaniel,Robert Saleh,Tra Blake,NYC01,MetLife Stadium,40.813528,-74.074361,2025-01-05 21:25:00+00:00,29.025000000000002,30.6,8.3,9.2,20.8,25.3,0.0,0.0,0.0,0.0,0.0,0.0,0.0,4
2025_01_DAL_PHI,2025,REG,1,2025-09-04,Thursday,20:20,DAL,20,PHI,24,Home,4,44,0,2025090400,59843,,202509040phi,28418.0,401772510,6734.0,7,7,330.0,-425.0,8.5,-110.0,-110.0,47.5,-110.0,-110.0,1,outdoors,grass,75.0,11.0,00-0033077,00-0036389,Dak Prescott,Jalen Hurts,Brian Schottenheimer,Nick Sirianni,Shawn Smith,PHI00,Lincoln Financial Field,39.900833,-75.1675,2025-09-05 00:20:00+00:00,70.7,74.2,5.949999999999999,8.2,15.675,20.4,0.7250000000000001,1.2,2.9000000000000004,0.0,0.0,0.0,0.7250000000000001,4
2025_01_CIN_CLE,2025,REG,1,2025-09-07,Sunday,13:00,CIN,17,CLE,16,Home,-1,33,0,2025090701,59846,,202509070cle,28421.0,401772829,6737.0,7,7,-238.0,195.0,-5.5,-105.0,-115.0,47.5,100.0,-120.0,1,outdoors,grass,63.0,10.0,00-0036442,00-0026158,Joe Burrow,Joe Flacco,Zac Taylor,Kevin Stefanski,Adrian Hill,CLE00,FirstEnergy Stadium,41.506111,-81.699444,2025-09-07 17:00:00+00:00,61.875,61.1,8.4,9.0,13.375000000000002,14.1,0.0,0.0,0.0,0.0,0.0,0.0,0.0,4
2025_01_CAR_JAX,2025,REG,1,2025-09-07,Sunday,13:00,CAR,10,JAX,26,Home,16,36,0,2025090703,59848,,202509070jax,28423.0,401772828,6739.0,7,7,170.0,-205.0,4.5,-110.0,-110.0,45.5,-108.0,-112.0,0,outdoors,grass,85.0,3.0,00-0039150,00-0036971,Bryce Young,Trevor Lawrence,Dave Canales,Liam Coen,Alex Moore,JAX00,TIAA Bank Stadium,30.323889,-81.6375,2025-09-07 17:00:00+00:00,81.6,80.2,3.125,6.3,12.75,16.1,0.85,2.6,3.4,0.0,0.0,0.0,0.85,4
2025_01_LV_NE,2025,REG,1,2025-09-07,Sunday,13:00,LV,20,NE,13,Home,-7,33,0,2025090704,59849,,202509070nwe,28424.0,401772720,6740.0,7,7,130.0,-155.0,2.5,100.0,-120.0,44.5,-115.0,-105.0,0,outdoors,fieldturf,62.0,4.0,00-0030565,00-0039851,Geno Smith,Drake Maye,Pete Carroll,Mike Vrabel,Ron Torbert,BOS00,Gillette Stadium,42.091,-71.264,2025-09-07 17:00:00+00:00,61.775000000000006,61.5,6.475,7.5,14.925,16.1,0.75,1.9,3.0,0.0,0.0,0.0,0.75,4
2025_01_PIT_NYJ,2025,REG,1,2025-09-07,Sunday,13:00,PIT,34,NYJ,32,Home,-2,66,0,2025090706,59851,,202509070nyj,28426.0,401772721,6742.0,7,7,-155.0,130.0,-3.0,-110.0,-110.0,37.5,-108.0,-112.0,0,outdoors,fieldturf,67.0,3.0,00-0023459,00-0036945,Aaron Rodgers,Justin Fields,Mike Tomlin,Aaron Glenn,Bill Vinovich,NYC01,MetLife Stadium,40.813528,-74.074361,2025-09-07 17:00:00+00:00,66.625,65.7,2.4,3.6,8.6,10.3,0.175,0.6,0.7,0.0,0.0,0.0,0.175,4
2025_01_NYG_WAS,2025,REG,1,2025-09-07,Sunday,13:00,NYG,6,WAS,21,Home,15,27,0,2025090707,59852,,202509070was,28427.0,401772827,6743.0,7,7,240.0,-298.0,6.0,-108.0,-112.0,45.5,-110.0,-110.0,1,outdoors,grass,68.0,5.0,00-0029263,00-0039910,Russell Wilson,Jayden Daniels,Brian Daboll,Dan Quinn,Clay Martin,WAS00,FedExField,38.907778,-76.864444,2025-09-07 17:00:00+00:00,73.39999999999999,68.8,5.2,6.1,14.224999999999998,15.2,0.0,0.0,0.0,0.0,0.0,0.0,0.0,4
2025_01_TEN_DEN,2025,REG,1,2025-09-07,Sunday,16:05,TEN,12,DEN,20,Home,8,32,0,2025090708,59853,,202509070den,28428.0,401772832,6744.0,7,7,350.0,-455.0,8.5,-105.0,-115.0,42.5,-108.0,-112.0,0,outdoors,grass,84.0,6.0,00-0040676,00-0039732,Cam Ward,Bo Nix,Brian Callahan,Sean Payton,Alex Kemp,DEN00,Empower Field at Mile High,39.743889,-105.02,2025-09-07 20:05:00+00:00,82.875,82.3,1.75,2.8,12.575000000000001,14.5,0.0,0.0,0.0,0.0,0.0,0.0,0.0,4
2025_01_SF_SEA,2025,REG,1,2025-09-07,Sunday,16:05,SF,17,SEA,13,Home,-4,30,0,2025090709,59854,,202509070sea,28429.0,401772831,6745.0,7,7,-135.0,114.0,-2.5,-105.0,-115.0,43.5,-112.0,-108.0,1,outdoors,fieldturf,67.0,6.0,00-0037834,00-0034869,Brock Purdy,Sam Darnold,Kyle Shanahan,Mike Macdonald,Shawn Hochuli,SEA00,Lumen Field,47.5952,-122.3316,2025-09-07 20:05:00+00:00,70.27499999999999,68.5,5.375,5.7,14.55,16.1,0.0,0.0,0.0,0.0,0.0,0.0,0.0,4
2025_01_DET_GB,2025,REG,1,2025-09-07,Sunday,16:25,DET,13,GB,27,Home,14,40,0,2025090710,59855,,202509070gnb,28430.0,401772722,6746.0,7,7,100.0,-120.0,1.5,-115.0,-105.0,48.5,-115.0,-105.0,1,outdoors,grass,60.0,5.0,00-0033106,00-0036264,Jared Goff,Jordan Love,Dan Campbell,Matt LaFleur,Clete Blakeman,GNB00,Lambeau Field,44.501389,-88.062222,2025-09-07 20:25:00+00:00,62.824999999999996,62.7,6.25,7.2,16.0,16.6,0.0,0.0,0.0,0.0,0.0,0.0,0.0,4
2025_01_BAL_BUF,2025,REG,1,2025-09-07,Sunday,20:20,BAL,40,BUF,41,Home,1,81,0,2025090712,59857,,202509070buf,28432.0,401772918,6748.0,7,7,-130.0,110.0,-1.5,-118.0,-102.0,50.5,-105.0,-115.0,0,outdoors,a_turf,58.0,8.0,00-0034796,00-0034857,Lamar Jackson,Josh Allen,John Harbaugh,Sean McDermott,John Hussey,BUF00,New Era Field,42.774,-78.787,2025-09-08 00:20:00+00:00,57.975,59.7,5.4750000000000005,8.4,15.025,21.3,0.0,0.0,0.0,0.0,0.0,0.0,0.0,4
2025_01_MIN_CHI,2025,REG,1,2025-09-08,Monday,20:15,MIN,27,CHI,24,Home,-3,51,0,2025090800,59858,,202509080chi,28433.0,401772810,6749.0,7,7,-112.0,-108.0,-1.5,100.0,-120.0,43.5,-112.0,-108.0,1,outdoors,grass,68.0,6.0,00-0039923,00-0039918,J.J. McCarthy,Caleb Williams,Kevin O'Connell,Ben Johnson,Alan Eck,CHI98,Soldier Field,41.8623,-87.6167,2025-09-09 00:15:00+00:00,64.45,65.7,5.125,5.7,11.375,11.9,0.0,0.0,0.0,0.0,0.0,0.0,0.0,4
2025_02_WAS_GB,2025,REG,2,2025-09-11,Thursday,20:15,WAS,18,GB,27,Home,9,45,0,2025091100,59859,,202509110gnb,28434.0,401772936,6750.0,4,4,154.0,-185.0,3.5,-118.0,-102.0,48.5,-105.0,-115.0,0,outdoors,grass,65.0,7.0,00-0039910,00-0036264,Jayden Daniels,Jordan Love,Dan Quinn,Matt LaFleur,Brad Rogers,GNB00,Lambeau Field,44.501389,-88.062222,2025-09-12 00:15:00+00:00,62.35,66.4,3.375,5.3,7.775,12.3,0.0,0.0,0.0,0.0,0.0,0.0,0.0,4
2025_02_CLE_BAL,2025,REG,2,2025-09-14,Sunday,13:00,CLE,17,BAL,41,Home,24,58,0,2025091400,59860,,202509140rav,28435.0,401772726,6751.0,7,7,600.0,-900.0,12.5,-105.0,-115.0,46.5,-110.0,-110.0,1,outdoors,grass,82.0,3.0,00-0026158,00-0034796,Joe Flacco,Lamar Jackson,Kevin Stefanski,John Harbaugh,Brad Allen,BAL00,M&T Bank Stadium,39.278056,-76.622778,2025-09-14 17:00:00+00:00,81.025,79.9,3.525,3.8,12.524999999999999,12.8,0.0,0.0,0.0,0.0,0.0,0.0,0.0,4
2025_02_JAX_CIN,2025,REG,2,2025-09-14,Sunday,13:00,JAX,27,CIN,31,Home,4,58,0,2025091401,59861,,202509140cin,28436.0,401772725,6752.0,7,7,160.0,-192.0,3.5,-115.0,-105.0,49.5,-115.0,-105.0,0,outdoors,fieldturf,85.0,3.0,00-0036971,00-0036442,Trevor Lawrence,Joe Burrow,Liam Coen,Zac Taylor,Alan Eck,CIN00,Paycor Stadium,39.095,-84.516,2025-09-14 17:00:00+00:00,85.1,83.0,4.55,6.0,15.100000000000001,17.7,0.0,0.0,0.0,0.0,0.0,0.0,0.0,4
2025_02_NE_MIA,2025,REG,2,2025-09-14,Sunday,13:00,NE,33,MIA,27,Home,-6,60,0,2025091404,59864,,202509140mia,28439.0,401772728,6755.0,7,7,105.0,-125.0,1.5,-110.0,-110.0,43.5,-115.0,-105.0,1,outdoors,grass,89.0,4.0,00-0039851,00-0036212,Drake Maye,Tua Tagovailoa,Mike Vrabel,Mike McDaniel,Alex Moore,MIA00,Hard Rock Stadium,25.958056,-80.238889,2025-09-14 17:00:00+00:00,87.075,86.6,0.75,1.1,7.7749999999999995,8.7,0.0,0.0,0.0,0.0,0.0,0.0,0.0,4
2025_02_BUF_NYJ,2025,REG,2,2025-09-14,Sunday,13:00,BUF,30,NYJ,10,Home,-20,40,0,2025091406,59866,,202509140nyj,28441.0,401772727,6757.0,7,7,-290.0,235.0,-6.0,-112.0,-108.0,47.5,-110.0,-110.0,1,outdoors,fieldturf,80.0,3.0,00-0034857,00-0036945,Josh Allen,Justin Fields,Sean McDermott,Aaron Glenn,Clete Blakeman,NYC01,MetLife Stadium,40.813528,-74.074361,2025-09-14 17:00:00+00:00,84.2,82.8,3.675,5.4,15.25,17.0,0.0,0.0,0.0,0.0,0.0,0.0,0.0,4
2025_02_SEA_PIT,2025,REG,2,2025-09-14,Sunday,13:00,SEA,31,PIT,17,Home,-14,48,0,2025091407,59867,,202509140pit,28442.0,401772836,6758.0,7,7,160.0,-192.0,3.5,-110.0,-110.0,40.5,-108.0,-112.0,0,outdoors,grass,79.0,5.0,00-0034869,00-0023459,Sam Darnold,Aaron Rodgers,Mike Macdonald,Mike Tomlin,Scott Novak,PIT00,Acrisure Stadium,40.446667,-80.015833,2025-09-14 17:00:00+00:00,81.625,80.2,4.4,4.9,15.525000000000002,16.3,0.0,0.0,0.0,0.0,0.0,0.0,0.0,4
2025_02_LA_TEN,2025,REG,2,2025-09-14,Sunday,13:00,LA,33,TEN,19,Home,-14,52,0,2025091408,59868,,202509140oti,28443.0,401772724,6759.0,7,7,-250.0,205.0,-5.5,-108.0,-112.0,41.5,-112.0,-108.0,0,outdoors,grass,83.0,3.0,00-0026498,00-0040676,Matthew Stafford,Cam Ward,Sean McVay,Brian Callahan,John Hussey,NAS00,Nissan Stadium,36.166389,-86.771389,2025-09-14 17:00:00+00:00,89.45,88.2,3.8999999999999995,6.2,13.175,17.0,0.0,0.0,0.0,0.0,0.0,0.0,0.0,4
2025_02_PHI_KC,2025,REG,2,2025-09-14,Sunday,16:25,PHI,20,KC,17,Home,-3,37,0,2025091411,59871,,202509140kan,28446.0,401772837,6762.0,10,9,-122.0,102.0,-1.5,-110.0,-110.0,46.5,-102.0,-118.0,0,outdoors,grass,88.0,12.0,00-0036389,00-0033873,Jalen Hurts,Patrick Mahomes,Nick Sirianni,Andy Reid,Alex Kemp,KAN00,GEHA Field at Arrowhead Stadium,39.048889,-94.483889,2025-09-14 20:25:00+00:00,92.55,93.0,10.850000000000001,11.4,25.400000000000002,25.7,0.0,0.0,0.0,0.0,0.0,0.0,0.0,4
2025_03_MIA_BUF,2025,REG,3,2025-09-18,Thursday,20:15,MIA,21,BUF,31,Home,10,52,0,2025091800,59875,,202509180buf,28450.0,401772937,6766.0,4,4,550.0,-800.0,12.5,-110.0,-110.0,50.5,-112.0,-108.0,1,outdoors,a_turf,68.0,7.0,00-0036212,00-0034857,Tua Tagovailoa,Josh Allen,Mike McDaniel,Sean McDermott,Alan Eck,BUF00,New Era Field,42.774,-78.787,2025-09-19 00:15:00+00:00,66.725,66.7,7.075,7.8,14.6,15.2,0.0,0.0,0.0,0.0,0.0,0.0,0.0,4
2025_03_ATL_CAR,2025,REG,3,2025-09-21,Sunday,13:00,ATL,0,CAR,30,Home,30,30,0,2025092100,59876,,202509210car,28452.0,401772838,6767.0,7,7,-225.0,185.0,-5.5,-105.0,-115.0,44.5,-115.0,-105.0,1,outdoors,grass,83.0,5.0,00-0039917,00-0039150,Michael Penix,Bryce Young,Raheem Morris,Dave Canales,Craig Wrolstad,CAR00,Bank of America Stadium,35.225833,-80.852778,2025-09-21 17:00:00+00:00,82.85,81.6,6.275,6.5,16.9,17.4,0.0,0.0,0.0,0.0,0.0,0.0,0.0,4
2025_03_GB_CLE,2025,REG,3,2025-09-21,Sunday,13:00,GB,10,CLE,13,Home,3,23,0,2025092101,59877,,202509210cle,28453.0,401772842,6768.0,10,7,-470.0,360.0,-8.5,-102.0,-118.0,41.5,-115.0,-105.0,0,outdoors,grass,79.0,10.0,00-0036264,00-0026158,Jordan Love,Joe Flacco,Matt LaFleur,Kevin Stefanski,Carl Cheffers,CLE00,FirstEnergy Stadium,41.506111,-81.699444,2025-09-21 17:00:00+00:00,80.525,77.8,5.125,7.4,8.425,11.6,0.0,0.0,0.0,0.0,0.0,0.0,0.0,4
2025_03_HOU_JAX,2025,REG,3,2025-09-21,Sunday,13:00,HOU,10,JAX,17,Home,7,27,0,2025092102,59878,,202509210jax,28454.0,401772734,6769.0,6,7,105.0,-125.0,1.5,-108.0,-112.0,43.5,-115.0,-105.0,1,outdoors,grass,85.0,11.0,00-0039163,00-0036971,C.J. Stroud,Trevor Lawrence,DeMeco Ryans,Liam Coen,Alex Kemp,JAX00,TIAA Bank Stadium,30.323889,-81.6375,2025-09-21 17:00:00+00:00,84.025,85.6,11.825,13.4,27.75,30.2,0.125,0.4,0.5,0.0,0.0,0.0,0.125,4
2025_03_PIT_NE,2025,REG,3,2025-09-21,Sunday,13:00,PIT,21,NE,14,Home,-7,35,0,2025092104,59880,,202509210nwe,28456.0,401772732,6771.0,7,7,-120.0,100.0,-1.5,-105.0,-115.0,44.5,-112.0,-108.0,0,outdoors,fieldturf,66.0,5.0,00-0023459,00-0039851,Aaron Rodgers,Drake Maye,Mike Tomlin,Mike Vrabel,Clete Blakeman,BOS00,Gillette Stadium,42.091,-71.264,2025-09-21 17:00:00+00:00,65.95,65.2,5.375,5.8,14.15,14.3,0.0,0.0,0.0,0.0,0.0,0.0,0.0,4
2025_03_LA_PHI,2025,REG,3,2025-09-21,Sunday,13:00,LA,26,PHI,33,Home,7,59,0,2025092105,59881,,202509210phi,28457.0,401772839,6772.0,7,7,164.0,-198.0,3.5,-108.0,-112.0,45.5,-108.0,-112.0,0,outdoors,grass,73.0,9.0,00-0026498,00-0036389,Matthew Stafford,Jalen Hurts,Sean McVay,Nick Sirianni,Brad Rogers,PHI00,Lincoln Financial Field,39.900833,-75.1675,2025-09-21 17:00:00+00:00,73.725,73.1,5.675,6.2,16.125,16.8,0.0,0.0,0.0,0.0,0.0,0.0,0.0,4
2025_03_NYJ_TB,2025,REG,3,2025-09-21,Sunday,13:00,NYJ,27,TB,29,Home,2,56,0,2025092106,59882,,202509210tam,28458.0,401772840,6773.0,7,6,275.0,-345.0,6.5,-105.0,-115.0,43.5,-115.0,-105.0,0,outdoors,grass,88.0,5.0,00-0028118,00-0034855,Tyrod Taylor,Baker Mayfield,Aaron Glenn,Todd Bowles,Adrian Hill,TAM00,Raymond James Stadium,27.975833,-82.503333,2025-09-21 17:00:00+00:00,90.82500000000002,89.1,6.35,7.0,17.825,19.2,0.0,0.0,0.0,0.0,0.0,0.0,0.0,4
2025_03_IND_TEN,2025,REG,3,2025-09-21,Sunday,13:00,IND,41,TEN,20,Home,-21,61,0,2025092107,59883,,202509210oti,28459.0,401772733,6774.0,7,7,-245.0,200.0,-6.0,-108.0,-112.0,43.5,-115.0,-105.0,1,outdoors,grass,84.0,8.0,00-0035710,00-0040676,Daniel Jones,Cam Ward,Shane Steichen,Brian Callahan,Scott Novak,NAS00,Nissan Stadium,36.166389,-86.771389,2025-09-21 17:00:00+00:00,88.72500000000001,85.9,4.625,5.3,15.375,16.1,0.0,0.0,0.0,0.0,0.0,0.0,0.0,4
2025_03_LV_WAS,2025,REG,3,2025-09-21,Sunday,13:00,LV,24,WAS,41,Home,17,65,0,2025092108,59884,,202509210was,28460.0,401772841,6775.0,6,10,130.0,-155.0,2.5,100.0,-120.0,43.5,-110.0,-110.0,0,outdoors,grass,72.0,6.0,00-0030565,00-0032268,Geno Smith,Marcus Mariota,Pete Carroll,Dan Quinn,Shawn Hochuli,WAS00,FedExField,38.907778,-76.864444,2025-09-21 17:00:00+00:00,73.15,72.2,6.074999999999999,6.4,15.075,16.8,0.0,0.0,0.0,0.0,0.0,0.0,0.0,4
2025_03_NO_SEA,2025,REG,3,2025-09-21,Sunday,16:05,NO,13,SEA,44,Home,31,57,0,2025092110,59886,,202509210sea,28462.0,401772736,6777.0,7,7,295.0,-375.0,7.5,-115.0,-105.0,41.5,-108.0,-112.0,0,outdoors,fieldturf,63.0,3.0,00-0039376,00-0034869,Spencer Rattler,Sam Darnold,Kellen Moore,Mike Macdonald,Alex Moore,SEA00,Lumen Field,47.5952,-122.3316,2025-09-21 20:05:00+00:00,65.325,63.9,4.275,5.9,13.75,15.0,0.0,0.0,0.0,0.0,0.0,0.0,0.0,4
2025_03_DAL_CHI,2025,REG,3,2025-09-21,Sunday,16:25,DAL,14,CHI,31,Home,17,45,0,2025092111,59887,,202509210chi,28463.0,401772844,6778.0,7,7,-125.0,105.0,-1.5,-115.0,-105.0,49.5,100.0,-120.0,0,outdoors,grass,82.0,4.0,00-0033077,00-0039918,Dak Prescott,Caleb Williams,Brian Schottenheimer,Ben Johnson,Clay Martin,CHI98,Soldier Field,41.8623,-87.6167,2025-09-21 20:25:00+00:00,75.825,76.6,5.499999999999999,7.4,19.4,21.3,0.475,1.7,1.9,0.0,0.0,0.0,0.475,4
2025_03_ARI_SF,2025,REG,3,2025-09-21,Sunday,16:25,ARI,15,SF,16,Home,1,31,0,2025092112,59888,,202509210sfo,28464.0,401772843,6779.0,7,7,105.0,-125.0,1.5,-112.0,-108.0,44.5,-112.0,-108.0,1,outdoors,grass,72.0,7.0,00-0035228,00-0036972,Kyler Murray,Mac Jones,Jonathan Gannon,Kyle Shanahan,John Hussey,SFO01,Levi's Stadium,37.403,-121.97,2025-09-21 20:25:00+00:00,81.45,79.6,5.9,7.4,18.125,20.6,0.0,0.0,0.0,0.0,0.0,0.0,0.0,4
2025_03_KC_NYG,2025,REG,3,2025-09-21,Sunday,20:20,KC,22,NYG,9,Home,-13,31,0,2025092113,59889,,202509210nyg,28465.0,401772920,6780.0,7,7,-325.0,260.0,-6.0,-115.0,-105.0,44.5,-105.0,-115.0,0,outdoors,fieldturf,65.0,5.0,00-0033873,00-0029263,Patrick Mahomes,Russell Wilson,Andy Reid,Brian Daboll,Land Clark,NYC01,MetLife Stadium,40.813528,-74.074361,2025-09-22 00:20:00+00:00,60.45,63.0,2.325,3.1,6.425000000000001,7.6,0.0,0.0,0.0,0.0,0.0,0.0,0.0,4
2025_03_DET_BAL,2025,REG,3,2025-09-22,Monday,20:15,DET,38,BAL,30,Home,-8,68,0,2025092200,59890,,202509220rav,28451.0,401772812,6781.0,8,8,200.0,-245.0,4.5,-105.0,-115.0,53.5,-105.0,-115.0,0,outdoors,grass,74.0,7.0,00-0033106,00-0034796,Jared Goff,Lamar Jackson,Dan Campbell,John Harbaugh,Bill Vinovich,BAL00,M&T Bank Stadium,39.278056,-76.622778,2025-09-23 00:15:00+00:00,67.625,68.4,4.725,5.4,9.8,11.0,0.0,0.0,0.0,0.0,0.0,0.0,0.0,4
2025_04_MIN_PIT,2025,REG,4,2025-09-28,Sunday,09:30,MIN,21,PIT,24,Neutral,3,45,0,2025092800,59892,,202509280pit,28467.0,401772632,6783.0,7,7,-148.0,124.0,-2.5,-125.0,105.0,41.5,-115.0,-105.0,0,outdoors,grass,61.0,5.0,00-0032950,00-0023459,Carson Wentz,Aaron Rodgers,Kevin O'Connell,Mike Tomlin,Brad Allen,PIT00,Acrisure Stadium,40.446667,-80.015833,2025-09-28 13:30:00+00:00,65.75,60.2,3.0,4.0,10.175,10.7,0.0,0.0,0.0,0.0,0.0,0.0,0.0,4
2025_04_NO_BUF,2025,REG,4,2025-09-28,Sunday,13:00,NO,19,BUF,31,Home,12,50,0,2025092802,59894,,202509280buf,28469.0,401772740,6785.0,7,10,800.0,-1350.0,15.5,-115.0,-105.0,48.5,-115.0,-105.0,0,outdoors,a_turf,73.0,7.0,00-0039376,00-0034857,Spencer Rattler,Josh Allen,Kellen Moore,Sean McDermott,Land Clark,BUF00,New Era Field,42.774,-78.787,2025-09-28 17:00:00+00:00,73.32499999999999,73.0,5.775,6.5,14.575,15.4,0.0,0.0,0.0,0.0,0.0,0.0,0.0,4
2025_04_CAR_NE,2025,REG,4,2025-09-28,Sunday,13:00,CAR,13,NE,42,Home,29,55,0,2025092805,59897,,202509280nwe,28472.0,401772847,6788.0,7,7,215.0,-265.0,5.5,-108.0,-112.0,42.5,-108.0,-112.0,0,outdoors,fieldturf,76.0,7.0,00-0039150,00-0039851,Bryce Young,Drake Maye,Dave Canales,Mike Vrabel,Bill Vinovich,BOS00,Gillette Stadium,42.091,-71.264,2025-09-28 17:00:00+00:00,78.5,77.1,7.375,7.7,17.45,17.7,0.0,0.0,0.0,0.0,0.0,0.0,0.0,4
2025_04_LAC_NYG,2025,REG,4,2025-09-28,Sunday,13:00,LAC,18,NYG,21,Home,3,39,0,2025092806,59898,,202509280nyg,28473.0,401772737,6789.0,7,7,-285.0,230.0,-6.0,-112.0,-108.0,43.5,-115.0,-105.0,0,outdoors,fieldturf,81.0,4.0,00-0036355,00-0040691,Justin Herbert,Jaxson Dart,Jim Harbaugh,Brian Daboll,Shawn Hochuli,NYC01,MetLife Stadium,40.813528,-74.074361,2025-09-28 17:00:00+00:00,80.15,77.8,3.575,3.7,11.925,12.5,0.0,0.0,0.0,0.0,0.0,0.0,0.0,4
2025_04_PHI_TB,2025,REG,4,2025-09-28,Sunday,13:00,PHI,31,TB,25,Home,-6,56,0,2025092807,59899,,202509280tam,28474.0,401772845,6790.0,7,7,-185.0,154.0,-3.5,-102.0,-118.0,44.5,-118.0,-102.0,0,outdoors,grass,88.0,6.0,00-0036389,00-0034855,Jalen Hurts,Baker Mayfield,Nick Sirianni,Todd Bowles,Alan Eck,TAM00,Raymond James Stadium,27.975833,-82.503333,2025-09-28 17:00:00+00:00,88.275,89.0,6.2,9.0,18.0,25.9,0.275,1.1,1.1,0.0,0.0,0.0,0.275,4
2025_04_JAX_SF,2025,REG,4,2025-09-28,Sunday,16:05,JAX,26,SF,21,Home,-5,47,0,2025092809,59901,,202509280sfo,28476.0,401772848,6792.0,7,7,150.0,-180.0,3.5,-120.0,100.0,45.5,-108.0,-112.0,0,outdoors,grass,72.0,7.0,00-0036971,00-0037834,Trevor Lawrence,Brock Purdy,Liam Coen,Kyle Shanahan,Clete Blakeman,SFO01,Levi's Stadium,37.403,-121.97,2025-09-28 20:05:00+00:00,77.8,78.1,7.825,8.4,21.750000000000004,22.6,0.0,0.0,0.0,0.0,0.0,0.0,0.0,4
2025_04_BAL_KC,2025,REG,4,2025-09-28,Sunday,16:25,BAL,20,KC,37,Home,17,57,0,2025092810,59902,,202509280kan,28478.0,401772741,6793.0,6,7,-148.0,124.0,-2.5,-120.0,100.0,48.5,100.0,-120.0,0,outdoors,grass,89.0,10.0,00-0034796,00-0033873,Lamar Jackson,Patrick Mahomes,John Harbaugh,Andy Reid,Clay Martin,KAN00,GEHA Field at Arrowhead Stadium,39.048889,-94.483889,2025-09-28 20:25:00+00:00,85.775,86.0,4.7,5.2,12.95,13.9,0.0,0.0,0.0,0.0,0.0,0.0,0.0,4
2025_04_NYJ_MIA,2025,REG,4,2025-09-29,Monday,19:15,NYJ,21,MIA,27,Home,6,48,0,2025092900,59905,,202509290mia,28481.0,401772813,6796.0,8,11,124.0,-148.0,2.5,-105.0,-115.0,44.5,-120.0,100.0,1,outdoors,grass,88.0,17.0,00-0036945,00-0036212,Justin Fields,Tua Tagovailoa,Aaron Glenn,Mike McDaniel,Craig Wrolstad,MIA00,Hard Rock Stadium,25.958056,-80.238889,2025-09-29 23:15:00+00:00,79.07499999999999,80.9,7.25,8.5,17.475,18.8,0.0,0.0,0.0,0.0,0.0,0.0,0.0,4
2025_04_CIN_DEN,2025,REG,4,2025-09-29,Monday,20:15,CIN,3,DEN,28,Home,25,31,0,2025092901,59906,,202509290den,28480.0,401772716,6797.0,8,8,360.0,-470.0,7.5,-115.0,-105.0,44.5,-115.0,-105.0,0,outdoors,grass,66.0,12.0,00-0035100,00-0039732,Jake Browning,Bo Nix,Zac Taylor,Sean Payton,Alex Moore,DEN00,Empower Field at Mile High,39.743889,-105.02,2025-09-30 00:15:00+00:00,64.47500000000001,70.5,1.9,2.1,7.700000000000001,12.5,0.0,0.0,0.0,0.0,0.0,0.0,0.0,4
2025_05_MIN_CLE,2025,REG,5,2025-10-05,Sunday,09:30,MIN,21,CLE,17,Neutral,-4,38,0,2025100500,59908,,202510050cle,28483.0,401772633,6799.0,7,7,-198.0,164.0,-3.5,-110.0,-110.0,35.5,-112.0,-108.0,0,outdoors,grass,61.0,14.0,00-0032950,00-0040704,Carson Wentz,Dillon Gabriel,Kevin O'Connell,Kevin Stefanski,Scott Novak,CLE00,FirstEnergy Stadium,41.506111,-81.699444,2025-10-05 13:30:00+00:00,70.025,65.5,6.225,7.7,10.35,11.9,0.0,0.0,0.0,0.0,0.0,0.0,0.0,4
2025_05_HOU_BAL,2025,REG,5,2025-10-05,Sunday,13:00,HOU,44,BAL,10,Home,-34,54,0,2025100501,59909,,202510050rav,28484.0,401772743,6800.0,7,7,-148.0,124.0,-2.5,-118.0,-102.0,41.5,-115.0,-105.0,0,outdoors,grass,78.0,2.0,00-0039163,00-0033662,C.J. Stroud,Cooper Rush,DeMeco Ryans,John Harbaugh,Land Clark,BAL00,M&T Bank Stadium,39.278056,-76.622778,2025-10-05 17:00:00+00:00,76.575,75.2,4.550000000000001,5.4,13.925,15.2,0.0,0.0,0.0,0.0,0.0,0.0,0.0,4
2025_05_MIA_CAR,2025,REG,5,2025-10-05,Sunday,13:00,MIA,24,CAR,27,Home,3,51,0,2025100502,59910,,202510050car,28485.0,401772852,6801.0,6,7,-120.0,100.0,-1.5,-105.0,-115.0,44.5,-105.0,-115.0,0,outdoors,grass,77.0,8.0,00-0036212,00-0039150,Tua Tagovailoa,Bryce Young,Mike McDaniel,Dave Canales,Clay Martin,CAR00,Bank of America Stadium,35.225833,-80.852778,2025-10-05 17:00:00+00:00,78.325,77.3,7.725,8.2,19.225,19.9,0.0,0.0,0.0,0.0,0.0,0.0,0.0,4
2025_05_DAL_NYJ,2025,REG,5,2025-10-05,Sunday,13:00,DAL,37,NYJ,22,Home,-15,59,0,2025100505,59913,,202510050nyj,28488.0,401772850,6804.0,7,6,-105.0,-115.0,1.5,-120.0,100.0,48.5,-110.0,-110.0,0,outdoors,fieldturf,82.0,3.0,00-0033077,00-0036945,Dak Prescott,Justin Fields,Brian Schottenheimer,Aaron Glenn,Alex Moore,NYC01,MetLife Stadium,40.813528,-74.074361,2025-10-05 17:00:00+00:00,84.025,81.8,2.875,3.8,11.3,12.1,0.0,0.0,0.0,0.0,0.0,0.0,0.0,4
2025_05_DEN_PHI,2025,REG,5,2025-10-05,Sunday,13:00,DEN,21,PHI,17,Home,-4,38,0,2025100506,59914,,202510050phi,28489.0,401772745,6805.0,6,7,180.0,-218.0,3.5,-105.0,-115.0,44.5,-115.0,-105.0,0,outdoors,grass,80.0,6.0,00-0039732,00-0036389,Bo Nix,Jalen Hurts,Sean Payton,Nick Sirianni,Adrian Hill,PHI00,Lincoln Financial Field,39.900833,-75.1675,2025-10-05 17:00:00+00:00,81.85,80.2,4.2,5.3,13.75,15.0,0.0,0.0,0.0,0.0,0.0,0.0,0.0,4
2025_05_TB_SEA,2025,REG,5,2025-10-05,Sunday,16:05,TB,38,SEA,35,Home,-3,73,0,2025100508,59916,,202510050sea,28490.0,401772746,6807.0,7,10,150.0,-180.0,3.5,-115.0,-105.0,44.5,-110.0,-110.0,0,outdoors,fieldturf,61.0,8.0,00-0034855,00-0034869,Baker Mayfield,Sam Darnold,Todd Bowles,Mike Macdonald,Craig Wrolstad,SEA00,Lumen Field,47.5952,-122.3316,2025-10-05 20:05:00+00:00,60.24999999999999,59.4,9.5,9.6,21.7,21.9,0.0,0.0,0.0,0.0,0.0,0.0,0.0,4
2025_05_DET_CIN,2025,REG,5,2025-10-05,Sunday,16:25,DET,37,CIN,24,Home,-13,61,0,2025100509,59917,,202510050cin,28492.0,401772854,6808.0,7,6,-575.0,425.0,-10.5,-102.0,-118.0,49.5,-112.0,-108.0,0,outdoors,fieldturf,84.0,7.0,00-0033106,00-0035100,Jared Goff,Jake Browning,Dan Campbell,Zac Taylor,Carl Cheffers,CIN00,Paycor Stadium,39.095,-84.516,2025-10-05 20:25:00+00:00,80.6,82.0,5.9,6.9,17.25,17.7,0.0,0.0,0.0,0.0,0.0,0.0,0.0,4
2025_05_NE_BUF,2025,REG,5,2025-10-05,Sunday,20:20,NE,23,BUF,20,Home,-3,43,0,2025100511,59919,,202510050buf,28494.0,401772922,6810.0,7,7,310.0,-395.0,7.5,-105.0,-115.0,49.5,-108.0,-112.0,1,outdoors,a_turf,66.0,3.0,00-0039851,00-0034857,Drake Maye,Josh Allen,Mike Vrabel,Sean McDermott,Shawn Hochuli,BUF00,New Era Field,42.774,-78.787,2025-10-06 00:20:00+00:00,68.55,72.1,4.775,7.8,8.225,13.6,0.0,0.0,0.0,0.0,0.0,0.0,0.0,4
2025_05_KC_JAX,2025,REG,5,2025-10-06,Monday,20:15,KC,28,JAX,31,Home,3,59,0,2025100600,59920,,202510060jax,28495.0,401772814,6811.0,8,8,-198.0,164.0,-3.5,-110.0,-110.0,45.5,-108.0,-112.0,0,outdoors,grass,80.0,12.0,00-0033873,00-0036971,Patrick Mahomes,Trevor Lawrence,Andy Reid,Liam Coen,Brad Rogers,JAX00,TIAA Bank Stadium,30.323889,-81.6375,2025-10-07 00:15:00+00:00,77.325,77.7,9.075000000000001,10.2,18.525,19.5,0.0,0.0,0.0,0.0,0.0,0.0,0.0,4
2025_06_PHI_NYG,2025,REG,6,2025-10-09,Thursday,20:15,PHI,17,NYG,34,Home,17,51,0,2025100900,59921,,202510090nyg,28496.0,401772940,6812.0,4,4,-395.0,310.0,-7.0,-120.0,100.0,40.5,-105.0,-115.0,1,outdoors,fieldturf,53.0,3.0,00-0036389,00-0040691,Jalen Hurts,Jaxson Dart,Nick Sirianni,Brian Daboll,Clete Blakeman,NYC01,MetLife Stadium,40.813528,-74.074361,2025-10-10 00:15:00+00:00,49.60000000000001,52.1,4.375,5.2,10.75,12.8,0.0,0.0,0.0,0.0,0.0,0.0,0.0,4
2025_06_DEN_NYJ,2025,REG,6,2025-10-12,Sunday,09:30,DEN,13,NYJ,11,Neutral,-2,24,0,2025101200,59922,,202510120nyj,28497.0,401772634,6813.0,7,7,-395.0,310.0,-7.5,100.0,-120.0,43.5,-112.0,-108.0,0,outdoors,grass,59.0,6.0,00-0039732,00-0036945,Bo Nix,Justin Fields,Sean Payton,Aaron Glenn,Land Clark,NYC01,MetLife Stadium,40.813528,-74.074361,2025-10-12 13:30:00+00:00,59.3,59.5,11.675,12.2,27.475,28.0,0.0,0.0,0.0,0.0,0.0,0.0,0.0,4
2025_06_LA_BAL,2025,REG,6,2025-10-12,Sunday,13:00,LA,17,BAL,3,Home,-14,20,0,2025101201,59923,,202510120rav,28498.0,401772855,6814.0,10,7,-355.0,280.0,-7.0,-105.0,-115.0,43.5,-108.0,-112.0,0,outdoors,grass,64.0,15.0,00-0026498,00-0033662,Matthew Stafford,Cooper Rush,Sean McVay,John Harbaugh,Alex Kemp,BAL00,M&T Bank Stadium,39.278056,-76.622778,2025-10-12 17:00:00+00:00,64.575,65.9,12.274999999999999,13.4,29.475,31.5,0.0,0.0,0.0,0.0,0.0,0.0,0.0,4
2025_06_DAL_CAR,2025,REG,6,2025-10-12,Sunday,13:00,DAL,27,CAR,30,Home,3,57,0,2025101202,59924,,202510120car,28499.0,401772858,6815.0,7,7,-175.0,145.0,-3.0,-118.0,-102.0,47.5,-105.0,-115.0,0,outdoors,grass,68.0,15.0,00-0033077,00-0039150,Dak Prescott,Bryce Young,Brian Schottenheimer,Dave Canales,John Hussey,CAR00,Bank of America Stadium,35.225833,-80.852778,2025-10-12 17:00:00+00:00,68.30000000000001,66.9,16.1,16.4,35.7,37.8,0.0,0.0,0.0,0.0,0.0,0.0,0.0,4
2025_06_SEA_JAX,2025,REG,6,2025-10-12,Sunday,13:00,SEA,20,JAX,12,Home,-8,32,0,2025101204,59926,,202510120jax,28501.0,401772857,6817.0,7,6,-115.0,-105.0,-1.5,100.0,-120.0,47.5,-115.0,-105.0,0,outdoors,grass,76.0,8.0,00-0034869,00-0036971,Sam Darnold,Trevor Lawrence,Mike Macdonald,Liam Coen,Clay Martin,JAX00,TIAA Bank Stadium,30.323889,-81.6375,2025-10-12 17:00:00+00:00,77.1,75.2,7.9750000000000005,8.3,19.05,20.1,0.0,0.0,0.0,0.0,0.0,0.0,0.0,4
2025_06_LAC_MIA,2025,REG,6,2025-10-12,Sunday,13:00,LAC,29,MIA,27,Home,-2,56,0,2025101205,59927,,202510120mia,28502.0,401772750,6818.0,7,7,-205.0,170.0,-3.5,-115.0,-105.0,45.5,-115.0,-105.0,0,outdoors,grass,85.0,4.0,00-0036355,00-0036212,Justin Herbert,Tua Tagovailoa,Jim Harbaugh,Mike McDaniel,Bill Vinovich,MIA00,Hard Rock Stadium,25.958056,-80.238889,2025-10-12 17:00:00+00:00,83.125,81.5,1.25,1.7,9.45,9.8,0.0,0.0,0.0,0.0,0.0,0.0,0.0,4
2025_06_CLE_PIT,2025,REG,6,2025-10-12,Sunday,13:00,CLE,9,PIT,23,Home,14,32,0,2025101206,59928,,202510120pit,28503.0,401772748,6819.0,7,14,225.0,-278.0,5.5,100.0,-120.0,37.5,100.0,-120.0,1,outdoors,grass,64.0,8.0,00-0040704,00-0023459,Dillon Gabriel,Aaron Rodgers,Kevin Stefanski,Mike Tomlin,Ron Torbert,PIT00,Acrisure Stadium,40.446667,-80.015833,2025-10-12 17:00:00+00:00,64.1,64.9,6.800000000000001,8.3,19.775,24.2,0.15,0.6,0.6,0.0,0.0,0.0,0.15,4
2025_06_CIN_GB,2025,REG,6,2025-10-12,Sunday,16:25,CIN,18,GB,27,Home,9,45,0,2025101209,59931,,202510120gnb,28506.0,401772752,6822.0,7,14,650.0,-1000.0,14.0,-110.0,-110.0,44.5,-110.0,-110.0,0,outdoors,grass,64.0,14.0,00-0026158,00-0036264,Joe Flacco,Jordan Love,Zac Taylor,Matt LaFleur,Brad Allen,GNB00,Lambeau Field,44.501389,-88.062222,2025-10-12 20:25:00+00:00,60.900000000000006,63.3,9.725,10.6,23.049999999999997,24.4,0.0,0.0,0.0,0.0,0.0,0.0,0.0,4
2025_06_SF_TB,2025,REG,6,2025-10-12,Sunday,16:25,SF,19,TB,30,Home,11,49,0,2025101207,59929,,202510120tam,28504.0,401772749,6820.0,10,7,160.0,-192.0,3.5,-105.0,-115.0,46.5,-105.0,-115.0,0,outdoors,grass,82.0,10.0,00-0036972,00-0034855,Mac Jones,Baker Mayfield,Kyle Shanahan,Todd Bowles,Brad Rogers,TAM00,Raymond James Stadium,27.975833,-82.503333,2025-10-12 20:25:00+00:00,79.875,82.6,8.175,9.1,20.4,21.9,0.0,0.0,0.0,0.0,0.0,0.0,0.0,4
2025_06_DET_KC,2025,REG,6,2025-10-12,Sunday,20:20,DET,17,KC,30,Home,13,47,0,2025101211,59933,,202510120kan,28508.0,401772923,6824.0,7,6,120.0,-142.0,2.5,-105.0,-115.0,51.5,-105.0,-115.0,0,outdoors,grass,85.0,13.0,00-0033106,00-0033873,Jared Goff,Patrick Mahomes,Dan Campbell,Andy Reid,Craig Wrolstad,KAN00,GEHA Field at Arrowhead Stadium,39.048889,-94.483889,2025-10-13 00:20:00+00:00,77.575,79.5,9.525,10.0,20.075,21.9,0.0,0.0,0.0,0.0,0.0,0.0,0.0,4
2025_06_CHI_WAS,2025,REG,6,2025-10-13,Monday,20:15,CHI,25,WAS,24,Home,-1,49,0,2025101301,59935,,202510130was,28510.0,401772717,6826.0,15,8,210.0,-258.0,5.5,-108.0,-112.0,49.5,-105.0,-115.0,0,outdoors,grass,59.0,12.0,00-0039918,00-0039910,Caleb Williams,Jayden Daniels,Ben Johnson,Dan Quinn,Alex Moore,WAS00,FedExField,38.907778,-76.864444,2025-10-14 00:15:00+00:00,56.075,55.8,12.525,13.2,24.925,25.7,0.15,0.3,0.6,0.0,0.0,0.0,0.15,4
2025_07_PIT_CIN,2025,REG,7,2025-10-16,Thursday,20:15,PIT,31,CIN,33,Home,2,64,0,2025101600,59936,,202510160cin,28511.0,401772941,6827.0,4,4,-245.0,200.0,-5.5,-105.0,-115.0,45.5,-115.0,-105.0,1,outdoors,fieldturf,60.0,5.0,00-0023459,00-0026158,Aaron Rodgers,Joe Flacco,Mike Tomlin,Zac Taylor,Clay Martin,CIN00,Paycor Stadium,39.095,-84.516,2025-10-17 00:15:00+00:00,57.05,59.4,3.7249999999999996,3.9,7.15,7.8,0.0,0.0,0.0,0.0,0.0,0.0,0.0,4
2025_07_LA_JAX,2025,REG,7,2025-10-19,Sunday,09:30,LA,35,JAX,7,Neutral,-28,42,0,2025101900,59937,,202510190jax,28512.0,401772635,6828.0,7,7,-166.0,140.0,-3.0,-115.0,-105.0,44.5,-105.0,-115.0,0,outdoors,grass,59.0,9.0,00-0026498,00-0036971,Matthew Stafford,Trevor Lawrence,Sean McVay,Liam Coen,Adrian Hill,JAX00,TIAA Bank Stadium,30.323889,-81.6375,2025-10-19 13:30:00+00:00,73.92499999999998,69.1,7.4,8.0,16.475,19.2,0.0,0.0,0.0,0.0,0.0,0.0,0.0,4
2025_07_NO_CHI,2025,REG,7,2025-10-19,Sunday,13:00,NO,14,CHI,26,Home,12,40,0,2025101901,59938,,202510190chi,28513.0,401772861,6829.0,7,6,185.0,-225.0,4.5,-120.0,100.0,43.5,-110.0,-110.0,0,outdoors,grass,49.0,8.0,00-0039376,00-0039918,Spencer Rattler,Caleb Williams,Kellen Moore,Ben Johnson,Scott Novak,CHI98,Soldier Field,41.8623,-87.6167,2025-10-19 17:00:00+00:00,53.525000000000006,51.5,12.575000000000001,13.1,30.625,31.8,0.15,0.3,0.6,0.0,0.0,0.0,0.15,4
2025_07_MIA_CLE,2025,REG,7,2025-10-19,Sunday,13:00,MIA,6,CLE,31,Home,25,37,0,2025101902,59939,,202510190cle,28514.0,401772754,6830.0,7,7,124.0,-148.0,2.5,-102.0,-118.0,34.5,-112.0,-108.0,0,outdoors,grass,65.0,17.0,00-0036212,00-0040704,Tua Tagovailoa,Dillon Gabriel,Mike McDaniel,Kevin Stefanski,Shawn Hochuli,CLE00,FirstEnergy Stadium,41.506111,-81.699444,2025-10-19 17:00:00+00:00,60.75,61.8,14.4,18.7,21.35,25.7,2.125,3.3,8.5,0.0,0.0,0.0,2.125,4
2025_07_LV_KC,2025,REG,7,2025-10-19,Sunday,13:00,LV,0,KC,31,Home,31,31,0,2025101903,59940,,202510190kan,28515.0,401772753,6831.0,7,7,625.0,-950.0,13.5,-115.0,-105.0,44.5,-115.0,-105.0,1,outdoors,grass,57.0,9.0,00-0030565,00-0033873,Geno Smith,Patrick Mahomes,Pete Carroll,Andy Reid,Clete Blakeman,KAN00,GEHA Field at Arrowhead Stadium,39.048889,-94.483889,2025-10-19 17:00:00+00:00,60.75,56.6,8.274999999999999,9.2,19.95,21.0,0.0,0.0,0.0,0.0,0.0,0.0,0.0,4
2025_07_CAR_NYJ,2025,REG,7,2025-10-19,Sunday,13:00,CAR,13,NYJ,6,Home,-7,19,0,2025101905,59942,,202510190nyj,28517.0,401772860,6833.0,7,7,-108.0,-112.0,1.5,-125.0,105.0,39.5,-102.0,-118.0,0,outdoors,fieldturf,71.0,13.0,00-0039150,00-0036945,Bryce Young,Justin Fields,Dave Canales,Aaron Glenn,Brad Rogers,NYC01,MetLife Stadium,40.813528,-74.074361,2025-10-19 17:00:00+00:00,69.15,69.3,11.425,12.0,27.125000000000004,27.7,0.0,0.0,0.0,0.0,0.0,0.0,0.0,4
2025_07_NE_TEN,2025,REG,7,2025-10-19,Sunday,13:00,NE,31,TEN,13,Home,-18,44,0,2025101906,59943,,202510190oti,28518.0,401772755,6834.0,7,7,-290.0,235.0,-6.5,-108.0,-112.0,40.5,-108.0,-112.0,0,outdoors,grass,60.0,18.0,00-0039851,00-0040676,Drake Maye,Cam Ward,Mike Vrabel,Brian Callahan,Craig Wrolstad,NAS00,Nissan Stadium,36.166389,-86.771389,2025-10-19 17:00:00+00:00,60.625,60.4,16.125,16.9,37.5,39.8,0.175,0.4,0.7,0.0,0.0,0.0,0.175,4
2025_07_NYG_DEN,2025,REG,7,2025-10-19,Sunday,16:05,NYG,32,DEN,33,Home,1,65,0,2025101907,59944,,202510190den,28519.0,401772757,6835.0,10,7,330.0,-425.0,7.5,-105.0,-115.0,39.5,-105.0,-115.0,0,outdoors,grass,72.0,3.0,00-0040691,00-0039732,Jaxson Dart,Bo Nix,Brian Daboll,Sean Payton,Brad Allen,DEN00,Empower Field at Mile High,39.743889,-105.02,2025-10-19 20:05:00+00:00,74.9,72.8,3.675,5.1,11.25,13.2,0.0,0.0,0.0,0.0,0.0,0.0,0.0,4
2025_07_ATL_SF,2025,REG,7,2025-10-19,Sunday,20:20,ATL,10,SF,20,Home,10,30,0,2025101911,59948,,202510190sfo,28523.0,401772924,6839.0,6,7,-105.0,-115.0,1.5,-120.0,100.0,46.5,-112.0,-108.0,0,outdoors,grass,74.0,5.0,00-0039917,00-0036972,Michael Penix,Mac Jones,Raheem Morris,Kyle Shanahan,Ron Torbert,SFO01,Levi's Stadium,37.403,-121.97,2025-10-20 00:20:00+00:00,68.275,73.7,3.3,4.1,9.25,12.3,0.0,0.0,0.0,0.0,0.0,0.0,0.0,4
2025_07_HOU_SEA,2025,REG,7,2025-10-20,Monday,22:00,HOU,19,SEA,27,Home,8,46,0,2025102001,59950,,202510200sea,28525.0,401772826,6840.0,15,8,140.0,-166.0,3.0,-110.0,-110.0,41.5,-110.0,-110.0,0,outdoors,fieldturf,56.0,5.0,00-0039163,00-0034869,C.J. Stroud,Sam Darnold,DeMeco Ryans,Mike Macdonald,Carl Cheffers,SEA00,Lumen Field,47.5952,-122.3316,2025-10-21 02:00:00+00:00,52.75,54.5,4.074999999999999,6.1,9.075000000000001,11.4,0.0,0.0,0.0,0.0,0.0,0.0,0.0,4
2025_08_CHI_BAL,2025,REG,8,2025-10-26,Sunday,13:00,CHI,16,BAL,30,Home,14,46,0,2025102601,59953,,202510260rav,28528.0,401772759,6844.0,7,14,124.0,-148.0,2.5,-102.0,-118.0,45.5,-112.0,-108.0,0,outdoors,grass,60.0,2.0,00-0039918,00-0035993,Caleb Williams,Tyler Huntley,Ben Johnson,John Harbaugh,Shawn Smith,BAL00,M&T Bank Stadium,39.278056,-76.622778,2025-10-26 17:00:00+00:00,60.825,59.5,2.525,3.4,10.3,11.0,0.0,0.0,0.0,0.0,0.0,0.0,0.0,4
2025_08_BUF_CAR,2025,REG,8,2025-10-26,Sunday,13:00,BUF,40,CAR,9,Home,-31,49,0,2025102602,59954,,202510260car,28529.0,401772865,6845.0,13,7,-395.0,310.0,-7.0,-115.0,-105.0,47.5,-108.0,-112.0,0,outdoors,grass,63.0,9.0,00-0034857,00-0039150,Josh Allen,Bryce Young,Sean McDermott,Dave Canales,Craig Wrolstad,CAR00,Bank of America Stadium,35.225833,-80.852778,2025-10-26 17:00:00+00:00,61.825,61.1,7.025,7.1,18.375,20.4,0.0,0.0,0.0,0.0,0.0,0.0,0.0,4
2025_08_NYJ_CIN,2025,REG,8,2025-10-26,Sunday,13:00,NYJ,39,CIN,38,Home,-1,77,0,2025102603,59955,,202510260cin,28530.0,401772758,6846.0,7,10,210.0,-258.0,5.5,-112.0,-108.0,43.5,-102.0,-118.0,0,outdoors,fieldturf,57.0,8.0,00-0036945,00-0026158,Justin Fields,Joe Flacco,Aaron Glenn,Zac Taylor,Scott Novak,CIN00,Paycor Stadium,39.095,-84.516,2025-10-26 17:00:00+00:00,58.725,57.1,7.699999999999999,8.1,19.950000000000003,21.5,0.0,0.0,0.0,0.0,0.0,0.0,0.0,4
2025_08_CLE_NE,2025,REG,8,2025-10-26,Sunday,13:00,CLE,13,NE,32,Home,19,45,0,2025102605,59957,,202510260nwe,28532.0,401772868,6848.0,7,7,300.0,-380.0,7.0,-115.0,-105.0,40.5,-115.0,-105.0,0,outdoors,fieldturf,53.0,7.0,00-0040704,00-0039851,Dillon Gabriel,Drake Maye,Kevin Stefanski,Mike Vrabel,Alex Moore,BOS00,Gillette Stadium,42.091,-71.264,2025-10-26 17:00:00+00:00,53.7,54.0,8.45,9.2,19.45,22.1,0.0,0.0,0.0,0.0,0.0,0.0,0.0,4
2025_08_NYG_PHI,2025,REG,8,2025-10-26,Sunday,13:00,NYG,20,PHI,38,Home,18,58,0,2025102606,59958,,202510260phi,28533.0,401772867,6849.0,7,7,300.0,-380.0,7.0,-102.0,-118.0,43.5,-108.0,-112.0,1,outdoors,grass,60.0,4.0,00-0040691,00-0036389,Jaxson Dart,Jalen Hurts,Brian Daboll,Nick Sirianni,Brad Rogers,PHI00,Lincoln Financial Field,39.900833,-75.1675,2025-10-26 17:00:00+00:00,61.675,61.9,4.45,5.0,13.65,14.1,0.0,0.0,0.0,0.0,0.0,0.0,0.0,4
2025_08_DAL_DEN,2025,REG,8,2025-10-26,Sunday,16:25,DAL,24,DEN,44,Home,20,68,0,2025102608,59960,,202510260den,28535.0,401772762,6851.0,7,7,160.0,-192.0,3.5,-110.0,-110.0,51.5,-110.0,-110.0,0,outdoors,grass,67.0,4.0,00-0033077,00-0039732,Dak Prescott,Bo Nix,Brian Schottenheimer,Sean Payton,Carl Cheffers,DEN00,Empower Field at Mile High,39.743889,-105.02,2025-10-26 20:25:00+00:00,71.125,71.4,5.300000000000001,8.4,13.625,19.5,0.0,0.0,0.0,0.0,0.0,0.0,0.0,4
2025_08_GB_PIT,2025,REG,8,2025-10-26,Sunday,20:20,GB,35,PIT,25,Home,-10,60,0,2025102610,59962,,202510260pit,28537.0,401772925,6853.0,7,10,-155.0,130.0,-3.0,100.0,-120.0,46.5,-115.0,-105.0,0,outdoors,grass,46.0,5.0,00-0036264,00-0023459,Jordan Love,Aaron Rodgers,Matt LaFleur,Mike Tomlin,Shawn Hochuli,PIT00,Acrisure Stadium,40.446667,-80.015833,2025-10-27 00:20:00+00:00,45.87500000000001,47.8,5.75,6.0,12.05,12.3,0.0,0.0,0.0,0.0,0.0,0.0,0.0,4
2025_08_WAS_KC,2025,REG,8,2025-10-27,Monday,20:15,WAS,7,KC,28,Home,21,35,0,2025102700,59963,,202510270kan,28538.0,401772817,6854.0,8,8,500.0,-700.0,10.5,-105.0,-115.0,48.5,-115.0,-105.0,0,outdoors,grass,54.0,8.0,00-0039910,00-0033873,Jayden Daniels,Patrick Mahomes,Dan Quinn,Andy Reid,Brad Allen,KAN00,GEHA Field at Arrowhead Stadium,39.048889,-94.483889,2025-10-28 00:15:00+00:00,53.2,53.6,5.1,5.7,10.75,11.4,0.05,0.1,0.2,0.0,0.0,0.0,0.05,4
2025_09_BAL_MIA,2025,REG,9,2025-10-30,Thursday,20:15,BAL,28,MIA,6,Home,-22,34,0,2025103000,59964,,202510300mia,28539.0,401772943,6855.0,4,4,-455.0,350.0,-7.5,-120.0,100.0,51.5,-110.0,-110.0,0,outdoors,grass,73.0,5.0,00-0034796,00-0036212,Lamar Jackson,Tua Tagovailoa,John Harbaugh,Mike McDaniel,Scott Novak,MIA00,Hard Rock Stadium,25.958056,-80.238889,2025-10-31 00:15:00+00:00,68.625,69.8,3.65,5.0,7.725,9.6,0.0,0.0,0.0,0.0,0.0,0.0,0.0,4
2025_09_CHI_CIN,2025,REG,9,2025-11-02,Sunday,13:00,CHI,47,CIN,42,Home,-5,89,0,2025110200,59965,,202511020cin,28540.0,401772765,6856.0,7,7,-162.0,136.0,-3.0,-105.0,-115.0,51.5,-108.0,-112.0,0,outdoors,fieldturf,50.0,6.0,00-0039918,00-0026158,Caleb Williams,Joe Flacco,Ben Johnson,Zac Taylor,Clete Blakeman,CIN00,Paycor Stadium,39.095,-84.516,2025-11-02 18:00:00+00:00,49.12499999999999,47.7,1.7249999999999999,2.5,7.65,8.9,0.0,0.0,0.0,0.0,0.0,0.0,0.0,4
2025_09_CAR_GB,2025,REG,9,2025-11-02,Sunday,13:00,CAR,16,GB,13,Home,-3,29,0,2025110202,59967,,202511020gnb,28542.0,401772872,6858.0,7,7,650.0,-1000.0,12.5,-102.0,-118.0,43.5,-115.0,-105.0,0,outdoors,grass,47.0,15.0,00-0039150,00-0036264,Bryce Young,Jordan Love,Dave Canales,Matt LaFleur,Land Clark,GNB00,Lambeau Field,44.501389,-88.062222,2025-11-02 18:00:00+00:00,47.62500000000001,47.4,13.424999999999999,15.6,28.400000000000002,31.3,0.0,0.0,0.0,0.0,0.0,0.0,0.0,4
2025_09_ATL_NE,2025,REG,9,2025-11-02,Sunday,13:00,ATL,23,NE,24,Home,1,47,0,2025110204,59969,,202511020nwe,28544.0,401772763,6860.0,7,7,205.0,-250.0,5.5,-110.0,-110.0,45.5,-112.0,-108.0,0,outdoors,fieldturf,52.0,7.0,00-0039917,00-0039851,Michael Penix,Drake Maye,Raheem Morris,Mike Vrabel,Brad Allen,BOS00,Gillette Stadium,42.091,-71.264,2025-11-02 18:00:00+00:00,51.475,51.7,6.800000000000001,7.5,17.05,18.1,0.0,0.0,0.0,0.0,0.0,0.0,0.0,4
2025_09_SF_NYG,2025,REG,9,2025-11-02,Sunday,13:00,SF,34,NYG,24,Home,-10,58,0,2025110205,59970,,202511020nyg,28545.0,401772767,6861.0,7,7,-148.0,124.0,-2.5,-120.0,100.0,47.5,-108.0,-112.0,0,outdoors,fieldturf,56.0,5.0,00-0036972,00-0040691,Mac Jones,Jaxson Dart,Kyle Shanahan,Brian Daboll,John Hussey,NYC01,MetLife Stadium,40.813528,-74.074361,2025-11-02 18:00:00+00:00,57.699999999999996,57.0,4.875,5.7,12.7,13.9,0.0,0.0,0.0,0.0,0.0,0.0,0.0,4
2025_09_IND_PIT,2025,REG,9,2025-11-02,Sunday,13:00,IND,20,PIT,27,Home,7,47,0,2025110206,59971,,202511020pit,28546.0,401772766,6862.0,7,7,-185.0,154.0,-3.5,100.0,-120.0,51.5,-105.0,-115.0,0,outdoors,grass,56.0,2.0,00-0035710,00-0023459,Daniel Jones,Aaron Rodgers,Shane Steichen,Mike Tomlin,Craig Wrolstad,PIT00,Acrisure Stadium,40.446667,-80.015833,2025-11-02 18:00:00+00:00,55.25,53.9,2.975,4.4,9.95,11.4,0.0,0.0,0.0,0.0,0.0,0.0,0.0,4
2025_09_LAC_TEN,2025,REG,9,2025-11-02,Sunday,13:00,LAC,27,TEN,20,Home,-7,47,0,2025110207,59972,,202511020oti,28547.0,401772764,6863.0,10,7,-650.0,470.0,-10.0,-112.0,-108.0,44.5,-110.0,-110.0,0,outdoors,grass,46.0,5.0,00-0036355,00-0040676,Justin Herbert,Cam Ward,Jim Harbaugh,Brian Callahan,Alex Kemp,NAS00,Nissan Stadium,36.166389,-86.771389,2025-11-02 18:00:00+00:00,49.35,49.0,4.575,4.9,12.4,13.4,0.125,0.2,0.5,0.0,0.0,0.0,0.125,4
2025_09_KC_BUF,2025,REG,9,2025-11-02,Sunday,16:25,KC,21,BUF,28,Home,7,49,0,2025110210,59975,,202511020buf,28550.0,401772768,6866.0,6,7,-135.0,114.0,-2.5,-105.0,-115.0,53.5,-115.0,-105.0,0,outdoors,a_turf,54.0,6.0,00-0033873,00-0034857,Patrick Mahomes,Josh Allen,Andy Reid,Sean McDermott,Carl Cheffers,BUF00,New Era Field,42.774,-78.787,2025-11-02 21:25:00+00:00,50.225,53.9,3.875,5.5,7.7,10.1,0.0,0.0,0.0,0.0,0.0,0.0,0.0,4
2025_09_SEA_WAS,2025,REG,9,2025-11-02,Sunday,20:20,SEA,38,WAS,14,Home,-24,52,0,2025110211,59976,,202511020was,28551.0,401772926,6867.0,13,6,-148.0,124.0,-2.5,-120.0,100.0,47.5,-115.0,-105.0,0,outdoors,grass,53.0,3.0,00-0034869,00-0039910,Sam Darnold,Jayden Daniels,Mike Macdonald,Dan Quinn,Bill Vinovich,WAS00,FedExField,38.907778,-76.864444,2025-11-03 01:20:00+00:00,51.1,51.7,4.050000000000001,4.4,7.0,7.4,0.0,0.0,0.0,0.0,0.0,0.0,0.0,4
2025_10_LV_DEN,2025,REG,10,2025-11-06,Thursday,20:15,LV,7,DEN,10,Home,3,17,0,2025110600,59978,,202511060den,28553.0,401772944,6869.0,4,4,380.0,-500.0,9.5,-112.0,-108.0,42.5,-110.0,-110.0,1,outdoors,grass,60.0,10.0,00-0030565,00-0039732,Geno Smith,Bo Nix,Pete Carroll,Sean Payton,Bill Vinovich,DEN00,Empower Field at Mile High,39.743889,-105.02,2025-11-07 01:15:00+00:00,53.199999999999996,56.2,3.75,7.0,11.799999999999999,16.6,0.0,0.0,0.0,0.0,0.0,0.0,0.0,4
2025_10_NO_CAR,2025,REG,10,2025-11-09,Sunday,13:00,NO,17,CAR,7,Home,-10,24,0,2025110901,59980,,202511090car,28555.0,401772877,6871.0,7,7,200.0,-245.0,5.5,-112.0,-108.0,38.5,-105.0,-115.0,1,outdoors,grass,73.0,15.0,00-0040743,00-0039150,Tyler Shough,Bryce Young,Kellen Moore,Dave Canales,Brad Allen,CAR00,Bank of America Stadium,35.225833,-80.852778,2025-11-09 18:00:00+00:00,73.625,73.7,12.1,12.9,27.525,28.2,0.0,0.0,0.0,0.0,0.0,0.0,0.0,4
2025_10_NYG_CHI,2025,REG,10,2025-11-09,Sunday,13:00,NYG,20,CHI,24,Home,4,44,0,2025110902,59981,,202511090chi,28556.0,401772875,6872.0,7,7,180.0,-218.0,4.5,-108.0,-112.0,45.5,-112.0,-108.0,0,outdoors,grass,33.0,10.0,00-0040691,00-0039918,Jaxson Dart,Caleb Williams,Brian Daboll,Ben Johnson,Adrian Hill,CHI98,Soldier Field,41.8623,-87.6167,2025-11-09 18:00:00+00:00,32.5,33.3,13.9,15.0,33.974999999999994,36.0,0.0,0.0,0.0,0.07,0.14,0.28,0.1,4
2025_10_BUF_MIA,2025,REG,10,2025-11-09,Sunday,13:00,BUF,13,MIA,30,Home,17,43,0,2025110904,59983,,202511090mia,28558.0,401772771,6874.0,7,10,-455.0,350.0,-8.5,-105.0,-115.0,50.5,-115.0,-105.0,1,outdoors,grass,84.0,6.0,00-0034857,00-0036212,Josh Allen,Tua Tagovailoa,Sean McDermott,Mike McDaniel,Ron Torbert,MIA00,Hard Rock Stadium,25.958056,-80.238889,2025-11-09 18:00:00+00:00,83.375,82.3,3.75,4.2,13.475,14.1,0.375,1.1,1.5,0.0,0.0,0.0,0.375,4
2025_10_CLE_NYJ,2025,REG,10,2025-11-09,Sunday,13:00,CLE,20,NYJ,27,Home,7,47,0,2025110906,59985,,202511090nyj,28560.0,401772769,6876.0,14,14,-130.0,110.0,-1.5,-115.0,-105.0,37.5,-115.0,-105.0,0,outdoors,fieldturf,62.0,12.0,00-0040704,00-0028118,Dillon Gabriel,Tyrod Taylor,Kevin Stefanski,Aaron Glenn,Shawn Smith,NYC01,MetLife Stadium,40.813528,-74.074361,2025-11-09 18:00:00+00:00,60.150000000000006,59.0,7.875,9.7,21.075,22.6,0.025,0.1,0.1,0.0,0.0,0.0,0.025,4
2025_10_NE_TB,2025,REG,10,2025-11-09,Sunday,13:00,NE,28,TB,23,Home,-5,51,0,2025110907,59986,,202511090tam,28561.0,401772772,6877.0,7,14,124.0,-148.0,2.5,100.0,-120.0,48.5,-105.0,-115.0,0,outdoors,grass,82.0,11.0,00-0039851,00-0034855,Drake Maye,Baker Mayfield,Mike Vrabel,Todd Bowles,Alex Kemp,TAM00,Raymond James Stadium,27.975833,-82.503333,2025-11-09 18:00:00+00:00,77.17500000000001,74.4,6.300000000000001,7.1,18.650000000000002,22.8,0.125,0.4,0.5,0.0,0.0,0.0,0.125,4
2025_10_ARI_SEA,2025,REG,10,2025-11-09,Sunday,16:05,ARI,22,SEA,44,Home,22,66,0,2025110908,59987,,202511090sea,28562.0,401772773,6878.0,6,7,270.0,-340.0,7.0,-115.0,-105.0,44.5,-102.0,-118.0,1,outdoors,fieldturf,59.0,5.0,00-0033119,00-0034869,Jacoby Brissett,Sam Darnold,Jonathan Gannon,Mike Macdonald,Alan Eck,SEA00,Lumen Field,47.5952,-122.3316,2025-11-09 21:05:00+00:00,58.574999999999996,58.6,5.075,5.8,10.125,11.0,0.0,0.0,0.0,0.0,0.0,0.0,0.0,4
2025_10_LA_SF,2025,REG,10,2025-11-09,Sunday,16:25,LA,42,SF,26,Home,-16,68,0,2025110909,59988,,202511090sfo,28563.0,401772879,6879.0,7,7,-258.0,210.0,-5.5,-115.0,-105.0,49.5,-110.0,-110.0,1,outdoors,grass,77.0,3.0,00-0026498,00-0036972,Matthew Stafford,Mac Jones,Sean McVay,Kyle Shanahan,Land Clark,SFO01,Levi's Stadium,37.403,-121.97,2025-11-09 21:25:00+00:00,77.85,76.6,3.6,3.7,10.950000000000001,11.6,0.0,0.0,0.0,0.0,0.0,0.0,0.0,4
2025_10_DET_WAS,2025,REG,10,2025-11-09,Sunday,16:25,DET,44,WAS,22,Home,-22,66,0,2025110910,59989,,202511090was,28564.0,401772878,6880.0,7,7,-455.0,350.0,-8.5,-105.0,-115.0,49.5,-112.0,-108.0,0,outdoors,grass,64.0,9.0,00-0033106,00-0032268,Jared Goff,Marcus Mariota,Dan Campbell,Dan Quinn,Scott Novak,WAS00,FedExField,38.907778,-76.864444,2025-11-09 21:25:00+00:00,62.775,66.9,6.275,7.5,15.175,19.7,0.05,0.1,0.2,0.0,0.0,0.0,0.05,4
2025_10_PHI_GB,2025,REG,10,2025-11-10,Monday,20:15,PHI,10,GB,7,Home,-3,17,0,2025111000,59991,,202511100gnb,28566.0,401772630,6882.0,15,8,-110.0,-110.0,1.5,-122.0,102.0,45.5,-108.0,-112.0,0,outdoors,grass,33.0,9.0,00-0036389,00-0036264,Jalen Hurts,Jordan Love,Nick Sirianni,Matt LaFleur,Clay Martin,GNB00,Lambeau Field,44.501389,-88.062222,2025-11-11 01:15:00+00:00,30.35,31.0,8.75,8.9,17.65,17.9,0.0,0.0,0.0,0.0,0.0,0.0,0.0,4
2025_11_NYJ_NE,2025,REG,11,2025-11-13,Thursday,20:15,NYJ,14,NE,27,Home,13,41,0,2025111300,59992,,202511130nwe,28567.0,401772945,6883.0,4,4,625.0,-950.0,12.5,-105.0,-115.0,43.5,-115.0,-105.0,1,outdoors,fieldturf,39.0,9.0,00-0028118,00-0039851,Tyrod Taylor,Drake Maye,Aaron Glenn,Mike Vrabel,Alan Eck,BOS00,Gillette Stadium,42.091,-71.264,2025-11-14 01:15:00+00:00,38.05,39.6,9.55,10.3,19.525,20.4,0.0,0.0,0.0,0.0,0.0,0.0,0.0,4
2025_11_WAS_MIA,2025,REG,11,2025-11-16,Sunday,09:30,WAS,13,MIA,16,Neutral,3,29,1,2025111600,59993,,202511160mia,28568.0,401772631,6884.0,7,7,124.0,-148.0,2.5,100.0,-120.0,47.5,-110.0,-110.0,0,outdoors,grass,,,00-0032268,00-0036212,Marcus Mariota,Tua Tagovailoa,Dan Quinn,Mike McDaniel,Shawn Smith,MIA00,Hard Rock Stadium,25.958056,-80.238889,2025-11-16 14:30:00+00:00,75.35,70.8,3.2,5.0,10.575,14.3,0.0,0.0,0.0,0.0,0.0,0.0,0.0,4
2025_11_TB_BUF,2025,REG,11,2025-11-16,Sunday,13:00,TB,32,BUF,44,Home,12,76,0,2025111602,59995,,202511160buf,28570.0,401772776,6886.0,7,7,230.0,-285.0,6.0,-108.0,-112.0,46.5,-112.0,-108.0,0,outdoors,a_turf,38.0,20.0,00-0034855,00-0034857,Baker Mayfield,Josh Allen,Todd Bowles,Sean McDermott,Alex Moore,BUF00,New Era Field,42.774,-78.787,2025-11-16 18:00:00+00:00,39.125,39.7,19.075000000000003,21.0,40.2,42.5,0.0,0.0,0.0,0.0175,0.07,0.07,0.025,4
2025_11_LAC_JAX,2025,REG,11,2025-11-16,Sunday,13:00,LAC,6,JAX,35,Home,29,41,0,2025111603,59996,,202511160jax,28571.0,401772775,6887.0,7,7,-155.0,130.0,-3.0,-105.0,-115.0,43.5,-110.0,-110.0,0,outdoors,grass,74.0,9.0,00-0036355,00-0036971,Justin Herbert,Trevor Lawrence,Jim Harbaugh,Liam Coen,Craig Wrolstad,JAX00,TIAA Bank Stadium,30.323889,-81.6375,2025-11-16 18:00:00+00:00,78.175,76.6,11.55,11.8,26.5,27.7,0.0,0.0,0.0,0.0,0.0,0.0,0.0,4
2025_11_GB_NYG,2025,REG,11,2025-11-16,Sunday,13:00,GB,27,NYG,20,Home,-7,47,0,2025111605,59998,,202511160nyg,28574.0,401772883,6889.0,6,7,-440.0,340.0,-7.5,-110.0,-110.0,41.5,-110.0,-110.0,0,outdoors,fieldturf,55.0,17.0,00-0036264,00-0031503,Jordan Love,Jameis Winston,Matt LaFleur,Brian Daboll,Scott Novak,NYC01,MetLife Stadium,40.813528,-74.074361,2025-11-16 18:00:00+00:00,50.125,52.3,14.825,16.0,36.300000000000004,39.6,0.0,0.0,0.0,0.0,0.0,0.0,0.0,4
2025_11_CIN_PIT,2025,REG,11,2025-11-16,Sunday,13:00,CIN,12,PIT,34,Home,22,46,0,2025111606,59999,,202511160pit,28575.0,401772774,6890.0,14,7,205.0,-250.0,5.5,-108.0,-112.0,48.5,-110.0,-110.0,1,outdoors,grass,46.0,17.0,00-0026158,00-0023459,Joe Flacco,Aaron Rodgers,Zac Taylor,Mike Tomlin,Bill Vinovich,PIT00,Acrisure Stadium,40.446667,-80.015833,2025-11-16 18:00:00+00:00,43.075,45.5,13.899999999999999,15.5,35.925,41.2,0.0,0.0,0.0,0.0,0.0,0.0,0.0,4
2025_11_HOU_TEN,2025,REG,11,2025-11-16,Sunday,13:00,HOU,16,TEN,13,Home,-3,29,0,2025111607,60000,,202511160oti,28576.0,401772881,6891.0,7,14,-265.0,215.0,-5.5,-108.0,-112.0,37.5,-118.0,-102.0,1,outdoors,grass,64.0,8.0,00-0036898,00-0040676,Davis Mills,Cam Ward,DeMeco Ryans,Brian Callahan,Shawn Hochuli,NAS00,Nissan Stadium,36.166389,-86.771389,2025-11-16 18:00:00+00:00,65.42500000000001,65.0,7.775,8.9,19.049999999999997,19.9,0.0,0.0,0.0,0.0,0.0,0.0,0.0,4
2025_11_BAL_CLE,2025,REG,11,2025-11-16,Sunday,16:25,BAL,23,CLE,16,Home,-7,39,0,2025111610,60003,,202511160cle,28579.0,401772777,6894.0,7,7,-440.0,340.0,-7.5,-105.0,-115.0,37.5,-105.0,-115.0,1,outdoors,grass,44.0,20.0,00-0034796,00-0040704,Lamar Jackson,Dillon Gabriel,John Harbaugh,Kevin Stefanski,Land Clark,CLE00,FirstEnergy Stadium,41.506111,-81.699444,2025-11-16 21:25:00+00:00,43.599999999999994,43.4,20.35,20.8,30.325000000000003,32.7,0.05,0.1,0.2,0.0,0.0,0.0,0.05,4
2025_11_KC_DEN,2025,REG,11,2025-11-16,Sunday,16:25,KC,19,DEN,22,Home,3,41,0,2025111611,60004,,202511160den,28580.0,401772778,6895.0,14,10,-218.0,180.0,-3.5,-120.0,100.0,44.5,-110.0,-110.0,1,outdoors,grass,70.0,6.0,00-0033873,00-0039732,Patrick Mahomes,Bo Nix,Andy Reid,Sean Payton,Adrian Hill,DEN00,Empower Field at Mile High,39.743889,-105.02,2025-11-16 21:25:00+00:00,68.32499999999999,70.4,4.3,8.2,9.9,12.3,0.0,0.0,0.0,0.0,0.0,0.0,0.0,4
2025_11_DET_PHI,2025,REG,11,2025-11-16,Sunday,20:20,DET,9,PHI,16,Home,7,25,0,2025111612,60005,,202511160phi,28581.0,401772928,6896.0,7,6,130.0,-155.0,2.5,-102.0,-118.0,46.5,-108.0,-112.0,0,outdoors,grass,45.0,15.0,00-0033106,00-0036389,Jared Goff,Jalen Hurts,Dan Campbell,Nick Sirianni,Alex Kemp,PHI00,Lincoln Financial Field,39.900833,-75.1675,2025-11-17 01:20:00+00:00,42.875,44.9,10.275,11.8,23.1,25.9,0.0,0.0,0.0,0.0,0.0,0.0,0.0,4
2025_12_NYJ_BAL,2025,REG,12,2025-11-23,Sunday,13:00,NYJ,10,BAL,23,Home,13,33,0,2025112300,60008,,202511230rav,28583.0,401772782,6899.0,10,7,675.0,-1050.0,14.0,-110.0,-110.0,44.5,-102.0,-118.0,0,outdoors,grass,54.0,3.0,00-0028118,00-0034796,Tyrod Taylor,Lamar Jackson,Aaron Glenn,John Harbaugh,Clete Blakeman,BAL00,M&T Bank Stadium,39.278056,-76.622778,2025-11-23 18:00:00+00:00,57.0,56.6,7.199999999999999,7.7,18.075,20.6,0.0,0.0,0.0,0.0,0.0,0.0,0.0,4
2025_12_PIT_CHI,2025,REG,12,2025-11-23,Sunday,13:00,PIT,28,CHI,31,Home,3,59,0,2025112301,60009,,202511230chi,28584.0,401772780,6900.0,7,7,130.0,-155.0,3.0,-115.0,-105.0,46.5,-108.0,-112.0,0,outdoors,grass,51.0,3.0,00-0034771,00-0039918,Mason Rudolph,Caleb Williams,Mike Tomlin,Ben Johnson,John Hussey,CHI98,Soldier Field,41.8623,-87.6167,2025-11-23 18:00:00+00:00,51.7,50.2,3.0749999999999997,3.6,10.049999999999999,11.6,0.0,0.0,0.0,0.0,0.0,0.0,0.0,4
2025_12_NE_CIN,2025,REG,12,2025-11-23,Sunday,13:00,NE,26,CIN,20,Home,-6,46,0,2025112302,60010,,202511230cin,28585.0,401772781,6901.0,10,7,-395.0,310.0,-7.5,-108.0,-112.0,50.5,-102.0,-118.0,0,outdoors,fieldturf,54.0,7.0,00-0039851,00-0026158,Drake Maye,Joe Flacco,Mike Vrabel,Zac Taylor,Land Clark,CIN00,Paycor Stadium,39.095,-84.516,2025-11-23 18:00:00+00:00,54.8,53.5,3.55,3.8,10.725000000000001,11.4,0.0,0.0,0.0,0.0,0.0,0.0,0.0,4
2025_12_MIN_GB,2025,REG,12,2025-11-23,Sunday,13:00,MIN,6,GB,23,Home,17,29,0,2025112304,60012,,202511230gnb,28587.0,401772887,6903.0,7,7,235.0,-290.0,6.5,-112.0,-108.0,41.5,-112.0,-108.0,1,outdoors,grass,43.0,10.0,00-0039923,00-0036264,J.J. McCarthy,Jordan Love,Kevin O'Connell,Matt LaFleur,Carl Cheffers,GNB00,Lambeau Field,44.501389,-88.062222,2025-11-23 18:00:00+00:00,45.475,45.1,7.125,8.0,17.075,18.6,0.0,0.0,0.0,0.0,0.0,0.0,0.0,4
2025_12_IND_KC,2025,REG,12,2025-11-23,Sunday,13:00,IND,20,KC,23,Home,3,43,1,2025112305,60013,,202511230kan,28588.0,401772779,6904.0,14,7,180.0,-218.0,3.5,100.0,-120.0,50.5,-112.0,-108.0,0,outdoors,grass,,,00-0035710,00-0033873,Daniel Jones,Patrick Mahomes,Shane Steichen,Andy Reid,Alex Moore,KAN00,GEHA Field at Arrowhead Stadium,39.048889,-94.483889,2025-11-23 18:00:00+00:00,57.275000000000006,55.5,5.25,6.5,12.975000000000001,14.5,0.0,0.0,0.0,0.0,0.0,0.0,0.0,4
2025_12_SEA_TEN,2025,REG,12,2025-11-23,Sunday,13:00,SEA,30,TEN,24,Home,-6,54,0,2025112306,60014,,202511230oti,28589.0,401772886,6905.0,7,7,-950.0,625.0,-12.5,-115.0,-105.0,41.5,-110.0,-110.0,0,outdoors,grass,55.0,1.0,00-0034869,00-0040676,Sam Darnold,Cam Ward,Mike Macdonald,Brian Callahan,Ron Torbert,NAS00,Nissan Stadium,36.166389,-86.771389,2025-11-23 18:00:00+00:00,61.05,59.1,1.2,2.0,6.4,6.5,0.0,0.0,0.0,0.0,0.0,0.0,0.0,4
2025_12_CAR_SF,2025,REG,12,2025-11-24,Monday,20:15,CAR,9,SF,20,Home,11,29,0,2025112400,60020,,202511240sfo,28595.0,401772820,6911.0,8,8,310.0,-395.0,7.5,-115.0,-105.0,48.5,-105.0,-115.0,0,outdoors,grass,58.0,3.0,00-0039150,00-0037834,Bryce Young,Brock Purdy,Dave Canales,Kyle Shanahan,Alex Kemp,SFO01,Levi's Stadium,37.403,-121.97,2025-11-25 01:15:00+00:00,52.3,54.3,1.4000000000000001,2.9,4.525,7.6,0.0,0.0,0.0,0.0,0.0,0.0,0.0,4
2025_13_CIN_BAL,2025,REG,13,2025-11-27,Thursday,20:20,CIN,32,BAL,14,Home,-18,46,0,2025112702,60023,,202511270rav,28598.0,401772930,6914.0,4,4,295.0,-375.0,7.0,100.0,-120.0,52.5,-115.0,-105.0,1,outdoors,grass,38.0,11.0,00-0036442,00-0034796,Joe Burrow,Lamar Jackson,Zac Taylor,John Harbaugh,Craig Wrolstad,BAL00,M&T Bank Stadium,39.278056,-76.622778,2025-11-28 01:20:00+00:00,35.5,36.9,9.4,10.1,20.875,22.4,0.0,0.0,0.0,0.0,0.0,0.0,0.0,4
2025_13_CHI_PHI,2025,REG,13,2025-11-28,Friday,15:00,CHI,24,PHI,15,Home,-9,39,0,2025112800,60024,,202511280phi,28599.0,401772621,6915.0,5,5,270.0,-340.0,7.0,-105.0,-115.0,43.5,-115.0,-105.0,0,outdoors,grass,42.0,18.0,00-0039918,00-0036389,Caleb Williams,Jalen Hurts,Ben Johnson,Nick Sirianni,Carl Cheffers,PHI00,Lincoln Financial Field,39.900833,-75.1675,2025-11-28 20:00:00+00:00,38.650000000000006,41.2,13.625,16.6,32.199999999999996,38.0,0.0,0.0,0.0,0.0,0.0,0.0,0.0,4
2025_13_LA_CAR,2025,REG,13,2025-11-30,Sunday,13:00,LA,28,CAR,31,Home,3,59,0,2025113000,60025,,202511300car,28600.0,401772894,6916.0,7,6,-575.0,425.0,-10.0,-110.0,-110.0,44.5,-105.0,-115.0,0,outdoors,grass,45.0,3.0,00-0026498,00-0039150,Matthew Stafford,Bryce Young,Sean McVay,Dave Canales,Scott Novak,CAR00,Bank of America Stadium,35.225833,-80.852778,2025-11-30 18:00:00+00:00,44.0,44.0,3.7,3.9,9.75,10.3,0.25,0.7,1.0,0.0,0.0,0.0,0.25,4
2025_13_SF_CLE,2025,REG,13,2025-11-30,Sunday,13:00,SF,26,CLE,8,Home,-18,34,0,2025113001,60026,,202511300cle,28601.0,401772785,6917.0,6,7,-250.0,205.0,-5.5,-108.0,-112.0,35.5,-112.0,-108.0,0,outdoors,grass,35.0,20.0,00-0037834,00-0040668,Brock Purdy,Shedeur Sanders,Kyle Shanahan,Kevin Stefanski,Brad Allen,CLE00,FirstEnergy Stadium,41.506111,-81.699444,2025-11-30 18:00:00+00:00,33.55,34.7,23.825000000000003,24.6,34.375,35.1,0.0,0.0,0.0,0.0,0.0,0.0,0.0,4
2025_13_NO_MIA,2025,REG,13,2025-11-30,Sunday,13:00,NO,17,MIA,21,Home,4,38,0,2025113003,60028,,202511300mia,28603.0,401772892,6919.0,7,14,205.0,-250.0,5.5,-110.0,-110.0,41.5,-105.0,-115.0,0,outdoors,grass,76.0,10.0,00-0040743,00-0036212,Tyler Shough,Tua Tagovailoa,Kellen Moore,Mike McDaniel,Alan Eck,MIA00,Hard Rock Stadium,25.958056,-80.238889,2025-11-30 18:00:00+00:00,75.92500000000001,76.2,7.75,9.1,19.825,21.5,0.275,0.9,1.1,0.0,0.0,0.0,0.275,4
2025_13_ATL_NYJ,2025,REG,13,2025-11-30,Sunday,13:00,ATL,24,NYJ,27,Home,3,51,0,2025113004,60029,,202511300nyj,28604.0,401772893,6920.0,7,7,-166.0,140.0,-3.0,-112.0,-108.0,38.5,-105.0,-115.0,0,outdoors,fieldturf,43.0,8.0,00-0029604,00-0028118,Kirk Cousins,Tyrod Taylor,Raheem Morris,Aaron Glenn,Shawn Hochuli,NYC01,MetLife Stadium,40.813528,-74.074361,2025-11-30 18:00:00+00:00,39.4,38.7,7.2,7.4,15.6,17.0,0.375,0.6,1.5,0.0,0.0,0.0,0.375,4
2025_13_ARI_TB,2025,REG,13,2025-11-30,Sunday,13:00,ARI,17,TB,20,Home,3,37,0,2025113005,60030,,202511300tam,28605.0,401772895,6921.0,7,7,164.0,-198.0,4.5,-115.0,-105.0,44.5,-108.0,-112.0,0,outdoors,grass,80.0,8.0,00-0033119,00-0034855,Jacoby Brissett,Baker Mayfield,Jonathan Gannon,Todd Bowles,Bill Vinovich,TAM00,Raymond James Stadium,27.975833,-82.503333,2025-11-30 18:00:00+00:00,82.4,82.2,5.325,6.8,17.125,22.6,0.0,0.0,0.0,0.0,0.0,0.0,0.0,4
2025_13_JAX_TEN,2025,REG,13,2025-11-30,Sunday,13:00,JAX,25,TEN,3,Home,-22,28,0,2025113006,60031,,202511300oti,28606.0,401772786,6922.0,7,7,-270.0,220.0,-6.0,-108.0,-112.0,42.5,-105.0,-115.0,1,outdoors,grass,38.0,7.0,00-0036971,00-0040676,Trevor Lawrence,Cam Ward,Liam Coen,Brian Callahan,Brad Rogers,NAS00,Nissan Stadium,36.166389,-86.771389,2025-11-30 18:00:00+00:00,42.45,41.9,7.3500000000000005,7.8,17.9,19.2,0.0,0.0,0.0,0.0,0.0,0.0,0.0,4
2025_13_MIN_SEA,2025,REG,13,2025-11-30,Sunday,16:05,MIN,0,SEA,26,Home,26,26,0,2025113007,60032,,202511300sea,28608.0,401772896,6923.0,7,7,600.0,-900.0,12.5,-110.0,-110.0,42.5,-110.0,-110.0,0,outdoors,fieldturf,45.0,2.0,00-0040494,00-0034869,Max Brosmer,Sam Darnold,Kevin O'Connell,Mike Macdonald,Clete Blakeman,SEA00,Lumen Field,47.5952,-122.3316,2025-11-30 21:05:00+00:00,44.1,44.2,3.0,3.5,8.999999999999998,9.6,0.0,0.0,0.0,0.0,0.0,0.0,0.0,4
2025_13_BUF_PIT,2025,REG,13,2025-11-30,Sunday,16:25,BUF,26,PIT,7,Home,-19,33,0,2025113009,60034,,202511300pit,28609.0,401772789,6925.0,10,7,-166.0,140.0,-3.0,-115.0,-105.0,44.5,-112.0,-108.0,0,outdoors,grass,34.0,16.0,00-0034857,00-0023459,Josh Allen,Aaron Rodgers,Sean McDermott,Mike Tomlin,Alex Kemp,PIT00,Acrisure Stadium,40.446667,-80.015833,2025-11-30 21:25:00+00:00,32.1,34.3,11.600000000000001,13.3,28.75,35.1,0.0,0.0,0.0,0.0,0.0,0.0,0.0,4
2025_13_DEN_WAS,2025,REG,13,2025-11-30,Sunday,20:20,DEN,27,WAS,26,Home,-1,53,1,2025113010,60035,,202511300was,28610.0,401772931,6926.0,14,14,-310.0,250.0,-6.5,-105.0,-115.0,43.5,-112.0,-108.0,0,outdoors,grass,40.0,13.0,00-0039732,00-0032268,Bo Nix,Marcus Mariota,Sean Payton,Dan Quinn,Land Clark,WAS00,FedExField,38.907778,-76.864444,2025-12-01 01:20:00+00:00,39.55,38.7,9.025,13.9,18.2,27.7,0.0,0.0,0.0,0.0,0.0,0.0,0.0,4
2025_13_NYG_NE,2025,REG,13,2025-12-01,Monday,20:15,NYG,15,NE,33,Home,18,48,0,2025120100,60036,,202512010nwe,28611.0,401772821,6927.0,8,8,295.0,-375.0,7.0,-105.0,-115.0,46.5,-105.0,-115.0,0,outdoors,fieldturf,30.0,5.0,00-0040691,00-0039851,Jaxson Dart,Drake Maye,Brian Daboll,Mike Vrabel,Alex Kemp,BOS00,Gillette Stadium,42.091,-71.264,2025-12-02 01:15:00+00:00,28.95,30.8,5.875,7.0,11.075,12.3,0.0,0.0,0.0,0.0,0.0,0.0,0.0,4
2025_14_PIT_BAL,2025,REG,14,2025-12-07,Sunday,13:00,PIT,27,BAL,22,Home,-5,49,0,2025120701,60039,,202512070rav,28614.0,401772791,6930.0,7,10,220.0,-270.0,5.5,100.0,-120.0,43.5,-105.0,-115.0,1,outdoors,grass,44.0,6.0,00-0023459,00-0034796,Aaron Rodgers,Lamar Jackson,Mike Tomlin,John Harbaugh,Alex Moore,BAL00,M&T Bank Stadium,39.278056,-76.622778,2025-12-07 18:00:00+00:00,40.300000000000004,39.7,3.5,4.2,9.399999999999999,10.5,0.0,0.0,0.0,0.0,0.0,0.0,0.0,4
2025_14_TEN_CLE,2025,REG,14,2025-12-07,Sunday,13:00,TEN,31,CLE,29,Home,-2,60,0,2025120702,60040,,202512070cle,28615.0,401772898,6931.0,7,7,170.0,-205.0,4.5,-120.0,100.0,33.5,-105.0,-115.0,0,outdoors,grass,33.0,6.0,00-0040676,00-0040668,Cam Ward,Shedeur Sanders,Brian Callahan,Kevin Stefanski,Carl Cheffers,CLE00,FirstEnergy Stadium,41.506111,-81.699444,2025-12-07 18:00:00+00:00,33.85000000000001,33.6,8.625,10.6,12.25,15.0,0.025,0.1,0.1,0.175,0.35,0.7,0.275,4
2025_14_CHI_GB,2025,REG,14,2025-12-07,Sunday,16:25,CHI,21,GB,28,Home,7,49,0,2025120703,60041,,202512070gnb,28616.0,401772897,6932.0,9,10,245.0,-305.0,6.5,-105.0,-115.0,44.5,-115.0,-105.0,1,outdoors,grass,16.0,9.0,00-0039918,00-0036264,Caleb Williams,Jordan Love,Ben Johnson,Matt LaFleur,Craig Wrolstad,GNB00,Lambeau Field,44.501389,-88.062222,2025-12-07 21:25:00+00:00,11.275000000000002,15.3,4.875,6.1,8.95,10.7,0.0,0.0,0.0,0.0,0.0,0.0,0.0,4
2025_14_IND_JAX,2025,REG,14,2025-12-07,Sunday,13:00,IND,19,JAX,36,Home,17,55,0,2025120704,60042,,202512070jax,28617.0,401772793,6933.0,7,7,-135.0,114.0,-2.5,-112.0,-108.0,44.5,-105.0,-115.0,1,outdoors,grass,61.0,7.0,00-0035710,00-0036971,Daniel Jones,Trevor Lawrence,Shane Steichen,Liam Coen,John Hussey,JAX00,TIAA Bank Stadium,30.323889,-81.6375,2025-12-07 18:00:00+00:00,61.175000000000004,62.3,5.800000000000001,6.9,13.15,14.1,0.9749999999999999,1.9,3.8999999999999995,0.0,0.0,0.0,0.9749999999999999,4
2025_14_MIA_NYJ,2025,REG,14,2025-12-07,Sunday,13:00,MIA,34,NYJ,10,Home,-24,44,0,2025120706,60044,,202512070nyj,28619.0,401772790,6935.0,7,7,-148.0,124.0,-2.5,-115.0,-105.0,41.5,-112.0,-108.0,1,outdoors,fieldturf,41.0,6.0,00-0036212,00-0028118,Tua Tagovailoa,Tyrod Taylor,Mike McDaniel,Aaron Glenn,Bill Vinovich,NYC01,MetLife Stadium,40.813528,-74.074361,2025-12-07 18:00:00+00:00,40.199999999999996,40.8,6.25,7.5,16.775,17.9,0.0,0.0,0.0,0.0,0.0,0.0,0.0,4
2025_14_NO_TB,2025,REG,14,2025-12-07,Sunday,13:00,NO,24,TB,20,Home,-4,44,0,2025120707,60045,,202512070tam,28620.0,401772792,6936.0,7,7,330.0,-425.0,7.5,-102.0,-118.0,41.5,-105.0,-115.0,1,outdoors,grass,73.0,6.0,00-0040743,00-0034855,Tyler Shough,Baker Mayfield,Kellen Moore,Todd Bowles,Clete Blakeman,TAM00,Raymond James Stadium,27.975833,-82.503333,2025-12-07 18:00:00+00:00,72.9,72.3,3.95,6.5,14.6,15.7,2.9,8.6,11.6,0.0,0.0,0.0,2.9,4
2025_14_CIN_BUF,2025,REG,14,2025-12-07,Sunday,13:00,CIN,34,BUF,39,Home,5,73,0,2025120710,60048,,202512070buf,28623.0,401772902,6939.0,10,7,230.0,-285.0,6.0,-108.0,-112.0,54.5,-108.0,-112.0,0,outdoors,a_turf,31.0,12.0,00-0036442,00-0034857,Joe Burrow,Josh Allen,Zac Taylor,Sean McDermott,Brad Rogers,BUF00,New Era Field,42.774,-78.787,2025-12-07 18:00:00+00:00,30.499999999999996,31.0,11.175,12.1,22.025,23.5,0.0,0.0,0.0,0.21000000000000002,0.56,0.8400000000000001,0.30000000000000004,4
2025_14_HOU_KC,2025,REG,14,2025-12-07,Sunday,20:20,HOU,20,KC,10,Home,-10,30,0,2025120711,60049,,202512070kan,28624.0,401772932,6940.0,7,10,180.0,-218.0,4.5,-115.0,-105.0,41.5,-110.0,-110.0,0,outdoors,grass,27.0,8.0,00-0039163,00-0033873,C.J. Stroud,Patrick Mahomes,DeMeco Ryans,Andy Reid,Alan Eck,KAN00,GEHA Field at Arrowhead Stadium,39.048889,-94.483889,2025-12-08 01:20:00+00:00,27.075,28.0,5.275,6.5,13.025,14.8,0.0,0.0,0.0,0.0,0.0,0.0,0.0,4
2025_15_ATL_TB,2025,REG,15,2025-12-11,Thursday,20:15,ATL,29,TB,28,Home,-1,57,0,2025121100,60051,,202512110tam,28626.0,401772948,6942.0,4,4,225.0,-278.0,6.0,-112.0,-108.0,43.5,-110.0,-110.0,1,outdoors,grass,56.0,5.0,00-0029604,00-0034855,Kirk Cousins,Baker Mayfield,Raheem Morris,Todd Bowles,Carl Cheffers,TAM00,Raymond James Stadium,27.975833,-82.503333,2025-12-12 01:15:00+00:00,54.425,55.9,3.05,4.0,7.6,9.8,0.0,0.0,0.0,0.0,0.0,0.0,0.0,4
2025_15_CLE_CHI,2025,REG,15,2025-12-14,Sunday,13:00,CLE,3,CHI,31,Home,28,34,0,2025121400,60052,,202512140chi,28627.0,401772904,6943.0,7,7,295.0,-375.0,7.5,-112.0,-108.0,38.5,-115.0,-105.0,0,outdoors,grass,8.0,6.0,00-0040668,00-0039918,Shedeur Sanders,Caleb Williams,Kevin Stefanski,Ben Johnson,Ron Torbert,CHI98,Soldier Field,41.8623,-87.6167,2025-12-14 18:00:00+00:00,7.25,5.9,7.675000000000001,9.1,18.875,21.3,0.0,0.0,0.0,0.0,0.0,0.0,0.0,4
2025_15_BAL_CIN,2025,REG,15,2025-12-14,Sunday,13:00,BAL,24,CIN,0,Home,-24,24,0,2025121401,60053,,202512140cin,28628.0,401772796,6944.0,7,7,-162.0,136.0,-2.5,-125.0,105.0,51.5,-110.0,-110.0,1,outdoors,fieldturf,10.0,7.0,00-0034796,00-0036442,Lamar Jackson,Joe Burrow,John Harbaugh,Zac Taylor,Brad Allen,CIN00,Paycor Stadium,39.095,-84.516,2025-12-14 18:00:00+00:00,8.25,8.3,7.800000000000001,8.3,18.625,20.6,0.0,0.0,0.0,0.0,0.0,0.0,0.0,4
2025_15_NYJ_JAX,2025,REG,15,2025-12-14,Sunday,13:00,NYJ,20,JAX,48,Home,28,68,0,2025121403,60055,,202512140jax,28630.0,401772797,6946.0,7,7,675.0,-1050.0,13.5,-105.0,-115.0,40.5,-115.0,-105.0,0,outdoors,grass,70.0,11.0,00-0040398,00-0036971,Brady Cook,Trevor Lawrence,Aaron Glenn,Liam Coen,Shawn Smith,JAX00,TIAA Bank Stadium,30.323889,-81.6375,2025-12-14 18:00:00+00:00,72.125,73.1,11.75,13.7,24.2,26.8,0.0,0.0,0.0,0.0,0.0,0.0,0.0,4
2025_15_LAC_KC,2025,REG,15,2025-12-14,Sunday,13:00,LAC,16,KC,13,Home,-3,29,0,2025121404,60056,,202512140kan,28631.0,401772798,6947.0,6,7,210.0,-258.0,5.5,100.0,-120.0,41.5,-108.0,-112.0,1,outdoors,grass,,,00-0036355,00-0033873,Justin Herbert,Patrick Mahomes,Jim Harbaugh,Andy Reid,Shawn Hochuli,KAN00,GEHA Field at Arrowhead Stadium,39.048889,-94.483889,2025-12-14 18:00:00+00:00,21.825000000000003,18.3,2.6,4.1,10.1,11.6,0.0,0.0,0.0,0.0,0.0,0.0,0.0,4
2025_15_BUF_NE,2025,REG,15,2025-12-14,Sunday,13:00,BUF,35,NE,31,Home,-4,66,0,2025121405,60057,,202512140nwe,28632.0,401772795,6948.0,7,13,-142.0,120.0,-2.5,-110.0,-110.0,49.5,-105.0,-115.0,1,outdoors,fieldturf,32.0,6.0,00-0034857,00-0039851,Josh Allen,Drake Maye,Sean McDermott,Mike Vrabel,John Hussey,BOS00,Gillette Stadium,42.091,-71.264,2025-12-14 18:00:00+00:00,30.45,31.6,11.474999999999998,13.8,23.999999999999996,27.3,0.0,0.0,0.0,0.15750000000000003,0.28,0.6300000000000001,0.22499999999999998,4
2025_15_WAS_NYG,2025,REG,15,2025-12-14,Sunday,13:00,WAS,29,NYG,21,Home,-8,50,0,2025121406,60058,,202512140nyg,28633.0,401772905,6949.0,7,13,124.0,-148.0,2.5,-105.0,-115.0,46.5,-115.0,-105.0,1,outdoors,fieldturf,27.0,13.0,00-0032268,00-0040691,Marcus Mariota,Jaxson Dart,Dan Quinn,Brian Daboll,Bill Vinovich,NYC01,MetLife Stadium,40.813528,-74.074361,2025-12-14 18:00:00+00:00,25.875,27.5,11.075,11.7,24.05,25.3,0.0,0.0,0.0,0.0,0.0,0.0,0.0,4
2025_15_LV_PHI,2025,REG,15,2025-12-14,Sunday,13:00,LV,0,PHI,31,Home,31,31,0,2025121407,60059,,202512140phi,28634.0,401772906,6950.0,7,6,650.0,-1000.0,12.5,-108.0,-112.0,37.5,-118.0,-102.0,0,outdoors,grass,30.0,20.0,00-0038102,00-0036389,Kenny Pickett,Jalen Hurts,Pete Carroll,Nick Sirianni,Clay Martin,PHI00,Lincoln Financial Field,39.900833,-75.1675,2025-12-14 18:00:00+00:00,24.25,27.1,12.9,13.5,26.224999999999998,26.6,0.0,0.0,0.0,0.0,0.0,0.0,0.0,4
2025_15_GB_DEN,2025,REG,15,2025-12-14,Sunday,16:25,GB,26,DEN,34,Home,8,60,0,2025121408,60060,,202512140den,28635.0,401772800,6951.0,7,7,-122.0,102.0,-1.5,-108.0,-112.0,42.5,-115.0,-105.0,0,outdoors,grass,65.0,3.0,00-0036264,00-0039732,Jordan Love,Bo Nix,Matt LaFleur,Sean Payton,Brad Rogers,DEN00,Empower Field at Mile High,39.743889,-105.02,2025-12-14 21:25:00+00:00,53.775,57.4,1.125,1.6,3.625,6.0,0.0,0.0,0.0,0.0,0.0,0.0,0.0,4
2025_15_IND_SEA,2025,REG,15,2025-12-14,Sunday,16:25,IND,16,SEA,18,Home,2,34,0,2025121411,60063,,202512140sea,28637.0,401772799,6954.0,7,7,650.0,-1000.0,13.5,-105.0,-115.0,41.5,-108.0,-112.0,0,outdoors,fieldturf,51.0,9.0,00-0022942,00-0034869,Philip Rivers,Sam Darnold,Shane Steichen,Mike Macdonald,Adrian Hill,SEA00,Lumen Field,47.5952,-122.3316,2025-12-14 21:25:00+00:00,53.925,53.6,8.525,9.2,16.025000000000002,17.7,0.0,0.0,0.0,0.0,0.0,0.0,0.0,4
2025_15_TEN_SF,2025,REG,15,2025-12-14,Sunday,16:25,TEN,24,SF,37,Home,13,61,0,2025121412,60064,,202512140sfo,28639.0,401772907,6955.0,7,14,600.0,-900.0,12.5,-108.0,-112.0,44.5,-112.0,-108.0,0,outdoors,grass,54.0,4.0,00-0040676,00-0037834,Cam Ward,Brock Purdy,Brian Callahan,Kyle Shanahan,Craig Wrolstad,SFO01,Levi's Stadium,37.403,-121.97,2025-12-14 21:25:00+00:00,51.525,51.2,3.175,3.8,10.925,11.9,0.0,0.0,0.0,0.0,0.0,0.0,0.0,4
2025_15_MIA_PIT,2025,REG,15,2025-12-15,Monday,20:15,MIA,15,PIT,28,Home,13,43,0,2025121500,60066,,202512150pit,28641.0,401772823,6957.0,8,8,145.0,-175.0,3.0,-102.0,-118.0,42.5,-105.0,-115.0,0,outdoors,grass,17.0,7.0,00-0036212,00-0023459,Tua Tagovailoa,Aaron Rodgers,Mike McDaniel,Mike Tomlin,Land Clark,PIT00,Acrisure Stadium,40.446667,-80.015833,2025-12-16 01:15:00+00:00,15.55,15.4,5.75,6.1,12.1,13.9,0.0,0.0,0.0,0.0,0.0,0.0,0.0,4
2025_16_LA_SEA,2025,REG,16,2025-12-18,Thursday,20:15,LA,37,SEA,38,Home,1,75,1,2025121800,60067,,202512180sea,28642.0,401772949,6958.0,4,4,102.0,-122.0,1.5,-110.0,-110.0,42.5,-105.0,-115.0,1,outdoors,fieldturf,51.0,17.0,00-0026498,00-0034869,Matthew Stafford,Sam Darnold,Sean McVay,Mike Macdonald,Brad Allen,SEA00,Lumen Field,47.5952,-122.3316,2025-12-19 01:15:00+00:00,51.099999999999994,52.0,19.675,21.4,39.5,42.1,0.3,0.6,1.2,0.0,0.0,0.0,0.3,4
2025_16_GB_CHI,2025,REG,16,2025-12-20,Saturday,20:20,GB,16,CHI,22,Home,6,38,1,2025122000,60068,,202512200chi,28643.0,401772613,6959.0,6,6,-102.0,-118.0,1.5,-115.0,-105.0,45.5,-115.0,-105.0,1,outdoors,grass,37.0,6.0,00-0036264,00-0039918,Jordan Love,Caleb Williams,Matt LaFleur,Ben Johnson,Alex Kemp,CHI98,Soldier Field,41.8623,-87.6167,2025-12-21 01:20:00+00:00,33.025,36.0,13.925,14.3,29.625,30.6,0.0,0.0,0.0,0.0,0.0,0.0,0.0,4
2025_16_PHI_WAS,2025,REG,16,2025-12-20,Saturday,17:00,PHI,29,WAS,18,Home,-11,47,0,2025122001,60069,,202512200was,28644.0,401772612,6960.0,6,6,-380.0,300.0,-7.0,-120.0,100.0,43.5,-110.0,-110.0,1,outdoors,grass,42.0,7.0,00-0036389,00-0032268,Jalen Hurts,Marcus Mariota,Nick Sirianni,Dan Quinn,Craig Wrolstad,WAS00,FedExField,38.907778,-76.864444,2025-12-20 22:00:00+00:00,37.925,39.1,8.774999999999999,11.0,15.950000000000001,20.6,0.0,0.0,0.0,0.0,0.0,0.0,0.0,4
2025_16_NE_BAL,2025,REG,16,2025-12-21,Sunday,20:20,NE,28,BAL,24,Home,-4,52,0,2025122102,60070,,202512210rav,28645.0,401772804,6961.0,7,7,154.0,-185.0,3.5,-115.0,-105.0,48.5,-112.0,-108.0,0,outdoors,grass,40.0,2.0,00-0039851,00-0034796,Drake Maye,Lamar Jackson,Mike Vrabel,John Harbaugh,Brad Rogers,BAL00,M&T Bank Stadium,39.278056,-76.622778,2025-12-22 01:20:00+00:00,33.25,35.4,6.425,7.5,14.100000000000001,15.7,0.0,0.0,0.0,0.0,0.0,0.0,0.0,4
2025_16_TB_CAR,2025,REG,16,2025-12-21,Sunday,13:00,TB,20,CAR,23,Home,3,43,0,2025122103,60071,,202512210car,28646.0,401772912,6962.0,10,7,-155.0,130.0,-3.0,100.0,-120.0,44.5,-108.0,-112.0,1,outdoors,grass,61.0,8.0,00-0034855,00-0039150,Baker Mayfield,Bryce Young,Todd Bowles,Dave Canales,Shawn Smith,CAR00,Bank of America Stadium,35.225833,-80.852778,2025-12-21 18:00:00+00:00,58.825,59.6,7.9,9.4,19.75,20.6,0.0,0.0,0.0,0.0,0.0,0.0,0.0,4
2025_16_BUF_CLE,2025,REG,16,2025-12-21,Sunday,13:00,BUF,23,CLE,20,Home,-3,43,0,2025122104,60072,,202512210cle,28647.0,401772802,6963.0,7,7,-575.0,425.0,-10.5,-110.0,-110.0,41.5,-118.0,-102.0,0,outdoors,grass,25.0,16.0,00-0034857,00-0040668,Josh Allen,Shedeur Sanders,Sean McDermott,Kevin Stefanski,Bill Vinovich,CLE00,FirstEnergy Stadium,41.506111,-81.699444,2025-12-21 18:00:00+00:00,28.174999999999997,28.0,13.725000000000001,15.3,20.924999999999997,23.5,0.0,0.0,0.0,0.0,0.0,0.0,0.0,4
2025_16_MIN_NYG,2025,REG,16,2025-12-21,Sunday,13:00,MIN,16,NYG,13,Home,-3,29,0,2025122107,60075,,202512210nyg,28650.0,401772911,6966.0,7,7,-148.0,124.0,-2.5,-118.0,-102.0,41.5,-115.0,-105.0,0,outdoors,fieldturf,46.0,20.0,00-0039923,00-0040691,J.J. McCarthy,Jaxson Dart,Kevin O'Connell,Brian Daboll,Alex Moore,NYC01,MetLife Stadium,40.813528,-74.074361,2025-12-21 18:00:00+00:00,41.5,45.4,13.075,14.2,30.3,32.7,0.0,0.0,0.0,0.0,0.0,0.0,0.0,4
2025_16_KC_TEN,2025,REG,16,2025-12-21,Sunday,13:00,KC,9,TEN,26,Home,17,35,0,2025122108,60076,,202512210oti,28651.0,401772803,6967.0,7,7,-185.0,154.0,-3.5,100.0,-120.0,37.5,-110.0,-110.0,0,outdoors,grass,51.0,8.0,00-0035289,00-0040676,Gardner Minshew,Cam Ward,Andy Reid,Brian Callahan,Clete Blakeman,NAS00,Nissan Stadium,36.166389,-86.771389,2025-12-21 18:00:00+00:00,52.25,51.7,8.125,8.6,17.825,18.3,0.0,0.0,0.0,0.0,0.0,0.0,0.0,4
2025_16_JAX_DEN,2025,REG,16,2025-12-21,Sunday,16:05,JAX,34,DEN,20,Home,-14,54,0,2025122110,60078,,202512210den,28653.0,401772913,6969.0,7,7,145.0,-175.0,3.5,-120.0,100.0,46.5,-108.0,-112.0,0,outdoors,grass,62.0,3.0,00-0036971,00-0039732,Trevor Lawrence,Bo Nix,Liam Coen,Sean Payton,Shawn Hochuli,DEN00,Empower Field at Mile High,39.743889,-105.02,2025-12-21 21:05:00+00:00,55.325,58.0,3.1750000000000003,4.4,8.825,9.4,0.0,0.0,0.0,0.0,0.0,0.0,0.0,4
2025_16_CIN_MIA,2025,REG,16,2025-12-21,Sunday,13:00,CIN,45,MIA,21,Home,-24,66,0,2025122113,60081,,202512210mia,28656.0,401772934,6972.0,7,6,-205.0,170.0,-3.5,-120.0,100.0,48.5,-112.0,-108.0,0,outdoors,grass,81.0,7.0,00-0036442,00-0040234,Joe Burrow,Quinn Ewers,Zac Taylor,Mike McDaniel,John Hussey,MIA00,Hard Rock Stadium,25.958056,-80.238889,2025-12-21 18:00:00+00:00,77.77499999999999,80.0,2.775,4.1,10.75,12.1,0.22499999999999998,0.6,0.8999999999999999,0.0,0.0,0.0,0.22499999999999998,4
2025_17_DAL_WAS,2025,REG,17,2025-12-25,Thursday,13:00,DAL,30,WAS,23,Home,-7,53,0,2025122500,60083,,202512250was,28658.0,401772710,6974.0,4,5,-500.0,380.0,-8.5,-120.0,100.0,50.5,-108.0,-112.0,1,outdoors,grass,50.0,7.0,00-0033077,00-0026300,Dak Prescott,Josh Johnson,Brian Schottenheimer,Dan Quinn,Brad Rogers,WAS00,FedExField,38.907778,-76.864444,2025-12-25 18:00:00+00:00,53.849999999999994,51.4,6.35,7.6,15.275,16.1,0.0,0.0,0.0,0.0,0.0,0.0,0.0,4
2025_17_DEN_KC,2025,REG,17,2025-12-25,Thursday,20:15,DEN,20,KC,13,Home,-7,33,0,2025122502,60085,,202512250kan,28660.0,401772622,6976.0,4,4,-1100.0,700.0,-13.5,-105.0,-115.0,37.5,100.0,-120.0,1,outdoors,grass,,,00-0039732,00-0037324,Bo Nix,Chris Oladokun,Sean Payton,Andy Reid,Bill Vinovich,KAN00,GEHA Field at Arrowhead Stadium,39.048889,-94.483889,2025-12-26 01:15:00+00:00,63.949999999999996,63.7,11.625,11.9,22.875,23.7,0.0,0.0,0.0,0.0,0.0,0.0,0.0,4
2025_17_SEA_CAR,2025,REG,17,2025-12-28,Sunday,13:00,SEA,27,CAR,10,Home,-17,37,0,2025122800,60086,,202512280car,28661.0,401772952,6977.0,10,7,-305.0,245.0,-6.5,-118.0,-102.0,42.5,-110.0,-110.0,0,outdoors,grass,43.0,2.0,00-0034869,00-0039150,Sam Darnold,Bryce Young,Mike Macdonald,Dave Canales,Carl Cheffers,CAR00,Bank of America Stadium,35.225833,-80.852778,2025-12-28 18:00:00+00:00,45.2,43.2,3.125,5.2,8.75,11.0,0.175,0.5,0.7,0.0,0.0,0.0,0.175,4
2025_17_ARI_CIN,2025,REG,17,2025-12-28,Sunday,13:00,ARI,14,CIN,37,Home,23,51,0,2025122801,60087,,202512280cin,28662.0,401772954,6978.0,7,7,275.0,-345.0,7.0,-110.0,-110.0,52.5,-105.0,-115.0,0,outdoors,fieldturf,65.0,9.0,00-0033119,00-0036442,Jacoby Brissett,Joe Burrow,Jonathan Gannon,Zac Taylor,Clay Martin,CIN00,Paycor Stadium,39.095,-84.516,2025-12-28 18:00:00+00:00,68.42500000000001,65.4,14.024999999999999,14.8,32.125,33.6,0.025,0.1,0.1,0.0,0.0,0.0,0.025,4
2025_17_PIT_CLE,2025,REG,17,2025-12-28,Sunday,13:00,PIT,6,CLE,13,Home,7,19,0,2025122805,60091,,202512280cle,28666.0,401772807,6979.0,7,7,-205.0,170.0,-4.5,-108.0,-112.0,35.5,-112.0,-108.0,1,outdoors,grass,45.0,14.0,00-0023459,00-0040668,Aaron Rodgers,Shedeur Sanders,Mike Tomlin,Kevin Stefanski,John Hussey,CLE00,FirstEnergy Stadium,41.506111,-81.699444,2025-12-28 18:00:00+00:00,46.55,44.7,16.0,16.9,20.275,22.6,0.525,1.5,2.1,0.0,0.0,0.0,0.525,4
2025_17_BAL_GB,2025,REG,17,2025-12-27,Saturday,20:00,BAL,41,GB,24,Home,-17,65,0,2025122701,60088,,202512270gnb,28663.0,401772953,6980.0,6,7,120.0,-142.0,2.5,-108.0,-112.0,38.5,-115.0,-105.0,0,outdoors,grass,36.0,10.0,00-0035993,00-0038128,Tyler Huntley,Malik Willis,John Harbaugh,Matt LaFleur,Alan Eck,GNB00,Lambeau Field,44.501389,-88.062222,2025-12-28 01:00:00+00:00,35.824999999999996,35.3,8.924999999999999,9.7,17.75,18.8,0.0,0.0,0.0,0.0,0.0,0.0,0.0,4
2025_17_TB_MIA,2025,REG,17,2025-12-28,Sunday,13:00,TB,17,MIA,20,Home,3,37,0,2025122807,60093,,202512280mia,28668.0,401772916,6984.0,7,7,-250.0,205.0,-5.5,-108.0,-112.0,44.5,-118.0,-102.0,0,outdoors,grass,80.0,3.0,00-0034855,00-0040234,Baker Mayfield,Quinn Ewers,Todd Bowles,Mike McDaniel,Scott Novak,MIA00,Hard Rock Stadium,25.958056,-80.238889,2025-12-28 18:00:00+00:00,79.325,78.3,1.0,1.3,7.324999999999999,7.6,0.0,0.0,0.0,0.0,0.0,0.0,0.0,4
2025_17_NE_NYJ,2025,REG,17,2025-12-28,Sunday,13:00,NE,42,NYJ,10,Home,-32,52,0,2025122808,60094,,202512280nyj,28669.0,401772808,6985.0,7,7,-950.0,625.0,-12.5,-120.0,100.0,42.5,-112.0,-108.0,1,outdoors,fieldturf,29.0,4.0,00-0039851,00-0028118,Drake Maye,Tyrod Taylor,Mike Vrabel,Aaron Glenn,Alex Kemp,NYC01,MetLife Stadium,40.813528,-74.074361,2025-12-28 18:00:00+00:00,27.15,24.9,3.15,3.8,7.9,9.6,0.0,0.0,0.0,0.0,0.0,0.0,0.0,4
2025_17_NO_TEN,2025,REG,17,2025-12-28,Sunday,13:00,NO,34,TEN,26,Home,-8,60,0,2025122809,60095,,202512280oti,28670.0,401772809,6986.0,7,7,-120.0,100.0,-1.5,-110.0,-110.0,39.5,-118.0,-102.0,0,outdoors,grass,71.0,14.0,00-0040743,00-0040676,Tyler Shough,Cam Ward,Kellen Moore,Brian Callahan,Adrian Hill,NAS00,Nissan Stadium,36.166389,-86.771389,2025-12-28 18:00:00+00:00,71.75,70.4,16.8,18.4,37.525,40.7,0.025,0.1,0.1,0.0,0.0,0.0,0.025,4
2025_17_PHI_BUF,2025,REG,17,2025-12-28,Sunday,16:25,PHI,13,BUF,12,Home,-1,25,0,2025122810,60096,,202512280buf,28671.0,401772917,6987.0,8,7,142.0,-170.0,3.0,-108.0,-112.0,45.5,-115.0,-105.0,0,outdoors,a_turf,38.0,6.0,00-0036389,00-0034857,Jalen Hurts,Josh Allen,Nick Sirianni,Sean McDermott,Ron Torbert,BUF00,New Era Field,42.774,-78.787,2025-12-28 21:25:00+00:00,40.425000000000004,39.7,6.699999999999999,10.0,12.9,19.0,2.675,4.2,10.7,0.0,0.0,0.0,2.675,4
2025_17_CHI_SF,2025,REG,17,2025-12-28,Sunday,20:20,CHI,38,SF,42,Home,4,80,0,2025122811,60097,,202512280sfo,28672.0,401772935,6988.0,8,6,170.0,-205.0,3.5,-105.0,-115.0,51.5,-112.0,-108.0,0,outdoors,grass,53.0,5.0,00-0039918,00-0037834,Caleb Williams,Brock Purdy,Ben Johnson,Kyle Shanahan,Alex Moore,SFO01,Levi's Stadium,37.403,-121.97,2025-12-29 01:20:00+00:00,47.375,51.4,3.525,4.1,8.275,10.5,0.0,0.0,0.0,0.0,0.0,0.0,0.0,4
2025_18_NYJ_BUF,2025,REG,18,2026-01-04,Sunday,16:25,NYJ,8,BUF,35,Home,27,43,0,2026010401,60100,,202601040buf,28674.0,401772967,6991.0,7,7,550.0,-800.0,12.5,-112.0,-108.0,39.5,-115.0,-105.0,1,outdoors,a_turf,27.0,13.0,00-0040398,00-0033869,Brady Cook,Mitchell Trubisky,Aaron Glenn,Sean McDermott,Alan Eck,BUF00,New Era Field,42.774,-78.787,2026-01-04 21:25:00+00:00,26.849999999999998,26.8,10.5,11.2,20.75,21.9,0.0,0.0,0.0,0.035,0.07,0.14,0.05,4
2025_18_DET_CHI,2025,REG,18,2026-01-04,Sunday,16:25,DET,19,CHI,16,Home,-3,35,0,2026010402,60101,,202601040chi,28675.0,401772965,6992.0,10,7,150.0,-180.0,3.5,-110.0,-110.0,51.5,-115.0,-105.0,1,outdoors,grass,33.0,4.0,00-0033106,00-0039918,Jared Goff,Caleb Williams,Dan Campbell,Ben Johnson,Brad Rogers,CHI98,Soldier Field,41.8623,-87.6167,2026-01-04 21:25:00+00:00,30.275000000000002,30.9,6.275,7.4,13.575,15.2,0.0,0.0,0.0,0.0,0.0,0.0,0.0,4
2025_18_CLE_CIN,2025,REG,18,2026-01-04,Sunday,13:00,CLE,20,CIN,18,Home,-2,38,0,2026010403,60102,,202601040cin,28676.0,401772964,6993.0,7,7,350.0,-455.0,9.5,-112.0,-108.0,47.5,-118.0,-102.0,1,outdoors,fieldturf,37.0,0.0,00-0040668,00-0036442,Shedeur Sanders,Joe Burrow,Kevin Stefanski,Zac Taylor,Alex Kemp,CIN00,Paycor Stadium,39.095,-84.516,2026-01-04 18:00:00+00:00,36.25,35.0,0.875,1.1,6.7,8.1,0.0,0.0,0.0,0.0,0.0,0.0,0.0,4
2025_18_LAC_DEN,2025,REG,18,2026-01-04,Sunday,16:25,LAC,3,DEN,19,Home,16,22,0,2026010404,60103,,202601040den,28677.0,401772956,6994.0,8,10,900.0,-1600.0,14.5,-108.0,-112.0,37.5,-105.0,-115.0,1,outdoors,grass,66.0,8.0,00-0037012,00-0039732,Trey Lance,Bo Nix,Jim Harbaugh,Sean Payton,Clete Blakeman,DEN00,Empower Field at Mile High,39.743889,-105.02,2026-01-04 21:25:00+00:00,63.4,67.2,2.925,4.0,7.6,9.8,0.0,0.0,0.0,0.0,0.0,0.0,0.0,4
2025_18_TEN_JAX,2025,REG,18,2026-01-04,Sunday,13:00,TEN,7,JAX,41,Home,34,48,0,2026010406,60105,,202601040jax,28679.0,401772970,6996.0,7,7,525.0,-750.0,12.5,-110.0,-110.0,46.5,-112.0,-108.0,1,outdoors,grass,55.0,8.0,00-0040676,00-0036971,Cam Ward,Trevor Lawrence,Brian Callahan,Liam Coen,Scott Novak,JAX00,TIAA Bank Stadium,30.323889,-81.6375,2026-01-04 18:00:00+00:00,56.075,55.4,7.375,8.1,18.05,19.2,0.0,0.0,0.0,0.0,0.0,0.0,0.0,4
2025_18_MIA_NE,2025,REG,18,2026-01-04,Sunday,16:25,MIA,10,NE,38,Home,28,48,0,2026010410,60109,,202601040nwe,28683.0,401772958,7000.0,7,7,650.0,-1000.0,14.0,-112.0,-108.0,44.5,-112.0,-108.0,1,outdoors,fieldturf,29.0,6.0,00-0040234,00-0039851,Quinn Ewers,Drake Maye,Mike McDaniel,Mike Vrabel,Clay Martin,BOS00,Gillette Stadium,42.091,-71.264,2026-01-04 21:25:00+00:00,25.674999999999997,27.9,5.550000000000001,6.6,13.25,17.9,0.0,0.0,0.0,0.0,0.0,0.0,0.0,4
2025_18_DAL_NYG,2025,REG,18,2026-01-04,Sunday,13:00,DAL,17,NYG,34,Home,17,51,0,2026010411,60110,,202601040nyg,28684.0,401772963,7001.0,10,7,-166.0,140.0,-3.0,-115.0,-105.0,50.5,-115.0,-105.0,1,outdoors,fieldturf,33.0,7.0,00-0033077,00-0040691,Dak Prescott,Jaxson Dart,Brian Schottenheimer,Brian Daboll,Adrian Hill,NYC01,MetLife Stadium,40.813528,-74.074361,2026-01-04 18:00:00+00:00,32.875,32.8,6.95,7.6,17.775000000000002,19.2,0.0,0.0,0.0,0.0,0.0,0.0,0.0,4
2025_18_WAS_PHI,2025,REG,18,2026-01-04,Sunday,16:25,WAS,24,PHI,17,Home,-7,41,0,2026010412,60111,,202601040phi,28685.0,401772959,7002.0,10,7,150.0,-180.0,3.0,-105.0,-115.0,38.5,-108.0,-112.0,1,outdoors,grass,35.0,9.0,00-0026300,00-0038400,Josh Johnson,Tanner McKee,Dan Quinn,Nick Sirianni,Shawn Hochuli,PHI00,Lincoln Financial Field,39.900833,-75.1675,2026-01-04 21:25:00+00:00,30.849999999999998,34.1,5.65,5.9,12.55,16.8,0.0,0.0,0.0,0.0,0.0,0.0,0.0,4
2025_18_BAL_PIT,2025,REG,18,2026-01-04,Sunday,20:20,BAL,24,PIT,26,Home,2,50,0,2026010413,60112,,202601040pit,28686.0,401772960,7003.0,8,7,-225.0,185.0,-4.5,-105.0,-115.0,41.5,-110.0,-110.0,1,outdoors,grass,25.0,3.0,00-0034796,00-0023459,Lamar Jackson,Aaron Rodgers,John Harbaugh,Mike Tomlin,Shawn Smith,PIT00,Acrisure Stadium,40.446667,-80.015833,2026-01-05 01:20:00+00:00,25.575,26.1,2.1500000000000004,3.7,4.925000000000001,6.9,0.0,0.0,0.0,0.0,0.0,0.0,0.0,4
2025_18_SEA_SF,2025,REG,18,2026-01-03,Saturday,20:00,SEA,13,SF,3,Home,-10,16,0,2026010301,60113,,202601030sfo,28687.0,401772961,7004.0,6,6,-148.0,124.0,-2.5,-120.0,100.0,47.5,-105.0,-115.0,1,outdoors,grass,57.0,8.0,00-0034869,00-0037834,Sam Darnold,Brock Purdy,Mike Macdonald,Kyle Shanahan,Bill Vinovich,SFO01,Levi's Stadium,37.403,-121.97,2026-01-04 01:00:00+00:00,56.525,57.5,7.050000000000001,8.1,15.7,17.2,0.05,0.1,0.2,0.0,0.0,0.0,0.05,4
2025_18_CAR_TB,2025,REG,18,2026-01-03,Saturday,16:30,CAR,14,TB,16,Home,2,30,0,2026010300,60114,,202601030tam,28688.0,401772969,7005.0,6,6,130.0,-155.0,3.0,-115.0,-105.0,43.5,-118.0,-102.0,1,outdoors,grass,69.0,11.0,00-0039150,00-0034855,Bryce Young,Baker Mayfield,Dave Canales,Todd Bowles,Brad Allen,TAM00,Raymond James Stadium,27.975833,-82.503333,2026-01-03 21:30:00+00:00,67.425,68.9,6.425000000000001,7.5,17.625,20.1,0.8750000000000001,1.3,3.5000000000000004,0.0,0.0,0.0,0.8750000000000001,4
