game_id,season,week,gameday,gametime,away_team,home_team,away_score,home_score,stadium_id,stadium,roof,temp,wind,location
2016_01_BUF_BAL,2016,1,2016-09-11,13:00,BUF,BAL,7,13,BAL00,M&T Bank Stadium,outdoors,84.0,8.0,Home
2016_01_CAR_DEN,2016,1,2016-09-08,20:30,CAR,DEN,20,21,DEN00,Sports Authority Field at Mile High,outdoors,85.0,10.0,Home
2016_01_CIN_NYJ,2016,1,2016-09-11,13:00,CIN,NYJ,23,22,NYC01,MetLife Stadium,outdoors,79.0,17.0,Home
2016_01_CLE_PHI,2016,1,2016-09-11,13:00,CLE,PHI,10,29,PHI00,Lincoln Financial Field,outdoors,85.0,14.0,Home
2016_01_DET_IND,2016,1,2016-09-11,16:25,DET,IND,39,35,IND00,Lucas Oil Stadium,open,,,Home
2016_01_GB_JAX,2016,1,2016-09-11,13:00,GB,JAX,27,23,JAX00,EverBank Field,outdoors,90.0,3.0,Home
2016_01_LA_SF,2016,1,2016-09-12,22:20,LA,SF,0,28,SFO01,Levi's Stadium,outdoors,66.0,17.0,Home
2016_01_MIA_SEA,2016,1,2016-09-11,16:05,MIA,SEA,10,12,SEA00,CenturyLink Field,outdoors,61.0,2.0,Home
2016_01_MIN_TEN,2016,1,2016-09-11,13:00,MIN,TEN,25,16,NAS00,Nissan Stadium,outdoors,76.0,5.0,Home
2016_01_PIT_WAS,2016,1,2016-09-12,19:10,PIT,WAS,38,16,WAS00,FedExField,outdoors,79.0,4.0,Home
2016_01_SD_KC,2016,1,2016-09-11,13:00,SD,KC,27,33,KAN00,Arrowhead Stadium,outdoors,74.0,9.0,Home
2016_02_ATL_OAK,2016,2,2016-09-18,16:25,ATL,OAK,35,28,OAK00,Oakland-Alameda County Coliseum,outdoors,79.0,7.0,Home
2016_02_BAL_CLE,2016,2,2016-09-18,13:00,BAL,CLE,25,20,CLE00,FirstEnergy Stadium,outdoors,74.0,7.0,Home
2016_02_CIN_PIT,2016,2,2016-09-18,13:00,CIN,PIT,16,24,PIT00,Heinz Field,outdoors,72.0,4.0,Home
2016_02_DAL_WAS,2016,2,2016-09-18,13:00,DAL,WAS,27,23,WAS00,FedExField,outdoors,81.0,6.0,Home
2016_02_IND_DEN,2016,2,2016-09-18,16:25,IND,DEN,20,34,DEN00,Sports Authority Field at Mile High,outdoors,85.0,4.0,Home
2016_02_JAX_SD,2016,2,2016-09-18,16:25,JAX,SD,14,38,SDG00,Qualcomm Stadium,outdoors,82.0,7.0,Home
2016_02_MIA_NE,2016,2,2016-09-18,13:00,MIA,NE,24,31,BOS00,Gillette Stadium,outdoors,79.0,10.0,Home
2016_02_NO_NYG,2016,2,2016-09-18,13:00,NO,NYG,13,16,NYC01,MetLife Stadium,outdoors,80.0,5.0,Home
2016_02_NYJ_BUF,2016,2,2016-09-15,20:25,NYJ,BUF,37,31,BUF00,New Era Field,outdoors,60.0,11.0,Home
2016_02_PHI_CHI,2016,2,2016-09-19,20:30,PHI,CHI,29,14,CHI98,Soldier Field,outdoors,84.0,5.0,Home
2016_02_SEA_LA,2016,2,2016-09-18,16:05,SEA,LA,3,9,LAX99,Los Angeles Memorial Coliseum,outdoors,88.0,3.0,Home
2016_02_SF_CAR,2016,2,2016-09-18,13:00,SF,CAR,27,46,CAR00,Bank of America Stadium,outdoors,82.0,4.0,Home
2016_03_ARI_BUF,2016,3,2016-09-25,13:00,ARI,BUF,18,33,BUF00,New Era Field,outdoors,64.0,8.0,Home
2016_03_BAL_JAX,2016,3,2016-09-25,13:00,BAL,JAX,19,17,JAX00,EverBank Field,outdoors,88.0,8.0,Home
2016_03_CLE_MIA,2016,3,2016-09-25,13:00,CLE,MIA,24,30,MIA00,Hard Rock Stadium,outdoors,86.0,16.0,Home
2016_03_DEN_CIN,2016,3,2016-09-25,13:00,DEN,CIN,29,17,CIN00,Paul Brown Stadium,outdoors,81.0,3.0,Home
2016_03_DET_GB,2016,3,2016-09-25,13:00,DET,GB,27,34,GNB00,Lambeau Field,outdoors,72.0,17.0,Home
2016_03_HOU_NE,2016,3,2016-09-22,20:25,HOU,NE,0,27,BOS00,Gillette Stadium,outdoors,68.0,4.0,Home
2016_03_LA_TB,2016,3,2016-09-25,16:05,LA,TB,37,32,TAM00,Raymond James Stadium,outdoors,91.0,4.0,Home
2016_03_MIN_CAR,2016,3,2016-09-25,13:00,MIN,CAR,22,10,CAR00,Bank of America Stadium,outdoors,80.0,0.0,Home
2016_03_NYJ_KC,2016,3,2016-09-25,16:25,NYJ,KC,3,24,KAN00,Arrowhead Stadium,outdoors,65.0,9.0,Home
2016_03_OAK_TEN,2016,3,2016-09-25,13:00,OAK,TEN,17,10,NAS00,Nissan Stadium,outdoors,89.0,2.0,Home
2016_03_PIT_PHI,2016,3,2016-09-25,16:25,PIT,PHI,3,34,PHI00,Lincoln Financial Field,outdoors,73.0,7.0,Home
2016_03_SF_SEA,2016,3,2016-09-25,16:05,SF,SEA,18,37,SEA00,CenturyLink Field,outdoors,66.0,6.0,Home
2016_03_WAS_NYG,2016,3,2016-09-25,13:00,WAS,NYG,29,27,NYC01,MetLife Stadium,outdoors,67.0,2.0,Home
2016_04_BUF_NE,2016,4,2016-10-02,13:00,BUF,NE,16,0,BOS00,Gillette Stadium,outdoors,56.0,7.0,Home
2016_04_CLE_WAS,2016,4,2016-10-02,13:00,CLE,WAS,20,31,WAS00,FedExField,outdoors,67.0,1.0,Home
2016_04_DAL_SF,2016,4,2016-10-02,16:25,DAL,SF,24,17,SFO01,Levi's Stadium,outdoors,68.0,10.0,Home
2016_04_DEN_TB,2016,4,2016-10-02,16:05,DEN,TB,27,7,TAM00,Raymond James Stadium,outdoors,88.0,7.0,Home
2016_04_DET_CHI,2016,4,2016-10-02,13:00,DET,CHI,14,17,CHI98,Soldier Field,outdoors,62.0,6.0,Home
2016_04_IND_JAX,2016,4,2016-10-02,09:30,IND,JAX,27,30,LON00,Wembley Stadium,outdoors,59.0,7.0,Neutral
2016_04_KC_PIT,2016,4,2016-10-02,20:30,KC,PIT,14,43,PIT00,Heinz Field,outdoors,59.0,6.0,Home
2016_04_MIA_CIN,2016,4,2016-09-29,20:25,MIA,CIN,7,22,CIN00,Paul Brown Stadium,outdoors,62.0,2.0,Home
2016_04_NO_SD,2016,4,2016-10-02,16:25,NO,SD,35,34,SDG00,Qualcomm Stadium,outdoors,74.0,8.0,Home
2016_04_OAK_BAL,2016,4,2016-10-02,13:00,OAK,BAL,28,27,BAL00,M&T Bank Stadium,outdoors,65.0,2.0,Home
2016_04_SEA_NYJ,2016,4,2016-10-02,13:00,SEA,NYJ,27,17,NYC01,MetLife Stadium,outdoors,61.0,0.0,Home
2016_05_ARI_SF,2016,5,2016-10-06,20:25,ARI,SF,33,21,SFO01,Levi's Stadium,outdoors,75.0,16.0,Home
2016_05_ATL_DEN,2016,5,2016-10-09,16:05,ATL,DEN,23,16,DEN00,Sports Authority Field at Mile High,outdoors,72.0,5.0,Home
2016_05_BUF_LA,2016,5,2016-10-09,16:25,BUF,LA,30,19,LAX99,Los Angeles Memorial Coliseum,outdoors,91.0,5.0,Home
2016_05_CHI_IND,2016,5,2016-10-09,13:00,CHI,IND,23,29,IND00,Lucas Oil Stadium,open,,,Home
2016_05_NE_CLE,2016,5,2016-10-09,13:00,NE,CLE,33,13,CLE00,FirstEnergy Stadium,outdoors,58.0,13.0,Home
2016_05_NYG_GB,2016,5,2016-10-09,20:30,NYG,GB,16,23,GNB00,Lambeau Field,outdoors,49.0,7.0,Home
2016_05_NYJ_PIT,2016,5,2016-10-09,13:00,NYJ,PIT,13,31,PIT00,Heinz Field,outdoors,57.0,9.0,Home
2016_05_SD_OAK,2016,5,2016-10-09,16:25,SD,OAK,31,34,OAK00,Oakland-Alameda County Coliseum,outdoors,75.0,7.0,Home
2016_05_TB_CAR,2016,5,2016-10-10,20:30,TB,CAR,17,14,CAR00,Bank of America Stadium,outdoors,66.0,7.0,Home
2016_05_TEN_MIA,2016,5,2016-10-09,13:00,TEN,MIA,30,17,MIA00,Hard Rock Stadium,outdoors,88.0,15.0,Home
2016_05_WAS_BAL,2016,5,2016-10-09,13:00,WAS,BAL,16,10,BAL00,M&T Bank Stadium,outdoors,62.0,16.0,Home
2016_06_ATL_SEA,2016,6,2016-10-16,16:25,ATL,SEA,24,26,SEA00,CenturyLink Field,outdoors,54.0,10.0,Home
2016_06_BAL_NYG,2016,6,2016-10-16,13:00,BAL,NYG,23,27,NYC01,MetLife Stadium,outdoors,66.0,6.0,Home
2016_06_CIN_NE,2016,6,2016-10-16,13:00,CIN,NE,17,35,BOS00,Gillette Stadium,outdoors,66.0,14.0,Home
2016_06_CLE_TEN,2016,6,2016-10-16,13:00,CLE,TEN,26,28,NAS00,Nissan Stadium,outdoors,75.0,10.0,Home
2016_06_DAL_GB,2016,6,2016-10-16,16:25,DAL,GB,30,16,GNB00,Lambeau Field,outdoors,69.0,8.0,Home
2016_06_DEN_SD,2016,6,2016-10-13,20:25,DEN,SD,13,21,SDG00,Qualcomm Stadium,outdoors,70.0,9.0,Home
2016_06_JAX_CHI,2016,6,2016-10-16,13:00,JAX,CHI,17,16,CHI98,Soldier Field,outdoors,69.0,7.0,Home
2016_06_KC_OAK,2016,6,2016-10-16,16:05,KC,OAK,26,10,OAK00,Oakland-Alameda County Coliseum,outdoors,61.0,6.0,Home
2016_06_PHI_WAS,2016,6,2016-10-16,13:00,PHI,WAS,20,27,WAS00,FedExField,outdoors,69.0,13.0,Home
2016_06_PIT_MIA,2016,6,2016-10-16,13:00,PIT,MIA,15,30,MIA00,Hard Rock Stadium,outdoors,81.0,15.0,Home
2016_06_SF_BUF,2016,6,2016-10-16,13:00,SF,BUF,16,45,BUF00,New Era Field,outdoors,72.0,22.0,Home
2016_07_BAL_NYJ,2016,7,2016-10-23,13:00,BAL,NYJ,16,24,NYC01,MetLife Stadium,outdoors,58.0,36.0,Home
2016_07_BUF_MIA,2016,7,2016-10-23,13:00,BUF,MIA,25,28,MIA00,Hard Rock Stadium,outdoors,81.0,11.0,Home
2016_07_CHI_GB,2016,7,2016-10-20,20:25,CHI,GB,10,26,GNB00,Lambeau Field,outdoors,47.0,10.0,Home
2016_07_CLE_CIN,2016,7,2016-10-23,13:00,CLE,CIN,17,31,CIN00,Paul Brown Stadium,outdoors,65.0,5.0,Home
2016_07_HOU_DEN,2016,7,2016-10-24,20:30,HOU,DEN,9,27,DEN00,Sports Authority Field at Mile High,outdoors,71.0,5.0,Home
2016_07_IND_TEN,2016,7,2016-10-23,13:00,IND,TEN,34,26,NAS00,Nissan Stadium,outdoors,68.0,5.0,Home
2016_07_MIN_PHI,2016,7,2016-10-23,13:00,MIN,PHI,10,21,PHI00,Lincoln Financial Field,outdoors,62.0,20.0,Home
2016_07_NE_PIT,2016,7,2016-10-23,16:25,NE,PIT,27,16,PIT00,Heinz Field,outdoors,63.0,13.0,Home
2016_07_NO_KC,2016,7,2016-10-23,13:00,NO,KC,21,27,KAN00,Arrowhead Stadium,outdoors,68.0,9.0,Home
2016_07_NYG_LA,2016,7,2016-10-23,09:30,NYG,LA,17,10,LON01,Twickenham Stadium,outdoors,55.0,12.0,Neutral
2016_07_OAK_JAX,2016,7,2016-10-23,13:00,OAK,JAX,33,16,JAX00,EverBank Field,outdoors,70.0,6.0,Home
2016_07_TB_SF,2016,7,2016-10-23,16:05,TB,SF,34,17,SFO01,Levi's Stadium,outdoors,68.0,5.0,Home
2016_08_ARI_CAR,2016,8,2016-10-30,13:00,ARI,CAR,20,30,CAR00,Bank of America Stadium,outdoors,85.0,5.0,Home
2016_08_JAX_TEN,2016,8,2016-10-27,20:25,JAX,TEN,22,36,NAS00,Nissan Stadium,outdoors,71.0,3.0,Home
2016_08_MIN_CHI,2016,8,2016-10-31,20:30,MIN,CHI,10,20,CHI98,Soldier Field,outdoors,58.0,12.0,Home
2016_08_NE_BUF,2016,8,2016-10-30,13:00,NE,BUF,41,25,BUF00,New Era Field,outdoors,49.0,9.0,Home
2016_08_NYJ_CLE,2016,8,2016-10-30,13:00,NYJ,CLE,31,28,CLE00,FirstEnergy Stadium,outdoors,53.0,15.0,Home
2016_08_OAK_TB,2016,8,2016-10-30,13:00,OAK,TB,30,24,TAM00,Raymond James Stadium,outdoors,86.0,15.0,Home
2016_08_SD_DEN,2016,8,2016-10-30,16:05,SD,DEN,19,27,DEN00,Sports Authority Field at Mile High,outdoors,76.0,6.0,Home
2016_08_WAS_CIN,2016,8,2016-10-30,09:30,WAS,CIN,27,27,LON00,Wembley Stadium,outdoors,54.0,2.0,Neutral
2016_09_ATL_TB,2016,9,2016-11-03,20:25,ATL,TB,43,28,TAM00,Raymond James Stadium,outdoors,76.0,2.0,Home
2016_09_BUF_SEA,2016,9,2016-11-07,20:30,BUF,SEA,25,31,SEA00,CenturyLink Field,outdoors,61.0,4.0,Home
2016_09_CAR_LA,2016,9,2016-11-06,16:05,CAR,LA,13,10,LAX99,Los Angeles Memorial Coliseum,outdoors,75.0,2.0,Home
2016_09_DAL_CLE,2016,9,2016-11-06,13:00,DAL,CLE,35,10,CLE00,FirstEnergy Stadium,outdoors,58.0,4.0,Home
2016_09_DEN_OAK,2016,9,2016-11-06,20:30,DEN,OAK,20,30,OAK00,Oakland-Alameda County Coliseum,outdoors,65.0,6.0,Home
2016_09_IND_GB,2016,9,2016-11-06,16:25,IND,GB,31,26,GNB00,Lambeau Field,outdoors,68.0,7.0,Home
2016_09_JAX_KC,2016,9,2016-11-06,13:00,JAX,KC,14,19,KAN00,Arrowhead Stadium,outdoors,62.0,7.0,Home
2016_09_NO_SF,2016,9,2016-11-06,16:05,NO,SF,41,23,SFO01,Levi's Stadium,outdoors,70.0,0.0,Home
2016_09_NYJ_MIA,2016,9,2016-11-06,13:00,NYJ,MIA,23,27,MIA00,Hard Rock Stadium,outdoors,80.0,14.0,Home
2016_09_PHI_NYG,2016,9,2016-11-06,13:00,PHI,NYG,23,28,NYC01,MetLife Stadium,outdoors,56.0,9.0,Home
2016_09_PIT_BAL,2016,9,2016-11-06,13:00,PIT,BAL,14,21,BAL00,M&T Bank Stadium,outdoors,65.0,15.0,Home
2016_09_TEN_SD,2016,9,2016-11-06,16:25,TEN,SD,35,43,SDG00,Qualcomm Stadium,outdoors,76.0,6.0,Home
2016_10_ATL_PHI,2016,10,2016-11-13,13:00,ATL,PHI,15,24,PHI00,Lincoln Financial Field,outdoors,58.0,10.0,Home
2016_10_CHI_TB,2016,10,2016-11-13,13:00,CHI,TB,10,36,TAM00,Raymond James Stadium,outdoors,81.0,4.0,Home
2016_10_CIN_NYG,2016,10,2016-11-14,20:30,CIN,NYG,20,21,NYC01,MetLife Stadium,outdoors,56.0,2.0,Home
2016_10_CLE_BAL,2016,10,2016-11-10,20:25,CLE,BAL,7,28,BAL00,M&T Bank Stadium,outdoors,54.0,3.0,Home
2016_10_DAL_PIT,2016,10,2016-11-13,16:25,DAL,PIT,35,30,PIT00,Heinz Field,outdoors,56.0,7.0,Home
2016_10_GB_TEN,2016,10,2016-11-13,13:00,GB,TEN,25,47,NAS00,Nissan Stadium,outdoors,56.0,3.0,Home
2016_10_HOU_JAX,2016,10,2016-11-13,13:00,HOU,JAX,24,21,JAX00,EverBank Field,outdoors,69.0,10.0,Home
2016_10_KC_CAR,2016,10,2016-11-13,13:00,KC,CAR,20,17,CAR00,Bank of America Stadium,outdoors,45.0,6.0,Home
2016_10_LA_NYJ,2016,10,2016-11-13,13:00,LA,NYJ,9,6,NYC01,MetLife Stadium,outdoors,62.0,7.0,Home
2016_10_MIA_SD,2016,10,2016-11-13,16:05,MIA,SD,31,24,SDG00,Qualcomm Stadium,outdoors,85.0,11.0,Home
2016_10_MIN_WAS,2016,10,2016-11-13,13:00,MIN,WAS,20,26,WAS00,FedExField,outdoors,58.0,7.0,Home
2016_10_SEA_NE,2016,10,2016-11-13,20:30,SEA,NE,31,24,BOS00,Gillette Stadium,outdoors,43.0,3.0,Home
2016_11_BUF_CIN,2016,11,2016-11-20,13:00,BUF,CIN,16,12,CIN00,Paul Brown Stadium,outdoors,36.0,8.0,Home
2016_11_CHI_NYG,2016,11,2016-11-20,13:00,CHI,NYG,16,22,NYC01,MetLife Stadium,outdoors,41.0,10.0,Home
2016_11_GB_WAS,2016,11,2016-11-20,20:30,GB,WAS,24,42,WAS00,FedExField,outdoors,38.0,23.0,Home
2016_11_HOU_OAK,2016,11,2016-11-21,20:30,HOU,OAK,20,27,MEX00,Azteca Stadium,outdoors,63.0,6.0,Neutral
2016_11_MIA_LA,2016,11,2016-11-20,16:05,MIA,LA,14,10,LAX99,Los Angeles Memorial Coliseum,outdoors,63.0,3.0,Home
2016_11_NE_SF,2016,11,2016-11-20,16:25,NE,SF,30,17,SFO01,Levi's Stadium,outdoors,64.0,6.0,Home
2016_11_NO_CAR,2016,11,2016-11-17,20:25,NO,CAR,20,23,CAR00,Bank of America Stadium,outdoors,63.0,6.0,Home
2016_11_PHI_SEA,2016,11,2016-11-20,16:25,PHI,SEA,15,26,SEA00,CenturyLink Field,outdoors,54.0,5.0,Home
2016_11_PIT_CLE,2016,11,2016-11-20,13:00,PIT,CLE,24,9,CLE00,FirstEnergy Stadium,outdoors,36.0,27.0,Home
2016_11_TB_KC,2016,11,2016-11-20,13:00,TB,KC,19,17,KAN00,Arrowhead Stadium,outdoors,46.0,9.0,Home
2016_12_CAR_OAK,2016,12,2016-11-27,16:25,CAR,OAK,32,35,OAK00,Oakland-Alameda County Coliseum,outdoors,59.0,12.0,Home
2016_12_CIN_BAL,2016,12,2016-11-27,13:00,CIN,BAL,14,19,BAL00,M&T Bank Stadium,outdoors,50.0,12.0,Home
2016_12_GB_PHI,2016,12,2016-11-28,20:30,GB,PHI,27,13,PHI00,Lincoln Financial Field,outdoors,47.0,7.0,Home
2016_12_JAX_BUF,2016,12,2016-11-27,13:00,JAX,BUF,21,28,BUF00,New Era Field,outdoors,42.0,13.0,Home
2016_12_KC_DEN,2016,12,2016-11-27,20:30,KC,DEN,30,27,DEN00,Sports Authority Field at Mile High,outdoors,44.0,21.0,Home
2016_12_NE_NYJ,2016,12,2016-11-27,16:25,NE,NYJ,22,17,NYC01,MetLife Stadium,outdoors,47.0,10.0,Home
2016_12_NYG_CLE,2016,12,2016-11-27,13:00,NYG,CLE,27,13,CLE00,FirstEnergy Stadium,outdoors,48.0,10.0,Home
2016_12_SEA_TB,2016,12,2016-11-27,16:05,SEA,TB,5,14,TAM00,Raymond James Stadium,outdoors,81.0,6.0,Home
2016_12_SF_MIA,2016,12,2016-11-27,13:00,SF,MIA,24,31,MIA00,Hard Rock Stadium,outdoors,79.0,13.0,Home
2016_12_TEN_CHI,2016,12,2016-11-27,13:00,TEN,CHI,27,21,CHI98,Soldier Field,outdoors,40.0,11.0,Home
2016_13_BUF_OAK,2016,13,2016-12-04,16:05,BUF,OAK,24,38,OAK00,Oakland-Alameda County Coliseum,outdoors,59.0,4.0,Home
2016_13_CAR_SEA,2016,13,2016-12-04,20:30,CAR,SEA,7,40,SEA00,CenturyLink Field,outdoors,37.0,4.0,Home
2016_13_DEN_JAX,2016,13,2016-12-04,13:00,DEN,JAX,20,10,JAX00,EverBank Field,outdoors,70.0,10.0,Home
2016_13_HOU_GB,2016,13,2016-12-04,13:00,HOU,GB,13,21,GNB00,Lambeau Field,outdoors,32.0,8.0,Home
2016_13_IND_NYJ,2016,13,2016-12-05,20:30,IND,NYJ,41,10,NYC01,MetLife Stadium,outdoors,45.0,6.0,Home
2016_13_LA_NE,2016,13,2016-12-04,13:00,LA,NE,10,26,BOS00,Gillette Stadium,outdoors,39.0,8.0,Home
2016_13_MIA_BAL,2016,13,2016-12-04,13:00,MIA,BAL,6,38,BAL00,M&T Bank Stadium,outdoors,47.0,3.0,Home
2016_13_NYG_PIT,2016,13,2016-12-04,16:25,NYG,PIT,14,24,PIT00,Heinz Field,outdoors,43.0,71.0,Home
2016_13_PHI_CIN,2016,13,2016-12-04,13:00,PHI,CIN,14,32,CIN00,Paul Brown Stadium,outdoors,42.0,10.0,Home
2016_13_SF_CHI,2016,13,2016-12-04,13:00,SF,CHI,6,26,CHI98,Soldier Field,outdoors,33.0,5.0,Home
2016_13_TB_SD,2016,13,2016-12-04,16:25,TB,SD,28,21,SDG00,Qualcomm Stadium,outdoors,72.0,7.0,Home
2016_14_ARI_MIA,2016,14,2016-12-11,13:00,ARI,MIA,23,26,MIA00,Hard Rock Stadium,outdoors,77.0,18.0,Home
2016_14_ATL_LA,2016,14,2016-12-11,16:25,ATL,LA,42,14,LAX99,Los Angeles Memorial Coliseum,outdoors,65.0,1.0,Home
2016_14_BAL_NE,2016,14,2016-12-12,20:30,BAL,NE,23,30,BOS00,Gillette Stadium,outdoors,31.0,3.0,Home
2016_14_CIN_CLE,2016,14,2016-12-11,13:00,CIN,CLE,23,10,CLE00,FirstEnergy Stadium,outdoors,28.0,15.0,Home
2016_14_DAL_NYG,2016,14,2016-12-11,20:30,DAL,NYG,7,10,NYC01,MetLife Stadium,outdoors,32.0,0.0,Home
2016_14_DEN_TEN,2016,14,2016-12-11,13:00,DEN,TEN,10,13,NAS00,Nissan Stadium,outdoors,50.0,5.0,Home
2016_14_MIN_JAX,2016,14,2016-12-11,13:00,MIN,JAX,25,16,JAX00,EverBank Field,outdoors,71.0,5.0,Home
2016_14_NO_TB,2016,14,2016-12-11,16:25,NO,TB,11,16,TAM00,Raymond James Stadium,outdoors,79.0,9.0,Home
2016_14_NYJ_SF,2016,14,2016-12-11,16:05,NYJ,SF,23,17,SFO01,Levi's Stadium,outdoors,54.0,8.0,Home
2016_14_OAK_KC,2016,14,2016-12-08,20:25,OAK,KC,13,21,KAN00,Arrowhead Stadium,outdoors,21.0,7.0,Home
2016_14_PIT_BUF,2016,14,2016-12-11,13:00,PIT,BUF,27,20,BUF00,New Era Field,outdoors,27.0,9.0,Home
2016_14_SD_CAR,2016,14,2016-12-11,13:00,SD,CAR,16,28,CAR00,Bank of America Stadium,outdoors,37.0,6.0,Home
2016_14_SEA_GB,2016,14,2016-12-11,16:25,SEA,GB,10,38,GNB00,Lambeau Field,outdoors,26.0,5.0,Home
2016_14_WAS_PHI,2016,14,2016-12-11,13:00,WAS,PHI,27,22,PHI00,Lincoln Financial Field,outdoors,35.0,3.0,Home
2016_15_CAR_WAS,2016,15,2016-12-19,20:30,CAR,WAS,26,15,WAS00,FedExField,outdoors,32.0,8.0,Home
2016_15_CLE_BUF,2016,15,2016-12-18,13:00,CLE,BUF,13,33,BUF00,New Era Field,outdoors,26.0,15.0,Home
2016_15_DET_NYG,2016,15,2016-12-18,13:00,DET,NYG,6,17,NYC01,MetLife Stadium,outdoors,55.0,1.0,Home
2016_15_GB_CHI,2016,15,2016-12-18,13:00,GB,CHI,30,27,CHI98,Soldier Field,outdoors,11.0,12.0,Home
2016_15_LA_SEA,2016,15,2016-12-15,20:25,LA,SEA,3,24,SEA00,CenturyLink Field,outdoors,36.0,5.0,Home
2016_15_MIA_NYJ,2016,15,2016-12-17,20:25,MIA,NYJ,34,13,NYC01,MetLife Stadium,outdoors,35.0,5.0,Home
2016_15_NE_DEN,2016,15,2016-12-18,16:25,NE,DEN,16,3,DEN00,Sports Authority Field at Mile High,outdoors,18.0,9.0,Home
2016_15_OAK_SD,2016,15,2016-12-18,16:25,OAK,SD,19,16,SDG00,Qualcomm Stadium,outdoors,62.0,5.0,Home
2016_15_PHI_BAL,2016,15,2016-12-18,13:00,PHI,BAL,26,27,BAL00,M&T Bank Stadium,outdoors,62.0,9.0,Home
2016_15_PIT_CIN,2016,15,2016-12-18,13:00,PIT,CIN,24,20,CIN00,Paul Brown Stadium,outdoors,24.0,8.0,Home
2016_15_TEN_KC,2016,15,2016-12-18,13:00,TEN,KC,19,17,KAN00,Arrowhead Stadium,outdoors,1.0,5.0,Home
2016_16_ARI_SEA,2016,16,2016-12-24,16:25,ARI,SEA,34,31,SEA00,CenturyLink Field,outdoors,39.0,2.0,Home
2016_16_ATL_CAR,2016,16,2016-12-24,13:00,ATL,CAR,33,16,CAR00,Bank of America Stadium,outdoors,56.0,5.0,Home
2016_16_BAL_PIT,2016,16,2016-12-25,16:30,BAL,PIT,27,31,PIT00,Heinz Field,outdoors,41.0,9.0,Home
2016_16_DEN_KC,2016,16,2016-12-25,20:30,DEN,KC,10,33,KAN00,Arrowhead Stadium,outdoors,53.0,9.0,Home
2016_16_IND_OAK,2016,16,2016-12-24,16:05,IND,OAK,25,33,OAK00,Oakland-Alameda County Coliseum,outdoors,50.0,9.0,Home
2016_16_MIA_BUF,2016,16,2016-12-24,13:00,MIA,BUF,34,31,BUF00,New Era Field,outdoors,38.0,13.0,Home
2016_16_MIN_GB,2016,16,2016-12-24,13:00,MIN,GB,25,38,GNB00,Lambeau Field,outdoors,37.0,8.0,Home
2016_16_NYG_PHI,2016,16,2016-12-22,20:25,NYG,PHI,19,24,PHI00,Lincoln Financial Field,outdoors,40.0,10.0,Home
2016_16_NYJ_NE,2016,16,2016-12-24,13:00,NYJ,NE,3,41,BOS00,Gillette Stadium,outdoors,40.0,6.0,Home
2016_16_SD_CLE,2016,16,2016-12-24,13:00,SD,CLE,17,20,CLE00,FirstEnergy Stadium,outdoors,38.0,13.0,Home
2016_16_SF_LA,2016,16,2016-12-24,16:25,SF,LA,22,21,LAX99,Los Angeles Memorial Coliseum,outdoors,59.0,6.0,Home
2016_16_TEN_JAX,2016,16,2016-12-24,13:00,TEN,JAX,17,38,JAX00,EverBank Field,outdoors,67.0,5.0,Home
2016_16_WAS_CHI,2016,16,2016-12-24,13:00,WAS,CHI,41,21,CHI98,Soldier Field,outdoors,37.0,1.0,Home
2016_17_ARI_LA,2016,17,2017-01-01,16:25,ARI,LA,44,6,LAX99,Los Angeles Memorial Coliseum,outdoors,59.0,0.0,Home
2016_17_BAL_CIN,2016,17,2017-01-01,13:00,BAL,CIN,10,27,CIN00,Paul Brown Stadium,outdoors,40.0,6.0,Home
2016_17_BUF_NYJ,2016,17,2017-01-01,13:00,BUF,NYJ,10,30,NYC01,MetLife Stadium,outdoors,42.0,11.0,Home
2016_17_CAR_TB,2016,17,2017-01-01,13:00,CAR,TB,16,17,TAM00,Raymond James Stadium,outdoors,81.0,6.0,Home
2016_17_CLE_PIT,2016,17,2017-01-01,13:00,CLE,PIT,24,27,PIT00,Heinz Field,outdoors,41.0,1.0,Home
2016_17_DAL_PHI,2016,17,2017-01-01,13:00,DAL,PHI,13,27,PHI00,Lincoln Financial Field,outdoors,50.0,10.0,Home
2016_17_HOU_TEN,2016,17,2017-01-01,13:00,HOU,TEN,17,24,NAS00,Nissan Stadium,outdoors,52.0,7.0,Home
2016_17_KC_SD,2016,17,2017-01-01,16:25,KC,SD,37,27,SDG00,Qualcomm Stadium,outdoors,59.0,10.0,Home
2016_17_NE_MIA,2016,17,2017-01-01,13:00,NE,MIA,35,14,MIA00,Hard Rock Stadium,outdoors,80.0,15.0,Home
2016_17_NYG_WAS,2016,17,2017-01-01,16:25,NYG,WAS,19,10,WAS00,FedExField,outdoors,53.0,1.0,Home
2016_17_OAK_DEN,2016,17,2017-01-01,16:25,OAK,DEN,6,24,DEN00,Sports Authority Field at Mile High,outdoors,45.0,9.0,Home
2016_17_SEA_SF,2016,17,2017-01-01,16:25,SEA,SF,25,23,SFO01,Levi's Stadium,outdoors,54.0,5.0,Home
2017_01_ATL_CHI,2017,1,2017-09-10,13:00,ATL,CHI,23,17,CHI98,Soldier Field,outdoors,64.0,10.0,Home
2017_01_BAL_CIN,2017,1,2017-09-10,13:00,BAL,CIN,20,0,CIN00,Paul Brown Stadium,outdoors,68.0,9.0,Home
2017_01_CAR_SF,2017,1,2017-09-10,16:25,CAR,SF,23,3,SFO01,Levi's Stadium,outdoors,87.0,8.0,Home
2017_01_IND_LA,2017,1,2017-09-10,16:05,IND,LA,9,46,LAX99,Los Angeles Memorial Coliseum,outdoors,90.0,2.0,Home
2017_01_JAX_HOU,2017,1,2017-09-10,13:00,JAX,HOU,29,7,HOU00,NRG Stadium,open,,,Home
2017_01_KC_NE,2017,1,2017-09-07,20:30,KC,NE,42,27,BOS00,Gillette Stadium,outdoors,63.0,8.0,Home
2017_01_LAC_DEN,2017,1,2017-09-11,22:20,LAC,DEN,21,24,DEN00,Sports Authority Field at Mile High,outdoors,73.0,12.0,Home
2017_01_NYJ_BUF,2017,1,2017-09-10,13:00,NYJ,BUF,12,21,BUF00,New Era Field,outdoors,65.0,6.0,Home
2017_01_OAK_TEN,2017,1,2017-09-10,13:00,OAK,TEN,26,16,NAS00,Nissan Stadium,outdoors,72.0,7.0,Home
2017_01_PHI_WAS,2017,1,2017-09-10,13:00,PHI,WAS,30,17,WAS00,FedExField,outdoors,67.0,5.0,Home
2017_01_PIT_CLE,2017,1,2017-09-10,13:00,PIT,CLE,21,18,CLE00,FirstEnergy Stadium,outdoors,63.0,11.0,Home
2017_01_SEA_GB,2017,1,2017-09-10,16:25,SEA,GB,9,17,GNB00,Lambeau Field,outdoors,71.0,11.0,Home
2017_02_BUF_CAR,2017,2,2017-09-17,13:00,BUF,CAR,3,9,CAR00,Bank of America Stadium,outdoors,83.0,5.0,Home
2017_02_CHI_TB,2017,2,2017-09-17,13:00,CHI,TB,7,29,TAM00,Raymond James Stadium,outdoors,88.0,7.0,Home
2017_02_CLE_BAL,2017,2,2017-09-17,13:00,CLE,BAL,10,24,BAL00,M&T Bank Stadium,outdoors,80.0,2.0,Home
2017_02_DAL_DEN,2017,2,2017-09-17,16:25,DAL,DEN,17,42,DEN00,Sports Authority Field at Mile High,outdoors,72.0,5.0,Home
2017_02_DET_NYG,2017,2,2017-09-18,20:30,DET,NYG,24,10,NYC01,MetLife Stadium,outdoors,72.0,5.0,Home
2017_02_GB_ATL,2017,2,2017-09-17,20:30,GB,ATL,23,34,ATL97,Mercedes-Benz Stadium,open,,,Home
2017_02_HOU_CIN,2017,2,2017-09-14,20:25,HOU,CIN,13,9,CIN00,Paul Brown Stadium,outdoors,69.0,2.0,Home
2017_02_MIA_LAC,2017,2,2017-09-17,16:05,MIA,LAC,19,17,LAX97,StubHub Center,outdoors,71.0,7.0,Home
2017_02_MIN_PIT,2017,2,2017-09-17,13:00,MIN,PIT,9,26,PIT00,Heinz Field,outdoors,78.0,1.0,Home
2017_02_NYJ_OAK,2017,2,2017-09-17,16:05,NYJ,OAK,20,45,OAK00,Oakland-Alameda County Coliseum,outdoors,70.0,6.0,Home
2017_02_PHI_KC,2017,2,2017-09-17,13:00,PHI,KC,20,27,KAN00,Arrowhead Stadium,outdoors,68.0,7.0,Home
2017_02_SF_SEA,2017,2,2017-09-17,16:25,SF,SEA,9,12,SEA00,CenturyLink Field,outdoors,65.0,12.0,Home
2017_02_TEN_JAX,2017,2,2017-09-17,13:00,TEN,JAX,37,16,JAX00,EverBank Field,outdoors,84.0,10.0,Home
2017_02_WAS_LA,2017,2,2017-09-17,16:25,WAS,LA,27,20,LAX99,Los Angeles Memorial Coliseum,outdoors,74.0,3.0,Home
2017_03_BAL_JAX,2017,3,2017-09-24,21:30,BAL,JAX,7,44,LON00,Wembley Stadium,outdoors,70.0,10.0,Neutral
2017_03_CIN_GB,2017,3,2017-09-24,16:25,CIN,GB,24,27,GNB00,Lambeau Field,outdoors,89.0,8.0,Home
2017_03_DEN_BUF,2017,3,2017-09-24,13:00,DEN,BUF,16,26,BUF00,New Era Field,outdoors,83.0,5.0,Home
2017_03_HOU_NE,2017,3,2017-09-24,13:00,HOU,NE,33,36,BOS00,Gillette Stadium,outdoors,84.0,4.0,Home
2017_03_KC_LAC,2017,3,2017-09-24,16:25,KC,LAC,24,10,LAX97,StubHub Center,outdoors,84.0,5.0,Home
2017_03_LA_SF,2017,3,2017-09-21,20:25,LA,SF,41,39,SFO01,Levi's Stadium,outdoors,68.0,13.0,Home
2017_03_MIA_NYJ,2017,3,2017-09-24,13:00,MIA,NYJ,6,20,NYC01,MetLife Stadium,outdoors,88.0,5.0,Home
2017_03_NO_CAR,2017,3,2017-09-24,13:00,NO,CAR,34,13,CAR00,Bank of America Stadium,outdoors,82.0,6.0,Home
2017_03_NYG_PHI,2017,3,2017-09-24,13:00,NYG,PHI,24,27,PHI00,Lincoln Financial Field,outdoors,89.0,6.0,Home
2017_03_OAK_WAS,2017,3,2017-09-24,20:30,OAK,WAS,10,27,WAS00,FedExField,outdoors,76.0,0.0,Home
2017_03_PIT_CHI,2017,3,2017-09-24,13:00,PIT,CHI,17,23,CHI98,Soldier Field,outdoors,89.0,5.0,Home
2017_03_SEA_TEN,2017,3,2017-09-24,16:05,SEA,TEN,27,33,NAS00,Nissan Stadium,outdoors,88.0,4.0,Home
2017_04_CAR_NE,2017,4,2017-10-01,13:00,CAR,NE,33,30,BOS00,Gillette Stadium,outdoors,61.0,6.0,Home
2017_04_CHI_GB,2017,4,2017-09-28,20:25,CHI,GB,14,35,GNB00,Lambeau Field,outdoors,65.0,5.0,Home
2017_04_CIN_CLE,2017,4,2017-10-01,13:00,CIN,CLE,31,7,CLE00,FirstEnergy Stadium,outdoors,63.0,6.0,Home
2017_04_IND_SEA,2017,4,2017-10-01,20:30,IND,SEA,18,46,SEA00,CenturyLink Field,outdoors,61.0,8.0,Home
2017_04_JAX_NYJ,2017,4,2017-10-01,13:00,JAX,NYJ,20,23,NYC01,MetLife Stadium,outdoors,64.0,5.0,Home
2017_04_NO_MIA,2017,4,2017-10-01,21:30,NO,MIA,20,0,LON00,Wembley Stadium,outdoors,63.0,13.0,Neutral
2017_04_NYG_TB,2017,4,2017-10-01,16:05,NYG,TB,23,25,TAM00,Raymond James Stadium,outdoors,91.0,8.0,Home
2017_04_OAK_DEN,2017,4,2017-10-01,16:25,OAK,DEN,10,16,DEN00,Sports Authority Field at Mile High,outdoors,72.0,7.0,Home
2017_04_PHI_LAC,2017,4,2017-10-01,16:05,PHI,LAC,26,24,LAX97,StubHub Center,outdoors,72.0,6.0,Home
2017_04_PIT_BAL,2017,4,2017-10-01,13:00,PIT,BAL,26,9,BAL00,M&T Bank Stadium,outdoors,64.0,6.0,Home
2017_04_TEN_HOU,2017,4,2017-10-01,13:00,TEN,HOU,14,57,HOU00,NRG Stadium,open,,,Home
2017_04_WAS_KC,2017,4,2017-10-02,20:30,WAS,KC,20,29,KAN00,Arrowhead Stadium,outdoors,82.0,14.0,Home
2017_05_ARI_PHI,2017,5,2017-10-08,13:00,ARI,PHI,7,34,PHI00,Lincoln Financial Field,outdoors,77.0,10.0,Home
2017_05_BAL_OAK,2017,5,2017-10-08,16:05,BAL,OAK,30,17,OAK00,Oakland-Alameda County Coliseum,outdoors,72.0,8.0,Home
2017_05_BUF_CIN,2017,5,2017-10-08,13:00,BUF,CIN,16,20,CIN00,Paul Brown Stadium,outdoors,63.0,10.0,Home
2017_05_JAX_PIT,2017,5,2017-10-08,13:00,JAX,PIT,30,9,PIT00,Heinz Field,outdoors,73.0,9.0,Home
2017_05_LAC_NYG,2017,5,2017-10-08,13:00,LAC,NYG,27,22,NYC01,MetLife Stadium,outdoors,76.0,7.0,Home
2017_05_MIN_CHI,2017,5,2017-10-09,20:30,MIN,CHI,20,17,CHI98,Soldier Field,outdoors,70.0,10.0,Home
2017_05_NE_TB,2017,5,2017-10-05,20:25,NE,TB,19,14,TAM00,Raymond James Stadium,outdoors,76.0,9.0,Home
2017_05_NYJ_CLE,2017,5,2017-10-08,13:00,NYJ,CLE,17,14,CLE00,FirstEnergy Stadium,outdoors,67.0,8.0,Home
2017_05_SEA_LA,2017,5,2017-10-08,16:05,SEA,LA,16,10,LAX99,Los Angeles Memorial Coliseum,outdoors,78.0,0.0,Home
2017_05_TEN_MIA,2017,5,2017-10-08,13:00,TEN,MIA,10,16,MIA00,Hard Rock Stadium,outdoors,89.0,9.0,Home
2017_06_CHI_BAL,2017,6,2017-10-15,13:00,CHI,BAL,27,24,BAL00,M&T Bank Stadium,outdoors,69.0,7.0,Home
2017_06_IND_TEN,2017,6,2017-10-16,20:30,IND,TEN,22,36,NAS00,Nissan Stadium,outdoors,57.0,7.0,Home
2017_06_LAC_OAK,2017,6,2017-10-15,16:25,LAC,OAK,17,16,OAK00,Oakland-Alameda County Coliseum,outdoors,76.0,9.0,Home
2017_06_LA_JAX,2017,6,2017-10-15,16:05,LA,JAX,27,17,JAX00,EverBank Field,outdoors,88.0,10.0,Home
2017_06_NE_NYJ,2017,6,2017-10-15,13:00,NE,NYJ,24,17,NYC01,MetLife Stadium,outdoors,73.0,13.0,Home
2017_06_NYG_DEN,2017,6,2017-10-15,20:30,NYG,DEN,23,10,DEN00,Sports Authority Field at Mile High,outdoors,61.0,4.0,Home
2017_06_PHI_CAR,2017,6,2017-10-12,20:25,PHI,CAR,28,23,CAR00,Bank of America Stadium,outdoors,72.0,6.0,Home
2017_06_PIT_KC,2017,6,2017-10-15,16:25,PIT,KC,19,13,KAN00,Arrowhead Stadium,outdoors,60.0,14.0,Home
2017_06_SF_WAS,2017,6,2017-10-15,13:00,SF,WAS,24,26,WAS00,FedExField,outdoors,68.0,4.0,Home
2017_07_ARI_LA,2017,7,2017-10-22,13:00,ARI,LA,0,33,LON01,Twickenham Stadium,outdoors,54.0,10.0,Neutral
2017_07_ATL_NE,2017,7,2017-10-22,20:30,ATL,NE,7,23,BOS00,Gillette Stadium,outdoors,56.0,2.0,Home
2017_07_CAR_CHI,2017,7,2017-10-22,13:00,CAR,CHI,3,17,CHI98,Soldier Field,outdoors,70.0,15.0,Home
2017_07_CIN_PIT,2017,7,2017-10-22,16:25,CIN,PIT,14,29,PIT00,Heinz Field,outdoors,79.0,6.0,Home
2017_07_DAL_SF,2017,7,2017-10-22,16:05,DAL,SF,40,10,SFO01,Levi's Stadium,outdoors,68.0,10.0,Home
2017_07_DEN_LAC,2017,7,2017-10-22,16:25,DEN,LAC,0,21,LAX97,StubHub Center,outdoors,90.0,4.0,Home
2017_07_KC_OAK,2017,7,2017-10-19,20:25,KC,OAK,30,31,OAK00,Oakland-Alameda County Coliseum,outdoors,62.0,1.0,Home
2017_07_NO_GB,2017,7,2017-10-22,13:00,NO,GB,26,17,GNB00,Lambeau Field,outdoors,52.0,10.0,Home
2017_07_NYJ_MIA,2017,7,2017-10-22,13:00,NYJ,MIA,28,31,MIA00,Hard Rock Stadium,outdoors,86.0,18.0,Home
2017_07_SEA_NYG,2017,7,2017-10-22,16:25,SEA,NYG,24,7,NYC01,MetLife Stadium,outdoors,75.0,7.0,Home
2017_07_TB_BUF,2017,7,2017-10-22,13:00,TB,BUF,27,30,BUF00,New Era Field,outdoors,74.0,9.0,Home
2017_07_TEN_CLE,2017,7,2017-10-22,13:00,TEN,CLE,12,9,CLE00,FirstEnergy Stadium,outdoors,74.0,12.0,Home
2017_07_WAS_PHI,2017,7,2017-10-23,20:30,WAS,PHI,24,34,PHI00,Lincoln Financial Field,outdoors,70.0,9.0,Home
2017_08_ATL_NYJ,2017,8,2017-10-29,13:00,ATL,NYJ,25,20,NYC01,MetLife Stadium,outdoors,63.0,5.0,Home
2017_08_CAR_TB,2017,8,2017-10-29,13:00,CAR,TB,17,3,TAM00,Raymond James Stadium,outdoors,63.0,13.0,Home
2017_08_DAL_WAS,2017,8,2017-10-29,16:25,DAL,WAS,33,19,WAS00,FedExField,outdoors,60.0,4.0,Home
2017_08_DEN_KC,2017,8,2017-10-30,20:30,DEN,KC,19,29,KAN00,Arrowhead Stadium,outdoors,44.0,12.0,Home
2017_08_HOU_SEA,2017,8,2017-10-29,16:05,HOU,SEA,38,41,SEA00,CenturyLink Field,outdoors,50.0,2.0,Home
2017_08_IND_CIN,2017,8,2017-10-29,13:00,IND,CIN,23,24,CIN00,Paul Brown Stadium,outdoors,39.0,9.0,Home
2017_08_LAC_NE,2017,8,2017-10-29,13:00,LAC,NE,13,21,BOS00,Gillette Stadium,outdoors,62.0,8.0,Home
2017_08_MIA_BAL,2017,8,2017-10-26,20:25,MIA,BAL,0,40,BAL00,M&T Bank Stadium,outdoors,56.0,9.0,Home
2017_08_MIN_CLE,2017,8,2017-10-29,21:30,MIN,CLE,33,16,LON01,Twickenham Stadium,outdoors,56.0,11.0,Neutral
2017_08_OAK_BUF,2017,8,2017-10-29,13:00,OAK,BUF,14,34,BUF00,New Era Field,outdoors,42.0,7.0,Home
2017_08_SF_PHI,2017,8,2017-10-29,13:00,SF,PHI,10,33,PHI00,Lincoln Financial Field,outdoors,67.0,12.0,Home
2017_09_ARI_SF,2017,9,2017-11-05,16:05,ARI,SF,20,10,SFO01,Levi's Stadium,outdoors,61.0,8.0,Home
2017_09_ATL_CAR,2017,9,2017-11-05,13:00,ATL,CAR,17,20,CAR00,Bank of America Stadium,outdoors,61.0,4.0,Home
2017_09_BAL_TEN,2017,9,2017-11-05,13:00,BAL,TEN,20,23,NAS00,Nissan Stadium,outdoors,75.0,10.0,Home
2017_09_BUF_NYJ,2017,9,2017-11-02,20:25,BUF,NYJ,21,34,NYC01,MetLife Stadium,outdoors,68.0,11.0,Home
2017_09_CIN_JAX,2017,9,2017-11-05,13:00,CIN,JAX,7,23,JAX00,EverBank Field,outdoors,78.0,12.0,Home
2017_09_DEN_PHI,2017,9,2017-11-05,13:00,DEN,PHI,23,51,PHI00,Lincoln Financial Field,outdoors,61.0,5.0,Home
2017_09_DET_GB,2017,9,2017-11-06,20:30,DET,GB,30,17,GNB00,Lambeau Field,outdoors,35.0,3.0,Home
2017_09_LA_NYG,2017,9,2017-11-05,13:00,LA,NYG,51,17,NYC01,MetLife Stadium,outdoors,56.0,6.0,Home
2017_09_OAK_MIA,2017,9,2017-11-05,20:30,OAK,MIA,27,24,MIA00,Hard Rock Stadium,outdoors,77.0,2.0,Home
2017_09_WAS_SEA,2017,9,2017-11-05,16:05,WAS,SEA,17,14,SEA00,CenturyLink Field,outdoors,36.0,11.0,Home
2017_10_CIN_TEN,2017,10,2017-11-12,13:00,CIN,TEN,20,24,NAS00,Nissan Stadium,outdoors,53.0,4.0,Home
2017_10_GB_CHI,2017,10,2017-11-12,13:00,GB,CHI,23,16,CHI98,Soldier Field,outdoors,40.0,6.0,Home
2017_10_HOU_LA,2017,10,2017-11-12,16:05,HOU,LA,7,33,LAX99,Los Angeles Memorial Coliseum,outdoors,68.0,0.0,Home
2017_10_LAC_JAX,2017,10,2017-11-12,13:00,LAC,JAX,17,20,JAX00,EverBank Field,outdoors,76.0,5.0,Home
2017_10_MIA_CAR,2017,10,2017-11-13,20:30,MIA,CAR,21,45,CAR00,Bank of America Stadium,outdoors,49.0,6.0,Home
2017_10_MIN_WAS,2017,10,2017-11-12,13:00,MIN,WAS,38,30,WAS00,FedExField,outdoors,44.0,4.0,Home
2017_10_NE_DEN,2017,10,2017-11-12,20:30,NE,DEN,41,16,DEN00,Sports Authority Field at Mile High,outdoors,48.0,5.0,Home
2017_10_NO_BUF,2017,10,2017-11-12,13:00,NO,BUF,47,10,BUF00,New Era Field,outdoors,42.0,2.0,Home
2017_10_NYG_SF,2017,10,2017-11-12,16:25,NYG,SF,21,31,SFO01,Levi's Stadium,outdoors,68.0,5.0,Home
2017_10_NYJ_TB,2017,10,2017-11-12,13:00,NYJ,TB,10,15,TAM00,Raymond James Stadium,outdoors,79.0,16.0,Home
2017_10_SEA_ARI,2017,10,2017-11-09,20:25,SEA,ARI,22,16,PHO00,University of Phoenix Stadium,open,,,Home
2017_11_ATL_SEA,2017,11,2017-11-20,20:30,ATL,SEA,34,31,SEA00,CenturyLink Field,outdoors,45.0,6.0,Home
2017_11_BAL_GB,2017,11,2017-11-19,13:00,BAL,GB,23,0,GNB00,Lambeau Field,outdoors,28.0,14.0,Home
2017_11_BUF_LAC,2017,11,2017-11-19,16:05,BUF,LAC,24,54,LAX97,StubHub Center,outdoors,76.0,6.0,Home
2017_11_CIN_DEN,2017,11,2017-11-19,16:25,CIN,DEN,20,17,DEN00,Sports Authority Field at Mile High,outdoors,60.0,7.0,Home
2017_11_DET_CHI,2017,11,2017-11-19,13:00,DET,CHI,27,24,CHI98,Soldier Field,outdoors,33.0,16.0,Home
2017_11_JAX_CLE,2017,11,2017-11-19,13:00,JAX,CLE,19,7,CLE00,FirstEnergy Stadium,outdoors,38.0,16.0,Home
2017_11_KC_NYG,2017,11,2017-11-19,13:00,KC,NYG,9,12,NYC01,MetLife Stadium,outdoors,50.0,23.0,Home
2017_11_NE_OAK,2017,11,2017-11-19,16:25,NE,OAK,33,8,MEX00,Azteca Stadium,outdoors,66.0,0.0,Neutral
2017_11_TB_MIA,2017,11,2017-11-19,13:00,TB,MIA,30,20,MIA00,Hard Rock Stadium,outdoors,81.0,9.0,Home
2017_11_TEN_PIT,2017,11,2017-11-16,20:25,TEN,PIT,17,40,PIT00,Heinz Field,outdoors,40.0,17.0,Home
2017_12_BUF_KC,2017,12,2017-11-26,13:00,BUF,KC,16,10,KAN00,Arrowhead Stadium,outdoors,62.0,9.0,Home
2017_12_CAR_NYJ,2017,12,2017-11-26,13:00,CAR,NYJ,35,27,NYC01,MetLife Stadium,outdoors,47.0,23.0,Home
2017_12_CHI_PHI,2017,12,2017-11-26,13:00,CHI,PHI,3,31,PHI00,Lincoln Financial Field,outdoors,49.0,17.0,Home
2017_12_CLE_CIN,2017,12,2017-11-26,13:00,CLE,CIN,16,30,CIN00,Paul Brown Stadium,outdoors,46.0,3.0,Home
2017_12_DEN_OAK,2017,12,2017-11-26,16:25,DEN,OAK,14,21,OAK00,Oakland-Alameda County Coliseum,outdoors,61.0,13.0,Home
2017_12_GB_PIT,2017,12,2017-11-26,20:30,GB,PIT,28,31,PIT00,Heinz Field,outdoors,38.0,7.0,Home
2017_12_HOU_BAL,2017,12,2017-11-27,20:30,HOU,BAL,16,23,BAL00,M&T Bank Stadium,outdoors,50.0,1.0,Home
2017_12_MIA_NE,2017,12,2017-11-26,13:00,MIA,NE,17,35,BOS00,Gillette Stadium,outdoors,47.0,17.0,Home
2017_12_NO_LA,2017,12,2017-11-26,16:25,NO,LA,20,26,LAX99,Los Angeles Memorial Coliseum,outdoors,72.0,1.0,Home
2017_12_NYG_WAS,2017,12,2017-11-23,20:30,NYG,WAS,10,20,WAS00,FedExField,outdoors,33.0,0.0,Home
2017_12_SEA_SF,2017,12,2017-11-26,16:05,SEA,SF,24,13,SFO01,Levi's Stadium,outdoors,66.0,12.0,Home
2017_12_TEN_IND,2017,12,2017-11-26,13:00,TEN,IND,20,16,IND00,Lucas Oil Stadium,open,,,Home
2017_13_CLE_LAC,2017,13,2017-12-03,16:05,CLE,LAC,10,19,LAX97,StubHub Center,outdoors,68.0,7.0,Home
2017_13_DEN_MIA,2017,13,2017-12-03,13:00,DEN,MIA,9,35,MIA00,Hard Rock Stadium,outdoors,80.0,11.0,Home
2017_13_DET_BAL,2017,13,2017-12-03,13:00,DET,BAL,20,44,BAL00,M&T Bank Stadium,outdoors,53.0,4.0,Home
2017_13_HOU_TEN,2017,13,2017-12-03,13:00,HOU,TEN,13,24,NAS00,Nissan Stadium,outdoors,60.0,4.0,Home
2017_13_IND_JAX,2017,13,2017-12-03,13:00,IND,JAX,10,30,JAX00,EverBank Field,outdoors,70.0,7.0,Home
2017_13_KC_NYJ,2017,13,2017-12-03,13:00,KC,NYJ,31,38,NYC01,MetLife Stadium,outdoors,48.0,0.0,Home
2017_13_NE_BUF,2017,13,2017-12-03,13:00,NE,BUF,23,3,BUF00,New Era Field,outdoors,48.0,13.0,Home
2017_13_NYG_OAK,2017,13,2017-12-03,16:25,NYG,OAK,17,24,OAK00,Oakland-Alameda County Coliseum,outdoors,58.0,11.0,Home
2017_13_PHI_SEA,2017,13,2017-12-03,20:30,PHI,SEA,10,24,SEA00,CenturyLink Field,outdoors,44.0,3.0,Home
2017_13_PIT_CIN,2017,13,2017-12-04,20:30,PIT,CIN,23,20,CIN00,Paul Brown Stadium,outdoors,61.0,9.0,Home
2017_13_SF_CHI,2017,13,2017-12-03,13:00,SF,CHI,15,14,CHI98,Soldier Field,outdoors,54.0,6.0,Home
2017_13_TB_GB,2017,13,2017-12-03,13:00,TB,GB,20,26,GNB00,Lambeau Field,outdoors,42.0,8.0,Home
2017_14_BAL_PIT,2017,14,2017-12-10,20:30,BAL,PIT,38,39,PIT00,Heinz Field,outdoors,33.0,12.0,Home
2017_14_CHI_CIN,2017,14,2017-12-10,13:00,CHI,CIN,33,7,CIN00,Paul Brown Stadium,outdoors,31.0,11.0,Home
2017_14_DAL_NYG,2017,14,2017-12-10,13:00,DAL,NYG,30,10,NYC01,MetLife Stadium,outdoors,39.0,11.0,Home
2017_14_DET_TB,2017,14,2017-12-10,13:00,DET,TB,24,21,TAM00,Raymond James Stadium,outdoors,55.0,9.0,Home
2017_14_GB_CLE,2017,14,2017-12-10,13:00,GB,CLE,27,21,CLE00,FirstEnergy Stadium,outdoors,29.0,24.0,Home
2017_14_IND_BUF,2017,14,2017-12-10,13:00,IND,BUF,7,13,BUF00,New Era Field,outdoors,32.0,15.0,Home
2017_14_MIN_CAR,2017,14,2017-12-10,13:00,MIN,CAR,24,31,CAR00,Bank of America Stadium,outdoors,41.0,5.0,Home
2017_14_NE_MIA,2017,14,2017-12-11,20:30,NE,MIA,20,27,MIA00,Hard Rock Stadium,outdoors,55.0,7.0,Home
2017_14_NYJ_DEN,2017,14,2017-12-10,16:05,NYJ,DEN,0,23,DEN00,Sports Authority Field at Mile High,outdoors,60.0,3.0,Home
2017_14_OAK_KC,2017,14,2017-12-10,13:00,OAK,KC,15,26,KAN00,Arrowhead Stadium,outdoors,46.0,13.0,Home
2017_14_PHI_LA,2017,14,2017-12-10,16:25,PHI,LA,43,35,LAX99,Los Angeles Memorial Coliseum,outdoors,83.0,0.0,Home
2017_14_SEA_JAX,2017,14,2017-12-10,16:25,SEA,JAX,24,30,JAX00,EverBank Field,outdoors,54.0,5.0,Home
2017_14_WAS_LAC,2017,14,2017-12-10,16:05,WAS,LAC,13,30,LAX97,StubHub Center,outdoors,81.0,4.0,Home
2017_15_ARI_WAS,2017,15,2017-12-17,13:00,ARI,WAS,15,20,WAS00,FedExField,outdoors,50.0,1.0,Home
2017_15_ATL_TB,2017,15,2017-12-18,20:30,ATL,TB,24,21,TAM00,Raymond James Stadium,outdoors,71.0,2.0,Home
2017_15_BAL_CLE,2017,15,2017-12-17,13:00,BAL,CLE,27,10,CLE00,FirstEnergy Stadium,outdoors,36.0,0.0,Home
2017_15_DAL_OAK,2017,15,2017-12-17,20:30,DAL,OAK,20,17,OAK00,Oakland-Alameda County Coliseum,outdoors,57.0,4.0,Home
2017_15_GB_CAR,2017,15,2017-12-17,13:00,GB,CAR,24,31,CAR00,Bank of America Stadium,outdoors,51.0,5.0,Home
2017_15_HOU_JAX,2017,15,2017-12-17,13:00,HOU,JAX,7,45,JAX00,EverBank Field,outdoors,72.0,5.0,Home
2017_15_LAC_KC,2017,15,2017-12-16,20:25,LAC,KC,13,30,KAN00,Arrowhead Stadium,outdoors,53.0,9.0,Home
2017_15_LA_SEA,2017,15,2017-12-17,16:05,LA,SEA,42,7,SEA00,CenturyLink Field,outdoors,47.0,15.0,Home
2017_15_MIA_BUF,2017,15,2017-12-17,13:00,MIA,BUF,16,24,BUF00,New Era Field,outdoors,22.0,8.0,Home
2017_15_NE_PIT,2017,15,2017-12-17,16:25,NE,PIT,27,24,PIT00,Heinz Field,outdoors,42.0,4.0,Home
2017_15_PHI_NYG,2017,15,2017-12-17,13:00,PHI,NYG,34,29,NYC01,MetLife Stadium,outdoors,35.0,0.0,Home
2017_15_TEN_SF,2017,15,2017-12-17,16:25,TEN,SF,23,25,SFO01,Levi's Stadium,outdoors,65.0,17.0,Home
2017_16_BUF_NE,2017,16,2017-12-24,13:00,BUF,NE,16,37,BOS00,Gillette Stadium,outdoors,35.0,7.0,Home
2017_16_CLE_CHI,2017,16,2017-12-24,13:00,CLE,CHI,3,20,CHI98,Soldier Field,outdoors,24.0,8.0,Home
2017_16_DEN_WAS,2017,16,2017-12-24,13:00,DEN,WAS,11,27,WAS00,FedExField,outdoors,43.0,7.0,Home
2017_16_DET_CIN,2017,16,2017-12-24,13:00,DET,CIN,17,26,CIN00,Paul Brown Stadium,outdoors,35.0,2.0,Home
2017_16_IND_BAL,2017,16,2017-12-23,16:30,IND,BAL,16,23,BAL00,M&T Bank Stadium,outdoors,63.0,14.0,Home
2017_16_JAX_SF,2017,16,2017-12-24,16:05,JAX,SF,33,44,SFO01,Levi's Stadium,outdoors,52.0,0.0,Home
2017_16_LAC_NYJ,2017,16,2017-12-24,13:00,LAC,NYJ,14,7,NYC01,MetLife Stadium,outdoors,40.0,6.0,Home
2017_16_LA_TEN,2017,16,2017-12-24,13:00,LA,TEN,27,23,NAS00,Nissan Stadium,outdoors,39.0,11.0,Home
2017_16_MIA_KC,2017,16,2017-12-24,13:00,MIA,KC,13,29,KAN00,Arrowhead Stadium,outdoors,23.0,15.0,Home
2017_16_MIN_GB,2017,16,2017-12-23,20:30,MIN,GB,16,0,GNB00,Lambeau Field,outdoors,10.0,6.0,Home
2017_16_OAK_PHI,2017,16,2017-12-25,20:30,OAK,PHI,10,19,PHI00,Lincoln Financial Field,outdoors,29.0,15.0,Home
2017_16_TB_CAR,2017,16,2017-12-24,13:00,TB,CAR,19,22,CAR00,Bank of America Stadium,outdoors,55.0,6.0,Home
2017_17_ARI_SEA,2017,17,2017-12-31,16:25,ARI,SEA,26,24,SEA00,CenturyLink Field,outdoors,40.0,7.0,Home
2017_17_BUF_MIA,2017,17,2017-12-31,16:25,BUF,MIA,22,16,MIA00,Hard Rock Stadium,outdoors,71.0,9.0,Home
2017_17_CIN_BAL,2017,17,2017-12-31,16:25,CIN,BAL,31,27,BAL00,M&T Bank Stadium,outdoors,19.0,12.0,Home
2017_17_CLE_PIT,2017,17,2017-12-31,13:00,CLE,PIT,24,28,PIT00,Heinz Field,outdoors,11.0,3.0,Home
2017_17_DAL_PHI,2017,17,2017-12-31,13:00,DAL,PHI,6,0,PHI00,Lincoln Financial Field,outdoors,19.0,17.0,Home
2017_17_JAX_TEN,2017,17,2017-12-31,16:25,JAX,TEN,10,15,NAS00,Nissan Stadium,outdoors,23.0,5.0,Home
2017_17_KC_DEN,2017,17,2017-12-31,16:25,KC,DEN,27,24,DEN00,Sports Authority Field at Mile High,outdoors,17.0,4.0,Home
2017_17_NO_TB,2017,17,2017-12-31,16:25,NO,TB,24,31,TAM00,Raymond James Stadium,outdoors,71.0,3.0,Home
2017_17_NYJ_NE,2017,17,2017-12-31,13:00,NYJ,NE,6,26,BOS00,Gillette Stadium,outdoors,13.0,14.0,Home
2017_17_OAK_LAC,2017,17,2017-12-31,16:25,OAK,LAC,10,30,LAX97,StubHub Center,outdoors,62.0,2.0,Home
2017_17_SF_LA,2017,17,2017-12-31,16:25,SF,LA,34,13,LAX99,Los Angeles Memorial Coliseum,outdoors,67.0,3.0,Home
2017_17_WAS_NYG,2017,17,2017-12-31,13:00,WAS,NYG,10,18,NYC01,MetLife Stadium,outdoors,16.0,16.0,Home
2018_01_ATL_PHI,2018,1,2018-09-06,20:20,ATL,PHI,12,18,PHI00,Lincoln Financial Field,outdoors,81.0,8.0,Home
2018_01_BUF_BAL,2018,1,2018-09-09,13:00,BUF,BAL,3,47,BAL00,M&T Bank Stadium,outdoors,61.0,12.0,Home
2018_01_CHI_GB,2018,1,2018-09-09,20:20,CHI,GB,23,24,GNB00,Lambeau Field,outdoors,62.0,10.0,Home
2018_01_DAL_CAR,2018,1,2018-09-09,16:25,DAL,CAR,8,16,CAR00,Bank of America Stadium,outdoors,81.0,9.0,Home
2018_01_HOU_NE,2018,1,2018-09-09,13:00,HOU,NE,20,27,BOS00,Gillette Stadium,outdoors,62.0,10.0,Home
2018_01_JAX_NYG,2018,1,2018-09-09,13:00,JAX,NYG,20,15,NYC01,MetLife Stadium,outdoors,59.0,7.0,Home
2018_01_KC_LAC,2018,1,2018-09-09,16:05,KC,LAC,38,28,LAX97,StubHub Center,outdoors,84.0,8.0,Home
2018_01_LA_OAK,2018,1,2018-09-10,22:20,LA,OAK,33,13,OAK00,Oakland-Alameda County Coliseum,outdoors,69.0,10.0,Home
2018_01_PIT_CLE,2018,1,2018-09-09,13:00,PIT,CLE,21,21,CLE00,FirstEnergy Stadium,outdoors,58.0,11.0,Home
2018_01_SEA_DEN,2018,1,2018-09-09,16:25,SEA,DEN,24,27,DEN00,Sports Authority Field at Mile High,outdoors,84.0,5.0,Home
2018_01_TEN_MIA,2018,1,2018-09-09,13:00,TEN,MIA,20,27,MIA00,Hard Rock Stadium,outdoors,89.0,7.0,Home
2018_02_ARI_LA,2018,2,2018-09-16,16:05,ARI,LA,0,34,LAX99,Los Angeles Memorial Coliseum,outdoors,86.0,2.0,Home
2018_02_BAL_CIN,2018,2,2018-09-13,20:20,BAL,CIN,23,34,CIN00,Paul Brown Stadium,outdoors,82.0,3.0,Home
2018_02_DET_SF,2018,2,2018-09-16,16:05,DET,SF,27,30,SFO01,Levi's Stadium,outdoors,73.0,12.0,Home
2018_02_HOU_TEN,2018,2,2018-09-16,13:00,HOU,TEN,17,20,NAS00,Nissan Stadium,outdoors,81.0,12.0,Home
2018_02_IND_WAS,2018,2,2018-09-16,13:00,IND,WAS,21,9,WAS00,FedExField,outdoors,71.0,5.0,Home
2018_02_KC_PIT,2018,2,2018-09-16,13:00,KC,PIT,42,37,PIT00,Heinz Field,outdoors,80.0,10.0,Home
2018_02_LAC_BUF,2018,2,2018-09-16,13:00,LAC,BUF,31,20,BUF00,New Era Field,outdoors,83.0,6.0,Home
2018_02_MIA_NYJ,2018,2,2018-09-16,13:00,MIA,NYJ,20,12,NYC01,MetLife Stadium,outdoors,80.0,4.0,Home
2018_02_MIN_GB,2018,2,2018-09-16,13:00,MIN,GB,29,29,GNB00,Lambeau Field,outdoors,80.0,5.0,Home
2018_02_NE_JAX,2018,2,2018-09-16,16:25,NE,JAX,20,31,JAX00,TIAA Bank Stadium,outdoors,97.0,15.0,Home
2018_02_OAK_DEN,2018,2,2018-09-16,16:25,OAK,DEN,19,20,DEN00,Sports Authority Field at Mile High,outdoors,92.0,4.0,Home
2018_02_PHI_TB,2018,2,2018-09-16,13:00,PHI,TB,21,27,TAM00,Raymond James Stadium,outdoors,91.0,9.0,Home
2018_02_SEA_CHI,2018,2,2018-09-17,20:15,SEA,CHI,17,24,CHI98,Soldier Field,outdoors,79.0,2.0,Home
2018_03_CIN_CAR,2018,3,2018-09-23,13:00,CIN,CAR,21,31,CAR00,Bank of America Stadium,outdoors,80.0,3.0,Home
2018_03_DAL_SEA,2018,3,2018-09-23,16:25,DAL,SEA,13,24,SEA00,CenturyLink Field,outdoors,61.0,4.0,Home
2018_03_DEN_BAL,2018,3,2018-09-23,13:00,DEN,BAL,14,27,BAL00,M&T Bank Stadium,outdoors,61.0,5.0,Home
2018_03_GB_WAS,2018,3,2018-09-23,13:00,GB,WAS,17,31,WAS00,FedExField,outdoors,62.0,6.0,Home
2018_03_IND_PHI,2018,3,2018-09-23,13:00,IND,PHI,16,20,PHI00,Lincoln Financial Field,outdoors,61.0,5.0,Home
2018_03_LAC_LA,2018,3,2018-09-23,16:05,LAC,LA,23,35,LAX99,Los Angeles Memorial Coliseum,outdoors,80.0,5.0,Home
2018_03_NYJ_CLE,2018,3,2018-09-20,20:20,NYJ,CLE,17,21,CLE00,FirstEnergy Stadium,outdoors,83.0,11.0,Home
2018_03_OAK_MIA,2018,3,2018-09-23,13:00,OAK,MIA,20,28,MIA00,Hard Rock Stadium,outdoors,90.0,7.0,Home
2018_03_PIT_TB,2018,3,2018-09-24,20:15,PIT,TB,30,27,TAM00,Raymond James Stadium,outdoors,77.0,5.0,Home
2018_03_SF_KC,2018,3,2018-09-23,13:00,SF,KC,27,38,KAN00,Arrowhead Stadium,outdoors,70.0,4.0,Home
2018_03_TEN_JAX,2018,3,2018-09-23,13:00,TEN,JAX,9,6,JAX00,TIAA Bank Stadium,outdoors,89.0,10.0,Home
2018_04_BAL_PIT,2018,4,2018-09-30,20:20,BAL,PIT,26,14,PIT00,Heinz Field,outdoors,69.0,2.0,Home
2018_04_BUF_GB,2018,4,2018-09-30,13:00,BUF,GB,0,22,GNB00,Lambeau Field,outdoors,49.0,9.0,Home
2018_04_CLE_OAK,2018,4,2018-09-30,16:05,CLE,OAK,42,45,OAK00,Oakland-Alameda County Coliseum,outdoors,71.0,8.0,Home
2018_04_KC_DEN,2018,4,2018-10-01,20:15,KC,DEN,27,23,DEN00,Sports Authority Field at Mile High,outdoors,65.0,5.0,Home
2018_04_MIA_NE,2018,4,2018-09-30,13:00,MIA,NE,7,38,BOS00,Gillette Stadium,outdoors,65.0,6.0,Home
2018_04_MIN_LA,2018,4,2018-09-27,20:20,MIN,LA,31,38,LAX99,Los Angeles Memorial Coliseum,outdoors,75.0,3.0,Home
2018_04_NO_NYG,2018,4,2018-09-30,16:25,NO,NYG,33,18,NYC01,MetLife Stadium,outdoors,71.0,7.0,Home
2018_04_NYJ_JAX,2018,4,2018-09-30,13:00,NYJ,JAX,12,31,JAX00,TIAA Bank Stadium,outdoors,86.0,10.0,Home
2018_04_PHI_TEN,2018,4,2018-09-30,13:00,PHI,TEN,23,26,NAS00,Nissan Stadium,outdoors,80.0,4.0,Home
2018_04_SF_LAC,2018,4,2018-09-30,16:25,SF,LAC,27,29,LAX97,StubHub Center,outdoors,78.0,9.0,Home
2018_04_TB_CHI,2018,4,2018-09-30,13:00,TB,CHI,10,48,CHI98,Soldier Field,outdoors,66.0,5.0,Home
2018_05_ARI_SF,2018,5,2018-10-07,16:25,ARI,SF,28,18,SFO01,Levi's Stadium,outdoors,79.0,15.0,Home
2018_05_ATL_PIT,2018,5,2018-10-07,13:00,ATL,PIT,17,41,PIT00,Heinz Field,outdoors,83.0,5.0,Home
2018_05_BAL_CLE,2018,5,2018-10-07,13:00,BAL,CLE,9,12,CLE00,FirstEnergy Stadium,outdoors,72.0,5.0,Home
2018_05_DEN_NYJ,2018,5,2018-10-07,13:00,DEN,NYJ,16,34,NYC01,MetLife Stadium,outdoors,77.0,7.0,Home
2018_05_IND_NE,2018,5,2018-10-04,20:20,IND,NE,24,38,BOS00,Gillette Stadium,outdoors,66.0,6.0,Home
2018_05_JAX_KC,2018,5,2018-10-07,13:00,JAX,KC,14,30,KAN00,Arrowhead Stadium,outdoors,58.0,5.0,Home
2018_05_LA_SEA,2018,5,2018-10-07,16:25,LA,SEA,33,31,SEA00,CenturyLink Field,outdoors,53.0,5.0,Home
2018_05_MIA_CIN,2018,5,2018-10-07,13:00,MIA,CIN,17,27,CIN00,Paul Brown Stadium,outdoors,87.0,4.0,Home
2018_05_MIN_PHI,2018,5,2018-10-07,16:25,MIN,PHI,23,21,PHI00,Lincoln Financial Field,outdoors,79.0,6.0,Home
2018_05_NYG_CAR,2018,5,2018-10-07,13:00,NYG,CAR,31,33,CAR00,Bank of America Stadium,outdoors,80.0,3.0,Home
2018_05_OAK_LAC,2018,5,2018-10-07,16:05,OAK,LAC,10,26,LAX97,StubHub Center,outdoors,75.0,10.0,Home
2018_05_TEN_BUF,2018,5,2018-10-07,13:00,TEN,BUF,12,13,BUF00,New Era Field,outdoors,62.0,8.0,Home
2018_06_BAL_TEN,2018,6,2018-10-14,16:25,BAL,TEN,21,0,NAS00,Nissan Stadium,outdoors,66.0,4.0,Home
2018_06_CAR_WAS,2018,6,2018-10-14,13:00,CAR,WAS,17,23,WAS00,FedExField,outdoors,52.0,0.0,Home
2018_06_CHI_MIA,2018,6,2018-10-14,13:00,CHI,MIA,28,31,MIA00,Hard Rock Stadium,outdoors,89.0,8.0,Home
2018_06_IND_NYJ,2018,6,2018-10-14,13:00,IND,NYJ,34,42,NYC01,MetLife Stadium,outdoors,60.0,7.0,Home
2018_06_KC_NE,2018,6,2018-10-14,20:20,KC,NE,40,43,BOS00,Gillette Stadium,outdoors,45.0,0.0,Home
2018_06_LAC_CLE,2018,6,2018-10-14,13:00,LAC,CLE,38,14,CLE00,FirstEnergy Stadium,outdoors,51.0,9.0,Home
2018_06_LA_DEN,2018,6,2018-10-14,16:05,LA,DEN,23,20,DEN00,Sports Authority Field at Mile High,outdoors,25.0,6.0,Home
2018_06_PHI_NYG,2018,6,2018-10-11,20:20,PHI,NYG,34,13,NYC01,MetLife Stadium,outdoors,70.0,3.0,Home
2018_06_PIT_CIN,2018,6,2018-10-14,13:00,PIT,CIN,28,21,CIN00,Paul Brown Stadium,outdoors,51.0,6.0,Home
2018_06_SEA_OAK,2018,6,2018-10-14,13:00,SEA,OAK,27,3,LON00,Wembley Stadium,outdoors,52.0,10.0,Neutral
2018_06_SF_GB,2018,6,2018-10-15,20:15,SF,GB,30,33,GNB00,Lambeau Field,outdoors,37.0,5.0,Home
2018_06_TB_ATL,2018,6,2018-10-14,13:00,TB,ATL,29,34,ATL97,Mercedes-Benz Stadium,open,,,Home
2018_07_CAR_PHI,2018,7,2018-10-21,13:00,CAR,PHI,21,17,PHI00,Lincoln Financial Field,outdoors,49.0,19.0,Home
2018_07_CIN_KC,2018,7,2018-10-21,20:20,CIN,KC,10,45,KAN00,Arrowhead Stadium,outdoors,59.0,10.0,Home
2018_07_CLE_TB,2018,7,2018-10-21,13:00,CLE,TB,23,26,TAM00,Raymond James Stadium,outdoors,79.0,7.0,Home
2018_07_DAL_WAS,2018,7,2018-10-21,16:25,DAL,WAS,17,20,WAS00,FedExField,outdoors,52.0,12.0,Home
2018_07_DET_MIA,2018,7,2018-10-21,13:00,DET,MIA,32,21,MIA00,Hard Rock Stadium,outdoors,89.0,8.0,Home
2018_07_HOU_JAX,2018,7,2018-10-21,13:00,HOU,JAX,20,7,JAX00,TIAA Bank Stadium,outdoors,68.0,15.0,Home
2018_07_LA_SF,2018,7,2018-10-21,16:25,LA,SF,39,10,SFO01,Levi's Stadium,outdoors,62.0,5.0,Home
2018_07_MIN_NYJ,2018,7,2018-10-21,13:00,MIN,NYJ,37,17,NYC01,MetLife Stadium,outdoors,46.0,16.0,Home
2018_07_NE_CHI,2018,7,2018-10-21,13:00,NE,CHI,38,31,CHI98,Soldier Field,outdoors,44.0,9.0,Home
2018_07_NO_BAL,2018,7,2018-10-21,16:05,NO,BAL,24,23,BAL00,M&T Bank Stadium,outdoors,54.0,15.0,Home
2018_07_NYG_ATL,2018,7,2018-10-22,20:15,NYG,ATL,20,23,ATL97,Mercedes-Benz Stadium,open,,,Home
2018_07_TEN_LAC,2018,7,2018-10-21,21:30,TEN,LAC,19,20,LON00,Wembley Stadium,outdoors,66.0,6.0,Neutral
2018_08_BAL_CAR,2018,8,2018-10-28,13:00,BAL,CAR,21,36,CAR00,Bank of America Stadium,outdoors,61.0,10.0,Home
2018_08_CLE_PIT,2018,8,2018-10-28,13:00,CLE,PIT,18,33,PIT00,Heinz Field,outdoors,47.0,11.0,Home
2018_08_DEN_KC,2018,8,2018-10-28,13:00,DEN,KC,23,30,KAN00,Arrowhead Stadium,outdoors,56.0,12.0,Home
2018_08_GB_LA,2018,8,2018-10-28,16:25,GB,LA,27,29,LAX99,Los Angeles Memorial Coliseum,outdoors,82.0,1.0,Home
2018_08_IND_OAK,2018,8,2018-10-28,16:05,IND,OAK,42,28,OAK00,Oakland-Alameda County Coliseum,outdoors,69.0,8.0,Home
2018_08_NE_BUF,2018,8,2018-10-29,20:15,NE,BUF,25,6,BUF00,New Era Field,outdoors,46.0,16.0,Home
2018_08_NYJ_CHI,2018,8,2018-10-28,13:00,NYJ,CHI,10,24,CHI98,Soldier Field,outdoors,48.0,18.0,Home
2018_08_PHI_JAX,2018,8,2018-10-28,21:30,PHI,JAX,24,18,LON00,Wembley Stadium,outdoors,48.0,12.0,Neutral
2018_08_TB_CIN,2018,8,2018-10-28,13:00,TB,CIN,34,37,CIN00,Paul Brown Stadium,outdoors,55.0,7.0,Home
2018_08_WAS_NYG,2018,8,2018-10-28,13:00,WAS,NYG,20,13,NYC01,MetLife Stadium,outdoors,51.0,11.0,Home
2018_09_ATL_WAS,2018,9,2018-11-04,13:00,ATL,WAS,38,14,WAS00,FedExField,outdoors,55.0,5.0,Home
2018_09_CHI_BUF,2018,9,2018-11-04,13:00,CHI,BUF,41,9,BUF00,New Era Field,outdoors,49.0,12.0,Home
2018_09_GB_NE,2018,9,2018-11-04,20:20,GB,NE,17,31,BOS00,Gillette Stadium,outdoors,40.0,2.0,Home
2018_09_HOU_DEN,2018,9,2018-11-04,16:05,HOU,DEN,19,17,DEN00,Sports Authority Field at Mile High,outdoors,53.0,3.0,Home
2018_09_KC_CLE,2018,9,2018-11-04,13:00,KC,CLE,37,21,CLE00,FirstEnergy Stadium,outdoors,53.0,16.0,Home
2018_09_LAC_SEA,2018,9,2018-11-04,16:05,LAC,SEA,25,17,SEA00,CenturyLink Field,outdoors,56.0,4.0,Home
2018_09_NYJ_MIA,2018,9,2018-11-04,13:00,NYJ,MIA,6,13,MIA00,Hard Rock Stadium,outdoors,87.0,16.0,Home
2018_09_OAK_SF,2018,9,2018-11-01,20:20,OAK,SF,3,34,SFO01,Levi's Stadium,outdoors,82.0,8.0,Home
2018_09_PIT_BAL,2018,9,2018-11-04,13:00,PIT,BAL,23,16,BAL00,M&T Bank Stadium,outdoors,55.0,6.0,Home
2018_09_TB_CAR,2018,9,2018-11-04,13:00,TB,CAR,28,42,CAR00,Bank of America Stadium,outdoors,62.0,8.0,Home
2018_10_ARI_KC,2018,10,2018-11-11,13:00,ARI,KC,14,26,KAN00,Arrowhead Stadium,outdoors,43.0,5.0,Home
2018_10_ATL_CLE,2018,10,2018-11-11,13:00,ATL,CLE,16,28,CLE00,FirstEnergy Stadium,outdoors,36.0,9.0,Home
2018_10_BUF_NYJ,2018,10,2018-11-11,13:00,BUF,NYJ,41,10,NYC01,MetLife Stadium,outdoors,46.0,10.0,Home
2018_10_CAR_PIT,2018,10,2018-11-08,20:20,CAR,PIT,21,52,PIT00,Heinz Field,outdoors,40.0,4.0,Home
2018_10_DAL_PHI,2018,10,2018-11-11,20:20,DAL,PHI,27,20,PHI00,Lincoln Financial Field,outdoors,38.0,5.0,Home
2018_10_DET_CHI,2018,10,2018-11-11,13:00,DET,CHI,22,34,CHI98,Soldier Field,outdoors,37.0,12.0,Home
2018_10_LAC_OAK,2018,10,2018-11-11,16:05,LAC,OAK,20,6,OAK00,Oakland-Alameda County Coliseum,outdoors,69.0,16.0,Home
2018_10_MIA_GB,2018,10,2018-11-11,16:25,MIA,GB,12,31,GNB00,Lambeau Field,outdoors,33.0,6.0,Home
2018_10_NE_TEN,2018,10,2018-11-11,13:00,NE,TEN,10,34,NAS00,Nissan Stadium,outdoors,46.0,4.0,Home
2018_10_NO_CIN,2018,10,2018-11-11,13:00,NO,CIN,51,14,CIN00,Paul Brown Stadium,outdoors,39.0,6.0,Home
2018_10_NYG_SF,2018,10,2018-11-12,20:15,NYG,SF,27,23,SFO01,Levi's Stadium,outdoors,62.0,0.0,Home
2018_10_SEA_LA,2018,10,2018-11-11,16:25,SEA,LA,31,36,LAX99,Los Angeles Memorial Coliseum,outdoors,75.0,1.0,Home
2018_10_WAS_TB,2018,10,2018-11-11,13:00,WAS,TB,16,3,TAM00,Raymond James Stadium,outdoors,82.0,3.0,Home
2018_11_CIN_BAL,2018,11,2018-11-18,13:00,CIN,BAL,21,24,BAL00,M&T Bank Stadium,outdoors,48.0,8.0,Home
2018_11_DAL_ATL,2018,11,2018-11-18,13:00,DAL,ATL,22,19,ATL97,Mercedes-Benz Stadium,open,,,Home
2018_11_DEN_LAC,2018,11,2018-11-18,16:05,DEN,LAC,23,22,LAX97,StubHub Center,outdoors,69.0,4.0,Home
2018_11_GB_SEA,2018,11,2018-11-15,20:20,GB,SEA,24,27,SEA00,CenturyLink Field,outdoors,54.0,6.0,Home
2018_11_HOU_WAS,2018,11,2018-11-18,13:00,HOU,WAS,23,21,WAS00,FedExField,outdoors,48.0,6.0,Home
2018_11_KC_LA,2018,11,2018-11-19,20:15,KC,LA,51,54,LAX99,Los Angeles Memorial Coliseum,outdoors,65.0,0.0,Home
2018_11_MIN_CHI,2018,11,2018-11-18,20:20,MIN,CHI,20,25,CHI98,Soldier Field,outdoors,33.0,6.0,Home
2018_11_PIT_JAX,2018,11,2018-11-18,13:00,PIT,JAX,20,16,JAX00,TIAA Bank Stadium,outdoors,73.0,8.0,Home
2018_11_TB_NYG,2018,11,2018-11-18,13:00,TB,NYG,35,38,NYC01,MetLife Stadium,outdoors,42.0,1.0,Home
2018_12_ARI_LAC,2018,12,2018-11-25,16:05,ARI,LAC,10,45,LAX97,StubHub Center,outdoors,74.0,3.0,Home
2018_12_CLE_CIN,2018,12,2018-11-25,13:00,CLE,CIN,35,20,CIN00,Paul Brown Stadium,outdoors,44.0,4.0,Home
2018_12_JAX_BUF,2018,12,2018-11-25,13:00,JAX,BUF,21,24,BUF00,New Era Field,outdoors,44.0,12.0,Home
2018_12_NE_NYJ,2018,12,2018-11-25,13:00,NE,NYJ,27,13,NYC01,MetLife Stadium,outdoors,54.0,8.0,Home
2018_12_NYG_PHI,2018,12,2018-11-25,13:00,NYG,PHI,22,25,PHI00,Lincoln Financial Field,outdoors,56.0,10.0,Home
2018_12_OAK_BAL,2018,12,2018-11-25,13:00,OAK,BAL,17,34,BAL00,M&T Bank Stadium,outdoors,60.0,7.0,Home
2018_12_PIT_DEN,2018,12,2018-11-25,16:25,PIT,DEN,17,24,DEN00,Sports Authority Field at Mile High,outdoors,41.0,7.0,Home
2018_12_SEA_CAR,2018,12,2018-11-25,13:00,SEA,CAR,30,27,CAR00,Bank of America Stadium,outdoors,57.0,1.0,Home
2018_12_SF_TB,2018,12,2018-11-25,13:00,SF,TB,9,27,TAM00,Raymond James Stadium,outdoors,77.0,7.0,Home
2018_13_ARI_GB,2018,13,2018-12-02,13:00,ARI,GB,20,17,GNB00,Lambeau Field,outdoors,34.0,20.0,Home
2018_13_BAL_ATL,2018,13,2018-12-02,13:00,BAL,ATL,26,16,ATL97,Mercedes-Benz Stadium,open,,,Home
2018_13_BUF_MIA,2018,13,2018-12-02,13:00,BUF,MIA,17,21,MIA00,Hard Rock Stadium,outdoors,86.0,15.0,Home
2018_13_CAR_TB,2018,13,2018-12-02,13:00,CAR,TB,17,24,TAM00,Raymond James Stadium,outdoors,81.0,15.0,Home
2018_13_CHI_NYG,2018,13,2018-12-02,13:00,CHI,NYG,27,30,NYC01,MetLife Stadium,outdoors,52.0,3.0,Home
2018_13_DEN_CIN,2018,13,2018-12-02,13:00,DEN,CIN,24,10,CIN00,Paul Brown Stadium,outdoors,63.0,12.0,Home
2018_13_IND_JAX,2018,13,2018-12-02,13:00,IND,JAX,0,6,JAX00,TIAA Bank Stadium,outdoors,78.0,13.0,Home
2018_13_KC_OAK,2018,13,2018-12-02,16:05,KC,OAK,40,33,OAK00,Oakland-Alameda County Coliseum,outdoors,57.0,6.0,Home
2018_13_LAC_PIT,2018,13,2018-12-02,20:20,LAC,PIT,33,30,PIT00,Heinz Field,outdoors,57.0,8.0,Home
2018_13_MIN_NE,2018,13,2018-12-02,16:25,MIN,NE,10,24,BOS00,Gillette Stadium,outdoors,53.0,6.0,Home
2018_13_NYJ_TEN,2018,13,2018-12-02,16:05,NYJ,TEN,22,26,NAS00,Nissan Stadium,outdoors,70.0,13.0,Home
2018_13_SF_SEA,2018,13,2018-12-02,16:25,SF,SEA,16,43,SEA00,CenturyLink Field,outdoors,45.0,2.0,Home
2018_13_WAS_PHI,2018,13,2018-12-03,20:15,WAS,PHI,13,28,PHI00,Lincoln Financial Field,outdoors,36.0,15.0,Home
2018_14_ATL_GB,2018,14,2018-12-09,13:00,ATL,GB,20,34,GNB00,Lambeau Field,outdoors,25.0,10.0,Home
2018_14_BAL_KC,2018,14,2018-12-09,13:00,BAL,KC,24,27,KAN00,Arrowhead Stadium,outdoors,27.0,0.0,Home
2018_14_CAR_CLE,2018,14,2018-12-09,13:00,CAR,CLE,20,26,CLE00,FirstEnergy Stadium,outdoors,28.0,4.0,Home
2018_14_CIN_LAC,2018,14,2018-12-09,16:05,CIN,LAC,21,26,LAX97,StubHub Center,outdoors,,,Home
2018_14_DEN_SF,2018,14,2018-12-09,16:05,DEN,SF,14,20,SFO01,Levi's Stadium,outdoors,54.0,3.0,Home
2018_14_JAX_TEN,2018,14,2018-12-06,20:20,JAX,TEN,9,30,NAS00,Nissan Stadium,outdoors,44.0,5.0,Home
2018_14_LA_CHI,2018,14,2018-12-09,20:20,LA,CHI,6,15,CHI98,Soldier Field,outdoors,29.0,4.0,Home
2018_14_MIN_SEA,2018,14,2018-12-10,20:15,MIN,SEA,7,21,SEA00,CenturyLink Field,outdoors,48.0,9.0,Home
2018_14_NE_MIA,2018,14,2018-12-09,13:00,NE,MIA,33,34,MIA00,Hard Rock Stadium,outdoors,82.0,13.0,Home
2018_14_NO_TB,2018,14,2018-12-09,13:00,NO,TB,28,14,TAM00,Raymond James Stadium,outdoors,71.0,7.0,Home
2018_14_NYG_WAS,2018,14,2018-12-09,13:00,NYG,WAS,40,16,WAS00,FedExField,outdoors,33.0,6.0,Home
2018_14_NYJ_BUF,2018,14,2018-12-09,13:00,NYJ,BUF,27,23,BUF00,New Era Field,outdoors,31.0,12.0,Home
2018_14_PIT_OAK,2018,14,2018-12-09,16:25,PIT,OAK,21,24,OAK00,Oakland-Alameda County Coliseum,outdoors,55.0,8.0,Home
2018_15_CLE_DEN,2018,15,2018-12-15,20:20,CLE,DEN,17,16,DEN00,Sports Authority Field at Mile High,outdoors,46.0,0.0,Home
2018_15_DET_BUF,2018,15,2018-12-16,13:00,DET,BUF,13,14,BUF00,New Era Field,outdoors,39.0,7.0,Home
2018_15_GB_CHI,2018,15,2018-12-16,13:00,GB,CHI,17,24,CHI98,Soldier Field,outdoors,45.0,10.0,Home
2018_15_HOU_NYJ,2018,15,2018-12-15,16:30,HOU,NYJ,29,22,NYC01,MetLife Stadium,outdoors,51.0,8.0,Home
2018_15_LAC_KC,2018,15,2018-12-13,20:20,LAC,KC,29,28,KAN00,Arrowhead Stadium,outdoors,39.0,5.0,Home
2018_15_NE_PIT,2018,15,2018-12-16,16:25,NE,PIT,10,17,PIT00,Heinz Field,outdoors,42.0,5.0,Home
2018_15_NO_CAR,2018,15,2018-12-17,20:15,NO,CAR,12,9,CAR00,Bank of America Stadium,outdoors,48.0,3.0,Home
2018_15_OAK_CIN,2018,15,2018-12-16,13:00,OAK,CIN,16,30,CIN00,Paul Brown Stadium,outdoors,43.0,2.0,Home
2018_15_PHI_LA,2018,15,2018-12-16,20:20,PHI,LA,30,23,LAX99,Los Angeles Memorial Coliseum,outdoors,60.0,5.0,Home
2018_15_SEA_SF,2018,15,2018-12-16,16:05,SEA,SF,23,26,SFO01,Levi's Stadium,outdoors,61.0,11.0,Home
2018_15_TB_BAL,2018,15,2018-12-16,13:00,TB,BAL,12,20,BAL00,M&T Bank Stadium,outdoors,43.0,10.0,Home
2018_15_TEN_NYG,2018,15,2018-12-16,13:00,TEN,NYG,17,0,NYC01,MetLife Stadium,outdoors,40.0,6.0,Home
2018_15_WAS_JAX,2018,15,2018-12-16,13:00,WAS,JAX,16,13,JAX00,TIAA Bank Stadium,outdoors,64.0,12.0,Home
2018_16_ATL_CAR,2018,16,2018-12-23,13:00,ATL,CAR,24,10,CAR00,Bank of America Stadium,outdoors,52.0,7.0,Home
2018_16_BAL_LAC,2018,16,2018-12-22,20:20,BAL,LAC,22,10,LAX97,StubHub Center,outdoors,60.0,5.0,Home
2018_16_BUF_NE,2018,16,2018-12-23,13:00,BUF,NE,12,24,BOS00,Gillette Stadium,outdoors,40.0,12.0,Home
2018_16_CHI_SF,2018,16,2018-12-23,16:05,CHI,SF,14,9,SFO01,Levi's Stadium,outdoors,50.0,5.0,Home
2018_16_CIN_CLE,2018,16,2018-12-23,13:00,CIN,CLE,18,26,CLE00,FirstEnergy Stadium,outdoors,37.0,9.0,Home
2018_16_DEN_OAK,2018,16,2018-12-24,20:15,DEN,OAK,14,27,OAK00,Oakland-Alameda County Coliseum,outdoors,58.0,14.0,Home
2018_16_GB_NYJ,2018,16,2018-12-23,13:00,GB,NYJ,44,38,NYC01,MetLife Stadium,outdoors,43.0,8.0,Home
2018_16_HOU_PHI,2018,16,2018-12-23,13:00,HOU,PHI,30,32,PHI00,Lincoln Financial Field,outdoors,44.0,5.0,Home
2018_16_JAX_MIA,2018,16,2018-12-23,13:00,JAX,MIA,17,7,MIA00,Hard Rock Stadium,outdoors,73.0,9.0,Home
2018_16_KC_SEA,2018,16,2018-12-23,20:20,KC,SEA,31,38,SEA00,CenturyLink Field,outdoors,43.0,8.0,Home
2018_16_WAS_TEN,2018,16,2018-12-22,16:30,WAS,TEN,16,25,NAS00,Nissan Stadium,outdoors,51.0,9.0,Home
2018_17_ARI_SEA,2018,17,2018-12-30,16:25,ARI,SEA,24,27,SEA00,CenturyLink Field,outdoors,45.0,5.0,Home
2018_17_ATL_TB,2018,17,2018-12-30,13:00,ATL,TB,34,32,TAM00,Raymond James Stadium,outdoors,80.0,5.0,Home
2018_17_CIN_PIT,2018,17,2018-12-30,16:25,CIN,PIT,13,16,PIT00,Heinz Field,outdoors,42.0,9.0,Home
2018_17_CLE_BAL,2018,17,2018-12-30,16:25,CLE,BAL,24,26,BAL00,M&T Bank Stadium,outdoors,48.0,2.0,Home
2018_17_DAL_NYG,2018,17,2018-12-30,13:00,DAL,NYG,36,35,NYC01,MetLife Stadium,outdoors,37.0,2.0,Home
2018_17_DET_GB,2018,17,2018-12-30,13:00,DET,GB,31,0,GNB00,Lambeau Field,outdoors,26.0,15.0,Home
2018_17_IND_TEN,2018,17,2018-12-30,20:20,IND,TEN,33,17,NAS00,Nissan Stadium,outdoors,53.0,4.0,Home
2018_17_LAC_DEN,2018,17,2018-12-30,16:25,LAC,DEN,23,9,DEN00,Sports Authority Field at Mile High,outdoors,51.0,6.0,Home
2018_17_MIA_BUF,2018,17,2018-12-30,13:00,MIA,BUF,17,42,BUF00,New Era Field,outdoors,33.0,9.0,Home
2018_17_NYJ_NE,2018,17,2018-12-30,13:00,NYJ,NE,3,38,BOS00,Gillette Stadium,outdoors,33.0,2.0,Home
2018_17_OAK_KC,2018,17,2018-12-30,16:25,OAK,KC,3,35,KAN00,Arrowhead Stadium,outdoors,45.0,15.0,Home
2018_17_PHI_WAS,2018,17,2018-12-30,16:25,PHI,WAS,24,0,WAS00,FedExField,outdoors,46.0,3.0,Home
2018_17_SF_LA,2018,17,2018-12-30,16:25,SF,LA,32,48,LAX99,Los Angeles Memorial Coliseum,outdoors,65.0,3.0,Home
2019_01_BAL_MIA,2019,1,2019-09-08,13:00,BAL,MIA,59,10,MIA00,Hard Rock Stadium,outdoors,91.0,8.0,Home
2019_01_BUF_NYJ,2019,1,2019-09-08,13:00,BUF,NYJ,17,16,NYC01,MetLife Stadium,outdoors,77.0,6.0,Home
2019_01_CIN_SEA,2019,1,2019-09-08,16:05,CIN,SEA,20,21,SEA00,CenturyLink Field,outdoors,64.0,7.0,Home
2019_01_DEN_OAK,2019,1,2019-09-09,22:20,DEN,OAK,16,24,OAK00,Ring Central Coliseum,outdoors,68.0,15.0,Home
2019_01_GB_CHI,2019,1,2019-09-05,20:20,GB,CHI,10,3,CHI98,Soldier Field,outdoors,65.0,10.0,Home
2019_01_IND_LAC,2019,1,2019-09-08,16:05,IND,LAC,24,30,LAX97,StubHub Center,outdoors,77.0,10.0,Home
2019_01_KC_JAX,2019,1,2019-09-08,13:00,KC,JAX,40,26,JAX00,TIAA Bank Stadium,outdoors,91.0,6.0,Home
2019_01_LA_CAR,2019,1,2019-09-08,13:00,LA,CAR,30,27,CAR00,Bank of America Stadium,outdoors,87.0,3.0,Home
2019_01_PIT_NE,2019,1,2019-09-08,20:20,PIT,NE,3,33,BOS00,Gillette Stadium,outdoors,66.0,2.0,Home
2019_01_SF_TB,2019,1,2019-09-08,16:25,SF,TB,31,17,TAM00,Raymond James Stadium,outdoors,93.0,9.0,Home
2019_01_TEN_CLE,2019,1,2019-09-08,13:00,TEN,CLE,43,13,CLE00,FirstEnergy Stadium,outdoors,71.0,10.0,Home
2019_01_WAS_PHI,2019,1,2019-09-08,13:00,WAS,PHI,27,32,PHI00,Lincoln Financial Field,outdoors,79.0,4.0,Home
2019_02_ARI_BAL,2019,2,2019-09-15,13:00,ARI,BAL,17,23,BAL00,M&T Bank Stadium,outdoors,82.0,8.0,Home
2019_02_BUF_NYG,2019,2,2019-09-15,13:00,BUF,NYG,28,14,NYC01,MetLife Stadium,outdoors,79.0,5.0,Home
2019_02_CHI_DEN,2019,2,2019-09-15,16:25,CHI,DEN,16,14,DEN00,Empower Field at Mile High,outdoors,87.0,3.0,Home
2019_02_CLE_NYJ,2019,2,2019-09-16,20:15,CLE,NYJ,23,3,NYC01,MetLife Stadium,outdoors,72.0,3.0,Home
2019_02_DAL_WAS,2019,2,2019-09-15,13:00,DAL,WAS,31,21,WAS00,FedExField,outdoors,80.0,7.0,Home
2019_02_IND_TEN,2019,2,2019-09-15,13:00,IND,TEN,19,17,NAS00,Nissan Stadium,outdoors,93.0,1.0,Home
2019_02_KC_OAK,2019,2,2019-09-15,16:05,KC,OAK,28,10,OAK00,Ring Central Coliseum,outdoors,70.0,13.0,Home
2019_02_MIN_GB,2019,2,2019-09-15,13:00,MIN,GB,16,21,GNB00,Lambeau Field,outdoors,72.0,5.0,Home
2019_02_NE_MIA,2019,2,2019-09-15,13:00,NE,MIA,43,0,MIA00,Hard Rock Stadium,outdoors,87.0,4.0,Home
2019_02_NO_LA,2019,2,2019-09-15,16:25,NO,LA,9,27,LAX99,Los Angeles Memorial Coliseum,outdoors,85.0,4.0,Home
2019_02_PHI_ATL,2019,2,2019-09-15,20:20,PHI,ATL,20,24,ATL97,Mercedes-Benz Stadium,open,,,Home
2019_02_SEA_PIT,2019,2,2019-09-15,13:00,SEA,PIT,28,26,PIT00,Heinz Field,outdoors,81.0,3.0,Home
2019_02_SF_CIN,2019,2,2019-09-15,13:00,SF,CIN,41,17,CIN00,Paul Brown Stadium,outdoors,81.0,5.0,Home
2019_02_TB_CAR,2019,2,2019-09-12,20:20,TB,CAR,20,14,CAR00,Bank of America Stadium,outdoors,85.0,3.0,Home
2019_03_BAL_KC,2019,3,2019-09-22,13:00,BAL,KC,28,33,KAN00,Arrowhead Stadium,outdoors,,,Home
2019_03_CHI_WAS,2019,3,2019-09-23,20:15,CHI,WAS,31,15,WAS00,FedExField,outdoors,87.0,5.0,Home
2019_03_CIN_BUF,2019,3,2019-09-22,13:00,CIN,BUF,17,21,BUF00,New Era Field,outdoors,83.0,13.0,Home
2019_03_DEN_GB,2019,3,2019-09-22,13:00,DEN,GB,16,27,GNB00,Lambeau Field,outdoors,69.0,7.0,Home
2019_03_DET_PHI,2019,3,2019-09-22,13:00,DET,PHI,27,24,PHI00,Lincoln Financial Field,outdoors,84.0,7.0,Home
2019_03_HOU_LAC,2019,3,2019-09-22,16:25,HOU,LAC,27,20,LAX97,StubHub Center,outdoors,87.0,4.0,Home
2019_03_LA_CLE,2019,3,2019-09-22,20:20,LA,CLE,20,13,CLE00,FirstEnergy Stadium,outdoors,83.0,12.0,Home
2019_03_NO_SEA,2019,3,2019-09-22,16:25,NO,SEA,33,27,SEA00,CenturyLink Field,outdoors,63.0,8.0,Home
2019_03_NYG_TB,2019,3,2019-09-22,16:05,NYG,TB,32,31,TAM00,Raymond James Stadium,outdoors,88.0,11.0,Home
2019_03_NYJ_NE,2019,3,2019-09-22,13:00,NYJ,NE,14,30,BOS00,Gillette Stadium,outdoors,81.0,10.0,Home
2019_03_PIT_SF,2019,3,2019-09-22,16:25,PIT,SF,20,24,SFO01,Levi's Stadium,outdoors,79.0,3.0,Home
2019_03_TEN_JAX,2019,3,2019-09-19,20:20,TEN,JAX,7,20,JAX00,TIAA Bank Stadium,outdoors,73.0,9.0,Home
2019_04_CIN_PIT,2019,4,2019-09-30,20:15,CIN,PIT,3,27,PIT00,Heinz Field,outdoors,76.0,1.0,Home
2019_04_CLE_BAL,2019,4,2019-09-29,13:00,CLE,BAL,40,25,BAL00,M&T Bank Stadium,outdoors,83.0,8.0,Home
2019_04_JAX_DEN,2019,4,2019-09-29,16:25,JAX,DEN,26,24,DEN00,Empower Field at Mile High,outdoors,87.0,14.0,Home
2019_04_LAC_MIA,2019,4,2019-09-29,13:00,LAC,MIA,30,10,MIA00,Hard Rock Stadium,outdoors,88.0,15.0,Home
2019_04_MIN_CHI,2019,4,2019-09-29,16:25,MIN,CHI,6,16,CHI98,Soldier Field,outdoors,67.0,8.0,Home
2019_04_NE_BUF,2019,4,2019-09-29,13:00,NE,BUF,16,10,BUF00,New Era Field,outdoors,58.0,10.0,Home
2019_04_PHI_GB,2019,4,2019-09-26,20:20,PHI,GB,34,27,GNB00,Lambeau Field,outdoors,60.0,3.0,Home
2019_04_TB_LA,2019,4,2019-09-29,16:05,TB,LA,55,40,LAX99,Los Angeles Memorial Coliseum,outdoors,74.0,2.0,Home
2019_04_WAS_NYG,2019,4,2019-09-29,13:00,WAS,NYG,3,24,NYC01,MetLife Stadium,outdoors,77.0,11.0,Home
2019_05_ARI_CIN,2019,5,2019-10-06,13:00,ARI,CIN,26,23,CIN00,Paul Brown Stadium,outdoors,76.0,6.0,Home
2019_05_BAL_PIT,2019,5,2019-10-06,13:00,BAL,PIT,26,23,PIT00,Heinz Field,outdoors,70.0,7.0,Home
2019_05_BUF_TEN,2019,5,2019-10-06,13:00,BUF,TEN,14,7,NAS00,Nissan Stadium,outdoors,77.0,13.0,Home
2019_05_CHI_OAK,2019,5,2019-10-06,13:00,CHI,OAK,21,24,LON02,Tottenham Stadium,outdoors,59.0,15.0,Neutral
2019_05_CLE_SF,2019,5,2019-10-07,20:15,CLE,SF,3,31,SFO01,Levi's Stadium,outdoors,87.0,8.0,Home
2019_05_DEN_LAC,2019,5,2019-10-06,16:05,DEN,LAC,20,13,LAX97,StubHub Center,outdoors,85.0,12.0,Home
2019_05_IND_KC,2019,5,2019-10-06,20:20,IND,KC,19,13,KAN00,Arrowhead Stadium,outdoors,59.0,3.0,Home
2019_05_JAX_CAR,2019,5,2019-10-06,13:00,JAX,CAR,27,34,CAR00,Bank of America Stadium,outdoors,72.0,4.0,Home
2019_05_LA_SEA,2019,5,2019-10-03,20:20,LA,SEA,29,30,SEA00,CenturyLink Field,outdoors,57.0,7.0,Home
2019_05_MIN_NYG,2019,5,2019-10-06,13:00,MIN,NYG,28,10,NYC01,MetLife Stadium,outdoors,66.0,10.0,Home
2019_05_NE_WAS,2019,5,2019-10-06,13:00,NE,WAS,33,7,WAS00,FedExField,outdoors,70.0,8.0,Home
2019_05_NYJ_PHI,2019,5,2019-10-06,13:00,NYJ,PHI,6,31,PHI00,Lincoln Financial Field,outdoors,68.0,10.0,Home
2019_06_CAR_TB,2019,6,2019-10-13,09:30,CAR,TB,37,26,LON02,Tottenham Stadium,outdoors,61.0,14.0,Neutral
2019_06_CIN_BAL,2019,6,2019-10-13,13:00,CIN,BAL,17,23,BAL00,M&T Bank Stadium,outdoors,64.0,7.0,Home
2019_06_DAL_NYJ,2019,6,2019-10-13,16:25,DAL,NYJ,22,24,NYC01,MetLife Stadium,outdoors,66.0,7.0,Home
2019_06_DET_GB,2019,6,2019-10-14,20:15,DET,GB,22,23,GNB00,Lambeau Field,outdoors,43.0,5.0,Home
2019_06_HOU_KC,2019,6,2019-10-13,13:00,HOU,KC,31,24,KAN00,Arrowhead Stadium,outdoors,56.0,2.0,Home
2019_06_NO_JAX,2019,6,2019-10-13,13:00,NO,JAX,13,6,JAX00,TIAA Bank Stadium,outdoors,81.0,3.0,Home
2019_06_NYG_NE,2019,6,2019-10-10,20:20,NYG,NE,14,35,BOS00,Gillette Stadium,outdoors,54.0,13.0,Home
2019_06_PIT_LAC,2019,6,2019-10-13,20:20,PIT,LAC,24,17,LAX97,StubHub Center,outdoors,71.0,9.0,Home
2019_06_SEA_CLE,2019,6,2019-10-13,13:00,SEA,CLE,32,28,CLE00,FirstEnergy Stadium,outdoors,58.0,20.0,Home
2019_06_SF_LA,2019,6,2019-10-13,16:05,SF,LA,20,7,LAX99,Los Angeles Memorial Coliseum,outdoors,77.0,2.0,Home
2019_06_TEN_DEN,2019,6,2019-10-13,16:25,TEN,DEN,0,16,DEN00,Empower Field at Mile High,outdoors,69.0,7.0,Home
2019_06_WAS_MIA,2019,6,2019-10-13,13:00,WAS,MIA,17,16,MIA00,Hard Rock Stadium,outdoors,84.0,13.0,Home
2019_07_ARI_NYG,2019,7,2019-10-20,13:00,ARI,NYG,27,21,NYC01,MetLife Stadium,outdoors,56.0,3.0,Home
2019_07_BAL_SEA,2019,7,2019-10-20,16:25,BAL,SEA,30,16,SEA00,CenturyLink Field,outdoors,50.0,8.0,Home
2019_07_HOU_IND,2019,7,2019-10-20,13:00,HOU,IND,23,30,IND00,Lucas Oil Stadium,open,,,Home
2019_07_JAX_CIN,2019,7,2019-10-20,13:00,JAX,CIN,27,17,CIN00,Paul Brown Stadium,outdoors,70.0,2.0,Home
2019_07_KC_DEN,2019,7,2019-10-17,20:20,KC,DEN,30,6,DEN00,Empower Field at Mile High,outdoors,75.0,6.0,Home
2019_07_LAC_TEN,2019,7,2019-10-20,16:05,LAC,TEN,20,23,NAS00,Nissan Stadium,outdoors,77.0,2.0,Home
2019_07_LA_ATL,2019,7,2019-10-20,13:00,LA,ATL,37,10,ATL97,Mercedes-Benz Stadium,open,,,Home
2019_07_MIA_BUF,2019,7,2019-10-20,13:00,MIA,BUF,21,31,BUF00,New Era Field,outdoors,65.0,7.0,Home
2019_07_NE_NYJ,2019,7,2019-10-21,20:15,NE,NYJ,33,0,NYC01,MetLife Stadium,outdoors,58.0,0.0,Home
2019_07_NO_CHI,2019,7,2019-10-20,16:25,NO,CHI,36,25,CHI98,Soldier Field,outdoors,54.0,6.0,Home
2019_07_OAK_GB,2019,7,2019-10-20,13:00,OAK,GB,24,42,GNB00,Lambeau Field,outdoors,55.0,6.0,Home
2019_07_SF_WAS,2019,7,2019-10-20,13:00,SF,WAS,9,0,WAS00,FedExField,outdoors,55.0,12.0,Home
2019_08_CAR_SF,2019,8,2019-10-27,16:05,CAR,SF,13,51,SFO01,Levi's Stadium,outdoors,66.0,19.0,Home
2019_08_CIN_LA,2019,8,2019-10-27,13:00,CIN,LA,10,24,LON00,Wembley Stadium,outdoors,48.0,5.0,Neutral
2019_08_CLE_NE,2019,8,2019-10-27,16:25,CLE,NE,13,27,BOS00,Gillette Stadium,outdoors,49.0,11.0,Home
2019_08_DEN_IND,2019,8,2019-10-27,13:00,DEN,IND,13,15,IND00,Lucas Oil Stadium,open,,,Home
2019_08_GB_KC,2019,8,2019-10-27,20:20,GB,KC,31,24,KAN00,Arrowhead Stadium,outdoors,54.0,5.0,Home
2019_08_LAC_CHI,2019,8,2019-10-27,13:00,LAC,CHI,17,16,CHI98,Soldier Field,outdoors,52.0,9.0,Home
2019_08_MIA_PIT,2019,8,2019-10-28,20:15,MIA,PIT,14,27,PIT00,Heinz Field,outdoors,59.0,2.0,Home
2019_08_NYJ_JAX,2019,8,2019-10-27,13:00,NYJ,JAX,15,29,JAX00,TIAA Bank Stadium,outdoors,79.0,11.0,Home
2019_08_PHI_BUF,2019,8,2019-10-27,13:00,PHI,BUF,31,13,BUF00,New Era Field,outdoors,54.0,23.0,Home
2019_08_SEA_ATL,2019,8,2019-10-27,13:00,SEA,ATL,27,20,ATL97,Mercedes-Benz Stadium,open,,,Home
2019_08_TB_TEN,2019,8,2019-10-27,13:00,TB,TEN,23,27,NAS00,Nissan Stadium,outdoors,59.0,3.0,Home
2019_09_CHI_PHI,2019,9,2019-11-03,13:00,CHI,PHI,14,22,PHI00,Lincoln Financial Field,outdoors,52.0,13.0,Home
2019_09_CLE_DEN,2019,9,2019-11-03,16:25,CLE,DEN,19,24,DEN00,Empower Field at Mile High,outdoors,55.0,4.0,Home
2019_09_DAL_NYG,2019,9,2019-11-04,20:15,DAL,NYG,37,18,NYC01,MetLife Stadium,outdoors,51.0,10.0,Home
2019_09_DET_OAK,2019,9,2019-11-03,16:05,DET,OAK,24,31,OAK00,Ring Central Coliseum,outdoors,71.0,6.0,Home
2019_09_GB_LAC,2019,9,2019-11-03,16:25,GB,LAC,11,26,LAX97,StubHub Center,outdoors,79.0,2.0,Home
2019_09_HOU_JAX,2019,9,2019-11-03,09:30,HOU,JAX,26,3,LON00,Wembley Stadium,outdoors,53.0,6.0,Neutral
2019_09_IND_PIT,2019,9,2019-11-03,13:00,IND,PIT,24,26,PIT00,Heinz Field,outdoors,48.0,12.0,Home
2019_09_MIN_KC,2019,9,2019-11-03,13:00,MIN,KC,23,26,KAN00,Arrowhead Stadium,outdoors,54.0,15.0,Home
2019_09_NE_BAL,2019,9,2019-11-03,20:20,NE,BAL,20,37,BAL00,M&T Bank Stadium,outdoors,48.0,1.0,Home
2019_09_NYJ_MIA,2019,9,2019-11-03,13:00,NYJ,MIA,18,26,MIA00,Hard Rock Stadium,outdoors,85.0,11.0,Home
2019_09_TB_SEA,2019,9,2019-11-03,16:05,TB,SEA,34,40,SEA00,CenturyLink Field,outdoors,54.0,6.0,Home
2019_09_TEN_CAR,2019,9,2019-11-03,13:00,TEN,CAR,20,30,CAR00,Bank of America Stadium,outdoors,58.0,5.0,Home
2019_09_WAS_BUF,2019,9,2019-11-03,13:00,WAS,BUF,9,24,BUF00,New Era Field,outdoors,42.0,18.0,Home
2019_10_ARI_TB,2019,10,2019-11-10,13:00,ARI,TB,27,30,TAM00,Raymond James Stadium,outdoors,77.0,8.0,Home
2019_10_BAL_CIN,2019,10,2019-11-10,13:00,BAL,CIN,49,13,CIN00,Paul Brown Stadium,outdoors,56.0,9.0,Home
2019_10_BUF_CLE,2019,10,2019-11-10,13:00,BUF,CLE,16,19,CLE00,FirstEnergy Stadium,outdoors,50.0,10.0,Home
2019_10_CAR_GB,2019,10,2019-11-10,16:25,CAR,GB,16,24,GNB00,Lambeau Field,outdoors,34.0,6.0,Home
2019_10_DET_CHI,2019,10,2019-11-10,13:00,DET,CHI,13,20,CHI98,Soldier Field,outdoors,40.0,12.0,Home
2019_10_KC_TEN,2019,10,2019-11-10,13:00,KC,TEN,32,35,NAS00,Nissan Stadium,outdoors,63.0,9.0,Home
2019_10_LAC_OAK,2019,10,2019-11-07,20:20,LAC,OAK,24,26,OAK00,Ring Central Coliseum,outdoors,54.0,9.0,Home
2019_10_LA_PIT,2019,10,2019-11-10,16:25,LA,PIT,12,17,PIT00,Heinz Field,outdoors,55.0,12.0,Home
2019_10_NYG_NYJ,2019,10,2019-11-10,13:00,NYG,NYJ,27,34,NYC01,MetLife Stadium,outdoors,48.0,8.0,Home
2019_10_SEA_SF,2019,10,2019-11-11,20:15,SEA,SF,27,24,SFO01,Levi's Stadium,outdoors,77.0,3.0,Home
2019_11_ARI_SF,2019,11,2019-11-17,16:05,ARI,SF,26,36,SFO01,Levi's Stadium,outdoors,72.0,0.0,Home
2019_11_ATL_CAR,2019,11,2019-11-17,13:00,ATL,CAR,29,3,CAR00,Bank of America Stadium,outdoors,51.0,11.0,Home
2019_11_BUF_MIA,2019,11,2019-11-17,13:00,BUF,MIA,37,20,MIA00,Hard Rock Stadium,outdoors,62.0,13.0,Home
2019_11_CHI_LA,2019,11,2019-11-17,20:20,CHI,LA,7,17,LAX99,Los Angeles Memorial Coliseum,outdoors,79.0,0.0,Home
2019_11_CIN_OAK,2019,11,2019-11-17,16:25,CIN,OAK,10,17,OAK00,Ring Central Coliseum,outdoors,76.0,13.0,Home
2019_11_HOU_BAL,2019,11,2019-11-17,13:00,HOU,BAL,7,41,BAL00,M&T Bank Stadium,outdoors,44.0,10.0,Home
2019_11_KC_LAC,2019,11,2019-11-18,20:15,KC,LAC,24,17,MEX00,Azteca Stadium,outdoors,67.0,7.0,Neutral
2019_11_NE_PHI,2019,11,2019-11-17,16:25,NE,PHI,17,10,PHI00,Lincoln Financial Field,outdoors,42.0,13.0,Home
2019_11_NO_TB,2019,11,2019-11-17,13:00,NO,TB,34,17,TAM00,Raymond James Stadium,outdoors,55.0,4.0,Home
2019_11_NYJ_WAS,2019,11,2019-11-17,13:00,NYJ,WAS,34,17,WAS00,FedExField,outdoors,43.0,8.0,Home
2019_11_PIT_CLE,2019,11,2019-11-14,20:20,PIT,CLE,7,21,CLE00,FirstEnergy Stadium,outdoors,36.0,10.0,Home
2019_12_BAL_LA,2019,12,2019-11-25,20:15,BAL,LA,45,6,LAX99,Los Angeles Memorial Coliseum,outdoors,62.0,5.0,Home
2019_12_DAL_NE,2019,12,2019-11-24,16:25,DAL,NE,9,13,BOS00,Gillette Stadium,outdoors,38.0,16.0,Home
2019_12_DEN_BUF,2019,12,2019-11-24,13:00,DEN,BUF,3,20,BUF00,New Era Field,outdoors,40.0,17.0,Home
2019_12_DET_WAS,2019,12,2019-11-24,13:00,DET,WAS,16,19,WAS00,FedExField,outdoors,46.0,17.0,Home
2019_12_GB_SF,2019,12,2019-11-24,20:20,GB,SF,8,37,SFO01,Levi's Stadium,outdoors,63.0,7.0,Home
2019_12_JAX_TEN,2019,12,2019-11-24,16:05,JAX,TEN,20,42,NAS00,Nissan Stadium,outdoors,52.0,9.0,Home
2019_12_MIA_CLE,2019,12,2019-11-24,13:00,MIA,CLE,24,41,CLE00,FirstEnergy Stadium,outdoors,39.0,14.0,Home
2019_12_NYG_CHI,2019,12,2019-11-24,13:00,NYG,CHI,14,19,CHI98,Soldier Field,outdoors,48.0,12.0,Home
2019_12_OAK_NYJ,2019,12,2019-11-24,13:00,OAK,NYJ,3,34,NYC01,MetLife Stadium,outdoors,43.0,12.0,Home
2019_12_PIT_CIN,2019,12,2019-11-24,13:00,PIT,CIN,16,10,CIN00,Paul Brown Stadium,outdoors,46.0,10.0,Home
2019_12_SEA_PHI,2019,12,2019-11-24,13:00,SEA,PHI,17,9,PHI00,Lincoln Financial Field,outdoors,40.0,17.0,Home
2019_13_CLE_PIT,2019,13,2019-12-01,13:00,CLE,PIT,13,20,PIT00,Heinz Field,outdoors,46.0,6.0,Home
2019_13_GB_NYG,2019,13,2019-12-01,13:00,GB,NYG,31,13,NYC01,MetLife Stadium,outdoors,32.0,10.0,Home
2019_13_LAC_DEN,2019,13,2019-12-01,16:25,LAC,DEN,20,23,DEN00,Empower Field at Mile High,outdoors,33.0,7.0,Home
2019_13_MIN_SEA,2019,13,2019-12-02,20:15,MIN,SEA,30,37,SEA00,CenturyLink Field,outdoors,51.0,1.0,Home
2019_13_NYJ_CIN,2019,13,2019-12-01,13:00,NYJ,CIN,6,22,CIN00,Paul Brown Stadium,outdoors,46.0,15.0,Home
2019_13_OAK_KC,2019,13,2019-12-01,16:25,OAK,KC,9,40,KAN00,Arrowhead Stadium,outdoors,36.0,20.0,Home
2019_13_PHI_MIA,2019,13,2019-12-01,13:00,PHI,MIA,31,37,MIA00,Hard Rock Stadium,outdoors,82.0,15.0,Home
2019_13_SF_BAL,2019,13,2019-12-01,13:00,SF,BAL,17,20,BAL00,M&T Bank Stadium,outdoors,40.0,13.0,Home
2019_13_TB_JAX,2019,13,2019-12-01,13:00,TB,JAX,28,11,JAX00,TIAA Bank Stadium,outdoors,77.0,15.0,Home
2019_13_WAS_CAR,2019,13,2019-12-01,13:00,WAS,CAR,29,21,CAR00,Bank of America Stadium,outdoors,64.0,16.0,Home
2019_14_BAL_BUF,2019,14,2019-12-08,13:00,BAL,BUF,24,17,BUF00,New Era Field,outdoors,43.0,18.0,Home
2019_14_CIN_CLE,2019,14,2019-12-08,13:00,CIN,CLE,19,27,CLE00,FirstEnergy Stadium,outdoors,48.0,16.0,Home
2019_14_DAL_CHI,2019,14,2019-12-05,20:20,DAL,CHI,24,31,CHI98,Soldier Field,outdoors,44.0,9.0,Home
2019_14_IND_TB,2019,14,2019-12-08,13:00,IND,TB,35,38,TAM00,Raymond James Stadium,outdoors,78.0,9.0,Home
2019_14_KC_NE,2019,14,2019-12-08,16:25,KC,NE,23,16,BOS00,Gillette Stadium,outdoors,32.0,8.0,Home
2019_14_LAC_JAX,2019,14,2019-12-08,16:05,LAC,JAX,45,10,JAX00,TIAA Bank Stadium,outdoors,62.0,7.0,Home
2019_14_MIA_NYJ,2019,14,2019-12-08,13:00,MIA,NYJ,21,22,NYC01,MetLife Stadium,outdoors,41.0,9.0,Home
2019_14_NYG_PHI,2019,14,2019-12-09,20:15,NYG,PHI,17,23,PHI00,Lincoln Financial Field,outdoors,53.0,11.0,Home
2019_14_SEA_LA,2019,14,2019-12-08,20:20,SEA,LA,12,28,LAX99,Los Angeles Memorial Coliseum,outdoors,60.0,4.0,Home
2019_14_TEN_OAK,2019,14,2019-12-08,16:25,TEN,OAK,42,21,OAK00,Ring Central Coliseum,outdoors,59.0,5.0,Home
2019_14_WAS_GB,2019,14,2019-12-08,13:00,WAS,GB,15,20,GNB00,Lambeau Field,outdoors,37.0,10.0,Home
2019_15_ATL_SF,2019,15,2019-12-15,16:25,ATL,SF,29,22,SFO01,Levi's Stadium,outdoors,55.0,6.0,Home
2019_15_BUF_PIT,2019,15,2019-12-15,20:20,BUF,PIT,17,10,PIT00,Heinz Field,outdoors,31.0,6.0,Home
2019_15_CHI_GB,2019,15,2019-12-15,13:00,CHI,GB,13,21,GNB00,Lambeau Field,outdoors,11.0,7.0,Home
2019_15_DEN_KC,2019,15,2019-12-15,13:00,DEN,KC,3,23,KAN00,Arrowhead Stadium,outdoors,24.0,8.0,Home
2019_15_HOU_TEN,2019,15,2019-12-15,13:00,HOU,TEN,24,21,NAS00,Nissan Stadium,outdoors,45.0,4.0,Home
2019_15_JAX_OAK,2019,15,2019-12-15,16:05,JAX,OAK,20,16,OAK00,Ring Central Coliseum,outdoors,59.0,7.0,Home
2019_15_MIA_NYG,2019,15,2019-12-15,13:00,MIA,NYG,20,36,NYC01,MetLife Stadium,outdoors,48.0,19.0,Home
2019_15_MIN_LAC,2019,15,2019-12-15,16:05,MIN,LAC,39,10,LAX97,StubHub Center,outdoors,64.0,14.0,Home
2019_15_NE_CIN,2019,15,2019-12-15,13:00,NE,CIN,34,13,CIN00,Paul Brown Stadium,outdoors,36.0,6.0,Home
2019_15_NYJ_BAL,2019,15,2019-12-12,20:20,NYJ,BAL,21,42,BAL00,M&T Bank Stadium,outdoors,33.0,3.0,Home
2019_15_PHI_WAS,2019,15,2019-12-15,13:00,PHI,WAS,37,27,WAS00,FedExField,outdoors,52.0,13.0,Home
2019_15_SEA_CAR,2019,15,2019-12-15,13:00,SEA,CAR,30,24,CAR00,Bank of America Stadium,outdoors,56.0,5.0,Home
2019_16_ARI_SEA,2019,16,2019-12-22,16:25,ARI,SEA,27,13,SEA00,CenturyLink Field,outdoors,43.0,7.0,Home
2019_16_BAL_CLE,2019,16,2019-12-22,13:00,BAL,CLE,31,15,CLE00,FirstEnergy Stadium,outdoors,49.0,10.0,Home
2019_16_BUF_NE,2019,16,2019-12-21,16:30,BUF,NE,17,24,BOS00,Gillette Stadium,outdoors,33.0,2.0,Home
2019_16_CIN_MIA,2019,16,2019-12-22,13:00,CIN,MIA,35,38,MIA00,Hard Rock Stadium,outdoors,76.0,15.0,Home
2019_16_DAL_PHI,2019,16,2019-12-22,16:25,DAL,PHI,9,17,PHI00,Lincoln Financial Field,outdoors,47.0,7.0,Home
2019_16_DET_DEN,2019,16,2019-12-22,16:05,DET,DEN,17,27,DEN00,Empower Field at Mile High,outdoors,67.0,3.0,Home
2019_16_HOU_TB,2019,16,2019-12-21,13:00,HOU,TB,23,20,TAM00,Raymond James Stadium,outdoors,73.0,11.0,Home
2019_16_KC_CHI,2019,16,2019-12-22,20:20,KC,CHI,26,3,CHI98,Soldier Field,outdoors,45.0,10.0,Home
2019_16_LA_SF,2019,16,2019-12-21,20:15,LA,SF,31,34,SFO01,Levi's Stadium,outdoors,58.0,12.0,Home
2019_16_NO_TEN,2019,16,2019-12-22,13:00,NO,TEN,38,28,NAS00,Nissan Stadium,outdoors,50.0,4.0,Home
2019_16_NYG_WAS,2019,16,2019-12-22,13:00,NYG,WAS,41,35,WAS00,FedExField,outdoors,44.0,6.0,Home
2019_16_OAK_LAC,2019,16,2019-12-22,16:05,OAK,LAC,24,17,LAX97,StubHub Center,outdoors,64.0,10.0,Home
2019_16_PIT_NYJ,2019,16,2019-12-22,13:00,PIT,NYJ,10,16,NYC01,MetLife Stadium,outdoors,45.0,6.0,Home
2019_17_ARI_LA,2019,17,2019-12-29,16:25,ARI,LA,24,31,LAX99,Los Angeles Memorial Coliseum,outdoors,62.0,0.0,Home
2019_17_ATL_TB,2019,17,2019-12-29,13:00,ATL,TB,28,22,TAM00,Raymond James Stadium,outdoors,78.0,12.0,Home
2019_17_CLE_CIN,2019,17,2019-12-29,13:00,CLE,CIN,23,33,CIN00,Paul Brown Stadium,outdoors,64.0,7.0,Home
2019_17_IND_JAX,2019,17,2019-12-29,16:25,IND,JAX,20,38,JAX00,TIAA Bank Stadium,outdoors,,,Home
2019_17_LAC_KC,2019,17,2019-12-29,13:00,LAC,KC,21,31,KAN00,Arrowhead Stadium,outdoors,40.0,16.0,Home
2019_17_MIA_NE,2019,17,2019-12-29,13:00,MIA,NE,27,24,BOS00,Gillette Stadium,outdoors,43.0,2.0,Home
2019_17_NO_CAR,2019,17,2019-12-29,13:00,NO,CAR,42,10,CAR00,Bank of America Stadium,outdoors,63.0,9.0,Home
2019_17_NYJ_BUF,2019,17,2019-12-29,13:00,NYJ,BUF,13,6,BUF00,New Era Field,outdoors,43.0,7.0,Home
2019_17_OAK_DEN,2019,17,2019-12-29,16:25,OAK,DEN,15,16,DEN00,Empower Field at Mile High,outdoors,31.0,6.0,Home
2019_17_PHI_NYG,2019,17,2019-12-29,16:25,PHI,NYG,34,17,NYC01,MetLife Stadium,outdoors,42.0,5.0,Home
2019_17_PIT_BAL,2019,17,2019-12-29,16:25,PIT,BAL,10,28,BAL00,M&T Bank Stadium,outdoors,46.0,7.0,Home
2019_17_SF_SEA,2019,17,2019-12-29,20:20,SF,SEA,26,21,SEA00,CenturyLink Field,outdoors,51.0,3.0,Home
2020_01_ARI_SF,2020,1,2020-09-13,16:25,ARI,SF,24,20,SFO01,Levi's Stadium,outdoors,66.0,6.0,Home
2020_01_CLE_BAL,2020,1,2020-09-13,13:00,CLE,BAL,6,38,BAL00,M&T Bank Stadium,outdoors,76.0,5.0,Home
2020_01_HOU_KC,2020,1,2020-09-10,20:20,HOU,KC,20,34,KAN00,Arrowhead Stadium,outdoors,56.0,7.0,Home
2020_01_IND_JAX,2020,1,2020-09-13,13:00,IND,JAX,20,27,JAX00,TIAA Bank Stadium,outdoors,80.0,3.0,Home
2020_01_LAC_CIN,2020,1,2020-09-13,16:05,LAC,CIN,16,13,CIN00,Paul Brown Stadium,outdoors,83.0,6.0,Home
2020_01_LV_CAR,2020,1,2020-09-13,13:00,LV,CAR,34,30,CAR00,Bank of America Stadium,outdoors,81.0,5.0,Home
2020_01_MIA_NE,2020,1,2020-09-13,13:00,MIA,NE,11,21,BOS00,Gillette Stadium,outdoors,70.0,8.0,Home
2020_01_NYJ_BUF,2020,1,2020-09-13,13:00,NYJ,BUF,17,27,BUF00,New Era Field,outdoors,67.0,15.0,Home
2020_01_PHI_WAS,2020,1,2020-09-13,13:00,PHI,WAS,17,27,WAS00,FedExField,outdoors,76.0,5.0,Home
2020_01_PIT_NYG,2020,1,2020-09-14,19:15,PIT,NYG,26,16,NYC01,MetLife Stadium,outdoors,71.0,5.0,Home
2020_01_TEN_DEN,2020,1,2020-09-14,22:10,TEN,DEN,16,14,DEN00,Empower Field at Mile High,outdoors,79.0,10.0,Home
2020_02_BUF_MIA,2020,2,2020-09-20,13:00,BUF,MIA,31,28,MIA00,Hard Rock Stadium,outdoors,90.0,5.0,Home
2020_02_CAR_TB,2020,2,2020-09-20,13:00,CAR,TB,17,31,TAM00,Raymond James Stadium,outdoors,85.0,17.0,Home
2020_02_CIN_CLE,2020,2,2020-09-17,20:20,CIN,CLE,30,35,CLE00,FirstEnergy Stadium,outdoors,65.0,8.0,Home
2020_02_DEN_PIT,2020,2,2020-09-20,13:00,DEN,PIT,21,26,PIT00,Heinz Field,outdoors,64.0,5.0,Home
2020_02_DET_GB,2020,2,2020-09-20,13:00,DET,GB,21,42,GNB00,Lambeau Field,outdoors,66.0,12.0,Home
2020_02_JAX_TEN,2020,2,2020-09-20,13:00,JAX,TEN,30,33,NAS00,Nissan Stadium,outdoors,72.0,5.0,Home
2020_02_LA_PHI,2020,2,2020-09-20,13:00,LA,PHI,37,19,PHI00,Lincoln Financial Field,outdoors,62.0,12.0,Home
2020_02_NE_SEA,2020,2,2020-09-20,20:20,NE,SEA,30,35,SEA00,CenturyLink Field,outdoors,70.0,5.0,Home
2020_02_NYG_CHI,2020,2,2020-09-20,13:00,NYG,CHI,13,17,CHI98,Soldier Field,outdoors,66.0,12.0,Home
2020_02_SF_NYJ,2020,2,2020-09-20,13:00,SF,NYJ,31,13,NYC01,MetLife Stadium,outdoors,61.0,7.0,Home
2020_03_CIN_PHI,2020,3,2020-09-27,13:00,CIN,PHI,23,23,PHI00,Lincoln Financial Field,outdoors,76.0,5.0,Home
2020_03_DAL_SEA,2020,3,2020-09-27,16:25,DAL,SEA,31,38,SEA00,CenturyLink Field,outdoors,63.0,3.0,Home
2020_03_HOU_PIT,2020,3,2020-09-27,13:00,HOU,PIT,21,28,PIT00,Heinz Field,outdoors,79.0,6.0,Home
2020_03_KC_BAL,2020,3,2020-09-28,20:15,KC,BAL,34,20,BAL00,M&T Bank Stadium,outdoors,73.0,8.0,Home
2020_03_LA_BUF,2020,3,2020-09-27,13:00,LA,BUF,32,35,BUF00,New Era Field,outdoors,79.0,16.0,Home
2020_03_LV_NE,2020,3,2020-09-27,13:00,LV,NE,20,36,BOS00,Gillette Stadium,outdoors,73.0,8.0,Home
2020_03_MIA_JAX,2020,3,2020-09-24,20:20,MIA,JAX,31,13,JAX00,TIAA Bank Stadium,outdoors,81.0,12.0,Home
2020_03_SF_NYG,2020,3,2020-09-27,13:00,SF,NYG,36,9,NYC01,MetLife Stadium,outdoors,75.0,2.0,Home
2020_03_TB_DEN,2020,3,2020-09-27,16:25,TB,DEN,28,10,DEN00,Empower Field at Mile High,outdoors,55.0,7.0,Home
2020_03_WAS_CLE,2020,3,2020-09-27,13:00,WAS,CLE,20,34,CLE00,FirstEnergy Stadium,outdoors,73.0,18.0,Home
2020_04_ARI_CAR,2020,4,2020-10-04,13:00,ARI,CAR,21,31,CAR00,Bank of America Stadium,outdoors,68.0,8.0,Home
2020_04_ATL_GB,2020,4,2020-10-05,21:00,ATL,GB,16,30,GNB00,Lambeau Field,outdoors,53.0,9.0,Home
2020_04_BAL_WAS,2020,4,2020-10-04,13:00,BAL,WAS,31,17,WAS00,FedExField,outdoors,65.0,5.0,Home
2020_04_DEN_NYJ,2020,4,2020-10-01,20:20,DEN,NYJ,37,28,NYC01,MetLife Stadium,outdoors,64.0,6.0,Home
2020_04_IND_CHI,2020,4,2020-10-04,16:25,IND,CHI,19,11,CHI98,Soldier Field,outdoors,52.0,10.0,Home
2020_04_JAX_CIN,2020,4,2020-10-04,13:00,JAX,CIN,25,33,CIN00,Paul Brown Stadium,outdoors,64.0,6.0,Home
2020_04_LAC_TB,2020,4,2020-10-04,13:00,LAC,TB,31,38,TAM00,Raymond James Stadium,outdoors,75.0,6.0,Home
2020_04_NE_KC,2020,4,2020-10-05,19:05,NE,KC,10,26,KAN00,Arrowhead Stadium,outdoors,73.0,14.0,Home
2020_04_PHI_SF,2020,4,2020-10-04,20:20,PHI,SF,25,20,SFO01,Levi's Stadium,outdoors,84.0,12.0,Home
2020_04_SEA_MIA,2020,4,2020-10-04,13:00,SEA,MIA,31,23,MIA00,Hard Rock Stadium,outdoors,86.0,13.0,Home
2020_05_ARI_NYJ,2020,5,2020-10-11,13:00,ARI,NYJ,30,10,NYC01,MetLife Stadium,outdoors,64.0,8.0,Home
2020_05_BUF_TEN,2020,5,2020-10-13,19:00,BUF,TEN,16,42,NAS00,Nissan Stadium,outdoors,73.0,3.0,Home
2020_05_CIN_BAL,2020,5,2020-10-11,13:00,CIN,BAL,3,27,BAL00,M&T Bank Stadium,outdoors,69.0,3.0,Home
2020_05_IND_CLE,2020,5,2020-10-11,16:25,IND,CLE,23,32,CLE00,FirstEnergy Stadium,outdoors,64.0,16.0,Home
2020_05_LA_WAS,2020,5,2020-10-11,13:00,LA,WAS,30,10,WAS00,FedExField,outdoors,69.0,2.0,Home
2020_05_LV_KC,2020,5,2020-10-11,13:00,LV,KC,40,32,KAN00,Arrowhead Stadium,outdoors,80.0,16.0,Home
2020_05_MIA_SF,2020,5,2020-10-11,16:05,MIA,SF,43,17,SFO01,Levi's Stadium,outdoors,73.0,6.0,Home
2020_05_MIN_SEA,2020,5,2020-10-11,20:20,MIN,SEA,26,27,SEA00,CenturyLink Field,outdoors,54.0,10.0,Home
2020_05_PHI_PIT,2020,5,2020-10-11,13:00,PHI,PIT,29,38,PIT00,Heinz Field,outdoors,70.0,4.0,Home
2020_05_TB_CHI,2020,5,2020-10-08,20:20,TB,CHI,19,20,CHI98,Soldier Field,outdoors,57.0,7.0,Home
2020_06_BAL_PHI,2020,6,2020-10-18,13:00,BAL,PHI,30,28,PHI00,Lincoln Financial Field,outdoors,61.0,7.0,Home
2020_06_CHI_CAR,2020,6,2020-10-18,13:00,CHI,CAR,23,16,CAR00,Bank of America Stadium,outdoors,63.0,6.0,Home
2020_06_CLE_PIT,2020,6,2020-10-18,13:00,CLE,PIT,7,38,PIT00,Heinz Field,outdoors,61.0,9.0,Home
2020_06_DEN_NE,2020,6,2020-10-18,13:00,DEN,NE,18,12,BOS00,Gillette Stadium,outdoors,58.0,7.0,Home
2020_06_DET_JAX,2020,6,2020-10-18,13:00,DET,JAX,34,16,JAX00,TIAA Bank Stadium,outdoors,78.0,10.0,Home
2020_06_GB_TB,2020,6,2020-10-18,16:25,GB,TB,10,38,TAM00,Raymond James Stadium,outdoors,88.0,12.0,Home
2020_06_HOU_TEN,2020,6,2020-10-18,13:00,HOU,TEN,36,42,NAS00,Nissan Stadium,outdoors,61.0,10.0,Home
2020_06_KC_BUF,2020,6,2020-10-19,17:00,KC,BUF,26,17,BUF00,New Era Field,outdoors,51.0,6.0,Home
2020_06_LA_SF,2020,6,2020-10-18,20:20,LA,SF,16,24,SFO01,Levi's Stadium,outdoors,86.0,10.0,Home
2020_06_NYJ_MIA,2020,6,2020-10-18,16:05,NYJ,MIA,0,24,MIA00,Hard Rock Stadium,outdoors,85.0,15.0,Home
2020_06_WAS_NYG,2020,6,2020-10-18,13:00,WAS,NYG,19,20,NYC01,MetLife Stadium,outdoors,62.0,0.0,Home
2020_07_BUF_NYJ,2020,7,2020-10-25,13:00,BUF,NYJ,18,10,NYC01,MetLife Stadium,outdoors,52.0,8.0,Home
2020_07_CLE_CIN,2020,7,2020-10-25,13:00,CLE,CIN,37,34,CIN00,Paul Brown Stadium,outdoors,48.0,8.0,Home
2020_07_DAL_WAS,2020,7,2020-10-25,13:00,DAL,WAS,3,25,WAS00,FedExField,outdoors,46.0,5.0,Home
2020_07_KC_DEN,2020,7,2020-10-25,16:25,KC,DEN,43,16,DEN00,Empower Field at Mile High,outdoors,14.0,11.0,Home
2020_07_NYG_PHI,2020,7,2020-10-22,20:20,NYG,PHI,21,22,PHI00,Lincoln Financial Field,outdoors,70.0,4.0,Home
2020_07_PIT_TEN,2020,7,2020-10-25,13:00,PIT,TEN,27,24,NAS00,Nissan Stadium,outdoors,55.0,3.0,Home
2020_07_SF_NE,2020,7,2020-10-25,16:25,SF,NE,33,6,BOS00,Gillette Stadium,outdoors,49.0,7.0,Home
2020_08_ATL_CAR,2020,8,2020-10-29,20:20,ATL,CAR,25,17,CAR00,Bank of America Stadium,outdoors,76.0,8.0,Home
2020_08_DAL_PHI,2020,8,2020-11-01,20:20,DAL,PHI,9,23,PHI00,Lincoln Financial Field,outdoors,49.0,17.0,Home
2020_08_LAC_DEN,2020,8,2020-11-01,16:05,LAC,DEN,30,31,DEN00,Empower Field at Mile High,outdoors,64.0,10.0,Home
2020_08_LA_MIA,2020,8,2020-11-01,13:00,LA,MIA,17,28,MIA00,Hard Rock Stadium,outdoors,86.0,10.0,Home
2020_08_LV_CLE,2020,8,2020-11-01,13:00,LV,CLE,16,6,CLE00,FirstEnergy Stadium,outdoors,49.0,35.0,Home
2020_08_MIN_GB,2020,8,2020-11-01,13:00,MIN,GB,28,22,GNB00,Lambeau Field,outdoors,34.0,23.0,Home
2020_08_NE_BUF,2020,8,2020-11-01,13:00,NE,BUF,21,24,BUF00,New Era Field,outdoors,41.0,17.0,Home
2020_08_NO_CHI,2020,8,2020-11-01,16:25,NO,CHI,26,23,CHI98,Soldier Field,outdoors,40.0,20.0,Home
2020_08_NYJ_KC,2020,8,2020-11-01,13:00,NYJ,KC,9,35,KAN00,Arrowhead Stadium,outdoors,52.0,11.0,Home
2020_08_PIT_BAL,2020,8,2020-11-01,13:00,PIT,BAL,28,24,BAL00,M&T Bank Stadium,outdoors,52.0,7.0,Home
2020_08_SF_SEA,2020,8,2020-11-01,16:25,SF,SEA,27,37,SEA00,CenturyLink Field,outdoors,55.0,4.0,Home
2020_08_TB_NYG,2020,8,2020-11-02,20:15,TB,NYG,25,23,NYC01,MetLife Stadium,outdoors,39.0,8.0,Home
2020_08_TEN_CIN,2020,8,2020-11-01,13:00,TEN,CIN,20,31,CIN00,Paul Brown Stadium,outdoors,48.0,24.0,Home
2020_09_CAR_KC,2020,9,2020-11-08,13:00,CAR,KC,31,33,KAN00,Arrowhead Stadium,outdoors,71.0,19.0,Home
2020_09_CHI_TEN,2020,9,2020-11-08,13:00,CHI,TEN,17,24,NAS00,Nissan Stadium,outdoors,77.0,14.0,Home
2020_09_GB_SF,2020,9,2020-11-05,20:20,GB,SF,34,17,SFO01,Levi's Stadium,outdoors,78.0,5.0,Home
2020_09_HOU_JAX,2020,9,2020-11-08,13:00,HOU,JAX,27,25,JAX00,TIAA Bank Stadium,outdoors,79.0,14.0,Home
2020_09_NE_NYJ,2020,9,2020-11-09,20:15,NE,NYJ,30,27,NYC01,MetLife Stadium,outdoors,61.0,2.0,Home
2020_09_NO_TB,2020,9,2020-11-08,20:20,NO,TB,38,3,TAM00,Raymond James Stadium,outdoors,77.0,17.0,Home
2020_09_NYG_WAS,2020,9,2020-11-08,13:00,NYG,WAS,23,20,WAS00,FedExField,outdoors,75.0,1.0,Home
2020_09_SEA_BUF,2020,9,2020-11-08,13:00,SEA,BUF,34,44,BUF00,New Era Field,outdoors,69.0,4.0,Home
2020_10_BAL_NE,2020,10,2020-11-15,20:20,BAL,NE,17,23,BOS00,Gillette Stadium,outdoors,52.0,13.0,Home
2020_10_CIN_PIT,2020,10,2020-11-15,16:25,CIN,PIT,10,36,PIT00,Heinz Field,outdoors,52.0,21.0,Home
2020_10_HOU_CLE,2020,10,2020-11-15,13:00,HOU,CLE,7,10,CLE00,FirstEnergy Stadium,outdoors,59.0,25.0,Home
2020_10_IND_TEN,2020,10,2020-11-12,20:20,IND,TEN,34,17,NAS00,Nissan Stadium,outdoors,56.0,6.0,Home
2020_10_JAX_GB,2020,10,2020-11-15,13:00,JAX,GB,20,24,GNB00,Lambeau Field,outdoors,38.0,23.0,Home
2020_10_LAC_MIA,2020,10,2020-11-15,16:05,LAC,MIA,21,29,MIA00,Hard Rock Stadium,outdoors,83.0,7.0,Home
2020_10_MIN_CHI,2020,10,2020-11-16,20:15,MIN,CHI,19,13,CHI98,Soldier Field,outdoors,44.0,11.0,Home
2020_10_PHI_NYG,2020,10,2020-11-15,13:00,PHI,NYG,17,27,NYC01,MetLife Stadium,outdoors,56.0,18.0,Home
2020_10_TB_CAR,2020,10,2020-11-15,13:00,TB,CAR,46,23,CAR00,Bank of America Stadium,outdoors,65.0,15.0,Home
2020_11_ARI_SEA,2020,11,2020-11-19,20:20,ARI,SEA,21,28,SEA00,Lumen Field,outdoors,48.0,11.0,Home
2020_11_CIN_WAS,2020,11,2020-11-22,13:00,CIN,WAS,9,20,WAS00,FedExField,outdoors,57.0,7.0,Home
2020_11_DET_CAR,2020,11,2020-11-22,13:00,DET,CAR,0,20,CAR00,Bank of America Stadium,outdoors,65.0,7.0,Home
2020_11_LA_TB,2020,11,2020-11-23,20:15,LA,TB,27,24,TAM00,Raymond James Stadium,outdoors,69.0,5.0,Home
2020_11_MIA_DEN,2020,11,2020-11-22,16:05,MIA,DEN,13,20,DEN00,Empower Field at Mile High,outdoors,45.0,7.0,Home
2020_11_PHI_CLE,2020,11,2020-11-22,13:00,PHI,CLE,17,22,CLE00,FirstEnergy Stadium,outdoors,38.0,8.0,Home
2020_11_PIT_JAX,2020,11,2020-11-22,13:00,PIT,JAX,27,3,JAX00,TIAA Bank Stadium,outdoors,72.0,3.0,Home
2020_11_TEN_BAL,2020,11,2020-11-22,13:00,TEN,BAL,30,24,BAL00,M&T Bank Stadium,outdoors,53.0,6.0,Home
2020_12_ARI_NE,2020,12,2020-11-29,13:00,ARI,NE,17,20,BOS00,Gillette Stadium,outdoors,52.0,8.0,Home
2020_12_BAL_PIT,2020,12,2020-12-02,15:40,BAL,PIT,14,19,PIT00,Heinz Field,outdoors,36.0,14.0,Home
2020_12_CHI_GB,2020,12,2020-11-29,20:20,CHI,GB,25,41,GNB00,Lambeau Field,outdoors,37.0,13.0,Home
2020_12_CLE_JAX,2020,12,2020-11-29,13:00,CLE,JAX,27,25,JAX00,TIAA Bank Stadium,outdoors,70.0,1.0,Home
2020_12_KC_TB,2020,12,2020-11-29,16:25,KC,TB,27,24,TAM00,Raymond James Stadium,outdoors,81.0,5.0,Home
2020_12_LAC_BUF,2020,12,2020-11-29,13:00,LAC,BUF,17,27,BUF00,New Era Field,outdoors,48.0,7.0,Home
2020_12_MIA_NYJ,2020,12,2020-11-29,13:00,MIA,NYJ,20,3,NYC01,MetLife Stadium,outdoors,54.0,2.0,Home
2020_12_NO_DEN,2020,12,2020-11-29,16:05,NO,DEN,31,3,DEN00,Empower Field at Mile High,outdoors,38.0,6.0,Home
2020_12_NYG_CIN,2020,12,2020-11-29,13:00,NYG,CIN,19,17,CIN00,Paul Brown Stadium,outdoors,52.0,4.0,Home
2020_12_SEA_PHI,2020,12,2020-11-30,20:15,SEA,PHI,23,17,PHI00,Lincoln Financial Field,outdoors,60.0,16.0,Home
2020_13_CIN_MIA,2020,13,2020-12-06,13:00,CIN,MIA,7,19,MIA00,Hard Rock Stadium,outdoors,81.0,5.0,Home
2020_13_CLE_TEN,2020,13,2020-12-06,13:00,CLE,TEN,41,35,NAS00,Nissan Stadium,outdoors,52.0,1.0,Home
2020_13_DAL_BAL,2020,13,2020-12-08,20:05,DAL,BAL,17,34,BAL00,M&T Bank Stadium,outdoors,38.0,9.0,Home
2020_13_DEN_KC,2020,13,2020-12-06,20:20,DEN,KC,16,22,KAN00,Arrowhead Stadium,outdoors,41.0,9.0,Home
2020_13_DET_CHI,2020,13,2020-12-06,13:00,DET,CHI,34,30,CHI98,Soldier Field,outdoors,35.0,5.0,Home
2020_13_LV_NYJ,2020,13,2020-12-06,13:00,LV,NYJ,31,28,NYC01,MetLife Stadium,outdoors,39.0,18.0,Home
2020_13_NYG_SEA,2020,13,2020-12-06,16:05,NYG,SEA,17,12,SEA00,Lumen Field,outdoors,51.0,4.0,Home
2020_13_PHI_GB,2020,13,2020-12-06,16:25,PHI,GB,16,30,GNB00,Lambeau Field,outdoors,34.0,9.0,Home
2020_13_WAS_PIT,2020,13,2020-12-07,17:00,WAS,PIT,23,17,PIT00,Heinz Field,outdoors,34.0,10.0,Home
2020_14_ARI_NYG,2020,14,2020-12-13,13:00,ARI,NYG,26,7,NYC01,MetLife Stadium,outdoors,59.0,15.0,Home
2020_14_BAL_CLE,2020,14,2020-12-14,20:15,BAL,CLE,47,42,CLE00,FirstEnergy Stadium,outdoors,34.0,18.0,Home
2020_14_DAL_CIN,2020,14,2020-12-13,13:00,DAL,CIN,30,7,CIN00,Paul Brown Stadium,outdoors,44.0,5.0,Home
2020_14_DEN_CAR,2020,14,2020-12-13,13:00,DEN,CAR,32,27,CAR00,Bank of America Stadium,outdoors,70.0,7.0,Home
2020_14_HOU_CHI,2020,14,2020-12-13,13:00,HOU,CHI,7,36,CHI98,Soldier Field,outdoors,34.0,1.0,Home
2020_14_KC_MIA,2020,14,2020-12-13,13:00,KC,MIA,33,27,MIA00,Hard Rock Stadium,outdoors,81.0,8.0,Home
2020_14_MIN_TB,2020,14,2020-12-13,13:00,MIN,TB,14,26,TAM00,Raymond James Stadium,outdoors,78.0,5.0,Home
2020_14_NO_PHI,2020,14,2020-12-13,16:25,NO,PHI,21,24,PHI00,Lincoln Financial Field,outdoors,57.0,10.0,Home
2020_14_NYJ_SEA,2020,14,2020-12-13,16:05,NYJ,SEA,3,40,SEA00,Lumen Field,outdoors,43.0,8.0,Home
2020_14_PIT_BUF,2020,14,2020-12-13,20:20,PIT,BUF,15,26,BUF00,New Era Field,outdoors,35.0,11.0,Home
2020_14_TEN_JAX,2020,14,2020-12-13,13:00,TEN,JAX,31,10,JAX00,TIAA Bank Stadium,outdoors,69.0,2.0,Home
2020_15_BUF_DEN,2020,15,2020-12-19,16:30,BUF,DEN,48,19,DEN00,Empower Field at Mile High,outdoors,47.0,24.0,Home
2020_15_CAR_GB,2020,15,2020-12-19,20:15,CAR,GB,16,24,GNB00,Lambeau Field,outdoors,33.0,5.0,Home
2020_15_CLE_NYG,2020,15,2020-12-20,20:20,CLE,NYG,20,6,NYC01,MetLife Stadium,outdoors,36.0,0.0,Home
2020_15_DET_TEN,2020,15,2020-12-20,13:00,DET,TEN,25,46,NAS00,Nissan Stadium,outdoors,46.0,5.0,Home
2020_15_JAX_BAL,2020,15,2020-12-20,13:00,JAX,BAL,14,40,BAL00,M&T Bank Stadium,outdoors,39.0,3.0,Home
2020_15_NE_MIA,2020,15,2020-12-20,13:00,NE,MIA,12,22,MIA00,Hard Rock Stadium,outdoors,79.0,9.0,Home
2020_15_PIT_CIN,2020,15,2020-12-21,20:15,PIT,CIN,17,27,CIN00,Paul Brown Stadium,outdoors,43.0,10.0,Home
2020_15_SEA_WAS,2020,15,2020-12-20,13:00,SEA,WAS,20,15,WAS00,FedExField,outdoors,43.0,8.0,Home
2020_16_ATL_KC,2020,16,2020-12-27,13:00,ATL,KC,14,17,KAN00,Arrowhead Stadium,outdoors,49.0,8.0,Home
2020_16_BUF_NE,2020,16,2020-12-28,20:15,BUF,NE,38,9,BOS00,Gillette Stadium,outdoors,41.0,4.0,Home
2020_16_CAR_WAS,2020,16,2020-12-27,16:05,CAR,WAS,20,13,WAS00,FedExField,outdoors,41.0,6.0,Home
2020_16_CHI_JAX,2020,16,2020-12-27,13:00,CHI,JAX,41,17,JAX00,TIAA Bank Stadium,outdoors,55.0,5.0,Home
2020_16_CLE_NYJ,2020,16,2020-12-27,13:00,CLE,NYJ,16,23,NYC01,MetLife Stadium,outdoors,37.0,5.0,Home
2020_16_IND_PIT,2020,16,2020-12-27,13:00,IND,PIT,24,28,PIT00,Heinz Field,outdoors,37.0,6.0,Home
2020_16_LA_SEA,2020,16,2020-12-27,16:25,LA,SEA,9,20,SEA00,Lumen Field,outdoors,45.0,2.0,Home
2020_16_NYG_BAL,2020,16,2020-12-27,13:00,NYG,BAL,13,27,BAL00,M&T Bank Stadium,outdoors,38.0,3.0,Home
2020_16_TEN_GB,2020,16,2020-12-27,20:20,TEN,GB,14,40,GNB00,Lambeau Field,outdoors,28.0,15.0,Home
2020_17_ATL_TB,2020,17,2021-01-03,13:00,ATL,TB,27,44,TAM00,Raymond James Stadium,outdoors,65.0,4.0,Home
2020_17_BAL_CIN,2020,17,2021-01-03,13:00,BAL,CIN,38,3,CIN00,Paul Brown Stadium,outdoors,39.0,10.0,Home
2020_17_DAL_NYG,2020,17,2021-01-03,13:00,DAL,NYG,19,23,NYC01,MetLife Stadium,outdoors,33.0,6.0,Home
2020_17_GB_CHI,2020,17,2021-01-03,16:25,GB,CHI,35,16,CHI98,Soldier Field,outdoors,32.0,7.0,Home
2020_17_LAC_KC,2020,17,2021-01-03,16:25,LAC,KC,38,21,KAN00,Arrowhead Stadium,outdoors,35.0,6.0,Home
2020_17_LV_DEN,2020,17,2021-01-03,16:25,LV,DEN,32,31,DEN00,Empower Field at Mile High,outdoors,53.0,10.0,Home
2020_17_MIA_BUF,2020,17,2021-01-03,13:00,MIA,BUF,26,56,BUF00,New Era Field,outdoors,35.0,1.0,Home
2020_17_NO_CAR,2020,17,2021-01-03,16:25,NO,CAR,33,7,CAR00,Bank of America Stadium,outdoors,57.0,2.0,Home
2020_17_NYJ_NE,2020,17,2021-01-03,13:00,NYJ,NE,14,28,BOS00,Gillette Stadium,outdoors,33.0,5.0,Home
2020_17_PIT_CLE,2020,17,2021-01-03,13:00,PIT,CLE,22,24,CLE00,FirstEnergy Stadium,outdoors,38.0,7.0,Home
2020_17_WAS_PHI,2020,17,2021-01-03,20:20,WAS,PHI,20,14,PHI00,Lincoln Financial Field,outdoors,38.0,10.0,Home
2021_01_ARI_TEN,2021,1,2021-09-12,13:00,ARI,TEN,38,13,NAS00,Nissan Stadium,outdoors,82.0,8.0,Home
2021_01_CLE_KC,2021,1,2021-09-12,16:25,CLE,KC,29,33,KAN00,GEHA Field at Arrowhead Stadium,outdoors,88.0,8.0,Home
2021_01_DAL_TB,2021,1,2021-09-09,20:20,DAL,TB,29,31,TAM00,Raymond James Stadium,outdoors,82.0,9.0,Home
2021_01_DEN_NYG,2021,1,2021-09-12,16:25,DEN,NYG,27,13,NYC01,MetLife Stadium,outdoors,82.0,19.0,Home
2021_01_GB_NO,2021,1,2021-09-12,16:25,GB,NO,3,38,JAX00,TIAA Bank Stadium,outdoors,86.0,9.0,Neutral
2021_01_LAC_WAS,2021,1,2021-09-12,13:00,LAC,WAS,20,16,WAS00,FedExField,outdoors,81.0,4.0,Home
2021_01_MIA_NE,2021,1,2021-09-12,16:25,MIA,NE,17,16,BOS00,Gillette Stadium,outdoors,81.0,15.0,Home
2021_01_MIN_CIN,2021,1,2021-09-12,13:00,MIN,CIN,24,27,CIN00,Paul Brown Stadium,outdoors,81.0,15.0,Home
2021_01_NYJ_CAR,2021,1,2021-09-12,13:00,NYJ,CAR,14,19,CAR00,Bank of America Stadium,outdoors,81.0,0.0,Home
2021_01_PHI_ATL,2021,1,2021-09-12,13:00,PHI,ATL,32,6,ATL97,Mercedes-Benz Stadium,open,,,Home
2021_01_PIT_BUF,2021,1,2021-09-12,13:00,PIT,BUF,23,16,BUF00,New Era Field,outdoors,73.0,17.0,Home
2021_02_ATL_TB,2021,2,2021-09-19,16:05,ATL,TB,25,48,TAM00,Raymond James Stadium,outdoors,85.0,0.0,Home
2021_02_BUF_MIA,2021,2,2021-09-19,13:00,BUF,MIA,35,0,MIA00,Hard Rock Stadium,outdoors,89.0,7.0,Home
2021_02_CIN_CHI,2021,2,2021-09-19,13:00,CIN,CHI,17,20,CHI98,Soldier Field,outdoors,80.0,0.0,Home
2021_02_DEN_JAX,2021,2,2021-09-19,13:00,DEN,JAX,23,13,JAX00,TIAA Bank Stadium,outdoors,80.0,7.0,Home
2021_02_DET_GB,2021,2,2021-09-20,20:15,DET,GB,17,35,GNB00,Lambeau Field,outdoors,73.0,12.0,Home
2021_02_HOU_CLE,2021,2,2021-09-19,13:00,HOU,CLE,21,31,CLE00,FirstEnergy Stadium,outdoors,75.0,12.0,Home
2021_02_KC_BAL,2021,2,2021-09-19,20:20,KC,BAL,35,36,BAL00,M&T Bank Stadium,outdoors,82.0,8.0,Home
2021_02_LV_PIT,2021,2,2021-09-19,13:00,LV,PIT,26,17,PIT00,Heinz Field,outdoors,77.0,4.0,Home
2021_02_NE_NYJ,2021,2,2021-09-19,13:00,NE,NYJ,25,6,NYC01,MetLife Stadium,outdoors,72.0,13.0,Home
2021_02_NO_CAR,2021,2,2021-09-19,13:00,NO,CAR,7,26,CAR00,Bank of America Stadium,outdoors,83.0,4.0,Home
2021_02_NYG_WAS,2021,2,2021-09-16,20:20,NYG,WAS,29,30,WAS00,FedExField,outdoors,71.0,0.0,Home
2021_02_SF_PHI,2021,2,2021-09-19,13:00,SF,PHI,17,11,PHI00,Lincoln Financial Field,outdoors,76.0,13.0,Home
2021_02_TEN_SEA,2021,2,2021-09-19,16:25,TEN,SEA,33,30,SEA00,Lumen Field,outdoors,62.0,14.0,Home
2021_03_ARI_JAX,2021,3,2021-09-26,13:00,ARI,JAX,31,19,JAX00,TIAA Bank Stadium,outdoors,81.0,4.0,Home
2021_03_ATL_NYG,2021,3,2021-09-26,13:00,ATL,NYG,17,14,NYC01,MetLife Stadium,outdoors,69.0,13.0,Home
2021_03_CHI_CLE,2021,3,2021-09-26,13:00,CHI,CLE,6,26,CLE00,FirstEnergy Stadium,outdoors,70.0,22.0,Home
2021_03_CIN_PIT,2021,3,2021-09-26,13:00,CIN,PIT,24,10,PIT00,Heinz Field,outdoors,67.0,9.0,Home
2021_03_GB_SF,2021,3,2021-09-26,20:20,GB,SF,30,28,SFO01,Levi's Stadium,outdoors,69.0,15.0,Home
2021_03_IND_TEN,2021,3,2021-09-26,13:00,IND,TEN,16,25,NAS00,Nissan Stadium,outdoors,72.0,4.0,Home
2021_03_LAC_KC,2021,3,2021-09-26,13:00,LAC,KC,30,24,KAN00,GEHA Field at Arrowhead Stadium,outdoors,81.0,19.0,Home
2021_03_NO_NE,2021,3,2021-09-26,13:00,NO,NE,28,13,BOS00,Gillette Stadium,outdoors,73.0,11.0,Home
2021_03_NYJ_DEN,2021,3,2021-09-26,16:05,NYJ,DEN,0,26,DEN00,Empower Field at Mile High,outdoors,82.0,6.0,Home
2021_03_PHI_DAL,2021,3,2021-09-27,20:15,PHI,DAL,21,41,DAL00,AT&T Stadium,open,,,Home
2021_03_WAS_BUF,2021,3,2021-09-26,13:00,WAS,BUF,21,43,BUF00,New Era Field,outdoors,67.0,21.0,Home
2021_04_BAL_DEN,2021,4,2021-10-03,16:25,BAL,DEN,23,7,DEN00,Empower Field at Mile High,outdoors,77.0,11.0,Home
2021_04_DET_CHI,2021,4,2021-10-03,13:00,DET,CHI,14,24,CHI98,Soldier Field,outdoors,72.0,4.0,Home
2021_04_HOU_BUF,2021,4,2021-10-03,13:00,HOU,BUF,0,40,BUF00,New Era Field,outdoors,67.0,12.0,Home
2021_04_IND_MIA,2021,4,2021-10-03,13:00,IND,MIA,27,17,MIA00,Hard Rock Stadium,outdoors,85.0,16.0,Home
2021_04_JAX_CIN,2021,4,2021-09-30,20:20,JAX,CIN,21,24,CIN00,Paul Brown Stadium,outdoors,65.0,0.0,Home
2021_04_KC_PHI,2021,4,2021-10-03,13:00,KC,PHI,42,30,PHI00,Lincoln Financial Field,outdoors,73.0,8.0,Home
2021_04_PIT_GB,2021,4,2021-10-03,16:25,PIT,GB,17,27,GNB00,Lambeau Field,outdoors,67.0,4.0,Home
2021_04_SEA_SF,2021,4,2021-10-03,16:05,SEA,SF,28,21,SFO01,Levi's Stadium,outdoors,80.0,0.0,Home
2021_04_TB_NE,2021,4,2021-10-03,20:20,TB,NE,19,17,BOS00,Gillette Stadium,outdoors,62.0,4.0,Home
2021_04_TEN_NYJ,2021,4,2021-10-03,13:00,TEN,NYJ,24,27,NYC01,MetLife Stadium,outdoors,78.0,9.0,Home
2021_04_WAS_ATL,2021,4,2021-10-03,13:00,WAS,ATL,34,30,ATL97,Mercedes-Benz Stadium,open,,,Home
2021_05_BUF_KC,2021,5,2021-10-10,20:20,BUF,KC,38,20,KAN00,GEHA Field at Arrowhead Stadium,outdoors,76.0,0.0,Home
2021_05_DEN_PIT,2021,5,2021-10-10,13:00,DEN,PIT,19,27,PIT00,Heinz Field,outdoors,71.0,9.0,Home
2021_05_GB_CIN,2021,5,2021-10-10,13:00,GB,CIN,25,22,CIN00,Paul Brown Stadium,outdoors,76.0,12.0,Home
2021_05_IND_BAL,2021,5,2021-10-11,20:15,IND,BAL,25,31,BAL00,M&T Bank Stadium,outdoors,69.0,6.0,Home
2021_05_LA_SEA,2021,5,2021-10-07,20:20,LA,SEA,26,17,SEA00,Lumen Field,outdoors,56.0,8.0,Home
2021_05_MIA_TB,2021,5,2021-10-10,13:00,MIA,TB,17,45,TAM00,Raymond James Stadium,outdoors,84.0,7.0,Home
2021_05_NO_WAS,2021,5,2021-10-10,13:00,NO,WAS,33,22,WAS00,FedExField,outdoors,70.0,12.0,Home
2021_05_NYJ_ATL,2021,5,2021-10-10,09:30,NYJ,ATL,20,27,LON02,Tottenham Stadium,outdoors,63.0,8.0,Neutral
2021_05_PHI_CAR,2021,5,2021-10-10,13:00,PHI,CAR,21,18,CAR00,Bank of America Stadium,outdoors,76.0,13.0,Home
2021_05_TEN_JAX,2021,5,2021-10-10,13:00,TEN,JAX,37,19,JAX00,TIAA Bank Stadium,outdoors,78.0,11.0,Home
2021_06_ARI_CLE,2021,6,2021-10-17,16:05,ARI,CLE,37,14,CLE00,FirstEnergy Stadium,outdoors,58.0,23.0,Home
2021_06_BUF_TEN,2021,6,2021-10-18,20:15,BUF,TEN,31,34,NAS00,Nissan Stadium,outdoors,66.0,6.0,Home
2021_06_DAL_NE,2021,6,2021-10-17,16:25,DAL,NE,35,29,BOS00,Gillette Stadium,outdoors,62.0,11.0,Home
2021_06_GB_CHI,2021,6,2021-10-17,13:00,GB,CHI,24,14,CHI98,Soldier Field,outdoors,59.0,6.0,Home
2021_06_HOU_IND,2021,6,2021-10-17,13:00,HOU,IND,3,31,IND00,Lucas Oil Stadium,open,,,Home
2021_06_KC_WAS,2021,6,2021-10-17,13:00,KC,WAS,31,13,WAS00,FedExField,outdoors,62.0,13.0,Home
2021_06_LAC_BAL,2021,6,2021-10-17,13:00,LAC,BAL,6,34,BAL00,M&T Bank Stadium,outdoors,63.0,15.0,Home
2021_06_LA_NYG,2021,6,2021-10-17,13:00,LA,NYG,38,11,NYC01,MetLife Stadium,outdoors,61.0,13.0,Home
2021_06_LV_DEN,2021,6,2021-10-17,16:25,LV,DEN,34,24,DEN00,Empower Field at Mile High,outdoors,76.0,8.0,Home
2021_06_MIA_JAX,2021,6,2021-10-17,09:30,MIA,JAX,20,23,LON02,Tottenham Stadium,outdoors,63.0,11.0,Neutral
2021_06_MIN_CAR,2021,6,2021-10-17,13:00,MIN,CAR,34,28,CAR00,Bank of America Stadium,outdoors,62.0,7.0,Home
2021_06_SEA_PIT,2021,6,2021-10-17,20:20,SEA,PIT,20,23,PIT00,Heinz Field,outdoors,49.0,6.0,Home
2021_06_TB_PHI,2021,6,2021-10-14,20:20,TB,PHI,28,22,PHI00,Lincoln Financial Field,outdoors,74.0,8.0,Home
2021_07_ATL_MIA,2021,7,2021-10-24,13:00,ATL,MIA,30,28,MIA00,Hard Rock Stadium,outdoors,85.0,9.0,Home
2021_07_CAR_NYG,2021,7,2021-10-24,13:00,CAR,NYG,3,25,NYC01,MetLife Stadium,outdoors,57.0,0.0,Home
2021_07_CHI_TB,2021,7,2021-10-24,16:25,CHI,TB,3,38,TAM00,Raymond James Stadium,outdoors,83.0,7.0,Home
2021_07_CIN_BAL,2021,7,2021-10-24,13:00,CIN,BAL,41,17,BAL00,M&T Bank Stadium,outdoors,61.0,6.0,Home
2021_07_DEN_CLE,2021,7,2021-10-21,20:20,DEN,CLE,14,17,CLE00,FirstEnergy Stadium,outdoors,59.0,27.0,Home
2021_07_IND_SF,2021,7,2021-10-24,20:20,IND,SF,30,18,SFO01,Levi's Stadium,outdoors,64.0,16.0,Home
2021_07_KC_TEN,2021,7,2021-10-24,13:00,KC,TEN,3,27,NAS00,Nissan Stadium,outdoors,74.0,14.0,Home
2021_07_NO_SEA,2021,7,2021-10-25,20:15,NO,SEA,13,10,SEA00,Lumen Field,outdoors,54.0,16.0,Home
2021_07_NYJ_NE,2021,7,2021-10-24,13:00,NYJ,NE,13,54,BOS00,Gillette Stadium,outdoors,52.0,0.0,Home
2021_07_WAS_GB,2021,7,2021-10-24,13:00,WAS,GB,10,24,GNB00,Lambeau Field,outdoors,49.0,11.0,Home
2021_08_CAR_ATL,2021,8,2021-10-31,13:00,CAR,ATL,19,13,ATL97,Mercedes-Benz Stadium,open,,,Home
2021_08_CIN_NYJ,2021,8,2021-10-31,13:00,CIN,NYJ,31,34,NYC01,MetLife Stadium,outdoors,63.0,11.0,Home
2021_08_GB_ARI,2021,8,2021-10-28,20:20,GB,ARI,24,21,PHO00,State Farm Stadium,open,,,Home
2021_08_JAX_SEA,2021,8,2021-10-31,16:05,JAX,SEA,7,31,SEA00,Lumen Field,outdoors,54.0,8.0,Home
2021_08_MIA_BUF,2021,8,2021-10-31,13:00,MIA,BUF,11,26,BUF00,New Era Field,outdoors,54.0,9.0,Home
2021_08_NYG_KC,2021,8,2021-11-01,20:15,NYG,KC,17,20,KAN00,GEHA Field at Arrowhead Stadium,outdoors,39.0,4.0,Home
2021_08_PIT_CLE,2021,8,2021-10-31,13:00,PIT,CLE,15,10,CLE00,FirstEnergy Stadium,outdoors,57.0,13.0,Home
2021_08_SF_CHI,2021,8,2021-10-31,13:00,SF,CHI,33,22,CHI98,Soldier Field,outdoors,53.0,12.0,Home
2021_08_TEN_IND,2021,8,2021-10-31,13:00,TEN,IND,34,31,IND00,Lucas Oil Stadium,open,,,Home
2021_08_WAS_DEN,2021,8,2021-10-31,16:25,WAS,DEN,10,17,DEN00,Empower Field at Mile High,outdoors,41.0,4.0,Home
2021_09_ARI_SF,2021,9,2021-11-07,16:25,ARI,SF,31,17,SFO01,Levi's Stadium,outdoors,57.0,8.0,Home
2021_09_BUF_JAX,2021,9,2021-11-07,13:00,BUF,JAX,6,9,JAX00,TIAA Bank Stadium,outdoors,59.0,16.0,Home
2021_09_CHI_PIT,2021,9,2021-11-08,20:15,CHI,PIT,27,29,PIT00,Heinz Field,outdoors,55.0,7.0,Home
2021_09_CLE_CIN,2021,9,2021-11-07,13:00,CLE,CIN,41,16,CIN00,Paul Brown Stadium,outdoors,56.0,0.0,Home
2021_09_GB_KC,2021,9,2021-11-07,16:25,GB,KC,7,13,KAN00,GEHA Field at Arrowhead Stadium,outdoors,51.0,12.0,Home
2021_09_HOU_MIA,2021,9,2021-11-07,13:00,HOU,MIA,9,17,MIA00,Hard Rock Stadium,outdoors,72.0,19.0,Home
2021_09_LAC_PHI,2021,9,2021-11-07,16:05,LAC,PHI,27,24,PHI00,Lincoln Financial Field,outdoors,54.0,11.0,Home
2021_09_LV_NYG,2021,9,2021-11-07,13:00,LV,NYG,16,23,NYC01,MetLife Stadium,outdoors,54.0,4.0,Home
2021_09_MIN_BAL,2021,9,2021-11-07,13:00,MIN,BAL,31,34,BAL00,M&T Bank Stadium,outdoors,56.0,8.0,Home
2021_09_NE_CAR,2021,9,2021-11-07,13:00,NE,CAR,24,6,CAR00,Bank of America Stadium,outdoors,61.0,16.0,Home
2021_10_BAL_MIA,2021,10,2021-11-11,20:20,BAL,MIA,10,22,MIA00,Hard Rock Stadium,outdoors,77.0,4.0,Home
2021_10_BUF_NYJ,2021,10,2021-11-14,13:00,BUF,NYJ,45,17,NYC01,MetLife Stadium,outdoors,47.0,4.0,Home
2021_10_CLE_NE,2021,10,2021-11-14,13:00,CLE,NE,7,45,BOS00,Gillette Stadium,outdoors,48.0,6.0,Home
2021_10_DET_PIT,2021,10,2021-11-14,13:00,DET,PIT,16,16,PIT00,Heinz Field,outdoors,37.0,12.0,Home
2021_10_LA_SF,2021,10,2021-11-15,20:15,LA,SF,10,31,SFO01,Levi's Stadium,outdoors,59.0,0.0,Home
2021_10_NO_TEN,2021,10,2021-11-14,13:00,NO,TEN,21,23,NAS00,Nissan Stadium,outdoors,53.0,12.0,Home
2021_10_PHI_DEN,2021,10,2021-11-14,16:25,PHI,DEN,30,13,DEN00,Empower Field at Mile High,outdoors,57.0,19.0,Home
2021_10_SEA_GB,2021,10,2021-11-14,16:25,SEA,GB,0,17,GNB00,Lambeau Field,outdoors,35.0,11.0,Home
2021_10_TB_WAS,2021,10,2021-11-14,13:00,TB,WAS,19,29,WAS00,FedExField,outdoors,47.0,8.0,Home
2021_11_ARI_SEA,2021,11,2021-11-21,16:25,ARI,SEA,23,13,SEA00,Lumen Field,outdoors,46.0,0.0,Home
2021_11_BAL_CHI,2021,11,2021-11-21,13:00,BAL,CHI,16,13,CHI98,Soldier Field,outdoors,46.0,9.0,Home
2021_11_DAL_KC,2021,11,2021-11-21,16:25,DAL,KC,9,19,KAN00,GEHA Field at Arrowhead Stadium,outdoors,57.0,17.0,Home
2021_11_DET_CLE,2021,11,2021-11-21,13:00,DET,CLE,10,13,CLE00,FirstEnergy Stadium,outdoors,42.0,7.0,Home
2021_11_HOU_TEN,2021,11,2021-11-21,13:00,HOU,TEN,22,13,NAS00,Nissan Stadium,outdoors,59.0,8.0,Home
2021_11_IND_BUF,2021,11,2021-11-21,13:00,IND,BUF,41,15,BUF00,New Era Field,outdoors,49.0,12.0,Home
2021_11_MIA_NYJ,2021,11,2021-11-21,13:00,MIA,NYJ,24,17,NYC01,MetLife Stadium,outdoors,52.0,4.0,Home
2021_11_NO_PHI,2021,11,2021-11-21,13:00,NO,PHI,29,40,PHI00,Lincoln Financial Field,outdoors,51.0,4.0,Home
2021_11_NYG_TB,2021,11,2021-11-22,20:15,NYG,TB,10,30,TAM00,Raymond James Stadium,outdoors,68.0,6.0,Home
2021_11_SF_JAX,2021,11,2021-11-21,13:00,SF,JAX,30,10,JAX00,TIAA Bank Stadium,outdoors,68.0,17.0,Home
2021_11_WAS_CAR,2021,11,2021-11-21,13:00,WAS,CAR,27,21,CAR00,Bank of America Stadium,outdoors,54.0,0.0,Home
2021_12_ATL_JAX,2021,12,2021-11-28,13:00,ATL,JAX,21,14,JAX00,TIAA Bank Stadium,outdoors,61.0,4.0,Home
2021_12_CAR_MIA,2021,12,2021-11-28,13:00,CAR,MIA,10,33,MIA00,Hard Rock Stadium,outdoors,74.0,4.0,Home
2021_12_CLE_BAL,2021,12,2021-11-28,20:20,CLE,BAL,10,16,BAL00,M&T Bank Stadium,outdoors,43.0,0.0,Home
2021_12_LAC_DEN,2021,12,2021-11-28,16:05,LAC,DEN,13,28,DEN00,Empower Field at Mile High,outdoors,62.0,0.0,Home
2021_12_LA_GB,2021,12,2021-11-28,16:25,LA,GB,28,36,GNB00,Lambeau Field,outdoors,37.0,14.0,Home
2021_12_MIN_SF,2021,12,2021-11-28,16:25,MIN,SF,26,34,SFO01,Levi's Stadium,outdoors,68.0,7.0,Home
2021_12_PHI_NYG,2021,12,2021-11-28,13:00,PHI,NYG,7,13,NYC01,MetLife Stadium,outdoors,39.0,4.0,Home
2021_12_PIT_CIN,2021,12,2021-11-28,13:00,PIT,CIN,10,41,CIN00,Paul Brown Stadium,outdoors,43.0,12.0,Home
2021_12_SEA_WAS,2021,12,2021-11-29,20:15,SEA,WAS,15,17,WAS00,FedExField,outdoors,41.0,9.0,Home
2021_12_TEN_NE,2021,12,2021-11-28,13:00,TEN,NE,13,36,BOS00,Gillette Stadium,outdoors,33.0,6.0,Home
2021_13_ARI_CHI,2021,13,2021-12-05,13:00,ARI,CHI,33,22,CHI98,Soldier Field,outdoors,34.0,8.0,Home
2021_13_BAL_PIT,2021,13,2021-12-05,16:25,BAL,PIT,19,20,PIT00,Heinz Field,outdoors,50.0,7.0,Home
2021_13_DEN_KC,2021,13,2021-12-05,20:20,DEN,KC,9,22,KAN00,GEHA Field at Arrowhead Stadium,outdoors,58.0,22.0,Home
2021_13_LAC_CIN,2021,13,2021-12-05,13:00,LAC,CIN,41,22,CIN00,Paul Brown Stadium,outdoors,48.0,11.0,Home
2021_13_NE_BUF,2021,13,2021-12-06,20:15,NE,BUF,14,10,BUF00,New Era Field,outdoors,36.0,27.0,Home
2021_13_NYG_MIA,2021,13,2021-12-05,13:00,NYG,MIA,9,20,MIA00,Hard Rock Stadium,outdoors,80.0,11.0,Home
2021_13_PHI_NYJ,2021,13,2021-12-05,13:00,PHI,NYJ,33,18,NYC01,MetLife Stadium,outdoors,45.0,0.0,Home
2021_13_SF_SEA,2021,13,2021-12-05,16:25,SF,SEA,23,30,SEA00,Lumen Field,outdoors,41.0,4.0,Home
2021_14_ATL_CAR,2021,14,2021-12-12,13:00,ATL,CAR,29,21,CAR00,Bank of America Stadium,outdoors,48.0,9.0,Home
2021_14_BAL_CLE,2021,14,2021-12-12,13:00,BAL,CLE,22,24,CLE00,FirstEnergy Stadium,outdoors,46.0,14.0,Home
2021_14_BUF_TB,2021,14,2021-12-12,16:25,BUF,TB,27,33,TAM00,Raymond James Stadium,outdoors,82.0,4.0,Home
2021_14_CHI_GB,2021,14,2021-12-12,20:20,CHI,GB,30,45,GNB00,Lambeau Field,outdoors,36.0,8.0,Home
2021_14_DAL_WAS,2021,14,2021-12-12,13:00,DAL,WAS,27,20,WAS00,FedExField,outdoors,48.0,17.0,Home
2021_14_DET_DEN,2021,14,2021-12-12,16:05,DET,DEN,10,38,DEN00,Empower Field at Mile High,outdoors,63.0,8.0,Home
2021_14_JAX_TEN,2021,14,2021-12-12,13:00,JAX,TEN,0,20,NAS00,Nissan Stadium,outdoors,45.0,0.0,Home
2021_14_LA_ARI,2021,14,2021-12-13,20:15,LA,ARI,30,23,PHO00,State Farm Stadium,open,,,Home
2021_14_LV_KC,2021,14,2021-12-12,13:00,LV,KC,9,48,KAN00,GEHA Field at Arrowhead Stadium,outdoors,47.0,19.0,Home
2021_14_NO_NYJ,2021,14,2021-12-12,13:00,NO,NYJ,30,9,NYC01,MetLife Stadium,outdoors,46.0,13.0,Home
2021_14_SEA_HOU,2021,14,2021-12-12,13:00,SEA,HOU,33,13,HOU00,NRG Stadium,open,,,Home
2021_14_SF_CIN,2021,14,2021-12-12,16:25,SF,CIN,26,23,CIN00,Paul Brown Stadium,outdoors,48.0,9.0,Home
2021_15_ATL_SF,2021,15,2021-12-19,16:05,ATL,SF,13,31,SFO01,Levi's Stadium,outdoors,46.0,0.0,Home
2021_15_CAR_BUF,2021,15,2021-12-19,13:00,CAR,BUF,14,31,BUF00,New Era Field,outdoors,30.0,8.0,Home
2021_15_CIN_DEN,2021,15,2021-12-19,16:05,CIN,DEN,15,10,DEN00,Empower Field at Mile High,outdoors,61.0,19.0,Home
2021_15_DAL_NYG,2021,15,2021-12-19,13:00,DAL,NYG,21,6,NYC01,MetLife Stadium,outdoors,37.0,8.0,Home
2021_15_GB_BAL,2021,15,2021-12-19,16:25,GB,BAL,31,30,BAL00,M&T Bank Stadium,outdoors,43.0,11.0,Home
2021_15_HOU_JAX,2021,15,2021-12-19,13:00,HOU,JAX,30,16,JAX00,TIAA Bank Stadium,outdoors,80.0,12.0,Home
2021_15_LV_CLE,2021,15,2021-12-20,17:00,LV,CLE,16,14,CLE00,FirstEnergy Stadium,outdoors,40.0,8.0,Home
2021_15_MIN_CHI,2021,15,2021-12-20,20:15,MIN,CHI,17,9,CHI98,Soldier Field,outdoors,37.0,8.0,Home
2021_15_NO_TB,2021,15,2021-12-19,20:20,NO,TB,9,0,TAM00,Raymond James Stadium,outdoors,75.0,0.0,Home
2021_15_NYJ_MIA,2021,15,2021-12-19,13:00,NYJ,MIA,24,31,MIA00,Hard Rock Stadium,outdoors,82.0,9.0,Home
2021_15_TEN_PIT,2021,15,2021-12-19,13:00,TEN,PIT,13,19,PIT00,Heinz Field,outdoors,32.0,11.0,Home
2021_15_WAS_PHI,2021,15,2021-12-21,19:00,WAS,PHI,17,27,PHI00,Lincoln Financial Field,outdoors,42.0,7.0,Home
2021_16_BAL_CIN,2021,16,2021-12-26,13:00,BAL,CIN,21,41,CIN00,Paul Brown Stadium,outdoors,52.0,0.0,Home
2021_16_BUF_NE,2021,16,2021-12-26,13:00,BUF,NE,33,21,BOS00,Gillette Stadium,outdoors,38.0,13.0,Home
2021_16_CHI_SEA,2021,16,2021-12-26,16:05,CHI,SEA,25,24,SEA00,Lumen Field,outdoors,25.0,11.0,Home
2021_16_CLE_GB,2021,16,2021-12-25,16:30,CLE,GB,22,24,GNB00,Lambeau Field,outdoors,35.0,11.0,Home
2021_16_DET_ATL,2021,16,2021-12-26,13:00,DET,ATL,16,20,ATL97,Mercedes-Benz Stadium,open,,,Home
2021_16_JAX_NYJ,2021,16,2021-12-26,13:00,JAX,NYJ,21,26,NYC01,MetLife Stadium,outdoors,47.0,0.0,Home
2021_16_NYG_PHI,2021,16,2021-12-26,13:00,NYG,PHI,10,34,PHI00,Lincoln Financial Field,outdoors,53.0,9.0,Home
2021_16_PIT_KC,2021,16,2021-12-26,16:25,PIT,KC,10,36,KAN00,GEHA Field at Arrowhead Stadium,outdoors,60.0,22.0,Home
2021_16_SF_TEN,2021,16,2021-12-23,20:20,SF,TEN,17,20,NAS00,Nissan Stadium,outdoors,48.0,7.0,Home
2021_16_TB_CAR,2021,16,2021-12-26,13:00,TB,CAR,32,6,CAR00,Bank of America Stadium,outdoors,73.0,8.0,Home
2021_17_ATL_BUF,2021,17,2022-01-02,13:00,ATL,BUF,15,29,BUF00,New Era Field,outdoors,26.0,11.0,Home
2021_17_CLE_PIT,2021,17,2022-01-03,20:15,CLE,PIT,14,26,PIT00,Heinz Field,outdoors,25.0,12.0,Home
2021_17_DET_SEA,2021,17,2022-01-02,16:25,DET,SEA,29,51,SEA00,Lumen Field,outdoors,37.0,0.0,Home
2021_17_HOU_SF,2021,17,2022-01-02,16:05,HOU,SF,7,23,SFO01,Levi's Stadium,outdoors,50.0,6.0,Home
2021_17_JAX_NE,2021,17,2022-01-02,13:00,JAX,NE,10,50,BOS00,Gillette Stadium,outdoors,46.0,4.0,Home
2021_17_KC_CIN,2021,17,2022-01-02,13:00,KC,CIN,31,34,CIN00,Paul Brown Stadium,outdoors,33.0,13.0,Home
2021_17_LA_BAL,2021,17,2022-01-02,13:00,LA,BAL,20,19,BAL00,M&T Bank Stadium,outdoors,59.0,6.0,Home
2021_17_MIA_TEN,2021,17,2022-01-02,13:00,MIA,TEN,3,34,NAS00,Nissan Stadium,outdoors,43.0,13.0,Home
2021_17_MIN_GB,2021,17,2022-01-02,20:20,MIN,GB,10,37,GNB00,Lambeau Field,outdoors,11.0,9.0,Home
2021_17_NYG_CHI,2021,17,2022-01-02,13:00,NYG,CHI,3,29,CHI98,Soldier Field,outdoors,25.0,13.0,Home
2021_17_PHI_WAS,2021,17,2022-01-02,13:00,PHI,WAS,20,16,WAS00,FedExField,outdoors,62.0,4.0,Home
2021_17_TB_NYJ,2021,17,2022-01-02,13:00,TB,NYJ,28,24,NYC01,MetLife Stadium,outdoors,57.0,9.0,Home
2021_18_CAR_TB,2021,18,2022-01-09,16:25,CAR,TB,17,41,TAM00,Raymond James Stadium,outdoors,80.0,4.0,Home
2021_18_CIN_CLE,2021,18,2022-01-09,13:00,CIN,CLE,16,21,CLE00,FirstEnergy Stadium,outdoors,38.0,22.0,Home
2021_18_DAL_PHI,2021,18,2022-01-08,20:15,DAL,PHI,51,26,PHI00,Lincoln Financial Field,outdoors,31.0,8.0,Home
2021_18_IND_JAX,2021,18,2022-01-09,13:00,IND,JAX,11,26,JAX00,TIAA Bank Stadium,outdoors,76.0,19.0,Home
2021_18_KC_DEN,2021,18,2022-01-08,16:30,KC,DEN,28,24,DEN00,Empower Field at Mile High,outdoors,41.0,4.0,Home
2021_18_NE_MIA,2021,18,2022-01-09,16:25,NE,MIA,24,33,MIA00,Hard Rock Stadium,outdoors,75.0,8.0,Home
2021_18_NYJ_BUF,2021,18,2022-01-09,16:25,NYJ,BUF,10,27,BUF00,New Era Field,outdoors,36.0,19.0,Home
2021_18_PIT_BAL,2021,18,2022-01-09,13:00,PIT,BAL,16,13,BAL00,M&T Bank Stadium,outdoors,36.0,0.0,Home
2021_18_SEA_ARI,2021,18,2022-01-09,16:25,SEA,ARI,38,30,PHO00,State Farm Stadium,open,,,Home
2021_18_WAS_NYG,2021,18,2022-01-09,13:00,WAS,NYG,22,7,NYC01,MetLife Stadium,outdoors,38.0,0.0,Home
2022_01_BAL_NYJ,2022,1,2022-09-11,13:00,BAL,NYJ,24,9,NYC01,MetLife Stadium,outdoors,,,Home
2022_01_CLE_CAR,2022,1,2022-09-11,13:00,CLE,CAR,26,24,CAR00,Bank of America Stadium,outdoors,,,Home
2022_01_DEN_SEA,2022,1,2022-09-12,20:15,DEN,SEA,16,17,SEA00,Lumen Field,outdoors,,,Home
2022_01_JAX_WAS,2022,1,2022-09-11,13:00,JAX,WAS,22,28,WAS00,FedExField,outdoors,,,Home
2022_01_NE_MIA,2022,1,2022-09-11,13:00,NE,MIA,7,20,MIA00,Hard Rock Stadium,outdoors,,,Home
2022_01_NYG_TEN,2022,1,2022-09-11,16:25,NYG,TEN,21,20,NAS00,Nissan Stadium,outdoors,,,Home
2022_01_PIT_CIN,2022,1,2022-09-11,13:00,PIT,CIN,23,20,CIN00,Paycor Stadium,outdoors,,,Home
2022_01_SF_CHI,2022,1,2022-09-11,13:00,SF,CHI,10,19,CHI98,Soldier Field,outdoors,,,Home
2022_02_CAR_NYG,2022,2,2022-09-18,13:00,CAR,NYG,16,19,NYC01,MetLife Stadium,outdoors,,,Home
2022_02_CHI_GB,2022,2,2022-09-18,20:20,CHI,GB,10,27,GNB00,Lambeau Field,outdoors,,,Home
2022_02_HOU_DEN,2022,2,2022-09-18,16:25,HOU,DEN,9,16,DEN00,Empower Field at Mile High,outdoors,,,Home
2022_02_IND_JAX,2022,2,2022-09-18,13:00,IND,JAX,0,24,JAX00,TIAA Bank Stadium,outdoors,,,Home
2022_02_LAC_KC,2022,2,2022-09-15,20:15,LAC,KC,24,27,KAN00,GEHA Field at Arrowhead Stadium,outdoors,,,Home
2022_02_MIA_BAL,2022,2,2022-09-18,13:00,MIA,BAL,42,38,BAL00,M&T Bank Stadium,outdoors,,,Home
2022_02_MIN_PHI,2022,2,2022-09-19,20:30,MIN,PHI,7,24,PHI00,Lincoln Financial Field,outdoors,,,Home
2022_02_NE_PIT,2022,2,2022-09-18,13:00,NE,PIT,17,14,PIT00,Acrisure Stadium,outdoors,,,Home
2022_02_NYJ_CLE,2022,2,2022-09-18,13:00,NYJ,CLE,31,30,CLE00,FirstEnergy Stadium,outdoors,,,Home
2022_02_SEA_SF,2022,2,2022-09-18,16:05,SEA,SF,7,27,SFO01,Levi's Stadium,outdoors,,,Home
2022_02_TEN_BUF,2022,2,2022-09-19,19:15,TEN,BUF,7,41,BUF00,New Era Field,outdoors,,,Home
2022_03_ATL_SEA,2022,3,2022-09-25,16:25,ATL,SEA,27,23,SEA00,Lumen Field,outdoors,,,Home
2022_03_BAL_NE,2022,3,2022-09-25,13:00,BAL,NE,37,26,BOS00,Gillette Stadium,outdoors,,,Home
2022_03_BUF_MIA,2022,3,2022-09-25,13:00,BUF,MIA,19,21,MIA00,Hard Rock Stadium,outdoors,,,Home
2022_03_CIN_NYJ,2022,3,2022-09-25,13:00,CIN,NYJ,27,12,NYC01,MetLife Stadium,outdoors,,,Home
2022_03_DAL_NYG,2022,3,2022-09-26,20:15,DAL,NYG,23,16,NYC01,MetLife Stadium,outdoors,,,Home
2022_03_GB_TB,2022,3,2022-09-25,16:25,GB,TB,14,12,TAM00,Raymond James Stadium,outdoors,,,Home
2022_03_HOU_CHI,2022,3,2022-09-25,13:00,HOU,CHI,20,23,CHI98,Soldier Field,outdoors,,,Home
2022_03_KC_IND,2022,3,2022-09-25,13:00,KC,IND,17,20,IND00,Lucas Oil Stadium,open,,,Home
2022_03_LV_TEN,2022,3,2022-09-25,13:00,LV,TEN,22,24,NAS00,Nissan Stadium,outdoors,,,Home
2022_03_NO_CAR,2022,3,2022-09-25,13:00,NO,CAR,14,22,CAR00,Bank of America Stadium,outdoors,,,Home
2022_03_PHI_WAS,2022,3,2022-09-25,13:00,PHI,WAS,24,8,WAS00,FedExField,outdoors,,,Home
2022_03_PIT_CLE,2022,3,2022-09-22,20:15,PIT,CLE,17,29,CLE00,FirstEnergy Stadium,outdoors,,,Home
2022_03_SF_DEN,2022,3,2022-09-25,20:20,SF,DEN,10,11,DEN00,Empower Field at Mile High,outdoors,,,Home
2022_04_ARI_CAR,2022,4,2022-10-02,16:05,ARI,CAR,26,16,CAR00,Bank of America Stadium,outdoors,,,Home
2022_04_BUF_BAL,2022,4,2022-10-02,13:00,BUF,BAL,23,20,BAL00,M&T Bank Stadium,outdoors,,,Home
2022_04_CHI_NYG,2022,4,2022-10-02,13:00,CHI,NYG,12,20,NYC01,MetLife Stadium,outdoors,,,Home
2022_04_CLE_ATL,2022,4,2022-10-02,13:00,CLE,ATL,20,23,ATL97,Mercedes-Benz Stadium,open,,,Home
2022_04_JAX_PHI,2022,4,2022-10-02,13:00,JAX,PHI,21,29,PHI00,Lincoln Financial Field,outdoors,,,Home
2022_04_KC_TB,2022,4,2022-10-02,20:20,KC,TB,41,31,TAM00,Raymond James Stadium,outdoors,,,Home
2022_04_LA_SF,2022,4,2022-10-03,20:15,LA,SF,9,24,SFO01,Levi's Stadium,outdoors,,,Home
2022_04_MIA_CIN,2022,4,2022-09-29,20:15,MIA,CIN,15,27,CIN00,Paycor Stadium,outdoors,,,Home
2022_04_MIN_NO,2022,4,2022-10-02,09:30,MIN,NO,28,25,LON02,Tottenham Stadium,outdoors,,,Neutral
2022_04_NE_GB,2022,4,2022-10-02,16:25,NE,GB,24,27,GNB00,Lambeau Field,outdoors,,,Home
2022_04_NYJ_PIT,2022,4,2022-10-02,13:00,NYJ,PIT,24,20,PIT00,Acrisure Stadium,outdoors,,,Home
2022_04_TEN_IND,2022,4,2022-10-02,13:00,TEN,IND,24,17,IND00,Lucas Oil Stadium,open,,,Home
2022_05_ATL_TB,2022,5,2022-10-09,13:00,ATL,TB,15,21,TAM00,Raymond James Stadium,outdoors,,,Home
2022_05_CIN_BAL,2022,5,2022-10-09,20:20,CIN,BAL,17,19,BAL00,M&T Bank Stadium,outdoors,,,Home
2022_05_DET_NE,2022,5,2022-10-09,13:00,DET,NE,0,29,BOS00,Gillette Stadium,outdoors,,,Home
2022_05_HOU_JAX,2022,5,2022-10-09,13:00,HOU,JAX,13,6,JAX00,TIAA Bank Stadium,outdoors,,,Home
2022_05_IND_DEN,2022,5,2022-10-06,20:15,IND,DEN,12,9,DEN00,Empower Field at Mile High,outdoors,,,Home
2022_05_LAC_CLE,2022,5,2022-10-09,13:00,LAC,CLE,30,28,CLE00,FirstEnergy Stadium,outdoors,,,Home
2022_05_LV_KC,2022,5,2022-10-10,20:15,LV,KC,29,30,KAN00,GEHA Field at Arrowhead Stadium,outdoors,,,Home
2022_05_MIA_NYJ,2022,5,2022-10-09,13:00,MIA,NYJ,17,40,NYC01,MetLife Stadium,outdoors,,,Home
2022_05_NYG_GB,2022,5,2022-10-09,09:30,NYG,GB,27,22,LON02,Tottenham Stadium,outdoors,,,Neutral
2022_05_PIT_BUF,2022,5,2022-10-09,13:00,PIT,BUF,3,38,BUF00,New Era Field,outdoors,,,Home
2022_05_SF_CAR,2022,5,2022-10-09,16:05,SF,CAR,37,15,CAR00,Bank of America Stadium,outdoors,,,Home
2022_05_TEN_WAS,2022,5,2022-10-09,13:00,TEN,WAS,21,17,WAS00,FedExField,outdoors,,,Home
2022_06_ARI_SEA,2022,6,2022-10-16,16:05,ARI,SEA,9,19,SEA00,Lumen Field,outdoors,,,Home
2022_06_BAL_NYG,2022,6,2022-10-16,13:00,BAL,NYG,20,24,NYC01,MetLife Stadium,outdoors,,,Home
2022_06_BUF_KC,2022,6,2022-10-16,16:25,BUF,KC,24,20,KAN00,GEHA Field at Arrowhead Stadium,outdoors,,,Home
2022_06_DAL_PHI,2022,6,2022-10-16,20:20,DAL,PHI,17,26,PHI00,Lincoln Financial Field,outdoors,,,Home
2022_06_JAX_IND,2022,6,2022-10-16,13:00,JAX,IND,27,34,IND00,Lucas Oil Stadium,open,,,Home
2022_06_MIN_MIA,2022,6,2022-10-16,13:00,MIN,MIA,24,16,MIA00,Hard Rock Stadium,outdoors,,,Home
2022_06_NE_CLE,2022,6,2022-10-16,13:00,NE,CLE,38,15,CLE00,FirstEnergy Stadium,outdoors,,,Home
2022_06_NYJ_GB,2022,6,2022-10-16,13:00,NYJ,GB,27,10,GNB00,Lambeau Field,outdoors,,,Home
2022_06_SF_ATL,2022,6,2022-10-16,13:00,SF,ATL,14,28,ATL97,Mercedes-Benz Stadium,open,,,Home
2022_06_TB_PIT,2022,6,2022-10-16,13:00,TB,PIT,18,20,PIT00,Acrisure Stadium,outdoors,,,Home
2022_06_WAS_CHI,2022,6,2022-10-13,20:15,WAS,CHI,12,7,CHI98,Soldier Field,outdoors,,,Home
2022_07_ATL_CIN,2022,7,2022-10-23,13:00,ATL,CIN,17,35,CIN00,Paycor Stadium,outdoors,,,Home
2022_07_CHI_NE,2022,7,2022-10-24,20:15,CHI,NE,33,14,BOS00,Gillette Stadium,outdoors,,,Home
2022_07_CLE_BAL,2022,7,2022-10-23,13:00,CLE,BAL,20,23,BAL00,M&T Bank Stadium,outdoors,,,Home
2022_07_GB_WAS,2022,7,2022-10-23,13:00,GB,WAS,21,23,WAS00,FedExField,outdoors,,,Home
2022_07_IND_TEN,2022,7,2022-10-23,13:00,IND,TEN,10,19,NAS00,Nissan Stadium,outdoors,,,Home
2022_07_KC_SF,2022,7,2022-10-23,16:25,KC,SF,44,23,SFO01,Levi's Stadium,outdoors,,,Home
2022_07_NO_ARI,2022,7,2022-10-20,20:15,NO,ARI,34,42,PHO00,State Farm Stadium,open,,,Home
2022_07_NYG_JAX,2022,7,2022-10-23,13:00,NYG,JAX,23,17,JAX00,TIAA Bank Stadium,outdoors,,,Home
2022_07_NYJ_DEN,2022,7,2022-10-23,16:05,NYJ,DEN,16,9,DEN00,Empower Field at Mile High,outdoors,,,Home
2022_07_PIT_MIA,2022,7,2022-10-23,20:20,PIT,MIA,10,16,MIA00,Hard Rock Stadium,outdoors,,,Home
2022_07_TB_CAR,2022,7,2022-10-23,13:00,TB,CAR,3,21,CAR00,Bank of America Stadium,outdoors,,,Home
2022_08_BAL_TB,2022,8,2022-10-27,20:15,BAL,TB,27,22,TAM00,Raymond James Stadium,outdoors,,,Home
2022_08_CHI_DAL,2022,8,2022-10-30,13:00,CHI,DAL,29,49,DAL00,AT&T Stadium,open,,,Home
2022_08_CIN_CLE,2022,8,2022-10-31,20:15,CIN,CLE,13,32,CLE00,FirstEnergy Stadium,outdoors,66.0,9.0,Home
2022_08_DEN_JAX,2022,8,2022-10-30,09:30,DEN,JAX,21,17,LON00,Wembley Stadium,outdoors,,,Neutral
2022_08_GB_BUF,2022,8,2022-10-30,20:20,GB,BUF,17,27,BUF00,New Era Field,outdoors,,,Home
2022_08_NE_NYJ,2022,8,2022-10-30,13:00,NE,NYJ,22,17,NYC01,MetLife Stadium,outdoors,,,Home
2022_08_NYG_SEA,2022,8,2022-10-30,16:25,NYG,SEA,13,27,SEA00,Lumen Field,outdoors,,,Home
2022_08_PIT_PHI,2022,8,2022-10-30,13:00,PIT,PHI,13,35,PHI00,Lincoln Financial Field,outdoors,,,Home
2022_09_BUF_NYJ,2022,9,2022-11-06,13:00,BUF,NYJ,17,20,NYC01,MetLife Stadium,outdoors,69.0,17.0,Home
2022_09_CAR_CIN,2022,9,2022-11-06,13:00,CAR,CIN,21,42,CIN00,Paycor Stadium,outdoors,68.0,11.0,Home
2022_09_IND_NE,2022,9,2022-11-06,13:00,IND,NE,3,26,BOS00,Gillette Stadium,outdoors,78.0,13.0,Home
2022_09_LAC_ATL,2022,9,2022-11-06,13:00,LAC,ATL,20,17,ATL97,Mercedes-Benz Stadium,open,,,Home
2022_09_LA_TB,2022,9,2022-11-06,16:25,LA,TB,13,16,TAM00,Raymond James Stadium,outdoors,88.0,2.0,Home
2022_09_LV_JAX,2022,9,2022-11-06,13:00,LV,JAX,20,27,JAX00,TIAA Bank Stadium,outdoors,81.0,14.0,Home
2022_09_MIA_CHI,2022,9,2022-11-06,13:00,MIA,CHI,35,32,CHI98,Soldier Field,outdoors,58.0,17.0,Home
2022_09_MIN_WAS,2022,9,2022-11-06,13:00,MIN,WAS,20,17,WAS00,FedExField,outdoors,71.0,11.0,Home
2022_09_SEA_ARI,2022,9,2022-11-06,16:05,SEA,ARI,31,21,PHO00,State Farm Stadium,open,,,Home
2022_09_TEN_KC,2022,9,2022-11-06,20:20,TEN,KC,17,20,KAN00,GEHA Field at Arrowhead Stadium,outdoors,54.0,7.0,Home
2022_10_ATL_CAR,2022,10,2022-11-10,20:15,ATL,CAR,15,25,CAR00,Bank of America Stadium,outdoors,61.0,12.0,Home
2022_10_CLE_MIA,2022,10,2022-11-13,13:00,CLE,MIA,17,39,MIA00,Hard Rock Stadium,outdoors,85.0,7.0,Home
2022_10_DAL_GB,2022,10,2022-11-13,16:25,DAL,GB,28,31,GNB00,Lambeau Field,outdoors,33.0,8.0,Home
2022_10_DEN_TEN,2022,10,2022-11-13,13:00,DEN,TEN,10,17,NAS00,Nissan Stadium,outdoors,36.0,9.0,Home
2022_10_DET_CHI,2022,10,2022-11-13,13:00,DET,CHI,31,30,CHI98,Soldier Field,outdoors,34.0,13.0,Home
2022_10_HOU_NYG,2022,10,2022-11-13,13:00,HOU,NYG,16,24,NYC01,MetLife Stadium,outdoors,50.0,15.0,Home
2022_10_JAX_KC,2022,10,2022-11-13,13:00,JAX,KC,17,27,KAN00,GEHA Field at Arrowhead Stadium,outdoors,33.0,7.0,Home
2022_10_LAC_SF,2022,10,2022-11-13,20:20,LAC,SF,16,22,SFO01,Levi's Stadium,outdoors,57.0,6.0,Home
2022_10_MIN_BUF,2022,10,2022-11-13,13:00,MIN,BUF,33,30,BUF00,New Era Field,outdoors,38.0,11.0,Home
2022_10_NO_PIT,2022,10,2022-11-13,13:00,NO,PIT,10,20,PIT00,Acrisure Stadium,outdoors,37.0,15.0,Home
2022_10_SEA_TB,2022,10,2022-11-13,09:30,SEA,TB,16,21,GER00,Allianz Arena,outdoors,,,Neutral
2022_10_WAS_PHI,2022,10,2022-11-14,20:15,WAS,PHI,32,21,PHI00,Lincoln Financial Field,outdoors,43.0,6.0,Home
2022_11_CAR_BAL,2022,11,2022-11-20,13:00,CAR,BAL,3,13,BAL00,M&T Bank Stadium,outdoors,36.0,2.0,Home
2022_11_CIN_PIT,2022,11,2022-11-20,16:25,CIN,PIT,37,30,PIT00,Acrisure Stadium,outdoors,27.0,12.0,Home
2022_11_DET_NYG,2022,11,2022-11-20,13:00,DET,NYG,31,18,NYC01,MetLife Stadium,outdoors,35.0,21.0,Home
2022_11_LV_DEN,2022,11,2022-11-20,16:05,LV,DEN,22,16,DEN00,Empower Field at Mile High,outdoors,49.0,11.0,Home
2022_11_NYJ_NE,2022,11,2022-11-20,13:00,NYJ,NE,3,10,BOS00,Gillette Stadium,outdoors,42.0,2.0,Home
2022_11_SF_ARI,2022,11,2022-11-21,20:15,SF,ARI,38,10,MEX00,Azteca Stadium,outdoors,,,Neutral
2022_11_TEN_GB,2022,11,2022-11-17,20:15,TEN,GB,27,17,GNB00,Lambeau Field,outdoors,25.0,11.0,Home
2022_12_ATL_WAS,2022,12,2022-11-27,13:00,ATL,WAS,13,19,WAS00,FedExField,outdoors,46.0,9.0,Home
2022_12_BAL_JAX,2022,12,2022-11-27,13:00,BAL,JAX,27,28,JAX00,TIAA Bank Stadium,outdoors,77.0,19.0,Home
2022_12_CHI_NYJ,2022,12,2022-11-27,13:00,CHI,NYJ,10,31,NYC01,MetLife Stadium,outdoors,50.0,9.0,Home
2022_12_CIN_TEN,2022,12,2022-11-27,13:00,CIN,TEN,20,16,NAS00,Nissan Stadium,outdoors,56.0,14.0,Home
2022_12_DEN_CAR,2022,12,2022-11-27,13:00,DEN,CAR,10,23,CAR00,Bank of America Stadium,outdoors,66.0,15.0,Home
2022_12_GB_PHI,2022,12,2022-11-27,20:20,GB,PHI,33,40,PHI00,Lincoln Financial Field,outdoors,62.0,24.0,Home
2022_12_HOU_MIA,2022,12,2022-11-27,13:00,HOU,MIA,15,30,MIA00,Hard Rock Stadium,outdoors,84.0,13.0,Home
2022_12_LA_KC,2022,12,2022-11-27,16:25,LA,KC,10,26,KAN00,GEHA Field at Arrowhead Stadium,outdoors,44.0,6.0,Home
2022_12_LV_SEA,2022,12,2022-11-27,16:05,LV,SEA,40,34,SEA00,Lumen Field,outdoors,44.0,8.0,Home
2022_12_NO_SF,2022,12,2022-11-27,16:25,NO,SF,0,13,SFO01,Levi's Stadium,outdoors,59.0,2.0,Home
2022_12_TB_CLE,2022,12,2022-11-27,13:00,TB,CLE,17,23,CLE00,FirstEnergy Stadium,outdoors,56.0,14.0,Home
2022_13_BUF_NE,2022,13,2022-12-01,20:15,BUF,NE,24,10,BOS00,Gillette Stadium,outdoors,35.0,2.0,Home
2022_13_DEN_BAL,2022,13,2022-12-04,13:00,DEN,BAL,9,10,BAL00,M&T Bank Stadium,outdoors,63.0,8.0,Home
2022_13_GB_CHI,2022,13,2022-12-04,13:00,GB,CHI,28,19,CHI98,Soldier Field,outdoors,38.0,12.0,Home
2022_13_KC_CIN,2022,13,2022-12-04,16:25,KC,CIN,24,27,CIN00,Paycor Stadium,outdoors,57.0,2.0,Home
2022_13_MIA_SF,2022,13,2022-12-04,16:05,MIA,SF,17,33,SFO01,Levi's Stadium,outdoors,38.0,6.0,Home
2022_13_NO_TB,2022,13,2022-12-05,20:15,NO,TB,16,17,TAM00,Raymond James Stadium,outdoors,69.0,2.0,Home
2022_13_TEN_PHI,2022,13,2022-12-04,13:00,TEN,PHI,10,35,PHI00,Lincoln Financial Field,outdoors,60.0,7.0,Home
2022_13_WAS_NYG,2022,13,2022-12-04,13:00,WAS,NYG,20,20,NYC01,MetLife Stadium,outdoors,40.0,9.0,Home
2022_14_BAL_PIT,2022,14,2022-12-11,13:00,BAL,PIT,16,14,PIT00,Acrisure Stadium,outdoors,42.0,12.0,Home
2022_14_CAR_SEA,2022,14,2022-12-11,16:25,CAR,SEA,30,24,SEA00,Lumen Field,outdoors,45.0,4.0,Home
2022_14_CLE_CIN,2022,14,2022-12-11,13:00,CLE,CIN,10,23,CIN00,Paycor Stadium,outdoors,47.0,8.0,Home
2022_14_JAX_TEN,2022,14,2022-12-11,13:00,JAX,TEN,36,22,NAS00,Nissan Stadium,outdoors,54.0,8.0,Home
2022_14_KC_DEN,2022,14,2022-12-11,16:05,KC,DEN,34,28,DEN00,Empower Field at Mile High,outdoors,55.0,4.0,Home
2022_14_NYJ_BUF,2022,14,2022-12-11,13:00,NYJ,BUF,12,20,BUF00,New Era Field,outdoors,36.0,11.0,Home
2022_14_PHI_NYG,2022,14,2022-12-11,13:00,PHI,NYG,48,22,NYC01,MetLife Stadium,outdoors,37.0,6.0,Home
2022_14_TB_SF,2022,14,2022-12-11,16:25,TB,SF,7,35,SFO01,Levi's Stadium,outdoors,54.0,8.0,Home
2022_15_ARI_DEN,2022,15,2022-12-18,16:05,ARI,DEN,15,24,DEN00,Empower Field at Mile High,outdoors,37.0,4.0,Home
2022_15_BAL_CLE,2022,15,2022-12-17,16:30,BAL,CLE,3,13,CLE00,FirstEnergy Stadium,outdoors,34.0,12.0,Home
2022_15_CIN_TB,2022,15,2022-12-18,16:25,CIN,TB,34,23,TAM00,Raymond James Stadium,outdoors,66.0,6.0,Home
2022_15_DAL_JAX,2022,15,2022-12-18,13:00,DAL,JAX,34,40,JAX00,TIAA Bank Stadium,outdoors,54.0,9.0,Home
2022_15_DET_NYJ,2022,15,2022-12-18,13:00,DET,NYJ,20,17,NYC01,MetLife Stadium,outdoors,38.0,13.0,Home
2022_15_LA_GB,2022,15,2022-12-19,20:15,LA,GB,12,24,GNB00,Lambeau Field,outdoors,15.0,4.0,Home
2022_15_MIA_BUF,2022,15,2022-12-17,20:15,MIA,BUF,29,32,BUF00,New Era Field,outdoors,29.0,4.0,Home
2022_15_NYG_WAS,2022,15,2022-12-18,20:20,NYG,WAS,20,12,WAS00,FedExField,outdoors,35.0,13.0,Home
2022_15_PHI_CHI,2022,15,2022-12-18,13:00,PHI,CHI,25,20,CHI98,Soldier Field,outdoors,17.0,17.0,Home
2022_15_PIT_CAR,2022,15,2022-12-18,13:00,PIT,CAR,24,16,CAR00,Bank of America Stadium,outdoors,47.0,7.0,Home
2022_15_SF_SEA,2022,15,2022-12-15,20:15,SF,SEA,21,13,SEA00,Lumen Field,outdoors,,,Home
2022_16_ATL_BAL,2022,16,2022-12-24,13:00,ATL,BAL,9,17,BAL00,M&T Bank Stadium,outdoors,17.0,9.0,Home
2022_16_BUF_CHI,2022,16,2022-12-24,13:00,BUF,CHI,35,13,CHI98,Soldier Field,outdoors,7.0,17.0,Home
2022_16_CIN_NE,2022,16,2022-12-24,13:00,CIN,NE,22,18,BOS00,Gillette Stadium,outdoors,21.0,2.0,Home
2022_16_DET_CAR,2022,16,2022-12-24,13:00,DET,CAR,23,37,CAR00,Bank of America Stadium,outdoors,20.0,12.0,Home
2022_16_GB_MIA,2022,16,2022-12-25,13:00,GB,MIA,26,20,MIA00,Hard Rock Stadium,outdoors,45.0,14.0,Home
2022_16_HOU_TEN,2022,16,2022-12-24,14:00,HOU,TEN,19,14,NAS00,Nissan Stadium,outdoors,22.0,14.0,Home
2022_16_JAX_NYJ,2022,16,2022-12-22,20:15,JAX,NYJ,19,3,NYC01,MetLife Stadium,outdoors,43.0,17.0,Home
2022_16_LV_PIT,2022,16,2022-12-24,20:15,LV,PIT,10,13,PIT00,Acrisure Stadium,outdoors,9.0,21.0,Home
2022_16_NO_CLE,2022,16,2022-12-24,13:00,NO,CLE,17,10,CLE00,FirstEnergy Stadium,outdoors,6.0,27.0,Home
2022_16_SEA_KC,2022,16,2022-12-24,13:00,SEA,KC,10,24,KAN00,GEHA Field at Arrowhead Stadium,outdoors,12.0,9.0,Home
2022_16_TB_ARI,2022,16,2022-12-25,20:20,TB,ARI,19,16,PHO00,State Farm Stadium,open,,,Home
2022_16_WAS_SF,2022,16,2022-12-24,16:05,WAS,SF,20,37,SFO01,Levi's Stadium,outdoors,54.0,2.0,Home
2022_17_CAR_TB,2022,17,2023-01-01,13:00,CAR,TB,24,30,TAM00,Raymond James Stadium,outdoors,75.0,2.0,Home
2022_17_CLE_WAS,2022,17,2023-01-01,13:00,CLE,WAS,24,10,WAS00,FedExField,outdoors,59.0,9.0,Home
2022_17_DAL_TEN,2022,17,2022-12-29,20:15,DAL,TEN,27,13,NAS00,Nissan Stadium,outdoors,56.0,4.0,Home
2022_17_DEN_KC,2022,17,2023-01-01,13:00,DEN,KC,24,27,KAN00,GEHA Field at Arrowhead Stadium,outdoors,47.0,2.0,Home
2022_17_IND_NYG,2022,17,2023-01-01,13:00,IND,NYG,10,38,NYC01,MetLife Stadium,outdoors,52.0,14.0,Home
2022_17_MIA_NE,2022,17,2023-01-01,13:00,MIA,NE,21,23,BOS00,Gillette Stadium,outdoors,53.0,2.0,Home
2022_17_MIN_GB,2022,17,2023-01-01,16:25,MIN,GB,17,41,GNB00,Lambeau Field,outdoors,39.0,7.0,Home
2022_17_NO_PHI,2022,17,2023-01-01,13:00,NO,PHI,20,10,PHI00,Lincoln Financial Field,outdoors,54.0,11.0,Home
2022_17_NYJ_SEA,2022,17,2023-01-01,16:05,NYJ,SEA,6,23,SEA00,Lumen Field,outdoors,45.0,2.0,Home
2022_17_PIT_BAL,2022,17,2023-01-01,20:20,PIT,BAL,16,13,BAL00,M&T Bank Stadium,outdoors,44.0,2.0,Home
2022_18_ARI_SF,2022,18,2023-01-08,16:25,ARI,SF,13,38,SFO01,Levi's Stadium,outdoors,57.0,2.0,Home
2022_18_BAL_CIN,2022,18,2023-01-08,13:00,BAL,CIN,16,27,CIN00,Paycor Stadium,outdoors,38.0,7.0,Home
2022_18_CLE_PIT,2022,18,2023-01-08,13:00,CLE,PIT,14,28,PIT00,Acrisure Stadium,outdoors,36.0,8.0,Home
2022_18_DAL_WAS,2022,18,2023-01-08,16:25,DAL,WAS,6,26,WAS00,FedExField,outdoors,42.0,7.0,Home
2022_18_DET_GB,2022,18,2023-01-08,20:20,DET,GB,20,16,GNB00,Lambeau Field,outdoors,21.0,4.0,Home
2022_18_LAC_DEN,2022,18,2023-01-08,16:25,LAC,DEN,28,31,DEN00,Empower Field at Mile High,outdoors,43.0,4.0,Home
2022_18_LA_SEA,2022,18,2023-01-08,16:25,LA,SEA,16,19,SEA00,Lumen Field,outdoors,45.0,4.0,Home
2022_18_MIN_CHI,2022,18,2023-01-08,13:00,MIN,CHI,29,13,CHI98,Soldier Field,outdoors,32.0,2.0,Home
2022_18_NE_BUF,2022,18,2023-01-08,13:00,NE,BUF,23,35,BUF00,New Era Field,outdoors,30.0,6.0,Home
2022_18_NYG_PHI,2022,18,2023-01-08,16:25,NYG,PHI,16,22,PHI00,Lincoln Financial Field,outdoors,43.0,12.0,Home
2022_18_NYJ_MIA,2022,18,2023-01-08,13:00,NYJ,MIA,6,11,MIA00,Hard Rock Stadium,outdoors,75.0,9.0,Home
2022_18_TEN_JAX,2022,18,2023-01-07,20:15,TEN,JAX,16,20,JAX00,TIAA Bank Stadium,outdoors,56.0,4.0,Home
2023_01_ARI_WAS,2023,1,2023-09-10,13:00,ARI,WAS,16,20,WAS00,FedExField,outdoors,,,Home
2023_01_BUF_NYJ,2023,1,2023-09-11,20:15,BUF,NYJ,16,22,NYC01,MetLife Stadium,outdoors,,,Home
2023_01_CIN_CLE,2023,1,2023-09-10,13:00,CIN,CLE,3,24,CLE00,FirstEnergy Stadium,outdoors,,,Home
2023_01_DAL_NYG,2023,1,2023-09-10,20:20,DAL,NYG,40,0,NYC01,MetLife Stadium,outdoors,,,Home
2023_01_DET_KC,2023,1,2023-09-07,20:20,DET,KC,21,20,KAN00,GEHA Field at Arrowhead Stadium,outdoors,,,Home
2023_01_GB_CHI,2023,1,2023-09-10,16:25,GB,CHI,38,20,CHI98,Soldier Field,outdoors,,,Home
2023_01_HOU_BAL,2023,1,2023-09-10,13:00,HOU,BAL,9,25,BAL00,M&T Bank Stadium,outdoors,,,Home
2023_01_LA_SEA,2023,1,2023-09-10,16:25,LA,SEA,30,13,SEA00,Lumen Field,outdoors,,,Home
2023_01_LV_DEN,2023,1,2023-09-10,16:25,LV,DEN,17,16,DEN00,Empower Field at Mile High,outdoors,,,Home
2023_01_PHI_NE,2023,1,2023-09-10,16:25,PHI,NE,25,20,BOS00,Gillette Stadium,outdoors,,,Home
2023_01_SF_PIT,2023,1,2023-09-10,13:00,SF,PIT,30,7,PIT00,Acrisure Stadium,outdoors,,,Home
2023_02_BAL_CIN,2023,2,2023-09-17,13:00,BAL,CIN,27,24,CIN00,Paycor Stadium,outdoors,,,Home
2023_02_CHI_TB,2023,2,2023-09-17,13:00,CHI,TB,17,27,TAM00,Raymond James Stadium,outdoors,,,Home
2023_02_CLE_PIT,2023,2,2023-09-18,20:15,CLE,PIT,22,26,PIT00,Acrisure Stadium,outdoors,,,Home
2023_02_GB_ATL,2023,2,2023-09-17,13:00,GB,ATL,24,25,ATL97,Mercedes-Benz Stadium,open,,,Home
2023_02_IND_HOU,2023,2,2023-09-17,13:00,IND,HOU,31,20,HOU00,NRG Stadium,open,,,Home
2023_02_KC_JAX,2023,2,2023-09-17,13:00,KC,JAX,17,9,JAX00,TIAA Bank Stadium,outdoors,,,Home
2023_02_LAC_TEN,2023,2,2023-09-17,13:00,LAC,TEN,24,27,NAS00,Nissan Stadium,outdoors,,,Home
2023_02_LV_BUF,2023,2,2023-09-17,13:00,LV,BUF,10,38,BUF00,New Era Field,outdoors,,,Home
2023_02_MIA_NE,2023,2,2023-09-17,20:20,MIA,NE,24,17,BOS00,Gillette Stadium,outdoors,,,Home
2023_02_MIN_PHI,2023,2,2023-09-14,20:15,MIN,PHI,28,34,PHI00,Lincoln Financial Field,outdoors,,,Home
2023_02_NO_CAR,2023,2,2023-09-18,19:15,NO,CAR,20,17,CAR00,Bank of America Stadium,outdoors,,,Home
2023_02_NYJ_DAL,2023,2,2023-09-17,16:25,NYJ,DAL,10,30,DAL00,AT&T Stadium,open,,,Home
2023_02_WAS_DEN,2023,2,2023-09-17,16:25,WAS,DEN,35,33,DEN00,Empower Field at Mile High,outdoors,,,Home
2023_03_BUF_WAS,2023,3,2023-09-24,13:00,BUF,WAS,37,3,WAS00,FedExField,outdoors,65.0,1.0,Home
2023_03_CAR_SEA,2023,3,2023-09-24,16:05,CAR,SEA,27,37,SEA00,Lumen Field,outdoors,61.0,2.0,Home
2023_03_CHI_KC,2023,3,2023-09-24,16:25,CHI,KC,10,41,KAN00,GEHA Field at Arrowhead Stadium,outdoors,,,Home
2023_03_DAL_ARI,2023,3,2023-09-24,16:25,DAL,ARI,16,28,PHO00,State Farm Stadium,open,,,Home
2023_03_DEN_MIA,2023,3,2023-09-24,13:00,DEN,MIA,20,70,MIA00,Hard Rock Stadium,outdoors,86.0,5.0,Home
2023_03_HOU_JAX,2023,3,2023-09-24,13:00,HOU,JAX,37,17,JAX00,TIAA Bank Stadium,outdoors,84.0,6.0,Home
2023_03_IND_BAL,2023,3,2023-09-24,13:00,IND,BAL,22,19,BAL00,M&T Bank Stadium,outdoors,68.0,3.0,Home
2023_03_LA_CIN,2023,3,2023-09-25,20:15,LA,CIN,16,19,CIN00,Paycor Stadium,outdoors,74.0,7.0,Home
2023_03_NE_NYJ,2023,3,2023-09-24,13:00,NE,NYJ,15,10,NYC01,MetLife Stadium,outdoors,64.0,14.0,Home
2023_03_NO_GB,2023,3,2023-09-24,13:00,NO,GB,17,18,GNB00,Lambeau Field,outdoors,68.0,10.0,Home
2023_03_NYG_SF,2023,3,2023-09-21,20:15,NYG,SF,12,30,SFO01,Levi's Stadium,outdoors,77.0,13.0,Home
2023_03_PHI_TB,2023,3,2023-09-25,19:15,PHI,TB,25,11,TAM00,Raymond James Stadium,outdoors,90.0,4.0,Home
2023_03_TEN_CLE,2023,3,2023-09-24,13:00,TEN,CLE,3,27,CLE00,FirstEnergy Stadium,outdoors,68.0,5.0,Home
2023_04_ARI_SF,2023,4,2023-10-01,16:25,ARI,SF,16,35,SFO01,Levi's Stadium,outdoors,75.0,9.0,Home
2023_04_ATL_JAX,2023,4,2023-10-01,09:30,ATL,JAX,7,23,LON00,Wembley Stadium,outdoors,,,Neutral
2023_04_BAL_CLE,2023,4,2023-10-01,13:00,BAL,CLE,28,3,CLE00,FirstEnergy Stadium,outdoors,71.0,7.0,Home
2023_04_CIN_TEN,2023,4,2023-10-01,13:00,CIN,TEN,3,27,NAS00,Nissan Stadium,outdoors,82.0,4.0,Home
2023_04_DEN_CHI,2023,4,2023-10-01,13:00,DEN,CHI,31,28,CHI98,Soldier Field,outdoors,80.0,2.0,Home
2023_04_DET_GB,2023,4,2023-09-28,20:15,DET,GB,34,20,GNB00,Lambeau Field,outdoors,64.0,8.0,Home
2023_04_KC_NYJ,2023,4,2023-10-01,20:20,KC,NYJ,23,20,NYC01,MetLife Stadium,outdoors,69.0,5.0,Home
2023_04_LA_IND,2023,4,2023-10-01,13:00,LA,IND,29,23,IND00,Lucas Oil Stadium,open,,,Home
2023_04_MIA_BUF,2023,4,2023-10-01,13:00,MIA,BUF,20,48,BUF00,New Era Field,outdoors,70.0,2.0,Home
2023_04_MIN_CAR,2023,4,2023-10-01,13:00,MIN,CAR,21,13,CAR00,Bank of America Stadium,outdoors,78.0,7.0,Home
2023_04_PIT_HOU,2023,4,2023-10-01,13:00,PIT,HOU,6,30,HOU00,NRG Stadium,open,,,Home
2023_04_SEA_NYG,2023,4,2023-10-02,20:15,SEA,NYG,24,3,NYC01,MetLife Stadium,outdoors,67.0,8.0,Home
2023_04_WAS_PHI,2023,4,2023-10-01,13:00,WAS,PHI,31,34,PHI00,Lincoln Financial Field,outdoors,,,Home
2023_05_BAL_PIT,2023,5,2023-10-08,13:00,BAL,PIT,10,17,PIT00,Acrisure Stadium,outdoors,53.0,13.0,Home
2023_05_CHI_WAS,2023,5,2023-10-05,20:15,CHI,WAS,40,20,WAS00,FedExField,outdoors,70.0,1.0,Home
2023_05_DAL_SF,2023,5,2023-10-08,20:20,DAL,SF,10,42,SFO01,Levi's Stadium,outdoors,78.0,10.0,Home
2023_05_HOU_ATL,2023,5,2023-10-08,13:00,HOU,ATL,19,21,ATL97,Mercedes-Benz Stadium,open,,,Home
2023_05_JAX_BUF,2023,5,2023-10-08,09:30,JAX,BUF,25,20,LON02,Tottenham Stadium,outdoors,,,Neutral
2023_05_NO_NE,2023,5,2023-10-08,13:00,NO,NE,34,0,BOS00,Gillette Stadium,outdoors,61.0,10.0,Home
2023_05_NYG_MIA,2023,5,2023-10-08,13:00,NYG,MIA,16,31,MIA00,Hard Rock Stadium,outdoors,88.0,8.0,Home
2023_05_NYJ_DEN,2023,5,2023-10-08,16:25,NYJ,DEN,31,21,DEN00,Empower Field at Mile High,outdoors,73.0,9.0,Home
2023_05_TEN_IND,2023,5,2023-10-08,13:00,TEN,IND,16,23,IND00,Lucas Oil Stadium,open,,,Home
2023_06_BAL_TEN,2023,6,2023-10-15,09:30,BAL,TEN,24,16,LON02,Tottenham Stadium,outdoors,,,Neutral
2023_06_CAR_MIA,2023,6,2023-10-15,13:00,CAR,MIA,21,42,MIA00,Hard Rock Stadium,outdoors,87.0,12.0,Home
2023_06_DEN_KC,2023,6,2023-10-12,20:15,DEN,KC,8,19,KAN00,GEHA Field at Arrowhead Stadium,outdoors,,,Home
2023_06_DET_TB,2023,6,2023-10-15,16:25,DET,TB,20,6,TAM00,Raymond James Stadium,outdoors,77.0,13.0,Home
2023_06_IND_JAX,2023,6,2023-10-15,13:00,IND,JAX,20,37,JAX00,TIAA Bank Stadium,outdoors,,,Home
2023_06_MIN_CHI,2023,6,2023-10-15,13:00,MIN,CHI,19,13,CHI98,Soldier Field,outdoors,53.0,16.0,Home
2023_06_NYG_BUF,2023,6,2023-10-15,20:20,NYG,BUF,9,14,BUF00,New Era Field,outdoors,46.0,7.0,Home
2023_06_PHI_NYJ,2023,6,2023-10-15,16:25,PHI,NYJ,14,20,NYC01,MetLife Stadium,outdoors,59.0,11.0,Home
2023_06_SEA_CIN,2023,6,2023-10-15,13:00,SEA,CIN,13,17,CIN00,Paycor Stadium,outdoors,57.0,15.0,Home
2023_06_SF_CLE,2023,6,2023-10-15,13:00,SF,CLE,17,19,CLE00,FirstEnergy Stadium,outdoors,53.0,15.0,Home
2023_07_ARI_SEA,2023,7,2023-10-22,16:05,ARI,SEA,10,20,SEA00,Lumen Field,outdoors,56.0,5.0,Home
2023_07_ATL_TB,2023,7,2023-10-22,13:00,ATL,TB,16,13,TAM00,Raymond James Stadium,outdoors,79.0,3.0,Home
2023_07_BUF_NE,2023,7,2023-10-22,13:00,BUF,NE,25,29,BOS00,Gillette Stadium,outdoors,55.0,13.0,Home
2023_07_CLE_IND,2023,7,2023-10-22,13:00,CLE,IND,39,38,IND00,Lucas Oil Stadium,open,,,Home
2023_07_DET_BAL,2023,7,2023-10-22,13:00,DET,BAL,6,38,BAL00,M&T Bank Stadium,outdoors,62.0,16.0,Home
2023_07_GB_DEN,2023,7,2023-10-22,16:25,GB,DEN,17,19,DEN00,Empower Field at Mile High,outdoors,72.0,9.0,Home
2023_07_LAC_KC,2023,7,2023-10-22,16:25,LAC,KC,17,31,KAN00,GEHA Field at Arrowhead Stadium,outdoors,72.0,10.0,Home
2023_07_LV_CHI,2023,7,2023-10-22,13:00,LV,CHI,12,30,CHI98,Soldier Field,outdoors,52.0,8.0,Home
2023_07_MIA_PHI,2023,7,2023-10-22,20:20,MIA,PHI,17,31,PHI00,Lincoln Financial Field,outdoors,55.0,17.0,Home
2023_07_WAS_NYG,2023,7,2023-10-22,13:00,WAS,NYG,7,14,NYC01,MetLife Stadium,outdoors,54.0,14.0,Home
2023_08_ATL_TEN,2023,8,2023-10-29,13:00,ATL,TEN,23,28,NAS00,Nissan Stadium,outdoors,77.0,7.0,Home
2023_08_CIN_SF,2023,8,2023-10-29,16:25,CIN,SF,31,17,SFO01,Levi's Stadium,outdoors,74.0,10.0,Home
2023_08_CLE_SEA,2023,8,2023-10-29,16:05,CLE,SEA,20,24,SEA00,Lumen Field,outdoors,47.0,3.0,Home
2023_08_HOU_CAR,2023,8,2023-10-29,13:00,HOU,CAR,13,15,CAR00,Bank of America Stadium,outdoors,77.0,14.0,Home
2023_08_JAX_PIT,2023,8,2023-10-29,13:00,JAX,PIT,20,10,PIT00,Acrisure Stadium,outdoors,58.0,2.0,Home
2023_08_KC_DEN,2023,8,2023-10-29,16:25,KC,DEN,9,24,DEN00,Empower Field at Mile High,outdoors,26.0,7.0,Home
2023_08_MIN_GB,2023,8,2023-10-29,13:00,MIN,GB,24,10,GNB00,Lambeau Field,outdoors,39.0,8.0,Home
2023_08_NE_MIA,2023,8,2023-10-29,13:00,NE,MIA,17,31,MIA00,Hard Rock Stadium,outdoors,83.0,17.0,Home
2023_08_NYJ_NYG,2023,8,2023-10-29,13:00,NYJ,NYG,13,10,NYC01,MetLife Stadium,outdoors,52.0,6.0,Home
2023_08_PHI_WAS,2023,8,2023-10-29,13:00,PHI,WAS,38,31,WAS00,FedExField,outdoors,69.0,4.0,Home
2023_08_TB_BUF,2023,8,2023-10-26,20:15,TB,BUF,18,24,BUF00,New Era Field,outdoors,66.0,10.0,Home
2023_09_ARI_CLE,2023,9,2023-11-05,13:00,ARI,CLE,0,27,CLE00,FirstEnergy Stadium,outdoors,56.0,7.0,Home
2023_09_BUF_CIN,2023,9,2023-11-05,20:20,BUF,CIN,18,24,CIN00,Paycor Stadium,outdoors,51.0,5.0,Home
2023_09_DAL_PHI,2023,9,2023-11-05,16:25,DAL,PHI,23,28,PHI00,Lincoln Financial Field,outdoors,64.0,6.0,Home
2023_09_IND_CAR,2023,9,2023-11-05,16:05,IND,CAR,27,13,CAR00,Bank of America Stadium,outdoors,75.0,2.0,Home
2023_09_LAC_NYJ,2023,9,2023-11-06,20:15,LAC,NYJ,27,6,NYC01,MetLife Stadium,outdoors,48.0,4.0,Home
2023_09_LA_GB,2023,9,2023-11-05,13:00,LA,GB,3,20,GNB00,Lambeau Field,outdoors,51.0,8.0,Home
2023_09_MIA_KC,2023,9,2023-11-05,09:30,MIA,KC,14,21,FRA00,Deutsche Bank Park,outdoors,,,Neutral
2023_09_MIN_ATL,2023,9,2023-11-05,13:00,MIN,ATL,31,28,ATL97,Mercedes-Benz Stadium,open,,,Home
2023_09_SEA_BAL,2023,9,2023-11-05,13:00,SEA,BAL,3,37,BAL00,M&T Bank Stadium,outdoors,70.0,6.0,Home
2023_09_TEN_PIT,2023,9,2023-11-02,20:15,TEN,PIT,16,20,PIT00,Acrisure Stadium,outdoors,40.0,5.0,Home
2023_09_WAS_NE,2023,9,2023-11-05,13:00,WAS,NE,20,17,BOS00,Gillette Stadium,outdoors,62.0,6.0,Home
2023_10_CAR_CHI,2023,10,2023-11-09,20:15,CAR,CHI,13,16,CHI98,Soldier Field,outdoors,51.0,8.0,Home
2023_10_CLE_BAL,2023,10,2023-11-12,13:00,CLE,BAL,33,31,BAL00,M&T Bank Stadium,outdoors,49.0,4.0,Home
2023_10_DEN_BUF,2023,10,2023-11-13,20:15,DEN,BUF,24,22,BUF00,New Era Field,outdoors,49.0,10.0,Home
2023_10_GB_PIT,2023,10,2023-11-12,13:00,GB,PIT,19,23,PIT00,Acrisure Stadium,outdoors,50.0,5.0,Home
2023_10_HOU_CIN,2023,10,2023-11-12,13:00,HOU,CIN,30,27,CIN00,Paycor Stadium,outdoors,56.0,6.0,Home
2023_10_IND_NE,2023,10,2023-11-12,09:30,IND,NE,10,6,FRA00,Deutsche Bank Park,outdoors,,,Neutral
2023_10_SF_JAX,2023,10,2023-11-12,13:00,SF,JAX,34,3,JAX00,TIAA Bank Stadium,outdoors,59.0,11.0,Home
2023_10_TEN_TB,2023,10,2023-11-12,13:00,TEN,TB,6,20,TAM00,Raymond James Stadium,outdoors,85.0,6.0,Home
2023_10_WAS_SEA,2023,10,2023-11-12,16:25,WAS,SEA,26,29,SEA00,Lumen Field,outdoors,52.0,4.0,Home
2023_11_CIN_BAL,2023,11,2023-11-16,20:15,CIN,BAL,20,34,BAL00,M&T Bank Stadium,outdoors,56.0,1.0,Home
2023_11_DAL_CAR,2023,11,2023-11-19,13:00,DAL,CAR,33,10,CAR00,Bank of America Stadium,outdoors,65.0,2.0,Home
2023_11_LAC_GB,2023,11,2023-11-19,13:00,LAC,GB,20,23,GNB00,Lambeau Field,outdoors,45.0,5.0,Home
2023_11_LV_MIA,2023,11,2023-11-19,13:00,LV,MIA,13,20,MIA00,Hard Rock Stadium,outdoors,82.0,7.0,Home
2023_11_MIN_DEN,2023,11,2023-11-19,20:20,MIN,DEN,20,21,DEN00,Empower Field at Mile High,outdoors,53.0,3.0,Home
2023_11_NYG_WAS,2023,11,2023-11-19,13:00,NYG,WAS,31,19,WAS00,FedExField,outdoors,56.0,7.0,Home
2023_11_NYJ_BUF,2023,11,2023-11-19,16:25,NYJ,BUF,6,32,BUF00,New Era Field,outdoors,40.0,9.0,Home
2023_11_PHI_KC,2023,11,2023-11-20,20:15,PHI,KC,21,17,KAN00,GEHA Field at Arrowhead Stadium,outdoors,45.0,12.0,Home
2023_11_PIT_CLE,2023,11,2023-11-19,13:00,PIT,CLE,10,13,CLE00,FirstEnergy Stadium,outdoors,48.0,11.0,Home
2023_11_TB_SF,2023,11,2023-11-19,16:05,TB,SF,14,27,SFO01,Levi's Stadium,outdoors,65.0,10.0,Home
2023_11_TEN_JAX,2023,11,2023-11-19,13:00,TEN,JAX,14,34,JAX00,TIAA Bank Stadium,outdoors,75.0,3.0,Home
2023_12_BUF_PHI,2023,12,2023-11-26,16:25,BUF,PHI,34,37,PHI00,Lincoln Financial Field,outdoors,47.0,6.0,Home
2023_12_CAR_TEN,2023,12,2023-11-26,13:00,CAR,TEN,10,17,NAS00,Nissan Stadium,outdoors,51.0,13.0,Home
2023_12_CLE_DEN,2023,12,2023-11-26,16:05,CLE,DEN,12,29,DEN00,Empower Field at Mile High,outdoors,40.0,5.0,Home
2023_12_MIA_NYJ,2023,12,2023-11-24,15:00,MIA,NYJ,34,13,NYC01,MetLife Stadium,outdoors,48.0,11.0,Home
2023_12_NE_NYG,2023,12,2023-11-26,13:00,NE,NYG,7,10,NYC01,MetLife Stadium,outdoors,43.0,6.0,Home
2023_12_PIT_CIN,2023,12,2023-11-26,13:00,PIT,CIN,16,10,CIN00,Paycor Stadium,outdoors,48.0,9.0,Home
2023_12_SF_SEA,2023,12,2023-11-23,20:20,SF,SEA,31,13,SEA00,Lumen Field,outdoors,39.0,4.0,Home
2023_13_ARI_PIT,2023,13,2023-12-03,13:00,ARI,PIT,24,10,PIT00,Acrisure Stadium,outdoors,56.0,12.0,Home
2023_13_ATL_NYJ,2023,13,2023-12-03,13:00,ATL,NYJ,13,8,NYC01,MetLife Stadium,outdoors,50.0,8.0,Home
2023_13_CAR_TB,2023,13,2023-12-03,16:05,CAR,TB,18,21,TAM00,Raymond James Stadium,outdoors,81.0,8.0,Home
2023_13_CIN_JAX,2023,13,2023-12-04,20:15,CIN,JAX,34,31,JAX00,TIAA Bank Stadium,outdoors,61.0,4.0,Home
2023_13_IND_TEN,2023,13,2023-12-03,13:00,IND,TEN,31,28,NAS00,Nissan Stadium,outdoors,53.0,13.0,Home
2023_13_KC_GB,2023,13,2023-12-03,20:20,KC,GB,19,27,GNB00,Lambeau Field,outdoors,31.0,9.0,Home
2023_13_LAC_NE,2023,13,2023-12-03,13:00,LAC,NE,6,0,BOS00,Gillette Stadium,outdoors,44.0,8.0,Home
2023_13_MIA_WAS,2023,13,2023-12-03,13:00,MIA,WAS,45,15,WAS00,FedExField,outdoors,53.0,2.0,Home
2023_13_SF_PHI,2023,13,2023-12-03,16:25,SF,PHI,42,19,PHI00,Lincoln Financial Field,outdoors,52.0,44.0,Home
2023_14_BUF_KC,2023,14,2023-12-10,16:25,BUF,KC,20,17,KAN00,GEHA Field at Arrowhead Stadium,outdoors,45.0,5.0,Home
2023_14_DET_CHI,2023,14,2023-12-10,13:00,DET,CHI,13,28,CHI98,Soldier Field,outdoors,36.0,12.0,Home
2023_14_GB_NYG,2023,14,2023-12-11,20:15,GB,NYG,22,24,NYC01,MetLife Stadium,outdoors,39.0,14.0,Home
2023_14_HOU_NYJ,2023,14,2023-12-10,13:00,HOU,NYJ,6,30,NYC01,MetLife Stadium,outdoors,58.0,7.0,Home
2023_14_IND_CIN,2023,14,2023-12-10,13:00,IND,CIN,14,34,CIN00,Paycor Stadium,outdoors,40.0,9.0,Home
2023_14_JAX_CLE,2023,14,2023-12-10,13:00,JAX,CLE,27,31,CLE00,FirstEnergy Stadium,outdoors,39.0,11.0,Home
2023_14_LA_BAL,2023,14,2023-12-10,13:00,LA,BAL,31,37,BAL00,M&T Bank Stadium,outdoors,57.0,5.0,Home
2023_14_NE_PIT,2023,14,2023-12-07,20:15,NE,PIT,21,18,PIT00,Acrisure Stadium,outdoors,42.0,5.0,Home
2023_14_SEA_SF,2023,14,2023-12-10,16:05,SEA,SF,16,28,SFO01,Levi's Stadium,outdoors,63.0,5.0,Home
2023_14_TEN_MIA,2023,14,2023-12-11,20:15,TEN,MIA,28,27,MIA00,Hard Rock Stadium,outdoors,64.0,9.0,Home
2023_15_ATL_CAR,2023,15,2023-12-17,13:00,ATL,CAR,7,9,CAR00,Bank of America Stadium,outdoors,47.0,11.0,Home
2023_15_BAL_JAX,2023,15,2023-12-17,20:20,BAL,JAX,23,7,JAX00,TIAA Bank Stadium,outdoors,58.0,13.0,Home
2023_15_CHI_CLE,2023,15,2023-12-17,13:00,CHI,CLE,17,20,CLE00,FirstEnergy Stadium,outdoors,45.0,15.0,Home
2023_15_DAL_BUF,2023,15,2023-12-17,16:25,DAL,BUF,10,31,BUF00,New Era Field,outdoors,48.0,9.0,Home
2023_15_HOU_TEN,2023,15,2023-12-17,13:00,HOU,TEN,19,16,NAS00,Nissan Stadium,outdoors,48.0,9.0,Home
2023_15_KC_NE,2023,15,2023-12-17,13:00,KC,NE,27,17,BOS00,Gillette Stadium,outdoors,53.0,7.0,Home
2023_15_MIN_CIN,2023,15,2023-12-16,13:00,MIN,CIN,24,27,CIN00,Paycor Stadium,outdoors,53.0,5.0,Home
2023_15_NYJ_MIA,2023,15,2023-12-17,13:00,NYJ,MIA,0,30,MIA00,Hard Rock Stadium,outdoors,76.0,15.0,Home
2023_15_PHI_SEA,2023,15,2023-12-18,20:15,PHI,SEA,17,20,SEA00,Lumen Field,outdoors,46.0,2.0,Home
2023_15_SF_ARI,2023,15,2023-12-17,16:05,SF,ARI,45,29,PHO00,State Farm Stadium,open,,,Home
2023_15_TB_GB,2023,15,2023-12-17,13:00,TB,GB,34,20,GNB00,Lambeau Field,outdoors,42.0,8.0,Home
2023_16_ARI_CHI,2023,16,2023-12-24,16:25,ARI,CHI,16,27,CHI98,Soldier Field,outdoors,52.0,4.0,Home
2023_16_BAL_SF,2023,16,2023-12-25,20:15,BAL,SF,33,19,SFO01,Levi's Stadium,outdoors,56.0,8.0,Home
2023_16_CIN_PIT,2023,16,2023-12-23,16:30,CIN,PIT,11,34,PIT00,Acrisure Stadium,outdoors,49.0,5.0,Home
2023_16_DAL_MIA,2023,16,2023-12-24,16:25,DAL,MIA,20,22,MIA00,Hard Rock Stadium,outdoors,75.0,15.0,Home
2023_16_GB_CAR,2023,16,2023-12-24,13:00,GB,CAR,33,30,CAR00,Bank of America Stadium,outdoors,67.0,1.0,Home
2023_16_JAX_TB,2023,16,2023-12-24,16:05,JAX,TB,12,30,TAM00,Raymond James Stadium,outdoors,72.0,11.0,Home
2023_16_LV_KC,2023,16,2023-12-25,13:00,LV,KC,20,14,KAN00,GEHA Field at Arrowhead Stadium,outdoors,38.0,11.0,Home
2023_16_NE_DEN,2023,16,2023-12-24,20:15,NE,DEN,26,23,DEN00,Empower Field at Mile High,outdoors,28.0,9.0,Home
2023_16_NYG_PHI,2023,16,2023-12-25,16:30,NYG,PHI,25,33,PHI00,Lincoln Financial Field,outdoors,51.0,5.0,Home
2023_16_SEA_TEN,2023,16,2023-12-24,13:00,SEA,TEN,20,17,NAS00,Nissan Stadium,outdoors,61.0,4.0,Home
2023_16_WAS_NYJ,2023,16,2023-12-24,13:00,WAS,NYJ,28,30,NYC01,MetLife Stadium,outdoors,45.0,2.0,Home
2023_17_ARI_PHI,2023,17,2023-12-31,13:00,ARI,PHI,35,31,PHI00,Lincoln Financial Field,outdoors,45.0,9.0,Home
2023_17_ATL_CHI,2023,17,2023-12-31,13:00,ATL,CHI,17,37,CHI98,Soldier Field,outdoors,32.0,5.0,Home
2023_17_CAR_JAX,2023,17,2023-12-31,13:00,CAR,JAX,0,26,JAX00,TIAA Bank Stadium,outdoors,56.0,8.0,Home
2023_17_CIN_KC,2023,17,2023-12-31,16:25,CIN,KC,17,25,KAN00,GEHA Field at Arrowhead Stadium,outdoors,36.0,12.0,Home
2023_17_LAC_DEN,2023,17,2023-12-31,16:25,LAC,DEN,9,16,DEN00,Empower Field at Mile High,outdoors,41.0,6.0,Home
2023_17_LA_NYG,2023,17,2023-12-31,13:00,LA,NYG,26,25,NYC01,MetLife Stadium,outdoors,41.0,10.0,Home
2023_17_MIA_BAL,2023,17,2023-12-31,13:00,MIA,BAL,19,56,BAL00,M&T Bank Stadium,outdoors,50.0,7.0,Home
2023_17_NE_BUF,2023,17,2023-12-31,13:00,NE,BUF,21,27,BUF00,New Era Field,outdoors,35.0,4.0,Home
2023_17_NO_TB,2023,17,2023-12-31,13:00,NO,TB,23,13,TAM00,Raymond James Stadium,outdoors,66.0,5.0,Home
2023_17_NYJ_CLE,2023,17,2023-12-28,20:15,NYJ,CLE,20,37,CLE00,FirstEnergy Stadium,outdoors,47.0,6.0,Home
2023_17_PIT_SEA,2023,17,2023-12-31,16:05,PIT,SEA,30,23,SEA00,Lumen Field,outdoors,47.0,4.0,Home
2023_17_SF_WAS,2023,17,2023-12-31,13:00,SF,WAS,27,10,WAS00,FedExField,outdoors,48.0,7.0,Home
2023_18_BUF_MIA,2023,18,2024-01-07,20:20,BUF,MIA,21,14,MIA00,Hard Rock Stadium,outdoors,63.0,6.0,Home
2023_18_CHI_GB,2023,18,2024-01-07,16:25,CHI,GB,9,17,GNB00,Lambeau Field,outdoors,34.0,7.0,Home
2023_18_CLE_CIN,2023,18,2024-01-07,13:00,CLE,CIN,14,31,CIN00,Paycor Stadium,outdoors,38.0,12.0,Home
2023_18_DAL_WAS,2023,18,2024-01-07,16:25,DAL,WAS,38,10,WAS00,FedExField,outdoors,48.0,13.0,Home
2023_18_JAX_TEN,2023,18,2024-01-07,13:00,JAX,TEN,20,28,NAS00,Nissan Stadium,outdoors,41.0,11.0,Home
2023_18_LA_SF,2023,18,2024-01-07,16:25,LA,SF,21,20,SFO01,Levi's Stadium,outdoors,52.0,11.0,Home
2023_18_NYJ_NE,2023,18,2024-01-07,13:00,NYJ,NE,17,3,BOS00,Gillette Stadium,outdoors,33.0,14.0,Home
2023_18_PHI_NYG,2023,18,2024-01-07,16:25,PHI,NYG,10,27,NYC01,MetLife Stadium,outdoors,36.0,12.0,Home
2023_18_PIT_BAL,2023,18,2024-01-06,16:30,PIT,BAL,17,10,BAL00,M&T Bank Stadium,outdoors,38.0,15.0,Home
2023_18_TB_CAR,2023,18,2024-01-07,13:00,TB,CAR,9,0,CAR00,Bank of America Stadium,outdoors,54.0,19.0,Home
2024_01_ARI_BUF,2024,1,2024-09-08,13:00,ARI,BUF,28,34,BUF00,New Era Field,outdoors,61.0,20.0,Home
2024_01_BAL_KC,2024,1,2024-09-05,20:20,BAL,KC,20,27,KAN00,GEHA Field at Arrowhead Stadium,outdoors,67.0,8.0,Home
2024_01_DAL_CLE,2024,1,2024-09-08,16:25,DAL,CLE,33,17,CLE00,FirstEnergy Stadium,outdoors,69.0,17.0,Home
2024_01_DEN_SEA,2024,1,2024-09-08,16:05,DEN,SEA,20,26,SEA00,Lumen Field,outdoors,65.0,7.0,Home
2024_01_GB_PHI,2024,1,2024-09-06,20:15,GB,PHI,29,34,SAO00,Arena Corinthians,outdoors,,,Neutral
2024_01_JAX_MIA,2024,1,2024-09-08,13:00,JAX,MIA,17,20,MIA00,Hard Rock Stadium,outdoors,91.0,10.0,Home
2024_01_MIN_NYG,2024,1,2024-09-08,13:00,MIN,NYG,28,6,NYC01,MetLife Stadium,outdoors,64.0,10.0,Home
2024_01_NE_CIN,2024,1,2024-09-08,13:00,NE,CIN,16,10,CIN00,Paycor Stadium,outdoors,66.0,5.0,Home
2024_01_NYJ_SF,2024,1,2024-09-09,20:15,NYJ,SF,19,32,SFO01,Levi's Stadium,outdoors,76.0,10.0,Home
2024_01_TEN_CHI,2024,1,2024-09-08,13:00,TEN,CHI,17,24,CHI98,Soldier Field,outdoors,67.0,8.0,Home
2024_01_WAS_TB,2024,1,2024-09-08,16:25,WAS,TB,20,37,TAM00,Raymond James Stadium,outdoors,93.0,6.0,Home
2024_02_ATL_PHI,2024,2,2024-09-16,20:15,ATL,PHI,22,21,PHI00,Lincoln Financial Field,outdoors,71.0,9.0,Home
2024_02_BUF_MIA,2024,2,2024-09-12,20:15,BUF,MIA,31,10,MIA00,Hard Rock Stadium,outdoors,86.0,3.0,Home
2024_02_CIN_KC,2024,2,2024-09-15,16:25,CIN,KC,25,26,KAN00,GEHA Field at Arrowhead Stadium,outdoors,89.0,8.0,Home
2024_02_CLE_JAX,2024,2,2024-09-15,13:00,CLE,JAX,18,13,JAX00,TIAA Bank Stadium,outdoors,80.0,12.0,Home
2024_02_IND_GB,2024,2,2024-09-15,13:00,IND,GB,10,16,GNB00,Lambeau Field,outdoors,85.0,7.0,Home
2024_02_LAC_CAR,2024,2,2024-09-15,13:00,LAC,CAR,26,3,CAR00,Bank of America Stadium,outdoors,78.0,13.0,Home
2024_02_LV_BAL,2024,2,2024-09-15,13:00,LV,BAL,26,23,BAL00,M&T Bank Stadium,outdoors,76.0,10.0,Home
2024_02_NYG_WAS,2024,2,2024-09-15,13:00,NYG,WAS,18,21,WAS00,FedExField,outdoors,82.0,11.0,Home
2024_02_NYJ_TEN,2024,2,2024-09-15,13:00,NYJ,TEN,24,17,NAS00,Nissan Stadium,outdoors,80.0,13.0,Home
2024_02_PIT_DEN,2024,2,2024-09-15,16:25,PIT,DEN,13,6,DEN00,Empower Field at Mile High,outdoors,83.0,4.0,Home
2024_02_SEA_NE,2024,2,2024-09-15,13:00,SEA,NE,23,20,BOS00,Gillette Stadium,outdoors,77.0,5.0,Home
2024_03_DEN_TB,2024,3,2024-09-22,13:00,DEN,TB,26,7,TAM00,Raymond James Stadium,outdoors,85.0,6.0,Home
2024_03_GB_TEN,2024,3,2024-09-22,13:00,GB,TEN,30,14,NAS00,Nissan Stadium,outdoors,87.0,7.0,Home
2024_03_JAX_BUF,2024,3,2024-09-23,19:30,JAX,BUF,10,47,BUF00,New Era Field,outdoors,68.0,5.0,Home
2024_03_LAC_PIT,2024,3,2024-09-22,13:00,LAC,PIT,10,20,PIT00,Acrisure Stadium,outdoors,72.0,2.0,Home
2024_03_MIA_SEA,2024,3,2024-09-22,16:05,MIA,SEA,3,24,SEA00,Lumen Field,outdoors,64.0,2.0,Home
2024_03_NE_NYJ,2024,3,2024-09-19,20:15,NE,NYJ,3,24,NYC01,MetLife Stadium,outdoors,75.0,5.0,Home
2024_03_NYG_CLE,2024,3,2024-09-22,13:00,NYG,CLE,21,15,CLE00,FirstEnergy Stadium,outdoors,76.0,4.0,Home
2024_03_WAS_CIN,2024,3,2024-09-23,20:15,WAS,CIN,38,33,CIN00,Paycor Stadium,outdoors,69.0,5.0,Home
2024_04_BUF_BAL,2024,4,2024-09-29,20:20,BUF,BAL,10,35,BAL00,M&T Bank Stadium,outdoors,68.0,8.0,Home
2024_04_CIN_CAR,2024,4,2024-09-29,13:00,CIN,CAR,34,24,CAR00,Bank of America Stadium,outdoors,78.0,6.0,Home
2024_04_DAL_NYG,2024,4,2024-09-26,20:15,DAL,NYG,20,15,NYC01,MetLife Stadium,outdoors,74.0,3.0,Home
2024_04_DEN_NYJ,2024,4,2024-09-29,13:00,DEN,NYJ,10,9,NYC01,MetLife Stadium,outdoors,67.0,8.0,Home
2024_04_LA_CHI,2024,4,2024-09-29,13:00,LA,CHI,18,24,CHI98,Soldier Field,outdoors,70.0,16.0,Home
2024_04_MIN_GB,2024,4,2024-09-29,13:00,MIN,GB,31,29,GNB00,Lambeau Field,outdoors,71.0,15.0,Home
2024_04_NE_SF,2024,4,2024-09-29,16:05,NE,SF,13,30,SFO01,Levi's Stadium,outdoors,71.0,5.0,Home
2024_04_PHI_TB,2024,4,2024-09-29,13:00,PHI,TB,16,33,TAM00,Raymond James Stadium,outdoors,88.0,9.0,Home
2024_04_TEN_MIA,2024,4,2024-09-30,19:30,TEN,MIA,31,12,MIA00,Hard Rock Stadium,outdoors,86.0,9.0,Home
2024_05_ARI_SF,2024,5,2024-10-06,16:05,ARI,SF,24,23,SFO01,Levi's Stadium,outdoors,89.0,3.0,Home
2024_05_BAL_CIN,2024,5,2024-10-06,13:00,BAL,CIN,41,38,CIN00,Paycor Stadium,outdoors,81.0,10.0,Home
2024_05_CAR_CHI,2024,5,2024-10-06,13:00,CAR,CHI,10,36,CHI98,Soldier Field,outdoors,74.0,7.0,Home
2024_05_CLE_WAS,2024,5,2024-10-06,13:00,CLE,WAS,13,34,WAS00,FedExField,outdoors,73.0,5.0,Home
2024_05_DAL_PIT,2024,5,2024-10-06,20:20,DAL,PIT,20,17,PIT00,Acrisure Stadium,outdoors,67.0,6.0,Home
2024_05_IND_JAX,2024,5,2024-10-06,13:00,IND,JAX,34,37,JAX00,TIAA Bank Stadium,outdoors,74.0,4.0,Home
2024_05_LV_DEN,2024,5,2024-10-06,16:05,LV,DEN,18,34,DEN00,Empower Field at Mile High,outdoors,73.0,7.0,Home
2024_05_MIA_NE,2024,5,2024-10-06,13:00,MIA,NE,15,10,BOS00,Gillette Stadium,outdoors,65.0,2.0,Home
2024_05_NO_KC,2024,5,2024-10-07,20:15,NO,KC,13,26,KAN00,GEHA Field at Arrowhead Stadium,outdoors,70.0,1.0,Home
2024_05_NYG_SEA,2024,5,2024-10-06,16:25,NYG,SEA,29,20,SEA00,Lumen Field,outdoors,61.0,3.0,Home
2024_05_NYJ_MIN,2024,5,2024-10-06,09:30,NYJ,MIN,17,23,LON02,Tottenham Stadium,outdoors,59.0,8.0,Neutral
2024_06_ARI_GB,2024,6,2024-10-13,13:00,ARI,GB,13,34,GNB00,Lambeau Field,outdoors,50.0,4.0,Home
2024_06_ATL_CAR,2024,6,2024-10-13,16:25,ATL,CAR,38,20,CAR00,Bank of America Stadium,outdoors,79.0,9.0,Home
2024_06_BUF_NYJ,2024,6,2024-10-14,20:15,BUF,NYJ,23,20,NYC01,MetLife Stadium,outdoors,49.0,14.0,Home
2024_06_CIN_NYG,2024,6,2024-10-13,20:20,CIN,NYG,17,7,NYC01,MetLife Stadium,outdoors,63.0,2.0,Home
2024_06_CLE_PHI,2024,6,2024-10-13,13:00,CLE,PHI,16,20,PHI00,Lincoln Financial Field,outdoors,82.0,10.0,Home
2024_06_HOU_NE,2024,6,2024-10-13,13:00,HOU,NE,41,21,BOS00,Gillette Stadium,outdoors,53.0,5.0,Home
2024_06_IND_TEN,2024,6,2024-10-13,13:00,IND,TEN,20,17,NAS00,Nissan Stadium,outdoors,80.0,12.0,Home
2024_06_JAX_CHI,2024,6,2024-10-13,09:30,JAX,CHI,16,35,LON02,Tottenham Stadium,outdoors,54.0,3.0,Neutral
2024_06_LAC_DEN,2024,6,2024-10-13,16:05,LAC,DEN,23,16,DEN00,Empower Field at Mile High,outdoors,65.0,7.0,Home
2024_06_SF_SEA,2024,6,2024-10-10,20:15,SF,SEA,36,24,SEA00,Lumen Field,outdoors,59.0,10.0,Home
2024_06_WAS_BAL,2024,6,2024-10-13,13:00,WAS,BAL,23,30,BAL00,M&T Bank Stadium,outdoors,75.0,8.0,Home
2024_07_BAL_TB,2024,7,2024-10-21,20:15,BAL,TB,41,31,TAM00,Raymond James Stadium,outdoors,80.0,8.0,Home
2024_07_CAR_WAS,2024,7,2024-10-20,16:05,CAR,WAS,7,40,WAS00,FedExField,outdoors,76.0,2.0,Home
2024_07_CIN_CLE,2024,7,2024-10-20,13:00,CIN,CLE,21,14,CLE00,FirstEnergy Stadium,outdoors,62.0,8.0,Home
2024_07_HOU_GB,2024,7,2024-10-20,13:00,HOU,GB,22,24,GNB00,Lambeau Field,outdoors,72.0,3.0,Home
2024_07_KC_SF,2024,7,2024-10-20,16:25,KC,SF,28,18,SFO01,Levi's Stadium,outdoors,78.0,3.0,Home
2024_07_NE_JAX,2024,7,2024-10-20,09:30,NE,JAX,16,32,LON00,Wembley Stadium,outdoors,63.0,12.0,Neutral
2024_07_NYJ_PIT,2024,7,2024-10-20,20:20,NYJ,PIT,15,37,PIT00,Acrisure Stadium,outdoors,60.0,4.0,Home
2024_07_PHI_NYG,2024,7,2024-10-20,13:00,PHI,NYG,28,3,NYC01,MetLife Stadium,outdoors,71.0,4.0,Home
2024_07_TEN_BUF,2024,7,2024-10-20,13:00,TEN,BUF,10,34,BUF00,New Era Field,outdoors,66.0,12.0,Home
2024_08_ARI_MIA,2024,8,2024-10-27,13:00,ARI,MIA,28,27,MIA00,Hard Rock Stadium,outdoors,82.0,14.0,Home
2024_08_ATL_TB,2024,8,2024-10-27,13:00,ATL,TB,31,26,TAM00,Raymond James Stadium,outdoors,79.0,6.0,Home
2024_08_BAL_CLE,2024,8,2024-10-27,13:00,BAL,CLE,24,29,CLE00,FirstEnergy Stadium,outdoors,52.0,4.0,Home
2024_08_BUF_SEA,2024,8,2024-10-27,16:05,BUF,SEA,31,10,SEA00,Lumen Field,outdoors,55.0,14.0,Home
2024_08_CAR_DEN,2024,8,2024-10-27,16:25,CAR,DEN,14,28,DEN00,Empower Field at Mile High,outdoors,76.0,4.0,Home
2024_08_CHI_WAS,2024,8,2024-10-27,16:25,CHI,WAS,15,18,WAS00,FedExField,outdoors,58.0,2.0,Home
2024_08_DAL_SF,2024,8,2024-10-27,20:20,DAL,SF,24,30,SFO01,Levi's Stadium,outdoors,69.0,9.0,Home
2024_08_GB_JAX,2024,8,2024-10-27,13:00,GB,JAX,30,27,JAX00,TIAA Bank Stadium,outdoors,84.0,4.0,Home
2024_08_NYG_PIT,2024,8,2024-10-28,20:15,NYG,PIT,18,26,PIT00,Acrisure Stadium,outdoors,54.0,7.0,Home
2024_08_NYJ_NE,2024,8,2024-10-27,13:00,NYJ,NE,22,25,BOS00,Gillette Stadium,outdoors,53.0,8.0,Home
2024_08_PHI_CIN,2024,8,2024-10-27,13:00,PHI,CIN,37,17,CIN00,Paycor Stadium,outdoors,59.0,6.0,Home
2024_09_DEN_BAL,2024,9,2024-11-03,13:00,DEN,BAL,10,41,BAL00,M&T Bank Stadium,outdoors,57.0,3.0,Home
2024_09_DET_GB,2024,9,2024-11-03,16:25,DET,GB,24,14,GNB00,Lambeau Field,outdoors,50.0,15.0,Home
2024_09_HOU_NYJ,2024,9,2024-10-31,20:15,HOU,NYJ,13,21,NYC01,MetLife Stadium,outdoors,71.0,8.0,Home
2024_09_JAX_PHI,2024,9,2024-11-03,16:05,JAX,PHI,23,28,PHI00,Lincoln Financial Field,outdoors,57.0,6.0,Home
2024_09_LAC_CLE,2024,9,2024-11-03,13:00,LAC,CLE,27,10,CLE00,FirstEnergy Stadium,outdoors,57.0,10.0,Home
2024_09_LA_SEA,2024,9,2024-11-03,16:25,LA,SEA,26,20,SEA00,Lumen Field,outdoors,52.0,4.0,Home
2024_09_LV_CIN,2024,9,2024-11-03,13:00,LV,CIN,24,41,CIN00,Paycor Stadium,outdoors,67.0,7.0,Home
2024_09_MIA_BUF,2024,9,2024-11-03,13:00,MIA,BUF,27,30,BUF00,New Era Field,outdoors,54.0,9.0,Home
2024_09_NE_TEN,2024,9,2024-11-03,13:00,NE,TEN,17,20,NAS00,Nissan Stadium,outdoors,75.0,10.0,Home
2024_09_NO_CAR,2024,9,2024-11-03,13:00,NO,CAR,22,23,CAR00,Bank of America Stadium,outdoors,66.0,7.0,Home
2024_09_TB_KC,2024,9,2024-11-04,20:15,TB,KC,24,30,KAN00,GEHA Field at Arrowhead Stadium,outdoors,63.0,6.0,Home
2024_09_WAS_NYG,2024,9,2024-11-03,13:00,WAS,NYG,27,22,NYC01,MetLife Stadium,outdoors,52.0,6.0,Home
2024_10_CIN_BAL,2024,10,2024-11-07,20:15,CIN,BAL,34,35,BAL00,M&T Bank Stadium,outdoors,69.0,6.0,Home
2024_10_DEN_KC,2024,10,2024-11-10,13:00,DEN,KC,14,16,KAN00,GEHA Field at Arrowhead Stadium,outdoors,57.0,12.0,Home
2024_10_MIN_JAX,2024,10,2024-11-10,13:00,MIN,JAX,12,7,JAX00,TIAA Bank Stadium,outdoors,79.0,7.0,Home
2024_10_NE_CHI,2024,10,2024-11-10,13:00,NE,CHI,19,3,CHI98,Soldier Field,outdoors,60.0,6.0,Home
2024_10_NYG_CAR,2024,10,2024-11-10,09:30,NYG,CAR,17,20,GER00,Allianz Arena,outdoors,,,Neutral
2024_10_PIT_WAS,2024,10,2024-11-10,13:00,PIT,WAS,28,27,WAS00,FedExField,outdoors,57.0,9.0,Home
2024_10_SF_TB,2024,10,2024-11-10,13:00,SF,TB,23,20,TAM00,Raymond James Stadium,outdoors,85.0,9.0,Home
2024_11_ATL_DEN,2024,11,2024-11-17,16:05,ATL,DEN,6,38,DEN00,Empower Field at Mile High,outdoors,55.0,9.0,Home
2024_11_BAL_PIT,2024,11,2024-11-17,13:00,BAL,PIT,16,18,PIT00,Acrisure Stadium,outdoors,52.0,5.0,Home
2024_11_GB_CHI,2024,11,2024-11-17,13:00,GB,CHI,20,19,CHI98,Soldier Field,outdoors,54.0,5.0,Home
2024_11_IND_NYJ,2024,11,2024-11-17,13:00,IND,NYJ,28,27,NYC01,MetLife Stadium,outdoors,62.0,4.0,Home
2024_11_KC_BUF,2024,11,2024-11-17,16:25,KC,BUF,21,30,BUF00,New Era Field,outdoors,50.0,3.0,Home
2024_11_LA_NE,2024,11,2024-11-17,13:00,LA,NE,28,22,BOS00,Gillette Stadium,outdoors,59.0,9.0,Home
2024_11_LV_MIA,2024,11,2024-11-17,13:00,LV,MIA,19,34,MIA00,Hard Rock Stadium,outdoors,80.0,16.0,Home
2024_11_MIN_TEN,2024,11,2024-11-17,13:00,MIN,TEN,23,13,NAS00,Nissan Stadium,outdoors,66.0,7.0,Home
2024_11_SEA_SF,2024,11,2024-11-17,16:05,SEA,SF,20,17,SFO01,Levi's Stadium,outdoors,59.0,4.0,Home
2024_11_WAS_PHI,2024,11,2024-11-14,20:15,WAS,PHI,18,26,PHI00,Lincoln Financial Field,outdoors,46.0,9.0,Home
2024_12_ARI_SEA,2024,12,2024-11-24,16:25,ARI,SEA,6,16,SEA00,Lumen Field,outdoors,45.0,5.0,Home
2024_12_DAL_WAS,2024,12,2024-11-24,13:00,DAL,WAS,34,26,WAS00,FedExField,outdoors,55.0,5.0,Home
2024_12_KC_CAR,2024,12,2024-11-24,13:00,KC,CAR,30,27,CAR00,Bank of America Stadium,outdoors,61.0,5.0,Home
2024_12_MIN_CHI,2024,12,2024-11-24,13:00,MIN,CHI,30,27,CHI98,Soldier Field,outdoors,47.0,5.0,Home
2024_12_NE_MIA,2024,12,2024-11-24,13:00,NE,MIA,15,34,MIA00,Hard Rock Stadium,outdoors,77.0,6.0,Home
2024_12_PIT_CLE,2024,12,2024-11-21,20:15,PIT,CLE,19,24,CLE00,FirstEnergy Stadium,outdoors,36.0,13.0,Home
2024_12_SF_GB,2024,12,2024-11-24,16:25,SF,GB,10,38,GNB00,Lambeau Field,outdoors,43.0,11.0,Home
2024_12_TB_NYG,2024,12,2024-11-24,13:00,TB,NYG,30,7,NYC01,MetLife Stadium,outdoors,50.0,13.0,Home
2024_13_CLE_DEN,2024,13,2024-12-02,20:15,CLE,DEN,32,41,DEN00,Empower Field at Mile High,outdoors,48.0,4.0,Home
2024_13_HOU_JAX,2024,13,2024-12-01,13:00,HOU,JAX,23,20,JAX00,TIAA Bank Stadium,outdoors,,,Home
2024_13_IND_NE,2024,13,2024-12-01,13:00,IND,NE,25,24,BOS00,Gillette Stadium,outdoors,36.0,9.0,Home
2024_13_LV_KC,2024,13,2024-11-29,15:00,LV,KC,17,19,KAN00,GEHA Field at Arrowhead Stadium,outdoors,37.0,5.0,Home
2024_13_MIA_GB,2024,13,2024-11-28,20:20,MIA,GB,17,30,GNB00,Lambeau Field,outdoors,27.0,10.0,Home
2024_13_PHI_BAL,2024,13,2024-12-01,16:25,PHI,BAL,24,19,BAL00,M&T Bank Stadium,outdoors,41.0,7.0,Home
2024_13_PIT_CIN,2024,13,2024-12-01,13:00,PIT,CIN,44,38,CIN00,Paycor Stadium,outdoors,32.0,9.0,Home
2024_13_SEA_NYJ,2024,13,2024-12-01,13:00,SEA,NYJ,26,21,NYC01,MetLife Stadium,outdoors,37.0,12.0,Home
2024_13_SF_BUF,2024,13,2024-12-01,20:20,SF,BUF,10,35,BUF00,New Era Field,outdoors,28.0,11.0,Home
2024_13_TB_CAR,2024,13,2024-12-01,16:05,TB,CAR,26,23,CAR00,Bank of America Stadium,outdoors,51.0,7.0,Home
2024_13_TEN_WAS,2024,13,2024-12-01,13:00,TEN,WAS,19,42,WAS00,FedExField,outdoors,42.0,6.0,Home
2024_14_CAR_PHI,2024,14,2024-12-08,13:00,CAR,PHI,16,22,PHI00,Lincoln Financial Field,outdoors,55.0,16.0,Home
2024_14_CHI_SF,2024,14,2024-12-08,16:25,CHI,SF,13,38,SFO01,Levi's Stadium,outdoors,65.0,4.0,Home
2024_14_CLE_PIT,2024,14,2024-12-08,13:00,CLE,PIT,14,27,PIT00,Acrisure Stadium,outdoors,49.0,12.0,Home
2024_14_JAX_TEN,2024,14,2024-12-08,13:00,JAX,TEN,10,6,NAS00,Nissan Stadium,outdoors,53.0,9.0,Home
2024_14_LAC_KC,2024,14,2024-12-08,20:20,LAC,KC,17,19,KAN00,GEHA Field at Arrowhead Stadium,outdoors,50.0,10.0,Home
2024_14_LV_TB,2024,14,2024-12-08,13:00,LV,TB,13,28,TAM00,Raymond James Stadium,outdoors,71.0,4.0,Home
2024_14_NO_NYG,2024,14,2024-12-08,13:00,NO,NYG,14,11,NYC01,MetLife Stadium,outdoors,54.0,13.0,Home
2024_14_NYJ_MIA,2024,14,2024-12-08,13:00,NYJ,MIA,26,32,MIA00,Hard Rock Stadium,outdoors,77.0,12.0,Home
2024_15_BAL_NYG,2024,15,2024-12-15,13:00,BAL,NYG,35,14,NYC01,MetLife Stadium,outdoors,36.0,6.0,Home
2024_15_CIN_TEN,2024,15,2024-12-15,13:00,CIN,TEN,37,27,NAS00,Nissan Stadium,outdoors,52.0,12.0,Home
2024_15_DAL_CAR,2024,15,2024-12-15,13:00,DAL,CAR,30,14,CAR00,Bank of America Stadium,outdoors,45.0,7.0,Home
2024_15_GB_SEA,2024,15,2024-12-15,20:20,GB,SEA,30,13,SEA00,Lumen Field,outdoors,43.0,3.0,Home
2024_15_IND_DEN,2024,15,2024-12-15,16:25,IND,DEN,13,31,DEN00,Empower Field at Mile High,outdoors,55.0,15.0,Home
2024_15_KC_CLE,2024,15,2024-12-15,13:00,KC,CLE,21,7,CLE00,FirstEnergy Stadium,outdoors,40.0,18.0,Home
2024_15_LA_SF,2024,15,2024-12-12,20:15,LA,SF,12,6,SFO01,Levi's Stadium,outdoors,53.0,4.0,Home
2024_15_NYJ_JAX,2024,15,2024-12-15,13:00,NYJ,JAX,32,25,JAX00,TIAA Bank Stadium,outdoors,,,Home
2024_15_PIT_PHI,2024,15,2024-12-15,16:25,PIT,PHI,13,27,PHI00,Lincoln Financial Field,outdoors,37.0,5.0,Home
2024_16_ARI_CAR,2024,16,2024-12-22,13:00,ARI,CAR,30,36,CAR00,Bank of America Stadium,outdoors,37.0,10.0,Home
2024_16_CLE_CIN,2024,16,2024-12-22,13:00,CLE,CIN,6,24,CIN00,Paycor Stadium,outdoors,33.0,6.0,Home
2024_16_DET_CHI,2024,16,2024-12-22,13:00,DET,CHI,34,17,CHI98,Soldier Field,outdoors,29.0,7.0,Home
2024_16_HOU_KC,2024,16,2024-12-21,13:00,HOU,KC,19,27,KAN00,GEHA Field at Arrowhead Stadium,outdoors,30.0,5.0,Home
2024_16_LA_NYJ,2024,16,2024-12-22,13:00,LA,NYJ,19,9,NYC01,MetLife Stadium,outdoors,23.0,8.0,Home
2024_16_MIN_SEA,2024,16,2024-12-22,16:05,MIN,SEA,27,24,SEA00,Lumen Field,outdoors,48.0,5.0,Home
2024_16_NE_BUF,2024,16,2024-12-22,16:25,NE,BUF,21,24,BUF00,New Era Field,outdoors,14.0,2.0,Home
2024_16_NO_GB,2024,16,2024-12-23,20:15,NO,GB,0,34,GNB00,Lambeau Field,outdoors,34.0,12.0,Home
2024_16_PHI_WAS,2024,16,2024-12-22,13:00,PHI,WAS,33,36,WAS00,FedExField,outdoors,32.0,8.0,Home
2024_16_PIT_BAL,2024,16,2024-12-21,16:30,PIT,BAL,17,34,BAL00,M&T Bank Stadium,outdoors,35.0,15.0,Home
2024_16_SF_MIA,2024,16,2024-12-22,16:25,SF,MIA,17,29,MIA00,Hard Rock Stadium,outdoors,73.0,12.0,Home
2024_17_ATL_WAS,2024,17,2024-12-29,20:20,ATL,WAS,24,30,WAS00,FedExField,outdoors,58.0,10.0,Home
2024_17_CAR_TB,2024,17,2024-12-29,13:00,CAR,TB,14,48,TAM00,Raymond James Stadium,outdoors,76.0,8.0,Home
2024_17_DAL_PHI,2024,17,2024-12-29,13:00,DAL,PHI,7,41,PHI00,Lincoln Financial Field,outdoors,62.0,10.0,Home
2024_17_DEN_CIN,2024,17,2024-12-28,16:30,DEN,CIN,24,30,CIN00,Paycor Stadium,outdoors,60.0,8.0,Home
2024_17_DET_SF,2024,17,2024-12-30,20:15,DET,SF,40,34,SFO01,Levi's Stadium,outdoors,,,Home
2024_17_IND_NYG,2024,17,2024-12-29,13:00,IND,NYG,33,45,NYC01,MetLife Stadium,outdoors,54.0,0.0,Home
2024_17_KC_PIT,2024,17,2024-12-25,13:00,KC,PIT,29,10,PIT00,Acrisure Stadium,outdoors,39.0,2.0,Home
2024_17_LAC_NE,2024,17,2024-12-28,13:00,LAC,NE,40,7,BOS00,Gillette Stadium,outdoors,40.0,4.0,Home
2024_17_MIA_CLE,2024,17,2024-12-29,16:05,MIA,CLE,20,3,CLE00,FirstEnergy Stadium,outdoors,54.0,15.0,Home
2024_17_NYJ_BUF,2024,17,2024-12-29,13:00,NYJ,BUF,14,40,BUF00,New Era Field,outdoors,54.0,15.0,Home
2024_17_SEA_CHI,2024,17,2024-12-26,20:15,SEA,CHI,6,3,CHI98,Soldier Field,outdoors,47.0,5.0,Home
2024_17_TEN_JAX,2024,17,2024-12-29,13:00,TEN,JAX,13,20,JAX00,TIAA Bank Stadium,outdoors,72.0,16.0,Home
2024_18_BUF_NE,2024,18,2025-01-05,13:00,BUF,NE,16,23,BOS00,Gillette Stadium,outdoors,33.0,14.0,Home
2024_18_CHI_GB,2024,18,2025-01-05,13:00,CHI,GB,24,22,GNB00,Lambeau Field,outdoors,16.0,13.0,Home
2024_18_CIN_PIT,2024,18,2025-01-04,20:00,CIN,PIT,19,17,PIT00,Acrisure Stadium,outdoors,19.0,10.0,Home
2024_18_CLE_BAL,2024,18,2025-01-04,16:30,CLE,BAL,10,35,BAL00,M&T Bank Stadium,outdoors,31.0,16.0,Home
2024_18_HOU_TEN,2024,18,2025-01-05,13:00,HOU,TEN,23,14,NAS00,Nissan Stadium,outdoors,35.0,10.0,Home
2024_18_KC_DEN,2024,18,2025-01-05,16:25,KC,DEN,0,38,DEN00,Empower Field at Mile High,outdoors,28.0,5.0,Home
2024_18_MIA_NYJ,2024,18,2025-01-05,16:25,MIA,NYJ,20,32,NYC01,MetLife Stadium,outdoors,34.0,10.0,Home
2024_18_NO_TB,2024,18,2025-01-05,13:00,NO,TB,19,27,TAM00,Raymond James Stadium,outdoors,68.0,6.0,Home
2024_18_NYG_PHI,2024,18,2025-01-05,13:00,NYG,PHI,13,20,PHI00,Lincoln Financial Field,outdoors,31.0,19.0,Home
2025_01_BAL_BUF,2025,1,2025-09-07,20:20,BAL,BUF,40,41,BUF00,New Era Field,outdoors,58.0,8.0,Home
2025_01_CAR_JAX,2025,1,2025-09-07,13:00,CAR,JAX,10,26,JAX00,TIAA Bank Stadium,outdoors,85.0,3.0,Home
2025_01_CIN_CLE,2025,1,2025-09-07,13:00,CIN,CLE,17,16,CLE00,FirstEnergy Stadium,outdoors,63.0,10.0,Home
2025_01_DAL_PHI,2025,1,2025-09-04,20:20,DAL,PHI,20,24,PHI00,Lincoln Financial Field,outdoors,75.0,11.0,Home
2025_01_DET_GB,2025,1,2025-09-07,16:25,DET,GB,13,27,GNB00,Lambeau Field,outdoors,60.0,5.0,Home
2025_01_LV_NE,2025,1,2025-09-07,13:00,LV,NE,20,13,BOS00,Gillette Stadium,outdoors,62.0,4.0,Home
2025_01_MIN_CHI,2025,1,2025-09-08,20:15,MIN,CHI,27,24,CHI98,Soldier Field,outdoors,68.0,6.0,Home
2025_01_NYG_WAS,2025,1,2025-09-07,13:00,NYG,WAS,6,21,WAS00,FedExField,outdoors,68.0,5.0,Home
2025_01_PIT_NYJ,2025,1,2025-09-07,13:00,PIT,NYJ,34,32,NYC01,MetLife Stadium,outdoors,67.0,3.0,Home
2025_01_SF_SEA,2025,1,2025-09-07,16:05,SF,SEA,17,13,SEA00,Lumen Field,outdoors,67.0,6.0,Home
2025_01_TEN_DEN,2025,1,2025-09-07,16:05,TEN,DEN,12,20,DEN00,Empower Field at Mile High,outdoors,84.0,6.0,Home
2025_02_BUF_NYJ,2025,2,2025-09-14,13:00,BUF,NYJ,30,10,NYC01,MetLife Stadium,outdoors,80.0,3.0,Home
2025_02_CLE_BAL,2025,2,2025-09-14,13:00,CLE,BAL,17,41,BAL00,M&T Bank Stadium,outdoors,82.0,3.0,Home
2025_02_JAX_CIN,2025,2,2025-09-14,13:00,JAX,CIN,27,31,CIN00,Paycor Stadium,outdoors,85.0,3.0,Home
2025_02_LA_TEN,2025,2,2025-09-14,13:00,LA,TEN,33,19,NAS00,Nissan Stadium,outdoors,83.0,3.0,Home
2025_02_NE_MIA,2025,2,2025-09-14,13:00,NE,MIA,33,27,MIA00,Hard Rock Stadium,outdoors,89.0,4.0,Home
2025_02_PHI_KC,2025,2,2025-09-14,16:25,PHI,KC,20,17,KAN00,GEHA Field at Arrowhead Stadium,outdoors,88.0,12.0,Home
2025_02_SEA_PIT,2025,2,2025-09-14,13:00,SEA,PIT,31,17,PIT00,Acrisure Stadium,outdoors,79.0,5.0,Home
2025_02_WAS_GB,2025,2,2025-09-11,20:15,WAS,GB,18,27,GNB00,Lambeau Field,outdoors,65.0,7.0,Home
2025_03_ARI_SF,2025,3,2025-09-21,16:25,ARI,SF,15,16,SFO01,Levi's Stadium,outdoors,72.0,7.0,Home
2025_03_ATL_CAR,2025,3,2025-09-21,13:00,ATL,CAR,0,30,CAR00,Bank of America Stadium,outdoors,83.0,5.0,Home
2025_03_DAL_CHI,2025,3,2025-09-21,16:25,DAL,CHI,14,31,CHI98,Soldier Field,outdoors,82.0,4.0,Home
2025_03_DET_BAL,2025,3,2025-09-22,20:15,DET,BAL,38,30,BAL00,M&T Bank Stadium,outdoors,74.0,7.0,Home
2025_03_GB_CLE,2025,3,2025-09-21,13:00,GB,CLE,10,13,CLE00,FirstEnergy Stadium,outdoors,79.0,10.0,Home
2025_03_HOU_JAX,2025,3,2025-09-21,13:00,HOU,JAX,10,17,JAX00,TIAA Bank Stadium,outdoors,85.0,11.0,Home
2025_03_IND_TEN,2025,3,2025-09-21,13:00,IND,TEN,41,20,NAS00,Nissan Stadium,outdoors,84.0,8.0,Home
2025_03_KC_NYG,2025,3,2025-09-21,20:20,KC,NYG,22,9,NYC01,MetLife Stadium,outdoors,65.0,5.0,Home
2025_03_LA_PHI,2025,3,2025-09-21,13:00,LA,PHI,26,33,PHI00,Lincoln Financial Field,outdoors,73.0,9.0,Home
2025_03_LV_WAS,2025,3,2025-09-21,13:00,LV,WAS,24,41,WAS00,FedExField,outdoors,72.0,6.0,Home
2025_03_MIA_BUF,2025,3,2025-09-18,20:15,MIA,BUF,21,31,BUF00,New Era Field,outdoors,68.0,7.0,Home
2025_03_NO_SEA,2025,3,2025-09-21,16:05,NO,SEA,13,44,SEA00,Lumen Field,outdoors,63.0,3.0,Home
2025_03_NYJ_TB,2025,3,2025-09-21,13:00,NYJ,TB,27,29,TAM00,Raymond James Stadium,outdoors,88.0,5.0,Home
2025_03_PIT_NE,2025,3,2025-09-21,13:00,PIT,NE,21,14,BOS00,Gillette Stadium,outdoors,66.0,5.0,Home
2025_04_BAL_KC,2025,4,2025-09-28,16:25,BAL,KC,20,37,KAN00,GEHA Field at Arrowhead Stadium,outdoors,89.0,10.0,Home
2025_04_CAR_NE,2025,4,2025-09-28,13:00,CAR,NE,13,42,BOS00,Gillette Stadium,outdoors,76.0,7.0,Home
2025_04_CIN_DEN,2025,4,2025-09-29,20:15,CIN,DEN,3,28,DEN00,Empower Field at Mile High,outdoors,66.0,12.0,Home
2025_04_JAX_SF,2025,4,2025-09-28,16:05,JAX,SF,26,21,SFO01,Levi's Stadium,outdoors,72.0,7.0,Home
2025_04_LAC_NYG,2025,4,2025-09-28,13:00,LAC,NYG,18,21,NYC01,MetLife Stadium,outdoors,81.0,4.0,Home
2025_04_MIN_PIT,2025,4,2025-09-28,09:30,MIN,PIT,21,24,PIT00,Acrisure Stadium,outdoors,61.0,5.0,Neutral
2025_04_NO_BUF,2025,4,2025-09-28,13:00,NO,BUF,19,31,BUF00,New Era Field,outdoors,73.0,7.0,Home
2025_04_NYJ_MIA,2025,4,2025-09-29,19:15,NYJ,MIA,21,27,MIA00,Hard Rock Stadium,outdoors,88.0,17.0,Home
2025_04_PHI_TB,2025,4,2025-09-28,13:00,PHI,TB,31,25,TAM00,Raymond James Stadium,outdoors,88.0,6.0,Home
2025_05_DAL_NYJ,2025,5,2025-10-05,13:00,DAL,NYJ,37,22,NYC01,MetLife Stadium,outdoors,82.0,3.0,Home
2025_05_DEN_PHI,2025,5,2025-10-05,13:00,DEN,PHI,21,17,PHI00,Lincoln Financial Field,outdoors,80.0,6.0,Home
2025_05_DET_CIN,2025,5,2025-10-05,16:25,DET,CIN,37,24,CIN00,Paycor Stadium,outdoors,84.0,7.0,Home
2025_05_HOU_BAL,2025,5,2025-10-05,13:00,HOU,BAL,44,10,BAL00,M&T Bank Stadium,outdoors,78.0,2.0,Home
2025_05_KC_JAX,2025,5,2025-10-06,20:15,KC,JAX,28,31,JAX00,TIAA Bank Stadium,outdoors,80.0,12.0,Home
2025_05_MIA_CAR,2025,5,2025-10-05,13:00,MIA,CAR,24,27,CAR00,Bank of America Stadium,outdoors,77.0,8.0,Home
2025_05_MIN_CLE,2025,5,2025-10-05,09:30,MIN,CLE,21,17,CLE00,FirstEnergy Stadium,outdoors,61.0,14.0,Neutral
2025_05_NE_BUF,2025,5,2025-10-05,20:20,NE,BUF,23,20,BUF00,New Era Field,outdoors,66.0,3.0,Home
2025_05_TB_SEA,2025,5,2025-10-05,16:05,TB,SEA,38,35,SEA00,Lumen Field,outdoors,61.0,8.0,Home
2025_06_CHI_WAS,2025,6,2025-10-13,20:15,CHI,WAS,25,24,WAS00,FedExField,outdoors,59.0,12.0,Home
2025_06_CIN_GB,2025,6,2025-10-12,16:25,CIN,GB,18,27,GNB00,Lambeau Field,outdoors,64.0,14.0,Home
2025_06_CLE_PIT,2025,6,2025-10-12,13:00,CLE,PIT,9,23,PIT00,Acrisure Stadium,outdoors,64.0,8.0,Home
2025_06_DAL_CAR,2025,6,2025-10-12,13:00,DAL,CAR,27,30,CAR00,Bank of America Stadium,outdoors,68.0,15.0,Home
2025_06_DEN_NYJ,2025,6,2025-10-12,09:30,DEN,NYJ,13,11,NYC01,MetLife Stadium,outdoors,59.0,6.0,Neutral
2025_06_DET_KC,2025,6,2025-10-12,20:20,DET,KC,17,30,KAN00,GEHA Field at Arrowhead Stadium,outdoors,85.0,13.0,Home
2025_06_LAC_MIA,2025,6,2025-10-12,13:00,LAC,MIA,29,27,MIA00,Hard Rock Stadium,outdoors,85.0,4.0,Home
2025_06_LA_BAL,2025,6,2025-10-12,13:00,LA,BAL,17,3,BAL00,M&T Bank Stadium,outdoors,64.0,15.0,Home
2025_06_PHI_NYG,2025,6,2025-10-09,20:15,PHI,NYG,17,34,NYC01,MetLife Stadium,outdoors,53.0,3.0,Home
2025_06_SEA_JAX,2025,6,2025-10-12,13:00,SEA,JAX,20,12,JAX00,TIAA Bank Stadium,outdoors,76.0,8.0,Home
2025_06_SF_TB,2025,6,2025-10-12,16:25,SF,TB,19,30,TAM00,Raymond James Stadium,outdoors,82.0,10.0,Home
2025_07_ATL_SF,2025,7,2025-10-19,20:20,ATL,SF,10,20,SFO01,Levi's Stadium,outdoors,74.0,5.0,Home
2025_07_CAR_NYJ,2025,7,2025-10-19,13:00,CAR,NYJ,13,6,NYC01,MetLife Stadium,outdoors,71.0,13.0,Home
2025_07_HOU_SEA,2025,7,2025-10-20,22:00,HOU,SEA,19,27,SEA00,Lumen Field,outdoors,56.0,5.0,Home
2025_07_LA_JAX,2025,7,2025-10-19,09:30,LA,JAX,35,7,JAX00,TIAA Bank Stadium,outdoors,59.0,9.0,Neutral
2025_07_LV_KC,2025,7,2025-10-19,13:00,LV,KC,0,31,KAN00,GEHA Field at Arrowhead Stadium,outdoors,57.0,9.0,Home
2025_07_MIA_CLE,2025,7,2025-10-19,13:00,MIA,CLE,6,31,CLE00,FirstEnergy Stadium,outdoors,65.0,17.0,Home
2025_07_NE_TEN,2025,7,2025-10-19,13:00,NE,TEN,31,13,NAS00,Nissan Stadium,outdoors,60.0,18.0,Home
2025_07_NO_CHI,2025,7,2025-10-19,13:00,NO,CHI,14,26,CHI98,Soldier Field,outdoors,49.0,8.0,Home
2025_07_NYG_DEN,2025,7,2025-10-19,16:05,NYG,DEN,32,33,DEN00,Empower Field at Mile High,outdoors,72.0,3.0,Home
2025_07_PIT_CIN,2025,7,2025-10-16,20:15,PIT,CIN,31,33,CIN00,Paycor Stadium,outdoors,60.0,5.0,Home
2025_08_BUF_CAR,2025,8,2025-10-26,13:00,BUF,CAR,40,9,CAR00,Bank of America Stadium,outdoors,63.0,9.0,Home
2025_08_CHI_BAL,2025,8,2025-10-26,13:00,CHI,BAL,16,30,BAL00,M&T Bank Stadium,outdoors,60.0,2.0,Home
2025_08_CLE_NE,2025,8,2025-10-26,13:00,CLE,NE,13,32,BOS00,Gillette Stadium,outdoors,53.0,7.0,Home
2025_08_DAL_DEN,2025,8,2025-10-26,16:25,DAL,DEN,24,44,DEN00,Empower Field at Mile High,outdoors,67.0,4.0,Home
2025_08_GB_PIT,2025,8,2025-10-26,20:20,GB,PIT,35,25,PIT00,Acrisure Stadium,outdoors,46.0,5.0,Home
2025_08_NYG_PHI,2025,8,2025-10-26,13:00,NYG,PHI,20,38,PHI00,Lincoln Financial Field,outdoors,60.0,4.0,Home
2025_08_NYJ_CIN,2025,8,2025-10-26,13:00,NYJ,CIN,39,38,CIN00,Paycor Stadium,outdoors,57.0,8.0,Home
2025_08_WAS_KC,2025,8,2025-10-27,20:15,WAS,KC,7,28,KAN00,GEHA Field at Arrowhead Stadium,outdoors,54.0,8.0,Home
2025_09_ATL_NE,2025,9,2025-11-02,13:00,ATL,NE,23,24,BOS00,Gillette Stadium,outdoors,52.0,7.0,Home
2025_09_BAL_MIA,2025,9,2025-10-30,20:15,BAL,MIA,28,6,MIA00,Hard Rock Stadium,outdoors,73.0,5.0,Home
2025_09_CAR_GB,2025,9,2025-11-02,13:00,CAR,GB,16,13,GNB00,Lambeau Field,outdoors,47.0,15.0,Home
2025_09_CHI_CIN,2025,9,2025-11-02,13:00,CHI,CIN,47,42,CIN00,Paycor Stadium,outdoors,50.0,6.0,Home
2025_09_IND_PIT,2025,9,2025-11-02,13:00,IND,PIT,20,27,PIT00,Acrisure Stadium,outdoors,56.0,2.0,Home
2025_09_KC_BUF,2025,9,2025-11-02,16:25,KC,BUF,21,28,BUF00,New Era Field,outdoors,54.0,6.0,Home
2025_09_LAC_TEN,2025,9,2025-11-02,13:00,LAC,TEN,27,20,NAS00,Nissan Stadium,outdoors,46.0,5.0,Home
2025_09_SEA_WAS,2025,9,2025-11-02,20:20,SEA,WAS,38,14,WAS00,FedExField,outdoors,53.0,3.0,Home
2025_09_SF_NYG,2025,9,2025-11-02,13:00,SF,NYG,34,24,NYC01,MetLife Stadium,outdoors,56.0,5.0,Home
2025_10_ARI_SEA,2025,10,2025-11-09,16:05,ARI,SEA,22,44,SEA00,Lumen Field,outdoors,59.0,5.0,Home
2025_10_BUF_MIA,2025,10,2025-11-09,13:00,BUF,MIA,13,30,MIA00,Hard Rock Stadium,outdoors,84.0,6.0,Home
2025_10_CLE_NYJ,2025,10,2025-11-09,13:00,CLE,NYJ,20,27,NYC01,MetLife Stadium,outdoors,62.0,12.0,Home
2025_10_DET_WAS,2025,10,2025-11-09,16:25,DET,WAS,44,22,WAS00,FedExField,outdoors,64.0,9.0,Home
2025_10_LA_SF,2025,10,2025-11-09,16:25,LA,SF,42,26,SFO01,Levi's Stadium,outdoors,77.0,3.0,Home
2025_10_LV_DEN,2025,10,2025-11-06,20:15,LV,DEN,7,10,DEN00,Empower Field at Mile High,outdoors,60.0,10.0,Home
2025_10_NE_TB,2025,10,2025-11-09,13:00,NE,TB,28,23,TAM00,Raymond James Stadium,outdoors,82.0,11.0,Home
2025_10_NO_CAR,2025,10,2025-11-09,13:00,NO,CAR,17,7,CAR00,Bank of America Stadium,outdoors,73.0,15.0,Home
2025_10_NYG_CHI,2025,10,2025-11-09,13:00,NYG,CHI,20,24,CHI98,Soldier Field,outdoors,33.0,10.0,Home
2025_10_PHI_GB,2025,10,2025-11-10,20:15,PHI,GB,10,7,GNB00,Lambeau Field,outdoors,33.0,9.0,Home
2025_11_BAL_CLE,2025,11,2025-11-16,16:25,BAL,CLE,23,16,CLE00,FirstEnergy Stadium,outdoors,44.0,20.0,Home
2025_11_CIN_PIT,2025,11,2025-11-16,13:00,CIN,PIT,12,34,PIT00,Acrisure Stadium,outdoors,46.0,17.0,Home
2025_11_DET_PHI,2025,11,2025-11-16,20:20,DET,PHI,9,16,PHI00,Lincoln Financial Field,outdoors,45.0,15.0,Home
2025_11_GB_NYG,2025,11,2025-11-16,13:00,GB,NYG,27,20,NYC01,MetLife Stadium,outdoors,55.0,17.0,Home
2025_11_HOU_TEN,2025,11,2025-11-16,13:00,HOU,TEN,16,13,NAS00,Nissan Stadium,outdoors,64.0,8.0,Home
2025_11_KC_DEN,2025,11,2025-11-16,16:25,KC,DEN,19,22,DEN00,Empower Field at Mile High,outdoors,70.0,6.0,Home
2025_11_LAC_JAX,2025,11,2025-11-16,13:00,LAC,JAX,6,35,JAX00,TIAA Bank Stadium,outdoors,74.0,9.0,Home
2025_11_NYJ_NE,2025,11,2025-11-13,20:15,NYJ,NE,14,27,BOS00,Gillette Stadium,outdoors,39.0,9.0,Home
2025_11_TB_BUF,2025,11,2025-11-16,13:00,TB,BUF,32,44,BUF00,New Era Field,outdoors,38.0,20.0,Home
2025_11_WAS_MIA,2025,11,2025-11-16,09:30,WAS,MIA,13,16,MIA00,Hard Rock Stadium,outdoors,,,Neutral
2025_12_CAR_SF,2025,12,2025-11-24,20:15,CAR,SF,9,20,SFO01,Levi's Stadium,outdoors,58.0,3.0,Home
2025_12_IND_KC,2025,12,2025-11-23,13:00,IND,KC,20,23,KAN00,GEHA Field at Arrowhead Stadium,outdoors,,,Home
2025_12_MIN_GB,2025,12,2025-11-23,13:00,MIN,GB,6,23,GNB00,Lambeau Field,outdoors,43.0,10.0,Home
2025_12_NE_CIN,2025,12,2025-11-23,13:00,NE,CIN,26,20,CIN00,Paycor Stadium,outdoors,54.0,7.0,Home
2025_12_NYJ_BAL,2025,12,2025-11-23,13:00,NYJ,BAL,10,23,BAL00,M&T Bank Stadium,outdoors,54.0,3.0,Home
2025_12_PIT_CHI,2025,12,2025-11-23,13:00,PIT,CHI,28,31,CHI98,Soldier Field,outdoors,51.0,3.0,Home
2025_12_SEA_TEN,2025,12,2025-11-23,13:00,SEA,TEN,30,24,NAS00,Nissan Stadium,outdoors,55.0,1.0,Home
2025_13_ARI_TB,2025,13,2025-11-30,13:00,ARI,TB,17,20,TAM00,Raymond James Stadium,outdoors,80.0,8.0,Home
2025_13_ATL_NYJ,2025,13,2025-11-30,13:00,ATL,NYJ,24,27,NYC01,MetLife Stadium,outdoors,43.0,8.0,Home
2025_13_BUF_PIT,2025,13,2025-11-30,16:25,BUF,PIT,26,7,PIT00,Acrisure Stadium,outdoors,34.0,16.0,Home
2025_13_CHI_PHI,2025,13,2025-11-28,15:00,CHI,PHI,24,15,PHI00,Lincoln Financial Field,outdoors,42.0,18.0,Home
2025_13_CIN_BAL,2025,13,2025-11-27,20:20,CIN,BAL,32,14,BAL00,M&T Bank Stadium,outdoors,38.0,11.0,Home
2025_13_DEN_WAS,2025,13,2025-11-30,20:20,DEN,WAS,27,26,WAS00,FedExField,outdoors,40.0,13.0,Home
2025_13_JAX_TEN,2025,13,2025-11-30,13:00,JAX,TEN,25,3,NAS00,Nissan Stadium,outdoors,38.0,7.0,Home
2025_13_LA_CAR,2025,13,2025-11-30,13:00,LA,CAR,28,31,CAR00,Bank of America Stadium,outdoors,45.0,3.0,Home
2025_13_MIN_SEA,2025,13,2025-11-30,16:05,MIN,SEA,0,26,SEA00,Lumen Field,outdoors,45.0,2.0,Home
2025_13_NO_MIA,2025,13,2025-11-30,13:00,NO,MIA,17,21,MIA00,Hard Rock Stadium,outdoors,76.0,10.0,Home
2025_13_NYG_NE,2025,13,2025-12-01,20:15,NYG,NE,15,33,BOS00,Gillette Stadium,outdoors,30.0,5.0,Home
2025_13_SF_CLE,2025,13,2025-11-30,13:00,SF,CLE,26,8,CLE00,FirstEnergy Stadium,outdoors,35.0,20.0,Home
2025_14_CHI_GB,2025,14,2025-12-07,16:25,CHI,GB,21,28,GNB00,Lambeau Field,outdoors,16.0,9.0,Home
2025_14_CIN_BUF,2025,14,2025-12-07,13:00,CIN,BUF,34,39,BUF00,New Era Field,outdoors,31.0,12.0,Home
2025_14_HOU_KC,2025,14,2025-12-07,20:20,HOU,KC,20,10,KAN00,GEHA Field at Arrowhead Stadium,outdoors,27.0,8.0,Home
2025_14_IND_JAX,2025,14,2025-12-07,13:00,IND,JAX,19,36,JAX00,TIAA Bank Stadium,outdoors,61.0,7.0,Home
2025_14_MIA_NYJ,2025,14,2025-12-07,13:00,MIA,NYJ,34,10,NYC01,MetLife Stadium,outdoors,41.0,6.0,Home
2025_14_NO_TB,2025,14,2025-12-07,13:00,NO,TB,24,20,TAM00,Raymond James Stadium,outdoors,73.0,6.0,Home
2025_14_PIT_BAL,2025,14,2025-12-07,13:00,PIT,BAL,27,22,BAL00,M&T Bank Stadium,outdoors,44.0,6.0,Home
2025_14_TEN_CLE,2025,14,2025-12-07,13:00,TEN,CLE,31,29,CLE00,FirstEnergy Stadium,outdoors,33.0,6.0,Home
2025_15_ATL_TB,2025,15,2025-12-11,20:15,ATL,TB,29,28,TAM00,Raymond James Stadium,outdoors,56.0,5.0,Home
2025_15_BAL_CIN,2025,15,2025-12-14,13:00,BAL,CIN,24,0,CIN00,Paycor Stadium,outdoors,10.0,7.0,Home
2025_15_BUF_NE,2025,15,2025-12-14,13:00,BUF,NE,35,31,BOS00,Gillette Stadium,outdoors,32.0,6.0,Home
2025_15_CLE_CHI,2025,15,2025-12-14,13:00,CLE,CHI,3,31,CHI98,Soldier Field,outdoors,8.0,6.0,Home
2025_15_GB_DEN,2025,15,2025-12-14,16:25,GB,DEN,26,34,DEN00,Empower Field at Mile High,outdoors,65.0,3.0,Home
2025_15_IND_SEA,2025,15,2025-12-14,16:25,IND,SEA,16,18,SEA00,Lumen Field,outdoors,51.0,9.0,Home
2025_15_LAC_KC,2025,15,2025-12-14,13:00,LAC,KC,16,13,KAN00,GEHA Field at Arrowhead Stadium,outdoors,,,Home
2025_15_LV_PHI,2025,15,2025-12-14,13:00,LV,PHI,0,31,PHI00,Lincoln Financial Field,outdoors,30.0,20.0,Home
2025_15_MIA_PIT,2025,15,2025-12-15,20:15,MIA,PIT,15,28,PIT00,Acrisure Stadium,outdoors,17.0,7.0,Home
2025_15_NYJ_JAX,2025,15,2025-12-14,13:00,NYJ,JAX,20,48,JAX00,TIAA Bank Stadium,outdoors,70.0,11.0,Home
2025_15_TEN_SF,2025,15,2025-12-14,16:25,TEN,SF,24,37,SFO01,Levi's Stadium,outdoors,54.0,4.0,Home
2025_15_WAS_NYG,2025,15,2025-12-14,13:00,WAS,NYG,29,21,NYC01,MetLife Stadium,outdoors,27.0,13.0,Home
2025_16_BUF_CLE,2025,16,2025-12-21,13:00,BUF,CLE,23,20,CLE00,FirstEnergy Stadium,outdoors,25.0,16.0,Home
2025_16_CIN_MIA,2025,16,2025-12-21,13:00,CIN,MIA,45,21,MIA00,Hard Rock Stadium,outdoors,81.0,7.0,Home
2025_16_GB_CHI,2025,16,2025-12-20,20:20,GB,CHI,16,22,CHI98,Soldier Field,outdoors,37.0,6.0,Home
2025_16_JAX_DEN,2025,16,2025-12-21,16:05,JAX,DEN,34,20,DEN00,Empower Field at Mile High,outdoors,62.0,3.0,Home
2025_16_KC_TEN,2025,16,2025-12-21,13:00,KC,TEN,9,26,NAS00,Nissan Stadium,outdoors,51.0,8.0,Home
2025_16_LA_SEA,2025,16,2025-12-18,20:15,LA,SEA,37,38,SEA00,Lumen Field,outdoors,51.0,17.0,Home
2025_16_MIN_NYG,2025,16,2025-12-21,13:00,MIN,NYG,16,13,NYC01,MetLife Stadium,outdoors,46.0,20.0,Home
2025_16_NE_BAL,2025,16,2025-12-21,20:20,NE,BAL,28,24,BAL00,M&T Bank Stadium,outdoors,40.0,2.0,Home
2025_16_PHI_WAS,2025,16,2025-12-20,17:00,PHI,WAS,29,18,WAS00,FedExField,outdoors,42.0,7.0,Home
2025_16_TB_CAR,2025,16,2025-12-21,13:00,TB,CAR,20,23,CAR00,Bank of America Stadium,outdoors,61.0,8.0,Home
2025_17_ARI_CIN,2025,17,2025-12-28,13:00,ARI,CIN,14,37,CIN00,Paycor Stadium,outdoors,65.0,9.0,Home
2025_17_BAL_GB,2025,17,2025-12-27,20:00,BAL,GB,41,24,GNB00,Lambeau Field,outdoors,36.0,10.0,Home
2025_17_CHI_SF,2025,17,2025-12-28,20:20,CHI,SF,38,42,SFO01,Levi's Stadium,outdoors,53.0,5.0,Home
2025_17_DAL_WAS,2025,17,2025-12-25,13:00,DAL,WAS,30,23,WAS00,FedExField,outdoors,50.0,7.0,Home
2025_17_DEN_KC,2025,17,2025-12-25,20:15,DEN,KC,20,13,KAN00,GEHA Field at Arrowhead Stadium,outdoors,,,Home
2025_17_NE_NYJ,2025,17,2025-12-28,13:00,NE,NYJ,42,10,NYC01,MetLife Stadium,outdoors,29.0,4.0,Home
2025_17_NO_TEN,2025,17,2025-12-28,13:00,NO,TEN,34,26,NAS00,Nissan Stadium,outdoors,71.0,14.0,Home
2025_17_PHI_BUF,2025,17,2025-12-28,16:25,PHI,BUF,13,12,BUF00,New Era Field,outdoors,38.0,6.0,Home
2025_17_PIT_CLE,2025,17,2025-12-28,13:00,PIT,CLE,6,13,CLE00,FirstEnergy Stadium,outdoors,45.0,14.0,Home
2025_17_SEA_CAR,2025,17,2025-12-28,13:00,SEA,CAR,27,10,CAR00,Bank of America Stadium,outdoors,43.0,2.0,Home
2025_17_TB_MIA,2025,17,2025-12-28,13:00,TB,MIA,17,20,MIA00,Hard Rock Stadium,outdoors,80.0,3.0,Home
2025_18_BAL_PIT,2025,18,2026-01-04,20:20,BAL,PIT,24,26,PIT00,Acrisure Stadium,outdoors,25.0,3.0,Home
2025_18_CAR_TB,2025,18,2026-01-03,16:30,CAR,TB,14,16,TAM00,Raymond James Stadium,outdoors,69.0,11.0,Home
2025_18_CLE_CIN,2025,18,2026-01-04,13:00,CLE,CIN,20,18,CIN00,Paycor Stadium,outdoors,37.0,0.0,Home
2025_18_DAL_NYG,2025,18,2026-01-04,13:00,DAL,NYG,17,34,NYC01,MetLife Stadium,outdoors,33.0,7.0,Home
2025_18_DET_CHI,2025,18,2026-01-04,16:25,DET,CHI,19,16,CHI98,Soldier Field,outdoors,33.0,4.0,Home
2025_18_LAC_DEN,2025,18,2026-01-04,16:25,LAC,DEN,3,19,DEN00,Empower Field at Mile High,outdoors,66.0,8.0,Home
2025_18_MIA_NE,2025,18,2026-01-04,16:25,MIA,NE,10,38,BOS00,Gillette Stadium,outdoors,29.0,6.0,Home
2025_18_NYJ_BUF,2025,18,2026-01-04,16:25,NYJ,BUF,8,35,BUF00,New Era Field,outdoors,27.0,13.0,Home
2025_18_SEA_SF,2025,18,2026-01-03,20:00,SEA,SF,13,3,SFO01,Levi's Stadium,outdoors,57.0,8.0,Home
2025_18_TEN_JAX,2025,18,2026-01-04,13:00,TEN,JAX,7,41,JAX00,TIAA Bank Stadium,outdoors,55.0,8.0,Home
2025_18_WAS_PHI,2025,18,2026-01-04,16:25,WAS,PHI,24,17,PHI00,Lincoln Financial Field,outdoors,35.0,9.0,Home
